id,vgi_id,name,slug,type,games_developed,games_released,games_unreleased,revenue_sum,revenue_median,revenue_avg,self_published,indie,action,casual,adventure,simulation,strategy,rpg,mmo,racing,sports,country_name
12,,Valve,valve,10,36,36,1,2358842505,40850143,65523403,35,3,78,11,11,3,11,0,3,0,0,United States
39,,Capcom,capcom,10,85,85,3,2221530565,5412646,26135654,79,1,91,0,38,0,1,13,0,0,0,Japan
8,,Ubisoft,ubisoft,10,125,125,2,2091831665,1892231,16734653,29,4,98,20,80,16,15,25,6,5,10,France
9,,Rockstar Games,rockstar-games,10,22,22,0,1863871552,11332242,84721434,10,0,95,0,55,0,9,0,0,9,0,United States
23399,,Feral Interactive,feral-interactive,20,44,44,0,1792450246,33520087,40737506,43,0,82,0,43,27,57,9,0,30,27,United Kingdom
15896,,FromSoftware,fromsoftware,10,9,9,1,1590493604,107750927,176721512,6,0,100,0,10,0,0,50,0,0,0,Japan
14012,,Bethesda Game Studios,bethesda-game-studios,10,12,12,0,1423540169,46028650,118628347,0,0,0,0,0,8,0,100,0,0,0,United States
9436,,Aspyr,aspyr,20,26,26,0,1418071269,6516025,54541203,23,0,58,12,42,19,42,23,0,0,0,
16669,,CD PROJEKT RED,cd-projekt-red,20,8,8,0,1375876544,22114994,171984568,8,0,13,0,25,0,38,75,0,0,0,Poland
22,,PUBG Corporation,pubg-corporation,20,1,1,1,1240064606,0,1240064606,0,0,100,0,50,0,50,0,50,0,0,
26681,,Treyarch,treyarch,10,8,8,0,1213323410,95566933,151665426,0,0,100,0,13,0,0,0,0,0,0,United States
31889,,Firaxis Games,firaxis-games,20,20,20,0,1067663700,1752782,53383185,0,0,0,10,0,5,95,10,0,0,0,United States
12015,,Larian Studios,larian-studios,20,8,8,0,1061734206,9503812,132716776,8,25,13,0,50,0,63,100,0,0,0,Belgium
28700,,Creative Assembly,creative-assembly,20,21,21,0,1043995140,32764344,49714054,0,10,52,5,0,5,86,0,0,0,0,
31083,,Infinity Ward,infinity-ward,20,10,10,0,968157712,35338942,96815771,0,0,90,0,10,0,0,0,0,0,0,United States
18024,,Game Science,game-science,30,2,2,0,953560557,953560557,476780279,2,50,50,0,50,0,50,50,0,0,0,China
29513,,Raven Software,raven-software,30,19,19,0,877069975,2437222,46161578,0,0,100,0,0,0,0,0,0,5,0,United States
27564,,Sledgehammer Games,sledgehammer-games,30,7,7,0,820963470,36416128,117280496,0,0,100,0,0,0,0,0,0,0,0,United States
30073,,DICE,dice,10,11,11,0,769057752,32135501,69914341,0,0,100,9,45,0,9,0,9,0,0,
4905,,Paradox Development Studio,paradox-development-studio,20,16,16,0,740246045,2424428,46265378,0,0,0,0,0,56,100,19,0,0,0,Sweden
30729,,Beenox,beenox,30,11,11,0,725918861,10937608,65992624,0,0,91,0,18,0,0,0,0,9,0,Canada
29464,,High Moon Studios,high-moon-studios,30,6,6,0,698947140,18463696,116491190,0,0,100,0,0,0,0,0,0,0,0,United States
36,,Bohemia Interactive,bohemia-interactive,10,21,21,0,694269982,1158992,33060475,21,10,67,10,29,52,52,0,5,0,0,Czech Republic
187380,,Activision Shanghai,activision-shanghai,30,4,4,0,672439062,10456429,168109766,0,0,100,0,0,0,0,0,0,0,0,China
28400,,Toys for Bob,toys-for-bob,30,5,5,0,668738539,2449162,133747708,0,20,100,0,40,0,20,0,0,0,0,United States
187381,,Demonware,demonware,30,3,3,0,654937724,3411520,218312575,0,0,100,0,0,0,0,0,0,0,0,
1,,Square Enix,square-enix,10,99,99,1,636676228,1662604,6431073,96,0,29,4,19,5,7,84,4,0,0,Japan
18,,Electronic Arts,electronic-arts,10,21,21,0,613321871,6819340,29205803,2,0,29,0,5,43,43,5,5,5,38,United States
18753,,Techland,techland,20,14,14,1,604870140,1803291,43205010,3,0,73,0,13,13,0,33,0,27,0,Poland
25333,,Instinct Games,instinct-games,30,4,4,0,557587262,72920457,139396816,0,75,100,0,100,0,25,100,100,0,0,Egypt
41631,,Playground Games,playground-games,30,2,2,1,540772884,270084153,270386442,0,0,67,0,67,33,0,33,0,67,33,United Kingdom
147,,Gearbox Software,gearbox-software,20,20,20,0,535855239,4160761,26792762,0,0,85,5,20,5,5,40,0,0,0,United States
13076,,Studio Wildcard,studio-wildcard,20,3,3,1,531835662,244827051,177278554,4,100,100,0,100,0,25,100,100,0,0,United States
30129,,Arrowhead Game Studios,arrowhead-game-studios,20,7,7,0,515137269,33259523,73591038,0,14,100,0,14,0,0,29,29,0,0,Sweden
2655,,Blue Mammoth Games,blue-mammoth-games,30,1,1,0,502414286,0,502414286,0,100,100,0,0,0,0,0,0,0,0,United States
90778,,Pocketpair,pocketpair,30,5,5,1,501564911,5881297,100312982,6,67,67,50,50,33,17,50,17,0,0,Japan
10159,,Facepunch Studios,facepunch-studios,20,6,6,1,490877002,155847434,81812834,6,71,57,43,14,43,43,14,14,0,14,United Kingdom
20820,,Eidos Interactive,eidos-interactive,20,11,11,0,485922432,43893963,44174767,0,0,100,0,55,0,0,45,0,0,0,United Kingdom
31068,,Relic Entertainment,relic-entertainment,30,22,22,1,477302602,20003819,21695573,1,4,48,4,0,9,91,0,4,0,0,Canada
25275,,Visual Concepts,visual-concepts,10,24,24,0,473999017,8779891,19749959,0,0,0,0,0,71,0,0,0,4,92,United States
27936,,Saber Interactive,saber-interactive,20,18,18,3,469734888,3348541,26096383,3,0,62,0,33,29,5,10,5,14,19,United States
6560,,Virtual Basement LLC,virtual-basement-llc,30,5,5,0,464212984,2745779,92842597,1,100,100,20,60,0,60,60,60,0,20,United States
29556,,Efecto Studios,efecto-studios,30,4,4,1,458916770,416733645,114729193,0,80,100,20,40,0,40,40,40,0,0,Colombia
8591,,id Software,id-software,20,23,23,1,451355764,3605413,19624164,8,4,100,4,0,0,0,0,0,0,0,United States
23406,,"KOEI TECMO GAMES CO., LTD.",koei-tecmo-games-co-ltd,10,141,141,0,432986761,708280,3070828,131,0,32,3,16,20,32,35,4,4,5,
25904,,Avalanche Software,avalanche-software,20,9,9,0,424889502,370064,47209945,0,0,100,0,100,0,0,11,0,11,0,United States
23361,,Bandai Namco,bandai-namco,10,35,35,2,410725129,10073244,11735004,1,11,86,35,14,11,3,30,11,3,3,Japan
33,,TaleWorlds Entertainment,taleworlds-entertainment,20,4,4,0,381608089,46220304,95402022,4,50,75,0,0,25,25,100,0,0,0,Turkey
22907,,Obsidian Entertainment,obsidian-entertainment,20,16,16,1,380703948,16353163,23793997,1,0,53,6,35,6,12,82,6,0,0,United States
32743,,Nixxes software,nixxes-software,30,8,8,0,372571619,27723195,46571452,0,0,100,13,88,0,0,25,0,0,0,Netherlands
4425,,Frontier Developments,frontier-developments,20,16,16,0,359996124,3382602,22499758,13,0,25,13,31,75,69,13,13,0,0,United Kingdom
24470,,QLOC,qloc,30,16,16,0,356880287,13006172,22305018,0,0,63,13,25,19,19,25,6,0,0,Poland
31484,,Crystal Dynamics,crystal-dynamics,30,17,17,1,343833653,1978220,20225509,0,0,94,0,89,0,0,6,0,0,0,United States
23,,Codemasters,codemasters,20,29,29,1,339840091,8573634,11718624,14,0,20,7,7,50,3,0,0,93,83,United Kingdom
21745,,Tripwire Interactive,tripwire-interactive,20,10,10,1,337044410,34606364,33704441,10,9,100,0,9,18,9,9,18,0,0,United States
20814,,Endnight Games Ltd,endnight-games-ltd,20,2,2,0,336627445,168313723,168313723,1,100,100,0,100,100,0,0,0,0,0,
32256,,Colossal Order Ltd.,colossal-order-ltd,30,4,4,0,326014874,45833351,81503719,0,0,0,0,0,100,50,0,0,0,0,
4163,,ATLUS,atlus,30,21,21,1,324042206,2415859,15430581,0,0,18,0,41,0,14,86,0,0,0,Japan
5554550,,Hazelight Studios,hazelight-studios,30,3,3,0,322296572,137255065,107432191,0,33,100,0,100,0,0,0,0,0,0,Sweden
38893,,Nixxes,nixxes,30,4,4,0,320005304,130416442,80001326,0,0,100,0,100,0,0,25,0,0,0,
16385,,Rebellion,rebellion,20,25,25,1,312001880,1935308,12480075,23,4,92,0,31,8,8,0,0,0,8,United Kingdom
26059,,Behaviour Interactive,behaviour-interactive,30,10,10,0,291900572,246708,29190057,6,0,80,10,30,0,30,0,10,0,0,Canada
32460,,Splash Damage,splash-damage,30,6,6,0,286692210,37341491,47782035,0,0,83,0,17,0,17,0,0,0,0,United Kingdom
26365,,Forgotten Empires,forgotten-empires,30,6,6,0,286205106,70752265,47700851,0,0,0,0,0,0,100,0,0,0,0,
38208,,Rare Ltd,rare-ltd,30,1,1,0,284097243,284097243,284097243,0,0,100,0,100,0,0,0,0,0,0,
30722,,OVERKILL - a Starbreeze Studio.,overkill-a-starbreeze-studio,30,3,3,0,281685727,140159578,93895242,0,0,100,0,0,0,0,33,0,0,0,
7,,2K,2k,10,7,7,0,276299425,19072545,39471346,0,0,186,0,0,0,0,114,0,0,0,
3644,,Avalanche Studios,avalanche-studios,20,10,10,0,272357986,35088145,27235799,2,0,100,0,70,20,0,0,0,0,10,Sweden
15067,,Klei Entertainment,klei-entertainment,20,12,12,1,269414559,2546645,22451213,12,85,69,8,54,31,23,23,0,8,0,Canada
21960,,Amazon Games,amazon-games,10,1,1,0,263443992,263443992,263443992,1,0,100,0,100,0,0,100,100,0,0,
25680,,Respawn Entertainment,respawn-entertainment,30,4,4,0,262836359,112533602,65709090,0,0,100,0,25,0,0,0,0,0,0,United States
3246,,Mediatonic,mediatonic,30,8,8,0,257415241,484364,32176905,1,75,38,50,38,13,25,13,13,0,13,United Kingdom
19496,,Supergiant Games,supergiant-games,20,5,5,0,242727481,28514509,48545496,5,100,100,0,0,0,0,100,0,0,0,United States
7896,,VOID Interactive,void-interactive,30,1,1,1,238377385,238377385,238377385,1,100,100,0,100,50,50,0,0,0,0,Ireland
20412,,Coffee Stain Studios,coffee-stain-studios,30,6,6,0,238306902,20399421,39717817,0,83,33,67,33,50,67,0,0,0,0,Sweden
15535,,Fatshark,fatshark,20,10,10,0,238074790,5140881,23807479,8,60,80,20,50,0,20,20,0,0,10,Sweden
7989,,Arkane Studios,arkane-studios,30,13,13,0,237262633,11408341,18250972,1,0,92,0,15,0,0,15,0,0,0,France
4004,,Kinetic Games,kinetic-games,30,1,1,0,236307196,236307196,236307196,1,100,100,0,0,0,0,0,0,0,0,United Kingdom
4012671,,Offworld,offworld,30,3,3,0,234316154,19922632,78105385,3,100,100,0,0,0,67,0,67,0,0,
6594,,Warhorse Studios,warhorse-studios,20,2,2,0,231423999,115712000,115712000,1,0,100,0,100,0,0,100,0,0,0,Czech Republic
12519,,Insomniac Games,insomniac-games,30,7,7,0,227844395,18071009,32549199,1,14,86,29,86,0,0,0,0,0,0,United States
29164,,The Fun Pimps,the-fun-pimps,30,1,1,1,219353694,219353694,219353694,0,50,100,0,50,50,50,50,0,0,0,United States
20075,,Psyonix,psyonix,30,2,2,0,218058811,0,109029406,1,50,100,0,0,0,0,0,0,50,50,United States
28744,,NetherRealm Studios,netherrealm-studios,30,7,7,0,211981860,49519426,30283123,0,0,100,0,0,0,0,0,0,0,0,United States
25487,,Red Storm,red-storm,30,1,1,0,211110709,211110709,211110709,0,0,100,0,100,0,0,0,0,0,0,
28096,,Sports Interactive,sports-interactive,30,21,21,1,210861598,441540,10041028,0,9,0,0,0,86,9,0,0,0,91,United Kingdom
26978,,343 Industries,343-industries,30,5,5,0,209498834,3710091,41899767,0,0,80,0,0,0,20,0,0,0,0,United States
26181,,Redbeet Interactive,redbeet-interactive,30,1,1,0,207710306,207710306,207710306,0,100,0,0,100,100,0,0,0,0,0,Sweden
29429,,Rocksteady Studios,rocksteady-studios,30,6,6,0,207641345,61027850,34606891,0,0,83,0,83,0,0,0,0,0,0,United Kingdom
22531,,"Spike Chunsoft Co., Ltd.",spike-chunsoft-co-ltd,30,25,25,1,207201920,2102963,8288077,22,0,23,0,54,4,0,23,0,0,4,
30247,,Monolith Productions,monolith-productions,30,6,6,0,204809762,1261030,34134960,0,0,83,0,67,0,17,17,0,0,0,United States
3259,,ARC SYSTEM WORKS,arc-system-works,30,46,46,0,204472835,174204,4445062,29,4,78,9,15,9,7,9,0,2,4,Japan
2896,,SCS Software,scs-software,20,20,20,0,203942703,36018,10197135,6,30,20,5,5,90,5,0,0,5,20,Czech Republic
49476,,Santa Monica Studio,santa-monica-studio,10,2,2,0,203248074,101624037,101624037,0,0,100,0,100,0,0,100,0,0,0,
5474653,,Jetpack Interactive,jetpack-interactive,30,2,2,0,203248074,101624037,101624037,0,0,100,0,100,0,0,100,0,0,0,
10867,,Ruffian Games,ruffian-games,30,3,3,0,201785683,14823,67261894,2,67,100,33,0,0,0,0,0,0,33,United Kingdom
21041,,Bungie,bungie,20,2,2,1,201760863,201760863,100880432,2,0,100,0,33,0,0,0,0,0,0,United States
978,,Crytek,crytek,20,13,13,0,200230066,5311669,15402313,10,0,69,0,23,15,8,0,0,0,0,Germany
30906,,BioWare,bioware,10,15,15,0,197041128,9088027,13136075,1,0,53,0,27,7,20,93,0,0,0,Canada
4127,,Unknown Worlds Entertainment,unknown-worlds-entertainment,20,5,5,2,195655892,38411729,39131178,5,71,57,14,43,0,29,0,0,0,0,United States
8411,,Giants Software,giants-software,30,10,10,0,195349584,18477565,19534958,9,0,0,30,0,100,0,0,0,0,0,Switzerland
24419,,Iron Gate AB,iron-gate-ab,30,1,1,0,193743369,193743369,193743369,0,100,100,0,100,0,0,100,0,0,0,
38530,,Guerrilla,guerrilla,20,2,2,0,193047744,30655161,96523872,0,0,100,0,50,0,0,100,0,0,0,
3395,,				Torn Banner Studios,torn-banner-studios,30,6,6,0,190718849,29899922,31786475,4,67,100,0,0,0,0,0,17,0,0,Canada
27545,,4A Games,4a-games,30,4,4,0,187760373,65014289,46940093,0,0,100,0,0,0,0,0,0,0,0,Ukraine
43580,,World's Edge,world-s-edge,30,4,4,0,185687919,70752265,46421980,0,0,0,0,0,0,100,0,0,0,0,United States
5729,,GSC Game World,gsc-game-world,30,13,13,0,184647265,288566,14203636,4,0,38,0,15,0,69,31,0,0,0,Ukraine
31528,,Ensemble Studios,ensemble-studios,30,5,5,0,183900328,25502107,36780066,0,0,20,0,0,40,100,0,0,0,0,United States
29674,,Machine Games,machine-games,30,13,13,0,183345952,14443022,14103535,0,0,100,0,8,0,0,0,0,0,0,Sweden
3824,,ConcernedApe,concernedape,20,1,1,0,178554691,178554691,178554691,1,100,0,0,0,100,0,100,0,0,0,United States
11073,,Wube Software LTD.,wube-software-ltd,30,1,1,0,177432014,177432014,177432014,1,100,0,100,0,100,100,0,0,0,0,
4253,,Re-Logic,re-logic,30,1,1,0,176630210,176630210,176630210,1,100,100,0,100,0,0,100,0,0,0,United States
25733,,Asobo Studio,asobo-studio,30,9,9,0,175544423,750536,19504936,0,0,33,11,56,33,0,0,0,0,0,France
8249,,Team17 Digital,team17-digital,30,27,27,1,171648472,1749710,6357351,25,50,36,21,11,11,54,4,0,0,7,
30834,,"CyberConnect2 Co., Ltd.",cyberconnect2-co-ltd,30,8,8,0,167843665,11418054,20980458,0,0,100,0,75,0,13,13,0,0,0,
38968,,Ryu Ga Gotoku Studio,ryu-ga-gotoku-studio,30,16,16,0,165352573,7571344,10334536,0,0,100,0,88,0,0,38,0,0,0,
20459,,Hopoo Games,hopoo-games,30,4,4,0,160957206,11067853,40239302,1,75,100,0,0,0,0,25,0,0,0,United States
15557,,SkyBox Labs,skybox-labs,30,5,5,0,159426055,44794244,31885211,2,40,0,0,20,40,80,0,0,0,0,Canada
13217,,Io-Interactive A/S,io-interactive-a-s,30,9,9,0,158797481,3564050,17644165,8,0,100,0,11,0,0,0,0,0,0,
38220,,Ghost Games,ghost-games,30,3,3,0,154749915,13368296,51583305,0,0,100,0,100,33,33,0,0,100,67,Sweden
24501,,AMPLITUDE Studios,amplitude-studios,30,8,8,1,151955494,30502388,18994437,0,22,11,11,11,22,89,22,0,0,0,France
8401,,The Indie Stone,the-indie-stone,30,1,1,0,149605449,149605449,149605449,1,100,0,0,0,100,0,100,0,0,0,
26540,,Ghost Ship Games,ghost-ship-games,30,1,1,1,149527431,149527431,149527431,0,0,100,0,0,0,0,0,0,0,0,Denmark
24524,,Iron Galaxy Studios,iron-galaxy-studios,30,10,10,1,149156877,3093355,14915688,1,9,73,0,55,0,0,9,0,0,18,United States
28682,,No Brakes Games,no-brakes-games,30,2,2,1,146466765,73233383,73233383,0,67,67,100,100,67,0,0,0,0,0,Spain
4803,,11 bit studios,11-bit-studios,20,8,8,1,146294357,3497444,18286795,9,44,56,0,22,33,78,0,0,0,0,Poland
35,,Daybreak Game Company,daybreak-game-company,20,5,5,0,145999298,0,29199860,5,0,80,0,80,0,0,20,100,0,0,United States
4068,,Hello Games,hello-games,20,4,4,1,144262140,2432210,36065535,5,60,80,40,60,0,0,0,0,40,0,United Kingdom
25992,,Turtle Rock Studios,turtle-rock-studios,30,2,2,0,144182109,77241758,72091055,0,0,100,0,0,0,0,0,0,0,0,United States
25131,,Quantic Dream,quantic-dream,30,5,5,0,143932036,7023900,28786407,4,0,60,0,80,0,0,40,0,0,0,France
9561,,Croteam,croteam,30,21,21,0,141289217,1118450,6728058,2,86,86,5,24,5,14,5,0,0,0,Croatia
31007,,Traveller's Tales,traveller-s-tales,30,17,17,0,140649491,7779054,8273499,0,0,76,0,88,0,0,0,0,0,0,United Kingdom
30234,,Moon Studios GmbH,moon-studios-gmbh,30,4,4,0,139889395,29839681,34972349,0,0,100,0,25,0,0,25,0,0,0,
10550,,The Behemoth,the-behemoth,30,6,6,0,139766915,2873934,23294486,6,67,100,50,33,0,17,33,0,0,0,United States
11656,,Stunlock Studios,stunlock-studios,30,5,5,0,139017833,120566337,27803567,4,0,100,0,20,0,0,0,60,0,0,Sweden
29591,,Irrational Games,irrational-games,30,4,4,1,138866962,1377524,34716741,0,0,60,0,20,0,40,80,0,0,0,United States
11955,,Remedy Entertainment,remedy-entertainment,30,9,9,1,138407860,7833893,15378651,4,0,100,0,30,0,0,0,0,10,0,Finland
27649,,Virtual Programming (Linux),virtual-programming-linux,30,1,1,0,136054147,136054147,136054147,0,0,100,0,0,0,0,0,0,0,0,
13363,,Grinding Gear Games,grinding-gear-games,20,4,4,0,135694342,135694342,33923586,2,50,100,0,100,0,0,100,100,0,0,New Zealand
1490,,Telltale Games,telltale-games,30,41,41,0,134689503,9347438,3285110,19,0,17,7,85,0,0,0,0,0,5,United States
25212,,Gunfire Games,gunfire-games,30,5,5,0,134456357,26840054,26891271,0,0,100,0,100,0,0,80,0,0,0,United States
19539,,Red Barrels,red-barrels,20,3,3,0,133644403,45908431,44548134,3,100,100,0,100,0,0,0,0,0,0,Canada
29271,,Massive Entertainment,massive-entertainment,30,3,3,0,132077736,52247,44025912,0,0,33,0,33,0,67,33,0,0,0,Sweden
14393,,New World Interactive,new-world-interactive,30,3,3,0,127007017,55021679,42335672,2,67,100,0,0,0,67,0,0,0,0,
38781,,KOJIMA PRODUCTIONS,kojima-productions,30,2,2,0,121584137,29996754,60792069,0,0,100,0,100,0,0,0,0,0,0,Japan
50865,,Naughty Dog LLC,naughty-dog-llc,20,3,3,0,121356283,39656477,40452094,0,0,67,0,100,0,0,0,0,0,0,
11127,,BeamNG,beamng,20,1,1,0,120576519,120576519,120576519,1,0,0,0,0,100,0,0,0,100,0,Germany
953,,Kunos Simulazioni,kunos-simulazioni,30,3,3,0,120348021,30449353,40116007,1,33,0,0,0,100,0,0,0,100,100,
16466,,Haemimont Games,haemimont-games,30,15,15,0,117495387,806497,7833026,4,7,20,0,13,53,87,13,0,0,0,Bulgaria
1639846,,KONAMI,konami,20,26,26,3,115667922,552573,4448766,29,3,79,14,21,17,10,17,3,3,17,Japan
14664,,Zeekerss,zeekerss,30,4,4,1,115202754,546285,28800689,5,100,80,0,80,0,0,0,0,0,0,
23755,,Climax Studios,climax-studios,30,13,13,0,114255874,376290,8788913,0,8,77,0,62,8,8,15,0,8,23,United Kingdom
29020,,Hangar 13,hangar-13,20,4,4,1,113445967,30330905,28361492,0,0,80,0,80,0,0,0,0,0,20,United States
42052,,Bend Studio,bend-studio,30,1,1,0,109818445,109818445,109818445,0,0,100,0,100,0,0,0,0,0,0,
17542,,Double Eleven,double-eleven,30,10,10,1,108183597,831637,10818360,6,18,64,9,18,18,36,9,0,0,0,United Kingdom
9377,,TT Games,tt-games,30,16,16,0,107722369,2713668,6732648,4,25,88,31,63,0,0,6,0,0,0,United Kingdom
29727,,PlatinumGames Inc.,platinumgames-inc,30,5,5,0,107278709,398236,21455742,3,20,100,0,60,0,0,40,0,0,0,
11439,,Squad,squad,30,1,1,0,106203030,106203030,106203030,0,100,0,0,0,100,0,0,0,0,0,Mexico
34409,,BlueTwelve Studio,bluetwelve-studio,30,1,1,0,104361049,104361049,104361049,0,100,0,0,100,0,0,0,0,0,0,France
3294,,Hidden Path Entertainment,hidden-path-entertainment,30,5,5,0,104168777,3736917,20833755,2,60,0,20,20,20,60,20,20,0,0,United States
1637813,,Keen Games GmbH,keen-games-gmbh,30,2,2,0,103116589,51558295,51558295,1,0,100,0,100,0,0,100,0,0,0,
23801,,DONTNOD Entertainment,dontnod-entertainment,30,6,6,0,101036634,18719398,16839439,0,0,50,0,83,0,0,17,0,0,0,
4073684,,Sucker Punch Productions,sucker-punch-productions,30,1,1,0,100747438,100747438,100747438,0,0,100,0,100,0,0,0,0,0,0,United States
13161,,ZA/UM,za-um,30,1,1,0,99514228,99514228,99514228,1,0,0,0,0,0,0,100,0,0,0,Estonia
14459,,Introversion Software,introversion-software,30,8,8,0,98620092,945284,12327512,7,100,0,0,13,25,75,0,0,0,0,United Kingdom
18180,,Flying Wild Hog,flying-wild-hog,30,9,9,0,98237463,4324705,10915274,1,33,100,11,89,0,0,11,0,0,0,Poland
24775,,Tango Gameworks,tango-gameworks,30,5,5,0,98215695,23045532,19643139,0,0,80,20,40,0,0,0,0,0,0,Japan
26160,,Blue Byte,blue-byte,30,9,9,0,97833261,9967171,10870362,0,0,22,0,0,44,78,22,11,0,0,Germany
18986,,Ludeon Studios,ludeon-studios,20,1,1,0,96792833,96792833,96792833,1,100,0,0,0,100,100,0,0,0,0,Canada
32653,,Tantalus Media,tantalus-media,30,3,3,0,96234608,40982203,32078203,0,0,0,0,0,0,100,0,0,0,0,Australia
16215,,Digital Extremes,digital-extremes,30,7,7,0,95569699,19072545,13652814,1,0,100,0,14,0,0,29,0,0,0,Canada
24877,,Volition,volition,30,9,9,0,95538100,2573780,10615344,0,0,89,0,11,0,11,11,0,0,0,United States
32221,,Owlcat Games,owlcat-games,30,3,3,0,95355233,32385128,31785078,2,67,33,0,100,0,67,100,0,0,0,Cyprus
292268,,Respawn,respawn,30,2,2,0,94665161,94665161,47332581,0,0,100,0,100,0,0,0,0,0,0,
39353,,鬼谷工作室,-,30,1,1,0,94327976,94327976,94327976,1,100,100,0,100,100,0,100,0,0,0,
25284,,Reflections,reflections,30,2,2,0,91249735,91249735,45624868,0,0,100,0,100,0,0,0,0,0,0,
12132,,Shiro Games,shiro-games,20,7,7,1,90847650,4122918,12978236,7,75,38,13,75,25,38,50,13,0,0,France
23216,,"Jackbox Games, Inc.",jackbox-games-inc,30,26,26,0,87913474,177891,3381287,26,96,0,100,0,0,96,0,0,0,0,
13999,,Hinterland Studio Inc.,hinterland-studio-inc,30,1,1,1,86467022,86467022,86467022,2,100,50,0,50,100,100,0,0,0,0,Canada
32935,,Arsi &quot;Hakita&quot; Patala,arsi-quot-hakita-quot-patala,30,1,1,0,86287215,86287215,86287215,0,100,100,0,0,0,0,0,0,0,0,
18895,,Bloober Team SA,bloober-team-sa,30,9,9,1,86044541,784524,9560505,4,80,40,10,80,0,0,0,0,0,0,Poland
9095,,Berserk Games,berserk-games,30,1,1,0,85522215,85522215,85522215,1,100,0,100,0,100,100,100,0,0,0,
9007,,Red Hook Studios,red-hook-studios,20,2,2,0,85427500,42713750,42713750,2,100,0,0,0,0,100,100,0,0,0,Canada
26932,,DIMPS,dimps,30,4,4,0,85305302,31044760,21326326,0,0,100,25,25,0,0,25,25,0,0,Japan
24010,,Maxis™,maxis,30,9,9,0,85298522,886843,9477614,0,0,11,67,33,100,22,11,0,0,0,
18304,,Stardock Entertainment,stardock-entertainment,20,21,21,0,84573341,1317624,4027302,21,62,14,10,10,48,95,19,0,0,0,
29385,,Deep Silver Volition,deep-silver-volition,30,4,4,0,84033991,6505830,21008498,0,0,100,0,50,0,0,0,0,0,0,
38498,,MOTIVE,motive,30,2,2,0,83339098,41669549,41669549,0,0,100,0,50,50,0,0,0,0,0,
13225,,Frictional Games,frictional-games,20,7,7,0,83335906,3809764,11905129,7,100,71,0,100,0,0,0,0,0,0,Sweden
11789,,Funcom,funcom,20,10,10,1,83291386,837869,8329139,11,0,82,0,91,9,18,82,64,0,0,Norway
1599,,Ninja Theory,ninja-theory,30,7,7,0,83209873,6418222,11887125,4,29,100,0,71,0,0,0,0,0,0,United Kingdom
17913,,Double Fine Productions,double-fine-productions,30,18,18,0,83134264,2549426,4618570,14,28,33,22,67,6,22,11,0,0,0,United States
23291,,"Cygames, Inc.",cygames-inc,30,7,7,1,82625130,3398517,11803590,6,0,75,25,13,0,25,38,0,0,0,
3919878,,CaptureAge,captureage,30,2,2,0,81964405,40982203,40982203,0,0,0,0,0,0,100,0,0,0,0,
22768,,"Nicalis, Inc.",nicalis-inc,30,8,8,0,80994084,1148933,10124261,8,63,75,25,63,0,13,13,0,0,0,United States
18270,,Frozenbyte,frozenbyte,20,12,12,0,80928168,1406828,6744014,9,50,100,0,50,8,8,25,8,0,0,Finland
12795,,Runic Games,runic-games,30,3,3,0,80871234,3383600,26957078,0,67,67,0,67,0,0,67,0,0,0,United States
33718,,Slavic Magic,slavic-magic,30,1,1,0,80193757,80193757,80193757,0,0,0,0,0,100,100,0,0,0,0,Poland
106826,,Paradox Tinto,paradox-tinto,30,1,1,0,79550018,79550018,79550018,0,0,0,0,0,100,100,0,0,0,0,Spain
5252,,24 Entertainment,24-entertainment,30,1,1,0,79212125,0,79212125,0,0,100,0,100,0,0,0,100,0,0,
5073,,Studio MDHR Entertainment Inc.,studio-mdhr-entertainment-inc,20,1,1,0,78250859,78250859,78250859,1,100,100,0,0,0,0,0,0,0,0,
10694,,Edmund McMillen,edmund-mcmillen,30,6,6,1,77440040,1613137,12906673,5,86,43,14,71,14,29,14,0,0,0,
13791,,Daedalic Entertainment ,daedalic-entertainment,30,24,24,0,77068821,2582169,3211201,24,92,8,8,96,0,13,17,0,0,0,Germany
29163,,Criterion Games,criterion-games,30,7,7,0,75850650,2747904,10835807,0,0,71,0,43,0,0,0,0,100,14,United Kingdom
1732,,Steel Wool Studios,steel-wool-studios,30,8,8,1,74430804,159310,9303851,3,44,44,22,22,22,22,0,0,0,0,United States
27674,,PlatinumGames,platinumgames,30,14,14,0,73994713,3329,5285337,0,64,36,64,86,0,14,0,0,0,0,Japan
25232,,Zenimax Online Studios,zenimax-online-studios,30,1,1,0,73412275,73412275,73412275,0,0,100,0,100,0,0,100,100,0,0,United States
10204,,Grove Street Games,grove-street-games,30,5,5,1,72974480,112,14594896,4,50,33,67,33,0,17,33,33,0,0,United States
13087,,Team Cherry,team-cherry,20,1,1,1,72327747,72327747,72327747,2,100,100,0,100,0,0,0,0,0,0,Australia
15132,,FireFly Studios,firefly-studios,30,14,14,1,71811932,2807659,5129424,13,0,7,0,0,67,93,7,13,0,0,United Kingdom
11961,,Wicked Witch,wicked-witch,30,6,6,0,71301764,70752265,11883627,2,0,17,17,0,33,17,0,0,0,83,
24,,THQ Nordic,thq-nordic,20,17,17,0,71052375,475215,4179551,15,0,41,0,24,24,41,47,0,12,6,Austria
23649,,People Can Fly,people-can-fly,30,3,3,1,70943393,8682113,23647798,1,25,100,0,75,25,0,25,25,0,0,Poland
28561,,Blind Squirrel,blind-squirrel,30,2,2,0,70665962,35332981,35332981,0,0,100,0,0,0,0,100,0,0,0,
156,,YAGER,yager,30,3,3,0,69042202,0,23014067,1,0,100,0,33,0,0,0,67,0,0,
24360,,Shiver,shiver,30,1,1,0,68366203,68366203,68366203,0,0,100,0,0,0,0,0,0,0,0,
9422,,Landfall,landfall,30,9,9,0,68066219,4223433,7562913,8,100,89,11,22,22,22,0,0,22,0,
1087,,Expansive Worlds,expansive-worlds,30,4,4,0,67872769,32371127,16968192,2,0,50,25,100,100,0,0,0,0,75,Sweden
29707,,Boneloaf,boneloaf,30,1,1,0,67686644,67686644,67686644,1,100,100,100,100,100,0,0,0,0,0,United Kingdom
3700300,,Rocket Science,rocket-science,30,1,1,0,67686644,67686644,67686644,0,100,100,100,100,100,0,0,0,0,0,
29877,,Vigil Games,vigil-games,30,3,3,0,67670574,23806679,22556858,0,0,100,0,100,0,0,67,0,0,0,United States
30789,,Undead Labs,undead-labs,30,4,4,1,67134507,26244015,16783627,0,0,100,20,40,60,20,80,0,0,0,United States
6653,,Slightly Mad Studios,slightly-mad-studios,30,8,8,0,66885082,2395478,8360635,2,0,13,0,0,25,0,0,0,100,25,United Kingdom
30372,,Realmforge Studios,realmforge-studios,30,11,11,0,66516880,1563867,6046989,0,0,27,0,18,64,91,36,0,0,0,Germany
10,,SEGA,sega,10,24,24,2,66132468,3373890,2755520,25,4,65,12,12,8,8,15,4,4,12,Japan
184224,,MINT ROCKET,mint-rocket,30,1,1,0,65170390,65170390,65170390,1,0,0,100,100,100,0,100,0,0,0,
8302,,Monomi Park,monomi-park,30,2,2,0,64468549,32234275,32234275,2,100,100,50,100,100,0,0,0,0,0,United States
6432,,Toadman Interactive,toadman-interactive,30,4,4,1,64389662,782014,16097416,3,20,100,20,60,0,40,20,40,0,20,Sweden
29211,,Piranha Bytes,piranha-bytes,30,8,8,0,64115780,7521841,8014473,0,0,63,0,25,0,0,100,0,0,0,Germany
7035,,RuneStorm,runestorm,30,4,4,0,63238112,1203376,15809528,3,100,25,0,0,75,25,0,0,0,0,
19402,,Crate Entertainment,crate-entertainment,20,2,2,0,63062439,31531220,31531220,2,100,50,0,50,50,50,50,0,0,0,United States
5397,,Digitalmindsoft,digitalmindsoft,30,6,6,0,62844878,5396559,10474146,2,17,67,0,0,67,100,0,0,0,0,Germany
13026,,Artplant,artplant,30,4,4,0,62578885,41484,15644721,2,25,100,0,25,25,50,25,50,25,25,Norway
27408,,Red Dot Games,red-dot-games,30,7,7,0,61115874,1472169,8730839,1,0,14,0,0,100,0,14,0,71,0,Poland
20024,,Chucklefish,chucklefish,20,3,3,1,60952405,2132338,20317468,4,75,25,25,25,25,50,50,0,0,0,
6552785,,TVGS,tvgs,30,1,1,0,60494344,60494344,60494344,1,100,100,0,0,100,100,0,0,0,0,
14658,,Eleventh Hour Games,eleventh-hour-games,30,2,2,0,60437077,60419919,30218539,2,50,50,0,100,0,50,100,0,0,0,
20981,,Keen Software House,keen-software-house,20,5,5,0,60315613,1474072,12063123,5,100,100,0,20,80,60,20,0,0,0,Czech Republic
26393,,Sonic Team,sonic-team,30,7,7,1,60141267,3245603,8591610,0,0,75,38,63,0,0,0,0,13,0,Japan
15030,,Triumph Studios,triumph-studios,30,9,9,0,59898836,1148249,6655426,0,0,0,0,0,0,67,78,0,0,0,Netherlands
11499,,WOLCEN Studio,wolcen-studio,20,2,2,1,58983041,29491521,29491521,2,67,100,0,67,0,0,67,0,0,0,France
1366,,Eugen Systems,eugen-systems,30,9,9,0,58029214,5874811,6447690,6,67,56,0,0,67,78,0,0,0,0,France
17533,,Tuxedo Labs,tuxedo-labs,30,1,1,0,55415930,55415930,55415930,1,100,100,0,0,100,100,0,0,0,0,Sweden
18929,,Milestone S.r.l.,milestone-s-r-l,30,46,46,2,55219944,837636,1200434,46,0,2,0,2,79,0,0,0,100,94,Italy
17141,,inXile Entertainment,inxile-entertainment,30,13,13,1,55088629,779523,4237587,11,21,43,0,43,0,36,79,0,0,0,United States
1771187,,"Blizzard Entertainment, Inc.",blizzard-entertainment-inc,10,2,2,0,54871219,54871219,27435610,2,0,100,0,0,0,0,50,0,0,0,
24449,,Massive Monster,massive-monster,30,3,3,0,54275514,577165,18091838,0,100,100,0,100,0,33,33,0,0,0,
187313,,Striking Distance Studios,striking-distance-studios,30,2,2,0,52428319,26214160,26214160,0,0,100,0,50,0,0,0,0,0,0,United States
5256,,NeoCoreGames,neocoregames,30,14,14,0,52182245,1100986,3727303,9,50,50,0,50,0,57,86,0,0,0,
43154,,Sledgehammer,sledgehammer,30,1,1,0,51217059,51217059,51217059,0,0,0,0,0,0,0,0,0,0,0,
32445,,Harebrained Schemes,harebrained-schemes,30,6,6,0,50486481,6710574,8414414,0,67,33,0,100,0,83,67,0,0,0,United States
11097,,Idea Factory,idea-factory,30,49,49,3,50433531,534779,1029256,2,0,31,8,50,10,42,75,0,0,0,Japan
16008,,System Era Softworks,system-era-softworks,20,1,1,1,50155785,50155785,50155785,1,50,50,0,100,0,0,0,0,0,0,United States
28472,,Tarsier Studios,tarsier-studios,30,2,2,1,49942671,24971336,24971336,0,0,0,0,100,0,0,0,0,0,0,Sweden
17392,,Ninja Kiwi,ninja-kiwi,30,11,11,1,49446830,24723415,4495166,12,8,75,17,0,0,75,25,0,0,0,New Zealand
22135,,Playdead,playdead,20,2,2,0,49348013,24674007,24674007,2,100,100,0,100,0,0,0,0,0,0,Denmark
26204,,Nihon Falcom,nihon-falcom,30,40,40,5,48664923,859135,1216623,0,2,51,2,24,0,0,100,0,0,0,Japan
12965,,Crowbar Collective,crowbar-collective,30,1,1,1,48622438,48622438,48622438,1,50,100,0,50,0,0,0,0,0,0,
15649,,Cyanide Studio,cyanide-studio,30,36,36,3,48615432,517647,1350429,3,0,15,18,15,51,46,13,3,18,62,France
101624,,TheLiquidHorse,theliquidhorse,30,1,1,0,48546359,48546359,48546359,0,0,100,0,0,0,0,0,100,0,0,
1742067,,SgtOkiDoki,sgtokidoki,30,1,1,0,48546359,48546359,48546359,1,0,100,0,0,0,0,0,100,0,0,
1742068,,Vilaskis,vilaskis,30,1,1,0,48546359,48546359,48546359,0,0,100,0,0,0,0,0,100,0,0,
14403,,Starbreeze Studios,starbreeze-studios,30,6,6,0,48540546,1459128,8090091,1,17,83,0,50,0,17,33,0,0,0,Sweden
26065,,Mouldy Toof Studios,mouldy-toof-studios,30,3,3,0,48282647,18184644,16094216,0,100,67,0,67,67,67,0,0,0,0,United Kingdom
1639223,,LocalThunk,localthunk,30,1,1,0,48121621,48121621,48121621,0,100,0,100,0,0,100,0,0,0,0,Canada
2528,,Mundfish,mundfish,30,2,2,0,47919409,47897780,23959705,1,0,100,0,100,0,0,50,0,0,0,Cyprus
2858,,SUPERHOT Team,superhot-team,30,3,3,0,47879913,13707467,15959971,3,100,100,0,0,0,0,0,0,0,0,Poland
4543035,,Mega Crit,mega-crit,30,1,1,1,47873007,47873007,47873007,2,100,0,0,0,0,100,0,0,0,0,
15112,,Empyrean,empyrean,30,4,4,2,47760958,29702,11940240,2,100,50,83,33,67,0,0,0,0,0,Poland
504274,,HEXWORKS,hexworks,30,1,1,0,47716584,47716584,47716584,0,0,100,0,100,0,0,100,0,0,0,
15799,,Petroglyph,petroglyph,30,15,15,1,47342208,1045912,3156147,9,56,44,0,6,31,94,6,6,0,0,
384,,tobyfox,tobyfox,30,1,1,1,47207950,47207950,47207950,2,100,0,0,0,0,0,100,0,0,0,United States
24128,,Sumo Digital,sumo-digital,30,13,13,0,47191621,1118794,3630125,0,23,31,31,38,8,0,8,15,38,8,United Kingdom
32112,,Lucas Pope,lucas-pope,30,2,2,0,46813057,23406529,23406529,0,100,0,0,100,0,0,0,0,0,0,
2999569,,"MADFINGER Games, a.s.",madfinger-games-a-s,30,1,1,0,46610482,46610482,46610482,1,0,100,0,100,0,0,0,100,0,0,
31628,,Mimimi Games,mimimi-games,30,5,5,0,46545967,3939970,9309193,1,60,20,0,20,0,80,20,0,0,0,Germany
1469,,Dovetail Games,dovetail-games,30,16,16,0,46397059,3355908,2899816,5,0,0,19,0,100,13,0,0,0,31,United Kingdom
8512,,Eko Software,eko-software,30,15,15,0,46382173,220259,3092145,3,13,47,7,33,27,0,33,0,0,40,France
15150,,Triternion,triternion,20,1,1,0,46328073,46328073,46328073,1,100,100,0,0,0,0,0,0,0,0,
33637,,10 Chambers,10-chambers,30,1,1,1,46219781,46219781,46219781,2,0,100,0,0,0,0,0,0,0,0,
16186,,Gamepires,gamepires,30,3,3,0,46205478,3982960,15401826,0,33,100,0,33,0,0,0,33,67,33,Croatia
24910,,Dennaton Games,dennaton-games,30,3,3,0,46160367,23080184,15386789,0,67,67,0,0,0,0,0,0,0,0,Sweden
6884,,United Front Games,united-front-games,30,3,3,0,46078020,45341507,15359340,1,0,100,0,67,0,0,0,0,33,0,Canada
6835,,Deck13,deck13,30,13,13,0,46077485,126114,3544422,4,15,54,0,69,0,0,54,0,0,0,
7911,,Beamdog,beamdog,30,7,7,0,45568486,4665599,6509784,6,0,14,0,71,0,14,71,0,0,0,Canada
20023,,ONE MORE LEVEL,one-more-level,30,7,7,0,45195385,311175,6456484,2,43,71,14,43,14,29,0,0,0,0,Poland
13550,,SNK CORPORATION,snk-corporation,30,25,25,1,45010331,210917,1800413,26,0,92,12,0,4,8,12,0,0,12,Japan
31421,,Supermassive Games,supermassive-games,30,9,9,2,44761494,4916549,4973499,1,0,27,0,100,0,0,0,0,0,0,United Kingdom
5780,,Pathea Games,pathea-games,30,7,7,2,44006859,9710603,6286694,8,100,33,89,56,67,22,44,0,0,22,United States
6682759,,Ironclad Games Corporation,ironclad-games-corporation,30,3,3,0,43564722,6928280,14521574,0,67,33,0,0,67,100,0,0,0,0,
24859,,Limbic Entertainment,limbic-entertainment,30,4,4,0,43417194,4906446,10854299,0,0,0,25,0,50,100,50,0,0,0,Germany
27193,,FakeFish,fakefish,30,1,1,1,42736570,42736570,42736570,0,100,100,0,50,100,50,0,0,0,0,Finland
31317,,Undertow Games,undertow-games,30,2,2,0,42736570,42736570,21368285,0,50,50,0,0,50,100,0,0,0,0,Finland
14290,,Stress Level Zero,stress-level-zero,30,5,5,0,42231873,1740944,8446375,5,80,80,40,80,40,0,0,0,0,0,
32236,,Mobius Digital,mobius-digital,30,1,1,0,42145237,42145237,42145237,0,0,100,0,100,0,0,0,0,0,0,United States
822,,Ndemic Creations,ndemic-creations,30,3,3,1,42073381,21036691,14024460,4,50,0,50,0,75,100,0,0,0,0,United Kingdom
5371,,Motion Twin,motion-twin,20,2,2,0,41617368,20808684,20808684,2,100,100,0,50,0,0,0,0,0,0,France
283,,CI Games,ci-games,20,6,6,0,41440460,3959471,6906743,6,0,100,0,0,0,0,17,0,0,0,Poland
4217,,Abstraction Games,abstraction-games,30,13,13,0,41392893,807748,3184069,1,8,54,0,54,0,0,0,0,0,0,Netherlands
22680,,"PopCap Games, Inc.",popcap-games-inc,30,25,25,0,41303032,82247,1652121,23,0,4,92,0,0,12,4,0,0,0,
7054,,Thunder Lotus Games,thunder-lotus-games,30,3,3,0,41193865,13551233,13731288,3,100,67,0,100,33,0,0,0,0,0,
30039,,Compile Heart,compile-heart,30,26,26,3,40656426,862883,1563709,0,0,48,10,21,7,41,83,0,0,0,Japan
3201,,ACQUIRE Corp.,acquire-corp,30,22,22,2,40406309,60032,1836650,6,17,54,8,33,0,25,54,0,0,0,Japan
32251,,Urban Games,urban-games,30,3,3,0,40223985,12912234,13407995,0,67,0,67,0,100,33,0,0,0,0,Switzerland
25663,,Slipgate Ironworks,slipgate-ironworks,30,9,9,4,40120409,380857,4457823,0,38,100,0,31,0,15,31,0,0,0,Denmark
17343,,IllFonic,illfonic,30,9,9,0,39896835,2810808,4432982,1,11,100,0,22,0,0,0,0,0,0,United States
30294,,Spiders,spiders,30,8,8,0,39091936,3077048,4886492,0,0,75,0,25,0,0,100,0,0,0,France
19284,,3D Realms,3d-realms,30,12,12,0,38901051,9434,3241754,4,0,100,0,17,0,0,0,0,0,0,United States
30149,,Pugstorm,pugstorm,30,3,3,1,38833265,55511,12944422,0,75,75,50,75,0,25,75,0,0,0,
5718,,Ivory Tower,ivory-tower,30,2,2,0,38620380,19310190,19310190,1,50,50,50,0,0,0,50,50,50,0,France
38970,,semiwork,semiwork,30,2,2,0,38616923,19308462,19308462,2,50,100,0,50,0,0,0,0,0,0,Sweden
30493,,Dodge Roll,dodge-roll,30,3,3,1,38577183,19288592,12859061,0,75,100,0,100,0,0,0,0,0,0,United States
20812,,Chromatic Games,chromatic-games,30,4,4,1,38487394,3329948,9621849,5,80,100,0,40,0,60,100,0,0,0,
3919,,Planetary Annihilation Inc,planetary-annihilation-inc,30,2,2,0,38437842,18923445,19218921,2,50,50,0,0,0,100,0,0,0,0,United States
27401,,Yuzusoft,yuzusoft,30,5,5,0,38375096,4576148,7675019,0,0,0,100,100,20,0,0,0,0,0,
12426,,RocketWerkz,rocketwerkz,30,4,4,0,37958124,2311122,9489531,4,75,100,0,25,50,50,0,0,0,0,New Zealand
26289,,Team Bondi,team-bondi,30,1,1,0,37646855,37646855,37646855,0,0,0,0,100,0,100,0,0,0,0,Australia
10299,,WB Games,wb-games,20,1,1,0,37341491,37341491,37341491,0,0,100,0,100,0,0,0,0,0,0,United States
19069,,AIHASTO,aihasto,30,6,6,0,37294431,30938,6215739,1,100,17,0,100,17,0,33,0,0,0,
17581,,All in! Games,all-in-games,30,3,3,0,37288003,278724,12429334,0,67,100,0,0,0,0,0,0,0,0,Poland
6862,,Creepy Jar,creepy-jar,30,1,1,1,37234659,37234659,37234659,2,100,100,0,100,100,0,0,0,0,0,
8680,,Daniel Mullins Games,daniel-mullins-games,30,4,4,1,37063298,1164613,9265825,3,100,20,0,60,0,20,0,0,0,0,Canada
4092,,Streum On Studio,streum-on-studio,30,4,4,0,36904632,6848083,9226158,1,25,100,0,75,0,0,25,0,0,0,France
3364,,Innersloth,innersloth,30,2,2,0,36749809,18374905,18374905,2,0,0,100,0,0,0,0,0,0,0,United States
28663,,Free Lives,free-lives,30,7,7,2,36578175,3381472,5225454,0,78,89,33,22,0,11,0,0,0,11,
30004,,The Creative Assembly,the-creative-assembly,20,3,3,1,36564760,36300904,12188253,0,0,0,0,0,0,75,0,0,0,0,United Kingdom
15693,,Joey Drew Studios,joey-drew-studios,30,3,3,2,36419620,8026569,12139873,5,80,100,20,100,0,40,20,0,0,0,United States
2128,,Egosoft,egosoft,30,10,10,0,36281863,480661,3628186,10,0,60,0,0,80,70,0,0,0,0,Germany
23684,,Ghost Town Games Ltd.,ghost-town-games-ltd,30,2,2,1,36218296,18109148,18109148,0,67,100,67,33,33,0,0,0,0,0,
17719,,Crema,crema,30,4,4,0,36157757,1831078,9039439,2,75,50,25,25,0,0,75,25,0,0,
26933,,Deck Nine,deck-nine,30,5,5,0,36093568,4670964,7218714,0,0,80,0,100,0,0,20,0,0,0,United States
29544,,Dambuster Studios,dambuster-studios,30,2,2,0,35944432,17972216,17972216,0,0,100,0,100,0,0,0,0,0,0,
9615,,ProjectMoon,projectmoon,30,3,3,0,35755020,17877510,11918340,3,67,33,0,0,33,67,67,0,0,0,South Korea
26455,,ArtPlay,artplay,30,1,1,0,34856755,34856755,34856755,0,0,100,0,100,0,0,100,0,0,0,Japan
4618,,Teyon,teyon,30,10,10,1,34824242,75094,3482424,1,27,73,27,36,18,0,9,0,27,27,Poland
3,,Konami Digital Entertainment,konami-digital-entertainment,20,12,12,0,34804030,0,2900336,12,0,17,8,8,8,17,0,0,0,75,Japan
28187,,Airship Syndicate,airship-syndicate,30,4,4,0,34780570,7734893,8695143,0,50,50,0,50,0,0,75,0,0,0,United States
17133,,Blackmill Games,blackmill-games,30,3,3,0,34770246,7176733,11590082,0,100,100,0,0,100,100,0,100,0,0,Netherlands
17751,,Antimatter Games,antimatter-games,30,1,1,1,34606364,34606364,34606364,0,0,100,0,50,50,50,0,50,0,0,United Kingdom
24262,,The Game Kitchen,the-game-kitchen,30,6,6,1,34250829,413614,5708472,1,71,43,14,86,14,29,14,0,0,0,Spain
16204,,Youthcat Studio,youthcat-studio,30,2,2,0,34166206,17083103,17083103,1,100,50,50,50,50,50,0,0,0,0,
22718,,"OMOCAT, LLC",omocat-llc,30,1,1,0,34054509,34054509,34054509,1,100,0,0,100,0,0,100,0,0,0,
20087,,Axolot Games,axolot-games,20,1,1,0,33902993,33902993,33902993,1,100,100,0,100,100,0,0,0,0,0,Sweden
17248,,DotEmu,dotemu,30,20,20,1,33845198,188408,1692260,8,14,76,10,24,0,19,14,0,0,10,France
28351,,DoubleDutch Games,doubledutch-games,30,1,1,0,33800729,33800729,33800729,0,100,100,100,0,0,0,0,0,100,100,Netherlands
5682,,Shining Rock Software LLC,shining-rock-software-llc,30,1,1,0,33710308,33710308,33710308,1,100,0,0,0,100,100,0,0,0,0,
1444,,Running With Scissors,running-with-scissors,30,4,4,1,33608047,7343079,8402012,4,80,100,0,60,0,0,0,0,0,0,United States
29560,,Big Huge Games,big-huge-games,30,3,3,0,33037725,11757907,11012575,0,0,67,0,0,33,33,67,0,0,0,United States
8413,,Clever Endeavour Games,clever-endeavour-games,30,1,1,1,32734920,32734920,32734920,2,100,100,100,0,0,0,0,0,50,0,Canada
45639,,Tiburon,tiburon,30,4,4,0,32595773,5211679,8148943,0,0,0,25,0,100,75,0,0,0,100,
30686,,Radical Entertainment,radical-entertainment,30,2,2,0,32556819,16278410,16278410,0,0,100,0,100,0,0,0,0,0,0,Canada
25008,,The Coalition,the-coalition,30,2,2,1,32458715,16229358,16229358,0,0,67,0,67,0,33,0,0,0,0,Canada
94971,,Duoyi Games,duoyi-games,30,1,1,0,32436690,32436690,32436690,1,100,100,0,100,0,0,100,0,0,0,
8188,,Lo-Fi Games,lo-fi-games,20,1,1,0,32266603,32266603,32266603,1,100,100,0,0,100,100,100,0,0,0,United Kingdom
12585,,Blackbird Interactive,blackbird-interactive,30,6,6,1,32259832,6570897,5376639,1,0,29,0,0,43,71,0,0,0,0,Canada
38717,,Dread Hunger Team,dread-hunger-team,30,1,1,0,32125182,0,32125182,0,100,100,0,100,0,0,0,0,0,0,
25708,,Two Point Studios,two-point-studios,30,3,3,0,32107868,4554029,10702623,0,100,0,67,0,100,67,0,0,0,0,United Kingdom
12367,,RedCandleGames,redcandlegames,30,3,3,0,32098896,11329219,10699632,3,100,33,0,100,0,0,0,0,0,0,
42997,,Telltale,telltale,30,16,16,0,32008610,216667,2000538,16,0,31,44,94,0,0,38,0,0,0,
24315,,High Voltage Software,high-voltage-software,30,5,5,0,31992934,4517318,6398587,0,0,80,0,20,0,0,0,0,0,0,United States
26162,,Tindalos Interactive,tindalos-interactive,30,6,6,0,31823794,4858413,5303966,0,17,33,17,0,17,100,0,0,0,0,France
32694,,5th Cell Media,5th-cell-media,30,2,2,0,31708830,15854415,15854415,0,0,50,100,100,0,100,0,0,0,0,
14855,,Frogwares,frogwares,30,19,19,1,31063754,176123,1634934,18,5,30,25,80,0,0,10,0,0,0,Ukraine
21871,,Render Cube,render-cube,30,1,1,0,31013753,31013753,31013753,0,100,100,0,100,100,0,100,0,0,0,
19760,,Nolla Games,nolla-games,30,1,1,0,30979501,30979501,30979501,1,100,100,0,100,100,0,100,0,0,0,Finland
40306,,Geometa,geometa,30,3,3,0,30726317,15300616,10242106,1,0,67,0,33,100,67,0,0,0,0,United Kingdom
10506,,Marvelous Inc.,marvelous-inc,30,19,19,3,30473413,557437,1603864,0,0,41,41,9,55,5,50,0,0,0,Japan
102529,,Siege Camp,siege-camp,30,2,2,1,30429361,15214681,15214681,3,67,67,0,0,0,67,33,67,0,0,Canada
31997,,CyberConnect2,cyberconnect2,30,5,5,2,30307550,996043,6061510,3,0,43,14,29,57,43,57,0,0,0,Japan
40237,,Philip,philip,30,2,2,0,30105408,15052704,15052704,1,50,50,0,100,0,0,50,0,0,0,
4533416,,Skog,skog,30,1,1,0,30105408,30105408,30105408,0,100,100,0,100,0,0,0,0,0,0,
4533417,,Zorro,zorro,30,1,1,0,30105408,30105408,30105408,0,100,100,0,100,0,0,0,0,0,0,
4533418,,Wilnyl,wilnyl,30,1,1,0,30105408,30105408,30105408,0,100,100,0,100,0,0,0,0,0,0,
4533420,,thePetHen,thepethen,30,1,1,0,30105408,30105408,30105408,0,100,100,0,100,0,0,0,0,0,0,
4421,,Robot Entertainment.,robot-entertainment,30,7,7,0,29960843,8354382,4280120,7,86,86,0,29,0,86,29,0,0,0,
15412,,Toylogic inc.,toylogic-inc,30,4,4,0,29877064,14938532,7469266,1,0,100,25,25,0,0,25,50,0,0,
26188,,IronOak Games,ironoak-games,30,2,2,0,29719392,14859696,14859696,0,100,0,0,100,0,100,100,0,0,0,Canada
9744,,Nightdive Studios,nightdive-studios,30,22,22,2,29714516,591794,1350660,17,4,92,4,46,0,0,8,0,0,0,United States
5091,,Pearl Abyss,pearl-abyss,30,5,5,1,29536130,29536130,5907226,4,0,67,0,50,33,50,83,83,0,0,South Korea
1514995,,Intercept Games,intercept-games,30,1,1,0,29448653,29448653,29448653,0,100,0,0,0,100,0,0,0,0,0,United States
24041,,Lionhead Studios,lionhead-studios,30,2,2,0,29446081,14723041,14723041,0,0,50,0,50,0,0,100,0,0,0,United Kingdom
5310,,Beat Games,beat-games,20,1,1,0,29424288,29424288,29424288,1,100,0,0,0,0,0,0,0,0,0,Czech Republic
12025,,Scott Cawthon,scott-cawthon,30,9,9,0,29165408,5057486,3240601,9,89,56,0,11,44,11,22,0,0,0,
26191,,Pine Studio,pine-studio,30,7,7,2,29154820,22997,4164974,4,56,11,78,89,33,0,0,0,11,0,Croatia
105521,,"Extremely OK Games, Ltd.",extremely-ok-games-ltd,30,2,2,1,28949042,14474521,14474521,1,100,100,0,67,0,0,33,0,0,0,
1746231,,Maddy Makes Games Inc.,maddy-makes-games-inc,30,2,2,0,28949042,14474521,14474521,2,100,100,0,50,0,0,0,0,0,0,
22374,,Digital Confectioners,digital-confectioners,30,2,2,0,28876637,28262904,14438319,2,100,100,0,0,0,0,0,0,0,0,New Zealand
5272099,,Another Axiom Inc.,another-axiom-inc,30,1,1,0,28558212,28558212,28558212,1,0,100,100,0,0,0,0,0,0,0,
50923,,Aurogon Shanghai,aurogon-shanghai,30,7,7,0,28534579,2881772,4076368,0,14,29,0,57,0,29,86,14,0,0,
15881,,Subset Games,subset-games,30,2,2,0,28496971,14248486,14248486,2,100,0,0,0,100,100,50,0,0,0,United States
23402,,"Thekla, Inc.",thekla-inc,30,2,2,0,28393151,14196576,14196576,2,100,50,0,100,0,0,0,0,0,0,
23794,,KAIKO,kaiko,30,4,4,0,28048791,3496704,7012198,0,0,75,0,50,0,0,75,0,0,0,Germany
24732,,上海烛龙信息科技有限公司,-,30,5,5,0,27973442,1478594,5594688,0,0,20,0,20,0,0,100,40,0,0,
21276,,Skybound Games,skybound-games,20,1,1,0,27927249,27927249,27927249,1,0,0,0,100,0,0,0,0,0,0,United States
38581,,Recreate Games,recreate-games,30,1,1,0,27907172,27907172,27907172,0,100,100,100,0,0,0,0,0,0,0,China
105799,,Florian Himsl,florian-himsl,30,2,2,2,27759897,13879949,13879949,0,50,50,0,75,0,0,25,0,0,0,
8637,,Galactic Cafe,galactic-cafe,30,2,2,0,27672150,27672150,13836075,2,100,0,0,100,0,0,0,0,0,0,United Kingdom
9921,,Neowiz,neowiz,30,6,6,0,27614102,13807051,4602350,3,0,100,50,33,0,0,33,33,17,17,South Korea
9254,,Amanita Design,amanita-design,30,9,9,1,27585838,1447131,3065093,10,100,0,80,100,0,0,0,0,0,0,Czech Republic
7429,,City Interactive ,city-interactive,30,5,5,0,27535101,841525,5507020,0,0,60,0,0,60,0,0,0,0,0,Poland
32152,,KT Racing,kt-racing,30,11,11,1,27525821,1431073,2502347,0,0,17,0,0,67,0,8,8,92,50,
891,,KADOKAWA,kadokawa,30,14,14,1,27523222,245662,1965944,0,13,7,0,0,13,7,40,0,0,0,
33388,,Gotcha Gotcha Games,gotcha-gotcha-games,30,30,30,0,27398665,9825,913289,23,30,37,17,17,0,0,40,0,0,0,
28799,,FuturLab,futurlab,30,4,4,2,27377097,13412518,6844274,1,67,50,33,33,50,17,0,0,0,0,United Kingdom
24861,,Yoji Ojima,yoji-ojima,30,6,6,0,27325488,512117,4554248,0,0,0,0,0,0,0,0,0,0,0,
28926,,SANDLOT,sandlot,30,3,3,0,26977186,8538947,8992395,0,0,100,0,0,0,0,0,0,0,0,
830294,,Warner Bros. Games Montréal,warner-bros-games-montr-al,30,1,1,0,26914155,26914155,26914155,0,0,100,0,100,0,0,100,0,0,0,
24276,,Shiny Shoe,shiny-shoe,30,5,5,1,26697484,4013917,5339497,1,17,0,0,50,0,50,17,0,0,0,United States
20979,,Pocketwatch Games,pocketwatch-games,30,5,5,0,26527151,49780,5305430,3,100,60,100,40,40,100,0,0,0,0,United States
9801,,The Farm 51,the-farm-51,30,7,7,0,26510132,1175750,3787162,2,43,100,0,43,14,0,29,0,0,0,Poland
2868,,Bossa Studios,bossa-studios,30,13,13,1,26491050,905048,2037773,7,64,71,21,43,57,0,7,7,0,7,United Kingdom
23808,,"Monolith Productions, Inc.",monolith-productions-inc,30,3,3,0,26452947,13226474,8817649,0,0,100,0,0,0,0,0,0,0,0,
264,,MAGES. Inc.,mages-inc,30,44,44,1,26306298,109404,597870,3,2,20,9,76,4,0,9,0,0,0,
25014,,Bugbear,bugbear,30,3,3,0,26258076,1421134,8752692,0,33,33,0,0,33,0,0,0,100,33,
28449,,Timegate,timegate,30,1,1,0,26242652,26242652,26242652,0,0,100,0,0,0,0,0,0,0,0,
6697,,Afterthought LLC,afterthought-llc,30,1,1,0,26218363,26218363,26218363,1,100,100,0,100,100,0,0,100,0,0,
107143,,Hidden Variable Studios,hidden-variable-studios,30,1,1,1,26116222,26116222,26116222,1,100,100,50,0,0,0,0,0,0,0,United States
35456,,adglobe,adglobe,30,3,3,0,26069516,6799220,8689839,0,33,67,0,0,33,0,67,0,0,0,Japan
8971,,mestiez,mestiez,30,1,1,0,25890124,25890124,25890124,0,100,100,100,0,100,0,0,0,0,0,
29226,,Landfall West,landfall-west,30,1,1,0,25772609,25772609,25772609,0,100,100,100,0,0,0,0,0,0,0,
35455,,Live Wire,live-wire,30,4,4,0,25767458,3435228,6441865,2,50,100,25,0,0,0,50,0,0,0,Japan
3488,,Grapeshot Games,grapeshot-games,20,1,1,0,25751600,25751600,25751600,1,0,100,0,100,0,0,100,100,0,0,
32493,,Nomada Studio,nomada-studio,30,2,2,0,25571716,12785858,12785858,0,100,0,0,100,0,0,0,0,0,0,Spain
26685,,Kaos Studios,kaos-studios,30,2,2,0,25557296,12778648,12778648,0,0,100,0,0,0,0,0,0,0,0,United States
24520,,Pandemic Studios,pandemic-studios,30,7,7,0,25397881,298835,3628269,0,0,100,0,29,0,43,0,0,0,0,United States
27026,,Day 1 Studios,day-1-studios,30,1,1,0,25283519,25283519,25283519,0,0,100,0,0,0,0,0,0,0,0,
45323,,WSS playground,wss-playground,30,11,11,4,25110437,296098,2282767,12,87,53,20,47,13,7,13,0,0,0,Japan
1635847,,Aether Studios,aether-studios,30,4,4,0,25028882,4563277,6257221,4,100,25,0,0,0,50,25,0,0,0,
15483,,Campo Santo,campo-santo,30,1,1,1,24888191,24888191,24888191,2,100,50,0,100,0,0,0,0,0,0,United States
2999499,,Nokta Games,nokta-games,30,2,2,0,24715773,24715773,12357887,2,100,0,100,0,100,0,0,0,0,0,Turkey
17853,,Cellar Door Games,cellar-door-games,30,3,3,0,24625600,7343455,8208533,3,100,100,0,100,0,0,100,0,0,0,Canada
15888,,PopCap,popcap,30,2,2,0,24586007,12293004,12293004,0,0,100,100,0,0,100,0,0,0,0,
23107,,"Squanch Games, Inc.",squanch-games-inc,30,2,2,0,24469546,12234773,12234773,2,50,100,0,100,0,0,0,0,0,0,
4385547,,LEVEL5 Inc.,level5-inc,30,3,3,2,24468461,3044063,8156154,3,0,40,0,40,0,0,100,0,0,20,
1473,,Mossmouth,mossmouth,30,3,3,0,24450743,8751619,8150248,3,100,67,0,33,0,33,33,0,0,0,United States
21429,,Gaming Corps AB,gaming-corps-ab,30,2,2,0,24419690,12209845,12209845,1,100,50,100,100,0,0,0,0,0,0,
14257,,Miju Games,miju-games,30,3,3,1,24166789,12083395,8055596,4,25,25,25,75,0,0,0,0,0,0,France
50579,,Reissad Studio,reissad-studio,30,1,1,1,24133763,24133763,24133763,2,50,100,0,50,50,50,0,100,0,0,France
4761,,Muse Games,muse-games,30,7,7,0,24072076,678609,3438868,5,100,71,14,43,57,29,0,0,0,0,United States
14194,,ROCKFISH Games,rockfish-games,30,2,2,0,23973102,11986551,11986551,2,50,100,0,50,50,0,50,0,0,0,Germany
25883,,Sloclap,sloclap,30,2,2,1,23820867,11910434,11910434,2,100,100,0,33,0,0,0,0,0,33,France
25574,,Devil's Details,devil-s-details,30,2,2,0,23801973,4423975,11900987,0,0,100,0,0,0,0,0,0,0,0,
22719,,Pieces Interactive,pieces-interactive,30,5,5,0,23487665,4009057,4697533,1,20,80,0,80,0,20,0,0,0,0,Sweden
20336,,Laminar Research,laminar-research,30,3,3,0,23434231,10658353,7811410,2,0,0,0,0,100,0,0,0,0,0,
14937,,FYQD-Studio,fyqd-studio,30,2,2,0,23422690,11711345,11711345,2,100,100,0,50,0,0,0,0,0,0,China
5225,,The Chinese Room,the-chinese-room,30,6,6,1,23208846,2938061,3868141,0,57,43,57,71,0,0,14,0,0,0,United Kingdom
32242,,Iron Lore Entertainment,iron-lore-entertainment,30,1,1,0,23193932,23193932,23193932,0,0,100,0,0,0,0,100,0,0,0,United States
6345,,Donkey Crew,donkey-crew,30,2,2,0,23170485,11585243,11585243,2,50,100,0,50,50,50,100,50,0,0,Poland
27818,,Gaming Minds Studios,gaming-minds-studios,30,8,8,0,23017608,1925275,2877201,0,0,13,0,0,75,100,0,0,0,0,Germany
25260,,Mohawk Games,mohawk-games,30,2,2,0,22905172,11452586,11452586,0,50,0,0,0,100,100,0,0,0,0,United States
38753,,TAMSOFT CORPORATION,tamsoft-corporation,30,3,3,0,22797148,7519868,7599049,0,0,100,33,0,0,0,33,0,0,33,
23991,,TT Games Ltd,tt-games-ltd,30,2,2,0,22793289,11396645,11396645,0,0,100,0,100,0,0,0,0,0,0,
32539,,Gas Powered Games,gas-powered-games,30,6,6,0,22738334,1165517,3789722,0,17,17,0,0,0,67,50,0,0,0,
54358,,Fancy Games,fancy-games,30,1,1,0,22643956,22643956,22643956,1,100,0,0,0,0,0,0,0,0,0,
9661,,Team Reptile,team-reptile,30,4,4,0,22581648,4893820,5645412,4,100,100,0,50,0,0,0,0,0,50,Netherlands
31061,,Crytek Studios,crytek-studios,30,2,2,0,22499345,11249673,11249673,0,0,100,0,0,0,0,0,0,0,0,
23439,,"CarX Technologies, LLC",carx-technologies-llc,30,2,2,1,22369829,11184915,11184915,3,0,0,0,0,100,0,0,100,100,100,
50653,,poncle,poncle,30,1,1,0,22360849,22360849,22360849,1,100,100,100,0,0,0,100,0,0,0,United Kingdom
26745,,Tamsoft,tamsoft,30,13,13,0,22278904,1128898,1713762,0,0,77,8,8,8,0,23,0,0,0,Japan
26465,,Bulwark Studios,bulwark-studios,30,3,3,1,22144031,9752722,7381344,0,50,25,0,0,25,100,50,0,0,0,France
13983,,ACE Team,ace-team,30,10,10,1,22128818,1370686,2212882,1,73,100,0,45,0,36,0,0,27,0,Chile
4019,,Team Meat,team-meat,30,2,2,0,22098178,11049089,11049089,1,100,50,0,50,0,0,0,0,0,0,United States
46494,,Black Salt Games,black-salt-games,30,1,1,0,22023540,22023540,22023540,0,0,0,0,100,0,0,100,0,0,0,New Zealand
6924,,Soleil Ltd.,soleil-ltd,30,6,6,0,21800778,1400081,3633463,1,0,100,0,33,0,0,17,17,0,0,
15194,,Gameloft,gameloft,20,15,15,1,21601728,583696,1440115,16,0,75,25,56,19,25,31,25,19,19,France
27863,,Beam Team Games,beam-team-games,30,1,1,0,21581848,21581848,21581848,0,100,0,0,100,0,0,0,0,0,0,Australia
27037,,"Yuke's Co., LTD",yuke-s-co-ltd,30,5,5,0,21148167,0,4229633,0,0,20,0,0,100,0,0,0,0,100,
34296,,Eremite Games,eremite-games,30,1,1,0,21092972,21092972,21092972,0,0,0,0,0,100,100,0,0,0,0,
26329,,SouthPAW Games,southpaw-games,30,1,1,0,20901040,20901040,20901040,0,100,100,0,0,0,0,0,0,0,0,
9982,,ConchShip Games,conchship-games,30,1,1,0,20673292,20673292,20673292,1,100,0,100,100,0,100,100,0,0,0,
3066,,Owlchemy Labs,owlchemy-labs,30,8,8,0,20644006,416219,2580501,6,75,50,50,50,50,13,0,0,13,13,United States
17111,,EarthWork Games,earthwork-games,30,1,1,0,20548946,20548946,20548946,1,100,100,0,0,0,100,0,0,0,0,Australia
3946,,Giant Army,giant-army,30,2,2,0,20528236,16113770,10264118,2,100,0,100,0,100,0,0,0,0,0,United States
31085,,Experiment 101,experiment-101,30,1,1,0,20424575,20424575,20424575,0,0,100,0,0,0,0,100,0,0,0,Sweden
30060,,D3T Limited,d3t-limited,30,1,1,0,20369446,0,20369446,0,0,100,100,100,0,0,100,0,0,0,United Kingdom
27724,,Dimps Corporation,dimps-corporation,30,5,5,0,20317435,2693857,4063487,0,0,80,40,20,0,20,20,0,0,0,
24728,,Landon Podbielski,landon-podbielski,30,1,1,0,20285004,20285004,20285004,0,100,100,0,0,0,0,0,0,0,0,
29923,,Askiisoft,askiisoft,30,1,1,0,20260795,20260795,20260795,0,100,100,0,0,0,0,0,0,0,0,
17105,,Numantian Games,numantian-games,30,2,2,0,20220234,10110117,10110117,2,0,0,0,0,0,50,50,0,0,0,Spain
40668,,Maxim Karpenko,maxim-karpenko,30,1,1,0,20195506,20195506,20195506,1,100,0,0,0,100,0,0,0,0,0,
22226,,KING Art,king-art,30,10,10,0,20134819,1167429,2013482,1,10,0,10,60,10,20,10,0,0,0,Germany
17190,,Positech Games,positech-games,30,10,10,0,20119818,437416,2011982,10,100,10,10,0,90,90,10,0,0,0,United Kingdom
31857,,Visceral Games,visceral-games,30,2,2,0,20062268,10031134,10031134,0,0,100,0,50,0,0,0,0,0,0,United States
6042,,WayForward ,wayforward,30,30,30,1,19962583,135286,665419,20,35,84,16,65,0,16,13,0,3,3,United States
27068,,Bay 12 Games,bay-12-games,30,1,1,0,19940236,19940236,19940236,0,100,0,0,0,100,100,0,0,0,0,
23375,,"Epic Games, Inc.",epic-games-inc,30,5,5,0,19932690,0,3986538,5,0,100,0,0,0,0,0,0,0,0,
13290,,Zachtronics,zachtronics,30,16,16,0,19886922,598363,1242933,16,100,6,25,0,63,13,0,0,0,0,United States
24669,,The Bearded Ladies,the-bearded-ladies,30,3,3,0,19794913,2234616,6598304,1,0,33,0,0,0,100,33,0,0,0,Sweden
18018,,Game-Labs,game-labs,30,7,7,0,19749449,2395404,2821350,7,86,29,0,0,100,71,29,14,0,0,United States
25089,,Vicarious Visions,vicarious-visions,30,2,2,0,19676946,9838473,9838473,0,0,50,0,0,0,0,0,0,0,50,United States
11781,,KillHouse Games,killhouse-games,30,3,3,0,19537858,5335146,6512619,3,100,100,33,0,100,100,0,0,0,0,Romania
24837,,Cyanide Studios ,cyanide-studios,30,7,7,0,19402960,1891531,2771851,1,0,14,0,0,14,57,29,0,0,57,
9508,,Stoic,stoic,30,5,5,0,19169819,2673623,3833964,0,80,20,0,20,0,80,100,0,0,0,United States
29126,,The Sims Studio,the-sims-studio,30,1,1,0,19150727,19150727,19150727,0,0,0,0,0,100,0,0,0,0,0,United States
32,,LucasArts,lucasarts,20,24,24,0,19121852,195993,796744,17,0,58,4,46,17,4,0,0,4,0,United States
29003,,Noio,noio,30,3,3,1,19025963,5735069,6341988,2,100,0,25,0,75,50,0,0,0,0,Netherlands
22396,,"Monochrome, Inc",monochrome-inc,30,3,3,0,18968834,274901,6322945,3,100,100,33,100,33,0,0,0,0,0,
6983,,Little Green Men Games,little-green-men-games,30,4,4,0,18932647,2419474,4733162,3,25,75,0,0,100,25,100,0,0,0,Croatia
26646,,Artdink,artdink,30,17,17,1,18911301,152508,1112429,2,0,6,0,0,67,6,39,0,0,0,Japan
7025,,Perfuse Entertainment,perfuse-entertainment,30,1,1,0,18828000,18828000,18828000,1,100,0,100,0,100,0,0,0,0,100,
28731,,Lazy Bear Games,lazy-bear-games,30,6,6,0,18781783,1223313,3130297,0,83,0,0,67,67,50,100,0,0,17,Lithuania
5720,,5 Lives Studios,5-lives-studios,30,3,3,0,18766928,580286,6255643,2,100,33,33,67,0,33,33,0,0,0,Australia
19075,,Mode 7,mode-7,30,3,3,0,18672454,590588,6224151,3,100,0,0,0,0,100,0,0,0,33,United Kingdom
1757,,Dry Cactus,dry-cactus,30,4,4,0,18640354,2383375,4660089,3,75,0,0,0,100,0,0,0,0,0,New Zealand
230,,Vertigo Games,vertigo-games,30,15,15,0,18635780,310963,1242385,10,60,53,7,80,13,13,0,0,0,0,Netherlands
30807,,FRENCH-BREAD,french-bread,30,5,5,0,18622177,2283153,3724435,0,0,100,0,0,0,0,0,0,0,0,
1053264,,Tour De Pizza,tour-de-pizza,30,1,1,0,18437857,18437857,18437857,1,100,100,0,0,0,0,0,0,0,0,
150176,,Cold Iron Studios,cold-iron-studios,30,1,1,0,18376971,18376971,18376971,1,0,100,0,0,0,0,100,0,0,0,
6330,,Those Awesome Guys,those-awesome-guys,30,1,1,0,18279790,18279790,18279790,1,100,100,0,0,0,0,0,0,0,0,
6096088,,Xelu,xelu,30,2,2,1,18279790,18279790,9139895,0,100,33,0,67,0,0,0,0,0,0,
31291,,MercurySteam,mercurysteam,30,5,5,0,18197865,3966097,3639573,0,20,100,20,100,0,20,0,20,0,0,Spain
48484,,Purple Lamp,purple-lamp,30,4,4,0,18111951,3298998,4527988,0,0,75,25,50,25,25,25,0,0,0,
13052,,Neople,neople,30,3,3,0,18024357,18024357,6008119,1,0,100,0,67,0,0,67,67,0,0,South Korea
45520,,Saber Interactive Inc,saber-interactive-inc,20,3,3,0,17948593,8905070,5982864,3,0,67,33,33,33,0,0,0,33,33,
7217,,WarpFrog,warpfrog,30,1,1,0,17944655,17944655,17944655,1,100,100,0,100,100,0,100,0,0,0,
21831,,Amistech Games,amistech-games,30,1,1,0,17913465,17913465,17913465,1,100,0,0,0,100,0,0,0,100,0,Finland
16484,,Ironhide Game Studio,ironhide-game-studio,30,8,8,0,17863670,2663287,2232959,8,63,25,13,0,0,100,13,0,0,0,Uruguay
5699,,SOFTSTAR TECHNOLOGY BEIJINGCOLTD,softstar-technology-beijingcoltd,30,8,8,0,17832330,33629,2229041,1,0,13,50,13,0,13,50,0,0,0,
42453,,Anegar Games,anegar-games,30,1,1,1,17780766,17780766,17780766,0,100,50,100,50,100,0,0,0,0,0,
12201,,Code}{atch,code-atch,30,4,4,0,17712982,1145657,4428246,4,75,100,0,100,100,25,75,0,0,0,
30021,,Xaviant,xaviant,30,4,4,0,17658391,3304476,4414598,0,100,100,0,25,0,0,50,0,0,0,United States
33002,,Mechanistry,mechanistry,30,1,1,0,17577654,17577654,17577654,1,100,0,0,0,100,100,0,0,0,0,
15199,,Housemarque,housemarque,30,3,3,1,17332050,6689644,5777350,3,50,100,0,25,0,0,0,25,0,0,Finland
6952,,Total Mayhem Games,total-mayhem-games,30,5,5,1,17313338,4925234,3462668,6,100,17,83,100,0,0,0,0,0,0,Netherlands
3285,,Iron Galaxy,iron-galaxy,30,1,1,0,17290588,17290588,17290588,0,0,100,0,0,0,0,0,0,0,0,
24373,,d3t,d3t,30,3,3,0,17237105,1462246,5745702,0,33,67,33,67,0,0,33,0,0,0,
8560751,,inZOI Studio,inzoi-studio,30,1,1,0,17112523,17112523,17112523,0,0,0,100,100,100,0,0,0,0,0,
6198,,Brace Yourself Games,brace-yourself-games,30,4,4,0,17025542,1633718,4256386,3,100,75,0,0,25,50,75,0,0,0,Canada
12065,,Genesz,genesz,30,3,3,0,16878456,2534,5626152,3,100,100,33,33,33,33,0,0,0,0,
31804,,VisualArts/Key,visualarts-key,30,16,16,2,16843432,270087,1052715,0,0,0,94,83,56,6,17,0,0,0,
29837,,weltenbauer. Software Entwicklung GmbH,weltenbauer-software-entwicklung-gmbh,30,3,3,1,16726846,8102246,5575615,0,0,25,50,0,100,0,0,0,0,0,
570,,Bad Pixel,bad-pixel,30,2,2,1,16707891,16707891,8353946,3,67,67,0,67,33,33,67,67,0,0,Russia
12575,,Bennett Foddy,bennett-foddy,30,2,2,1,16681427,8340714,8340714,1,67,100,33,33,0,0,0,0,0,0,United States
20129,,Crows Crows Crows,crows-crows-crows,30,4,4,0,16591463,8295732,4147866,4,100,25,50,75,25,0,0,0,0,0,Germany
31285,,Blind Squirrel Games,blind-squirrel-games,30,3,3,1,16590491,4310063,5530164,1,50,75,25,25,25,0,25,0,25,0,United States
9897,,Toxic Dog,toxic-dog,30,3,3,0,16554569,8277114,5518190,2,67,33,33,0,33,0,0,0,0,0,
1410906,,The Swordman Studio,the-swordman-studio,30,1,1,0,16548764,16548764,16548764,0,100,0,0,100,0,100,100,0,0,0,
14731,,Gamious,gamious,30,6,6,0,16522787,112910,2753798,6,83,17,17,17,33,17,0,0,33,0,Netherlands
31280,,HopFrog,hopfrog,30,1,1,0,16522310,16522310,16522310,0,100,100,0,100,100,0,0,0,0,0,Argentina
29203,,Jutsu Games,jutsu-games,30,6,6,1,16420323,4041144,2736721,0,100,57,14,14,71,71,29,0,29,0,Poland
17489,,TML-Studios,tml-studios,30,13,13,0,16331433,259703,1256264,1,31,8,54,15,85,0,0,0,8,0,Germany
19489,,ILLUSION,illusion,30,5,5,0,16316732,2697294,3263346,5,0,0,0,20,60,0,0,0,0,0,Japan
863,,Heart Machine,heart-machine,30,3,3,1,16302457,2109525,5434152,1,50,100,0,100,0,0,50,0,0,0,United States
27540,,Airtight Games,airtight-games,30,3,3,0,16292517,8022054,5430839,0,0,67,33,67,0,33,33,0,0,0,United States
99620,,Underdog Studio,underdog-studio,30,2,2,1,16291334,8145667,8145667,1,33,100,0,33,0,0,0,0,0,0,
28471,,Artefacts Studio,artefacts-studio,30,13,13,0,16271424,751581,1251648,0,15,15,23,23,8,46,15,0,46,8,France
11297,,Witch Beam,witch-beam,30,2,2,1,16144800,8072400,8072400,1,100,33,67,0,33,0,0,0,0,0,Australia
111787,,Deep Field Games,deep-field-games,30,2,2,0,16133345,16051903,8066673,1,50,100,0,50,50,50,50,0,0,0,New Zealand
18978,,Contingent99,contingent99,30,1,1,0,16042337,16042337,16042337,1,100,100,0,100,0,0,0,0,0,0,United States
10063,,Defiant Development,defiant-development,30,2,2,0,16007991,8003996,8003996,2,100,100,0,0,0,0,100,0,0,0,Australia
6899239,,Curve Animation,curve-animation,30,1,1,0,15902221,15902221,15902221,1,100,0,100,0,100,100,0,0,0,0,
23223,,"Eek! Games, LLC",eek-games-llc,30,1,1,1,15888165,15888165,15888165,2,50,0,50,100,100,50,100,0,0,0,
277,,neko.works,neko-works,30,11,11,3,15877334,1769416,1443394,5,93,29,79,43,36,21,21,0,14,14,
19416,,Exor Studios,exor-studios,30,4,4,0,15876417,2180780,3969104,4,100,100,0,50,50,75,50,0,25,0,Poland
39319,,Steel City Interactive,steel-city-interactive,30,1,1,0,15870364,15870364,15870364,0,0,100,0,0,100,0,0,0,0,100,
16778,,Bankroll Studios,bankroll-studios,30,1,1,0,15807977,15807977,15807977,1,0,100,0,100,100,0,0,0,0,0,
32182,,Fredaikis AB,fredaikis-ab,30,4,4,0,15755011,76890,3938753,0,75,100,0,25,0,0,50,100,0,0,
16771,,U-Play Online,u-play-online,30,7,7,1,15736695,775648,2248099,6,88,0,50,25,75,88,25,13,0,50,Spain
142,,DrinkBox Studios,drinkbox-studios,30,5,5,0,15696784,3030620,3139357,5,100,100,0,80,0,0,20,0,0,0,Canada
3474,,Bitbox Ltd.,bitbox-ltd,30,1,1,0,15617340,15617340,15617340,1,100,100,0,0,100,0,100,0,0,0,
15296,,Freebird Games,freebird-games,30,6,6,1,15605962,1399428,2600994,7,100,0,14,100,0,0,86,0,0,0,Canada
3492,,Data Realms,data-realms,30,3,3,0,15561378,246931,5187126,2,100,100,0,33,0,33,0,0,67,33,United States
16743,,UL,ul,30,6,6,0,15537516,221513,2589586,6,0,0,0,0,0,0,0,0,0,0,
20373,,Entrada Interactive LLC,entrada-interactive-llc,30,1,1,0,15466884,15466884,15466884,1,100,100,0,100,100,100,100,100,0,0,United States
1515146,,Virtuos Games,virtuos-games,30,2,2,0,15439241,7719621,7719621,0,0,50,0,50,0,50,50,0,0,0,
32453,,Koei Tecmo,koei-tecmo,10,1,1,0,15408775,15408775,15408775,0,0,100,0,0,0,0,0,0,0,0,Japan
26095,,Ink Stains Games,ink-stains-games,30,3,3,0,15371651,7685826,5123884,0,100,33,0,67,0,33,67,0,0,0,Russia
14115,,Frontwing,frontwing,30,32,32,2,15346214,65947,479569,0,0,6,97,97,3,0,3,0,0,0,
4118,,38 Studios,38-studios,30,2,2,0,15277805,5755894,7638903,1,0,100,0,0,0,0,100,0,0,0,United States
47366,,KEIZO,keizo,30,1,1,0,15225665,15225665,15225665,0,0,100,0,100,0,0,100,0,0,0,
48203,,TYPE-MOON,type-moon,30,3,3,0,15201934,4406582,5067311,0,0,33,0,67,0,0,0,0,0,0,Japan
5833,,Black Forest Games,black-forest-games,30,8,8,0,15186396,1040730,1898300,3,50,88,0,38,0,0,13,0,13,0,Germany
6801,,Gears for Breakfast,gears-for-breakfast,20,1,1,0,15175491,15175491,15175491,1,100,0,0,100,0,0,0,0,0,0,Denmark
29679,,PuffballsUnited,puffballsunited,30,1,1,0,15091019,15091019,15091019,0,100,0,100,100,0,0,0,0,0,0,
39242,,xemono,xemono,30,1,1,1,14958353,14958353,14958353,0,50,0,0,100,0,0,0,0,0,0,
9163,,RobTop Games,robtop-games,30,1,1,0,14897763,14897763,14897763,1,100,100,0,0,0,0,0,0,0,0,
13859,,Greenheart Games,greenheart-games,30,1,1,1,14891780,14891780,14891780,2,100,0,50,0,100,100,0,0,0,0,Australia
46988,,BadMudStudio,badmudstudio,30,1,1,0,14790679,14790679,14790679,0,100,100,0,100,0,0,100,0,0,0,
8475,,Rebuilt Games,rebuilt-games,30,1,1,0,14618186,14618186,14618186,1,100,100,100,0,0,0,0,0,0,0,
26615,,Claudiu Kiss,claudiu-kiss,30,2,2,0,14574670,7287335,7287335,0,100,0,50,0,100,0,0,0,0,0,
21095,,Almost Human Games,almost-human-games,30,2,2,0,14557024,7278512,7278512,2,100,0,0,100,0,0,100,0,0,0,
8000,,The Irregular Corporation,the-irregular-corporation,30,1,1,0,14535846,14535846,14535846,1,100,0,0,0,100,0,0,0,0,0,United Kingdom
28580,,Reality Pump Studios,reality-pump-studios,30,9,9,0,14530017,302760,1614446,0,33,22,0,11,0,44,56,0,0,0,Poland
15733,,800 North and Digital Ranch,800-north-and-digital-ranch,30,1,1,0,14453557,14453557,14453557,1,100,100,0,0,0,0,0,0,0,0,
1524,,League of Geeks,league-of-geeks,30,3,3,0,14446229,1240070,4815410,3,100,0,0,33,0,100,33,0,0,0,Australia
30263,,Small Impact Games,small-impact-games,30,2,2,0,14437688,14142025,7218844,0,0,100,0,50,0,0,50,0,0,0,United Kingdom
3470,,Steel Crate Games,steel-crate-games,30,1,1,0,14406685,14406685,14406685,1,100,0,0,0,0,0,0,0,0,0,Canada
21494,,Easy Day Studios Pty Ltd,easy-day-studios-pty-ltd,30,1,1,0,14360784,14360784,14360784,1,100,100,0,100,100,0,0,0,0,100,
32430,,Barbed Wire Studios,barbed-wire-studios,30,1,1,0,14352212,14352212,14352212,0,0,100,0,0,100,100,0,0,0,0,
51661,,Obb Studio Inc.,obb-studio-inc,30,1,1,0,14348129,14348129,14348129,1,100,0,0,100,0,100,100,0,0,0,
6847,,Blacklight Interactive,blacklight-interactive,30,1,1,0,14319897,14319897,14319897,0,100,0,100,0,0,0,0,0,0,100,Australia
25137,,Four Quarters,four-quarters,30,3,3,0,14276297,1517869,4758766,0,100,0,67,33,0,33,33,0,0,0,Russia
30084,,Acid Nerve,acid-nerve,30,2,2,0,14252136,7126068,7126068,0,100,100,0,100,0,0,50,0,0,0,United Kingdom
30017,,Alexander Bruce,alexander-bruce,30,1,1,0,14246811,14246811,14246811,0,100,0,0,100,0,0,0,0,0,0,
32721,,"Nippon Ichi Software, Inc.",nippon-ichi-software-inc,30,32,32,1,14244427,99739,445138,7,0,9,18,39,3,42,61,0,0,0,Japan
1640768,,Turn 10,turn-10,30,1,1,0,14183184,14183184,14183184,0,0,0,0,0,0,0,0,0,100,0,
5839,,MAGIX Software GmbH,magix-software-gmbh,30,16,16,0,14146856,80933,884179,16,0,0,0,0,0,0,0,0,0,0,Germany
3416,,Crackshell,crackshell,30,6,6,0,14145879,1409061,2357647,3,100,100,0,50,0,0,83,0,0,0,Sweden
19853,,Tactical Adventures,tactical-adventures,30,1,1,1,14054503,14054503,14054503,2,50,0,0,100,0,100,100,0,0,0,France
14674,,Nine Dots Studio,nine-dots-studio,30,2,2,2,14053371,7026686,7026686,0,25,50,0,25,25,50,75,0,0,0,Canada
26522,,Fenix Fire Entertainment,fenix-fire-entertainment,30,1,1,0,14052476,14052476,14052476,0,100,100,0,100,0,0,100,0,0,0,
21184,,Zero Point Software,zero-point-software,30,1,1,0,14020910,14020910,14020910,1,100,100,0,0,100,0,100,0,0,0,Denmark
24738,,stillalive studios,stillalive-studios,30,9,9,1,13959502,411656,1551056,1,50,10,40,20,80,30,0,0,0,0,Austria
12268,,HuniePot,huniepot,30,3,3,0,13934599,3586274,4644866,3,100,0,0,0,100,67,67,0,0,0,
5898538,,OPNeon Games,opneon-games,30,2,2,0,13932901,13932901,6966451,2,0,0,0,0,100,0,0,0,0,0,Malaysia
12984,,David Szymanski,david-szymanski,30,17,17,1,13926833,122039,819225,10,72,56,11,61,6,6,0,0,0,6,United States
31188,,PH3 GmbH,ph3-gmbh,30,10,10,1,13903605,1019033,1390361,0,0,55,0,36,0,0,100,0,0,0,
16284,,Microsoft Game Studios,microsoft-game-studios,30,2,2,0,13897382,13897382,6948691,0,0,50,0,0,100,50,0,0,0,0,United States
2944,,SteelRaven7,steelraven7,30,1,1,0,13870021,13870021,13870021,1,100,100,0,0,0,0,0,0,0,0,
15537,,Milkstone Studios,milkstone-studios,30,9,9,0,13837504,670624,1537500,9,100,56,56,33,22,11,22,0,11,0,Spain
9952,,Snail Games USA,snail-games-usa,30,4,4,1,13789615,5721705,3447404,5,0,60,20,60,60,40,60,100,0,0,
29004,,Stairway Games,stairway-games,30,2,2,0,13785588,13785588,6892794,0,50,50,50,50,50,50,100,50,0,0,
15420,,Tribute Games Inc.,tribute-games-inc,30,7,7,1,13749840,333378,1964263,6,88,100,25,63,0,0,13,0,0,0,
24555,,FELISTELLA,felistella,30,4,4,0,13673720,2938994,3418430,0,0,50,0,25,0,50,100,0,0,0,
20573,,WeirdBeard,weirdbeard,30,1,1,0,13652106,13652106,13652106,1,100,0,100,0,0,0,0,0,0,0,Netherlands
23947,,Digital Sun,digital-sun,30,3,3,1,13618046,2014042,4539349,0,50,75,0,50,25,25,50,0,0,0,
20700,,Studio FOW Interactive,studio-fow-interactive,30,1,1,0,13532456,13532456,13532456,0,0,100,100,100,0,100,100,0,0,0,United States
20398,,Spearhead Games,spearhead-games,30,5,5,0,13477856,536330,2695571,5,100,80,20,80,0,40,60,0,0,20,Canada
2020,,Killmonday Games AB,killmonday-games-ab,30,2,2,0,13452680,6726340,6726340,2,100,0,50,100,0,0,0,0,0,0,
38629,,Lemon Sky Studios,lemon-sky-studios,30,1,1,0,13448550,13448550,13448550,0,0,0,0,0,0,100,0,0,0,0,
14483,,Boss Key Productions,boss-key-productions,30,2,2,0,13420882,0,6710441,1,50,100,0,50,0,0,0,50,0,0,United States
21300,,艺龙游戏,-,30,1,1,0,13420115,13420115,13420115,1,100,100,0,100,0,0,100,0,0,0,
26033,,Passtech Games,passtech-games,30,5,5,0,13401460,1872238,2680292,0,40,60,0,60,0,60,20,0,0,0,France
27085,,Oxide Games,oxide-games,30,3,3,0,13390408,5283653,4463469,0,33,0,0,0,67,100,0,0,0,0,United States
19063,,The Astronauts,the-astronauts,30,3,3,0,13384204,6692102,4461401,2,67,33,0,67,0,0,0,0,0,0,Poland
12814,,Yacht Club Games,yacht-club-games,30,7,7,2,13362543,221369,1908935,9,78,100,0,100,0,11,0,0,0,0,United States
1578,,Ice-Pick Lodge,ice-pick-lodge,30,7,7,1,13352895,605194,1907556,4,63,38,25,100,38,0,50,0,0,0,Russia
38412,,Neon Giant,neon-giant,30,1,1,0,13324026,13324026,13324026,0,100,100,0,100,0,0,100,0,0,0,Sweden
10279,,Eleon Game Studios,eleon-game-studios,30,1,1,0,13296953,13296953,13296953,1,100,0,0,100,100,100,0,0,0,0,
137160,,Lasengle Inc.,lasengle-inc,30,2,2,0,13289983,6644992,6644992,1,0,50,0,50,0,0,0,0,0,0,
5162,,Madruga Works,madruga-works,30,3,3,1,13215932,5627454,4405311,4,100,25,0,25,50,75,0,0,0,0,
26194,,Reactor Zero,reactor-zero,30,2,2,0,13184621,0,6592311,0,50,100,50,0,0,0,0,0,0,0,
16320,,3Division,3division,30,5,5,0,13137972,635655,2627594,1,40,60,40,0,80,20,0,0,0,20,Slovakia
2608967,,零创游戏(ZerocreationGame),zerocreationgame,30,4,4,2,13130088,1026483,3282522,4,100,0,17,83,0,17,100,0,0,0,
25541,,Videocult,videocult,30,1,1,1,13002262,13002262,13002262,0,100,100,0,50,0,0,0,0,50,0,United States
1657957,,Byterunners,byterunners,30,2,2,0,12998750,6499375,6499375,0,100,100,0,100,100,50,0,0,0,0,
6746,,CreativeForge Games,creativeforge-games,30,5,5,3,12986589,3650938,2597318,4,25,63,0,50,13,63,50,0,0,0,Poland
23036,,"Boundless Dynamics, LLC",boundless-dynamics-llc,30,2,2,0,12919459,6459730,6459730,2,100,50,0,0,100,0,0,0,50,0,
41713,,Highwire Games,highwire-games,30,1,1,0,12913351,12913351,12913351,0,0,100,0,0,0,0,0,0,0,0,United States
13438,,Doborog Games,doborog-games,30,3,3,0,12902422,6451211,4300807,3,100,100,0,0,0,0,0,0,0,0,
14970,,Logic Artists,logic-artists,30,4,4,0,12870240,3278749,3217560,1,75,25,0,0,0,75,75,0,0,0,Denmark
6395,,Evil Tortilla Games,evil-tortilla-games,30,2,2,0,12863301,6431651,6431651,2,100,100,100,0,50,0,0,0,0,0,
8140,,甲山林娛樂股份有限公司,-,30,4,4,0,12860212,2913082,3215053,4,0,25,0,0,0,0,100,0,0,0,
1396093,,91Act,91act,30,1,1,0,12853211,12853211,12853211,1,100,100,0,100,0,0,0,0,0,0,China
30116,,Aesir Interactive,aesir-interactive,30,8,8,1,12801285,137413,1600161,0,11,22,33,67,89,0,0,0,44,0,Germany
8436,,Lince Works,lince-works,30,2,2,0,12706566,6353283,6353283,2,100,100,0,50,0,0,0,0,0,0,Spain
22109,,Piranha Games Inc.,piranha-games-inc,30,3,3,0,12640550,6320275,4213517,3,0,100,0,0,100,33,0,33,0,0,
25950,,"h.a.n.d., Inc.",h-a-n-d-inc,30,3,3,0,12584702,321750,4194901,0,0,33,67,33,33,0,33,0,0,0,Japan
6414,,Systemic Reaction,systemic-reaction,30,3,3,0,12511880,4770886,4170627,2,0,100,0,33,0,0,0,0,0,0,Sweden
45267,,Complex Games,complex-games,30,1,1,0,12509233,12509233,12509233,0,0,0,0,0,0,100,100,0,0,0,Canada
6454,,Failbetter Games,failbetter-games,30,3,3,0,12428555,1275001,4142852,3,67,0,0,67,0,0,100,0,0,0,United Kingdom
26096,,Compulsion Games,compulsion-games,30,4,4,0,12327344,1484574,3081836,0,75,75,0,100,0,0,0,0,0,0,Canada
23091,,Six Foot,six-foot,30,2,2,0,12309216,12309216,6154608,2,0,50,0,0,0,50,0,50,0,0,
389,,Studio 397,studio-397,30,2,2,0,12306929,6153465,6153465,2,0,0,0,0,50,0,0,0,100,50,
27531,,Playsport Games,playsport-games,30,1,1,0,12241852,12241852,12241852,0,0,0,0,0,100,100,0,0,100,100,
11816,,Ebb Software,ebb-software,30,1,1,0,12128917,12128917,12128917,0,100,100,0,100,0,0,0,0,0,0,Serbia
30030,,Drago Entertainment,drago-entertainment,30,7,7,7,12083873,516240,1726268,1,71,43,43,43,86,0,14,7,0,0,Poland
24960,,Rogue Factor,rogue-factor,30,2,2,1,12057428,6028714,6028714,0,0,67,0,33,0,67,33,0,0,0,Canada
1396906,,Ironwood Studios,ironwood-studios,30,1,1,0,12056722,12056722,12056722,0,100,100,0,100,100,0,0,0,100,0,United States
25741,,Giant Sparrow,giant-sparrow,30,2,2,0,12039547,6019774,6019774,0,100,0,0,100,0,0,0,0,0,0,United States
41276,,（Hong Kong）GKD Game Studio,hong-kong-gkd-game-studio,30,2,2,0,12025007,12025007,6012504,1,100,100,50,100,0,100,100,100,50,0,
17856,,Image &amp; Form Games,image-amp-form-games,30,5,5,0,11991179,2253087,2398236,0,40,60,0,80,0,20,40,0,0,0,
54102,,Shiying Studio,shiying-studio,30,2,2,0,11959820,5979910,5979910,0,100,0,0,50,0,0,50,0,0,0,
24255,,Aggro Crab,aggro-crab,30,2,2,0,11898651,5949326,5949326,1,100,100,0,50,0,0,0,0,0,0,
32785,,Related Designs,related-designs,30,2,2,0,11844392,11844392,5922196,0,0,0,0,0,50,100,0,0,0,0,Germany
51053,,Player First Games,player-first-games,30,1,1,0,11834800,0,11834800,0,0,100,0,0,0,0,0,0,0,0,United States
39856,,niceplay games,niceplay-games,30,1,1,0,11832277,11832277,11832277,0,100,0,0,0,100,0,0,0,0,0,
21738,,Snowbird Games,snowbird-games,30,6,6,0,11810320,262850,1968387,6,83,50,0,50,0,100,83,0,0,0,
28510,,Hunter Studio,hunter-studio,30,2,2,1,11797038,5898519,5898519,1,100,100,33,67,0,0,67,0,0,0,China
14341,,Big Ant Studios,big-ant-studios,30,22,22,0,11774866,284708,535221,9,18,5,9,5,32,0,0,0,5,91,Australia
24296,,Abstraction,abstraction,30,1,1,0,11760547,11760547,11760547,0,0,0,0,0,100,100,0,0,0,0,
30552,,SHIFT,shift,30,2,2,0,11752021,11752021,5876011,0,0,50,0,0,0,0,50,0,0,0,Japan
30146,,777 Studios,777-studios,30,1,1,0,11714610,0,11714610,0,0,0,0,0,100,0,0,0,0,0,
32937,,Dojin Otome,dojin-otome,30,3,3,0,11679000,3795912,3893000,0,33,0,33,100,33,0,100,0,0,0,
504104,,Ember Lab,ember-lab,30,1,1,0,11677859,11677859,11677859,1,100,100,0,100,0,0,0,0,0,0,United States
31432,,Jagex Limited,jagex-limited,30,1,1,0,11675481,0,11675481,1,100,100,0,0,0,0,0,0,0,0,
25171,,Old B1ood,old-b1ood,30,1,1,0,11667358,11667358,11667358,0,100,100,0,0,100,0,0,0,0,0,Slovakia
19144,,Pillow Castle,pillow-castle,30,1,1,0,11653869,11653869,11653869,1,0,100,0,100,0,0,0,0,0,0,
230468,,DON'T NOD,don-t-nod,30,5,5,0,11632712,1932342,2326542,4,60,40,20,100,0,0,20,0,0,0,France
14051,,Blue Isle Studios,blue-isle-studios,30,5,5,2,11624983,3724334,2324997,0,100,100,14,71,0,14,14,14,0,14,Canada
22933,,"Lion Shield, LLC",lion-shield-llc,30,1,1,0,11600202,11600202,11600202,1,100,0,0,0,100,100,0,0,0,0,
15550,,Cheesecake Dev,cheesecake-dev,30,8,8,0,11516804,587881,1439601,8,100,63,38,75,88,38,13,0,0,0,
19878,,Robot Gentleman,robot-gentleman,30,3,3,0,11455029,2657009,3818343,3,100,0,100,100,100,100,33,0,0,0,
15843,,Abbey Games,abbey-games,30,4,4,0,11406613,1791650,2851653,3,75,0,0,25,75,100,50,0,0,0,Netherlands
3878916,,Sense Games,sense-games,30,1,1,1,11399637,11399637,11399637,1,100,50,50,50,50,0,100,0,0,0,China
38000,,rose-engine,rose-engine,30,1,1,0,11387168,11387168,11387168,0,100,100,0,100,0,0,0,0,0,0,Germany
30507,,GSQ Games,gsq-games,30,1,1,0,11379939,11379939,11379939,0,100,0,0,0,100,100,100,0,0,0,
4246,,NEXT Studios,next-studios,30,7,7,3,11372447,1800723,1624635,8,80,50,50,70,30,50,30,0,10,20,
10763,,Fntastic,fntastic,30,5,5,1,11365478,22628,2273096,3,50,83,67,67,0,0,33,50,17,0,
13867,,Out of the Park Developments,out-of-the-park-developments,30,23,23,0,11311924,176489,491823,23,78,0,0,0,100,87,0,0,0,100,Germany
16901,,The Molasses Flood,the-molasses-flood,30,2,2,0,11308498,5654249,5654249,1,100,100,0,100,0,0,0,0,0,0,United States
26711,,Double Helix Games,double-helix-games,30,3,3,0,11284308,4733854,3761436,0,0,67,0,67,0,0,0,0,0,0,United States
1363,,Ironward,ironward,30,3,3,2,11282726,1811964,3760909,1,0,40,0,0,20,80,20,20,0,0,Croatia
17377,,Number None,number-none,30,1,1,0,11264173,11264173,11264173,1,100,0,100,0,0,100,0,0,0,0,
144940,,BULKHEAD,bulkhead,30,4,4,0,11254039,175197,2813510,3,25,50,0,50,0,0,0,0,25,0,United Kingdom
45542,,Lavapotion,lavapotion,30,1,1,0,11253103,11253103,11253103,0,0,0,0,100,0,100,100,0,0,0,Sweden
38269,,Angela Game,angela-game,30,2,2,0,11234809,10993307,5617405,0,100,100,0,50,0,50,50,50,0,0,Hong Kong
38912,,NeoBards Entertainment Ltd.,neobards-entertainment-ltd,30,1,1,1,11217719,11217719,11217719,0,0,100,0,50,0,0,0,0,0,0,
38722,,Pixel Sprout Studios,pixel-sprout-studios,30,2,2,0,11190900,5595450,5595450,2,100,50,100,100,50,50,100,0,0,0,
3919474,,Fun Dog Studios,fun-dog-studios,30,1,1,0,11140938,11140938,11140938,1,0,100,0,0,0,0,0,0,0,0,
21489,,South East Games,south-east-games,30,2,2,0,11122760,5561380,5561380,2,100,100,50,0,0,0,0,0,0,50,Australia
4311014,,Billy Basso,billy-basso,30,1,1,0,11109081,11109081,11109081,0,100,100,0,100,0,0,0,0,0,0,
27418,,Phobia Game Studio,phobia-game-studio,30,2,2,0,11105359,5552680,5552680,0,100,100,0,100,0,0,0,0,0,0,Poland
22272,,Picroma,picroma,30,1,1,0,11096216,11096216,11096216,1,100,0,0,100,0,0,100,0,0,0,
22636,,"INTI CREATES CO., LTD.",inti-creates-co-ltd,30,25,25,0,11011397,255481,440456,22,20,96,8,40,4,0,8,0,0,0,
15238,,Reiza Studios,reiza-studios,30,5,5,0,11001617,1145181,2200323,5,20,20,0,0,100,0,0,0,100,100,
13662,,Dead Mage,dead-mage,30,5,5,1,10997230,251495,2199446,2,100,83,0,33,0,0,50,0,0,0,United States
17477,,Destructive Creations,destructive-creations,30,6,6,1,10969156,1945811,1828193,4,43,43,0,14,0,71,0,0,0,0,Poland
32423,,Giant Squid,giant-squid,30,2,2,1,10961816,5480908,5480908,1,100,33,33,100,33,0,0,0,0,0,United States
16055,,Winged Cloud,winged-cloud,30,51,51,0,10957617,23667,214855,51,25,0,27,12,75,0,4,0,0,2,
42442,,WONDER POTION,wonder-potion,30,1,1,0,10956496,10956496,10956496,0,100,100,0,100,0,0,0,0,0,0,South Korea
29236,,Engine Software BV,engine-software-bv,30,9,9,0,10897972,679989,1210886,0,0,22,0,33,0,0,89,0,0,0,
21955,,Ska Studios,ska-studios,30,5,5,0,10881049,494480,2176210,5,80,100,20,20,0,0,60,0,0,0,United States
30078,,TT Fusion,tt-fusion,30,1,1,0,10810161,10810161,10810161,0,0,100,0,100,0,0,0,0,0,0,United Kingdom
30825,,General Arcade,general-arcade,30,13,13,1,10806817,262787,831294,0,21,71,7,43,7,14,21,0,0,7,
16267,,Brightrock Games,brightrock-games,30,2,2,0,10805090,5402545,5402545,1,50,0,0,0,100,100,0,0,0,0,United Kingdom
4030,,7th Beat Games,7th-beat-games,30,2,2,0,10760056,5380028,5380028,2,100,0,0,0,0,0,0,0,0,0,
30803,,Bloober Team,bloober-team,30,3,3,0,10740340,1510924,3580113,0,33,0,0,100,0,0,0,0,0,0,Poland
10258,,Lunarch Studios,lunarch-studios,30,3,3,0,10733274,850192,3577758,2,100,0,33,33,33,67,0,0,0,0,
21420,,Vankrupt Games,vankrupt-games,30,1,1,0,10681199,10681199,10681199,1,100,100,0,0,0,0,0,0,0,0,
27667,,Lizardcube,lizardcube,30,2,2,1,10671981,5335991,5335991,0,67,100,0,33,0,0,0,0,0,0,France
28873,,Other Ocean Interactive,other-ocean-interactive,30,6,6,1,10651370,2247823,1775228,0,43,57,71,29,29,14,14,0,0,0,Canada
29489,,MR-Software GbR,mr-software-gbr,30,1,1,0,10647112,10647112,10647112,0,0,0,100,0,100,0,0,0,0,0,
2575,,Dinosaur Polo Club,dinosaur-polo-club,30,2,2,0,10623657,5311829,5311829,2,100,0,50,0,100,100,0,0,0,0,New Zealand
5362,,Humble Hearts LLC,humble-hearts-llc,30,2,2,0,10619852,5309926,5309926,1,100,100,0,50,0,0,50,0,0,0,
21150,,HB Studios,hb-studios,30,8,8,0,10607453,2864073,1325932,2,13,0,0,0,75,0,25,0,0,100,Canada
30451,,James Bendon,james-bendon,30,1,1,0,10569127,10569127,10569127,0,100,0,0,0,100,0,100,0,0,0,
184296,,Inflexion Games,inflexion-games,30,1,1,0,10557337,10557337,10557337,1,0,100,0,100,0,0,100,0,0,0,Canada
39004,,Black Tabby Games,black-tabby-games,30,3,3,0,10553367,5276684,3517789,3,100,0,67,100,33,0,100,0,0,0,
5307,,Dylan Fitterer,dylan-fitterer,30,3,3,0,10541291,3790687,3513764,2,100,0,0,0,0,0,0,0,0,0,
7620,,Oovee® Games,oovee-games,30,1,1,0,10507302,0,10507302,1,100,0,100,100,100,0,0,0,100,0,
20522,,Spiderling Studios,spiderling-studios,30,1,1,0,10490669,10490669,10490669,1,100,0,0,0,100,0,0,0,0,0,
32414,,thatgamecompany,thatgamecompany,30,3,3,0,10450467,5225234,3483489,1,67,0,67,100,0,0,33,33,0,0,United States
3637216,,Alawar Stargaze (Warm Lamp Games),alawar-stargaze-warm-lamp-games,30,2,2,0,10411498,5205749,5205749,0,100,0,0,100,50,100,0,0,0,0,
2144,,Frozen District,frozen-district,30,2,2,1,10410985,5205493,5205493,2,100,67,67,33,33,0,33,0,0,0,Poland
576,,Beautiful Glitch,beautiful-glitch,30,4,4,1,10409210,1125493,2602303,4,80,20,40,0,80,40,0,0,0,0,
27398,,Flaming Fowl Studios,flaming-fowl-studios,30,2,2,2,10407766,10407766,5203883,2,0,0,0,25,0,100,50,0,0,0,United Kingdom
24437,,Deep Water Studio,deep-water-studio,30,1,1,0,10396859,10396859,10396859,0,100,100,0,0,100,100,100,0,0,0,
27513,,Grimlore Games,grimlore-games,30,5,5,1,10395620,1261550,2079124,0,0,17,0,0,0,83,100,0,0,0,Germany
27365,,Sukeban Games,sukeban-games,30,1,1,2,10374013,10374013,10374013,1,100,33,0,33,33,0,33,0,0,0,
18539,,Artifex Mundi,artifex-mundi,30,20,20,0,10335771,552078,516789,18,20,5,90,80,0,0,0,0,0,5,Poland
21571,,RyseUp Studios,ryseup-studios,30,3,3,2,10331208,2616,3443736,2,80,100,0,0,0,0,0,0,0,20,
11732,,Star Vault AB,star-vault-ab,30,4,4,0,10298683,5149342,2574671,4,50,75,25,25,25,0,50,50,0,0,Sweden
591312,,Fluppisoft,fluppisoft,30,1,1,0,10265575,10265575,10265575,1,0,0,0,0,100,0,0,0,0,0,
65244,,Blobfish,blobfish,30,4,4,0,10222485,118197,2555621,4,100,100,25,0,0,0,25,0,0,0,
23602,,Weappy Studio,weappy-studio,30,3,3,1,10209968,2404856,3403323,0,75,25,0,75,0,75,0,0,0,0,Cyprus
121363,,TUNIC Team,tunic-team,30,1,1,0,10201858,10201858,10201858,0,0,100,0,100,0,0,100,0,0,0,
13899,,Sector D2,sector-d2,30,1,1,0,10182531,10182531,10182531,1,100,100,0,0,100,0,0,0,0,0,
2004,,Team Fractal Alligator,team-fractal-alligator,30,2,2,0,10172473,5086237,5086237,1,100,50,0,0,50,0,0,0,0,50,Australia
14623,,Young Horses,young-horses,30,6,6,0,10170617,5085309,1695103,6,83,67,50,83,33,0,0,0,0,0,United States
508071,,Campfire Studio,campfire-studio,30,5,5,1,10152379,12053,2030476,5,100,17,67,33,83,17,33,17,0,0,Ukraine
8939,,Osumia Games,osumia-games,30,1,1,0,10144062,10144062,10144062,1,100,100,0,0,0,0,0,0,0,0,
10287,,Gaijin Games,gaijin-games,30,7,7,0,10136136,1017327,1448019,7,100,100,43,0,0,0,0,0,0,0,United States
2107,,Fireproof Games,fireproof-games,30,6,6,1,10094923,1799072,1682487,7,57,14,0,86,0,0,0,0,0,0,United Kingdom
25210,,Polytron Corporation,polytron-corporation,30,1,1,0,10091474,10091474,10091474,0,100,0,0,0,0,0,0,0,0,0,Canada
31197,,Jaywalkers Interactive,jaywalkers-interactive,30,1,1,0,10090121,10090121,10090121,0,100,100,0,100,0,0,0,0,0,0,
7618,,Skydance Interactive,skydance-interactive,30,4,4,0,10051725,4853766,2512931,4,50,100,25,50,50,25,50,0,0,0,
21083,,Survios,survios,30,9,9,0,10023710,573626,1113746,8,67,89,22,33,33,22,11,0,11,33,United States
28477,,DeadToast Entertainment,deadtoast-entertainment,30,1,1,1,10006433,10006433,10006433,0,100,100,0,0,0,0,0,0,0,0,Sweden
10274,,Holotech Studios,holotech-studios,30,3,3,0,9989245,0,3329748,3,0,0,0,0,0,0,0,0,0,0,
30596,,HB Studios Multimedia Ltd.,hb-studios-multimedia-ltd,30,2,2,0,9923555,0,4961778,0,50,0,0,0,100,50,0,0,0,100,
30269,,TOM CREATE,tom-create,30,1,1,0,9912072,9912072,9912072,0,0,0,0,0,0,100,100,0,0,0,
31876,,株式会社トムクリエイト,-,30,1,1,0,9912072,9912072,9912072,0,0,0,0,0,0,100,100,0,0,0,
28083,,"AQURIA Co., Ltd.",aquria-co-ltd,30,3,3,0,9909266,712334,3303089,0,0,67,0,67,0,0,100,0,0,0,
1345,,PixelTail Games,pixeltail-games,30,1,1,0,9846718,9846718,9846718,1,100,100,100,100,0,0,0,100,100,0,United States
46310,,养蛋人工作室 Egg Hatcher,egg-hatcher,30,1,1,0,9832793,9832793,9832793,0,100,0,0,0,100,0,100,0,0,0,
17739,,MinMax Games Ltd.,minmax-games-ltd,30,5,5,0,9827596,1924453,1965519,4,60,40,0,20,60,100,40,0,0,0,
20886,,Foxy Voxel,foxy-voxel,30,1,1,0,9812714,9812714,9812714,0,100,0,0,0,100,100,100,0,0,0,Serbia
25726,,Sabotage Studio,sabotage-studio,30,1,1,0,9691727,9691727,9691727,0,100,0,0,100,0,0,100,0,0,0,Canada
104632,,Guard Crush,guard-crush,30,2,2,1,9676102,4838051,4838051,1,100,100,0,33,0,0,33,0,0,0,
39964,,Camshaft Software Ltd,camshaft-software-ltd,30,2,2,0,9675649,4837825,4837825,2,50,0,0,0,50,100,0,0,50,50,
21088,,Crazy Rocks,crazy-rocks,30,3,3,0,9643172,4821586,3214391,1,0,100,33,67,67,0,0,0,0,33,
23466,,"Arcen Games, LLC",arcen-games-llc,30,11,11,1,9611181,677961,873744,12,100,42,8,33,33,58,8,0,0,0,
5400,,1C Game Studios,1c-game-studios,30,3,3,1,9606793,4803397,3202264,0,25,75,0,50,25,25,0,25,0,0,
13055,,The Quantum Astrophysicists Guild,the-quantum-astrophysicists-guild,30,4,4,0,9509615,1388596,2377404,3,100,50,100,25,25,75,0,0,25,0,United States
5677,,Coatsink,coatsink,30,7,7,2,9502765,138000,1357538,7,78,33,33,33,22,56,11,0,0,0,
397978,,Vector3 Studio,vector3-studio,30,1,1,0,9501156,9501156,9501156,1,100,100,0,0,0,0,0,0,0,0,
21821,,Ronimo Games,ronimo-games,30,4,4,0,9500802,383411,2375201,0,100,100,25,25,0,75,25,0,0,0,Netherlands
12450,,Fullbright,fullbright,30,3,3,0,9487957,2279601,3162652,3,100,0,0,100,0,0,0,0,0,0,United States
13013,,Anvil Game Studios,anvil-game-studios,30,1,1,0,9484200,9484200,9484200,1,100,100,0,0,100,100,100,100,0,0,Malta
31834,,Gone North Games,gone-north-games,30,1,1,0,9455523,9455523,9455523,0,100,0,100,100,0,0,0,0,0,0,Sweden
19695,,Norsfell,norsfell,30,2,2,0,9402216,9402216,4701108,0,100,100,0,100,0,0,50,0,0,0,Canada
35043,,Consumer Softproducts,consumer-softproducts,30,2,2,0,9376539,4688270,4688270,2,100,100,0,50,50,0,0,0,0,0,
25874,,Nadeo,nadeo,30,9,9,0,9365283,1510058,1040587,0,0,11,0,0,0,0,0,11,89,44,France
38257,,The Outsiders,the-outsiders,30,2,2,0,9345599,4672800,4672800,0,0,100,0,100,0,0,0,0,0,0,Sweden
150822,,Angel Matrix,angel-matrix,30,1,1,0,9330672,9330672,9330672,0,100,100,0,100,0,0,0,0,0,0,
29264,,Dynamic Pixels,dynamic-pixels,30,8,8,0,9310721,4655361,1163840,0,88,25,0,100,0,75,0,0,0,0,Russia
26413,,Hologryph,hologryph,30,3,3,1,9309895,4654948,3103298,0,75,100,0,100,25,25,0,0,0,0,Ukraine
9770,,Astronomic Games,astronomic-games,30,19,19,0,9303924,2476,489680,10,95,5,47,63,5,5,68,0,0,0,
18832,,Strange Loop Games,strange-loop-games,30,2,2,0,9282928,4641464,4641464,1,100,50,0,0,50,50,0,0,0,0,United States
13030,,CM Games,cm-games,30,3,3,5,9277157,4638579,3092386,8,63,50,13,63,38,0,0,13,13,13,
13095,,Vlambeer,vlambeer,30,5,5,1,9253084,2457063,1850617,4,100,100,0,0,17,0,33,0,0,0,Netherlands
27687,,Rainbow Studios,rainbow-studios,30,8,8,0,9248900,339183,1156113,0,0,0,13,0,38,0,0,0,100,63,United States
14814,,Might and Delight,might-and-delight,30,11,11,1,9233953,438391,839450,12,83,17,33,67,17,0,8,17,0,0,Sweden
28605,,Proxy Studios,proxy-studios,30,3,3,0,9229924,1078019,3076641,1,0,0,0,0,67,100,33,0,0,0,Germany
28294,,Clockstone,clockstone,30,9,9,0,9224241,313036,1024916,0,44,22,44,22,78,11,33,0,0,0,
31404,,Veewo Games,veewo-games,30,2,2,1,9216844,4608422,4608422,1,100,100,33,100,0,0,100,0,0,0,China
14306,,Tomorrow Corporation,tomorrow-corporation,30,3,3,1,9154147,2369622,3051382,4,100,0,75,50,50,0,0,0,0,0,United States
13309,,Mixamo,mixamo,30,1,1,0,9143832,0,9143832,1,0,0,0,0,0,0,0,0,0,0,
25693,,Playtonic Games,playtonic-games,30,2,2,1,9124020,4562010,4562010,0,100,67,33,100,0,0,0,0,0,0,
5613,,Auroch Digital,auroch-digital,30,9,9,1,9121486,165581,1013498,4,70,30,0,20,30,80,30,0,0,0,United Kingdom
28562,,Blitworks,blitworks,30,4,4,0,9119986,160366,2279997,0,75,75,25,50,0,0,0,0,25,25,Spain
26014,,Digixart,digixart,30,4,4,1,9116546,545706,2279137,0,80,40,60,80,0,0,0,0,0,0,France
17437,,SomaSim,somasim,30,3,3,1,9093798,903176,3031266,1,50,0,0,0,100,100,0,0,0,0,United States
16353,,Wolfire Games,wolfire-games,30,5,5,0,9084499,1039507,1816900,5,80,100,0,0,40,0,0,0,0,0,United States
32116,,KADOKAWA GAMES / GRASSHOPPER MANUFACTURE,kadokawa-games-grasshopper-manufacture,30,1,1,0,9067849,9067849,9067849,0,0,100,0,0,0,0,0,0,0,0,
5022,,crea-ture Studios Inc.,crea-ture-studios-inc,30,1,1,0,9063110,9063110,9063110,0,100,0,0,0,100,100,0,0,0,100,
3181,,Messhof,messhof,30,3,3,1,9057838,1002883,3019279,3,75,75,50,25,0,0,0,0,25,50,United States
16309,,Overhype Studios,overhype-studios,30,1,1,1,9047748,9047748,9047748,1,50,0,0,0,50,100,100,0,0,0,Germany
48205,,GameLoop Inc.,gameloop-inc,30,2,2,0,9043801,4521901,4521901,0,0,100,0,0,0,0,0,0,0,0,
767,,"USERJOY Technology CO.,LTD.",userjoy-technology-co-ltd,30,19,19,0,9041152,21139,475850,19,0,63,26,47,42,74,95,5,0,0,
21306,,10tons Ltd,10tons-ltd,30,18,18,1,9037423,79454,502079,19,89,84,26,53,16,11,58,0,0,16,
26987,,Pixpil,pixpil,30,1,1,0,9004110,9004110,9004110,0,100,100,0,100,0,0,100,0,0,0,
25727,,IO Interactive,io-interactive,30,4,4,0,8997897,3588747,2249474,0,0,100,0,25,0,0,0,0,0,0,Denmark
12780,,Domo Studio,domo-studio,30,11,11,0,8997530,30509,817957,1,9,9,0,18,0,0,100,0,0,0,
24903,,Rundisc,rundisc,30,2,2,0,8991012,4495506,4495506,0,100,50,50,50,0,0,0,0,0,0,France
22943,,"IDEA FACTORY Co., Ltd.",idea-factory-co-ltd,30,1,1,0,8982217,8982217,8982217,1,0,0,0,0,0,100,100,0,0,0,
25682,,"COMPILE HEART Co., Ltd.",compile-heart-co-ltd,30,1,1,0,8982217,8982217,8982217,0,0,0,0,0,0,100,100,0,0,0,
30925,,"FELISTELLA Co., Ltd.",felistella-co-ltd,30,1,1,0,8982217,8982217,8982217,0,0,0,0,0,0,100,100,0,0,0,
612049,,"TOSE CO., LTD.",tose-co-ltd,30,3,3,0,8961298,576825,2987099,0,0,100,33,0,0,0,100,0,0,0,
22999,,"GIBBING TREE, LLC",gibbing-tree-llc,30,1,1,0,8944064,8944064,8944064,1,100,100,0,0,0,0,0,0,0,0,
26883,,"Mine Loader Software Co., Ltd.",mine-loader-software-co-ltd,30,1,1,0,8934329,8934329,8934329,0,0,100,0,0,0,0,0,0,0,0,
12911,,BetaDwarf,betadwarf,30,3,3,1,8918338,3579398,2972779,4,75,100,0,75,0,50,100,0,0,0,Denmark
24011,,枕,-,30,1,1,0,8900947,8900947,8900947,0,0,0,100,100,0,0,0,0,0,0,
26434,,Troika Games,troika-games,30,2,2,0,8892501,4446251,4446251,0,0,50,0,0,0,0,50,0,0,0,United States
22701,,President Studio,president-studio,30,4,4,4,8878200,4439100,2219550,6,25,38,13,0,75,50,0,0,0,0,
1639909,,intiny,intiny,30,2,2,0,8876460,4438230,4438230,2,100,0,0,100,100,100,100,0,0,0,
28066,,Code Mystics,code-mystics,30,11,11,0,8846222,122356,804202,0,0,100,36,9,0,18,27,0,9,27,
8552477,,Bermuda Computer Club,bermuda-computer-club,30,1,1,1,8841706,0,8841706,2,50,50,0,0,100,0,50,50,50,0,
258,,Targem Games,targem-games,30,14,14,0,8836301,120475,631164,2,21,64,29,7,0,36,21,7,57,0,Russia
36942,,RubberBandGames,rubberbandgames,30,1,1,0,8807860,8807860,8807860,1,100,100,100,100,100,0,0,0,0,0,
47556,,Mojang Studios,mojang-studios,30,2,2,0,8762676,4381338,4381338,0,0,100,0,50,0,50,50,0,0,0,Sweden
24807,,Dekovir Entertainment,dekovir-entertainment,30,1,1,0,8754758,8754758,8754758,0,100,0,0,0,100,100,100,0,0,0,
18427,,NGD Studios,ngd-studios,30,3,3,0,8740972,4263824,2913657,1,33,33,33,33,0,67,0,0,0,0,Argentina
5826,,Panic Art Studios Ltd.,panic-art-studios-ltd,30,1,1,0,8732318,8732318,8732318,1,100,100,0,100,0,0,100,100,0,0,
30339,,"Forward Development, Ltd.",forward-development-ltd,30,1,1,1,8713346,8713346,8713346,0,100,0,0,0,100,0,0,0,100,0,
21674,,Worldwalker Games LLC,worldwalker-games-llc,30,1,1,0,8704961,8704961,8704961,1,100,0,0,0,0,100,100,0,0,0,
18171,,Thing Trunk,thing-trunk,30,3,3,1,8688683,4344342,2896228,2,100,25,25,75,0,75,100,0,0,0,Poland
612,,tinybuild,tinybuild,30,8,8,1,8629062,3080805,1078633,9,100,56,22,78,22,44,0,11,11,11,United States
22090,,Team Salvato,team-salvato,30,2,2,0,8564946,8564946,4282473,1,100,0,100,0,0,0,0,0,0,0,United States
47120,,Orteil,orteil,30,1,1,0,8559210,8559210,8559210,0,100,0,100,0,100,100,0,0,0,0,
47121,,DashNet,dashnet,30,1,1,0,8559210,8559210,8559210,0,100,0,100,0,100,100,0,0,0,0,
2296241,,Wrong Organ,wrong-organ,30,1,1,0,8547989,8547989,8547989,0,100,0,0,100,0,0,0,0,0,0,
13151,,The Game Bakers,the-game-bakers,30,4,4,1,8543965,2446550,2135991,5,100,60,0,60,20,0,40,0,0,20,France
44222,,It's happening,it-s-happening,30,1,1,0,8538878,8538878,8538878,0,100,100,100,0,0,100,0,0,0,0,
5524607,,Deck Nine Games,deck-nine-games,30,1,1,0,8522188,8522188,8522188,0,0,100,0,100,0,0,0,0,0,0,
15380,,SMG Studio,smg-studio,30,6,6,3,8518813,211010,1419802,7,89,56,78,11,22,22,0,0,0,0,Australia
26836,,Kite Games,kite-games,30,4,4,0,8488515,243740,2122129,1,25,0,25,0,0,100,25,0,0,25,Hungary
33631,,Fury Studios,fury-studios,30,2,2,0,8485649,4242825,4242825,0,50,50,0,50,50,100,0,0,0,0,
100913,,Eerie Guest Studios,eerie-guest-studios,30,1,1,0,8450243,8450243,8450243,0,100,100,0,100,0,0,0,0,0,0,
3210093,,半瓶醋工作室（Half Amateur Studio）,half-amateur-studio,30,1,1,0,8448099,8448099,8448099,0,100,0,0,100,100,0,100,0,0,0,
22333,,Mirillis,mirillis,30,1,1,0,8399316,8399316,8399316,1,0,0,0,0,0,0,0,0,0,0,
31242,,Blackhole,blackhole,30,17,17,0,8390473,445,493557,16,0,0,94,0,0,6,12,0,0,0,
38736,,柳叶刀工作室 Studio Surgical Scalpels,studio-surgical-scalpels,30,1,1,0,8383420,0,8383420,0,0,100,0,0,0,0,0,0,0,0,
14633,,Tequila Works,tequila-works,30,7,7,0,8372972,721483,1196139,2,14,29,14,100,0,0,0,0,0,0,Spain
30028,,The Artistocrats,the-artistocrats,30,2,2,0,8365701,7269406,4182851,0,0,0,0,0,50,100,0,0,0,0,Belgium
3313,,Chalcedony Network,chalcedony-network,30,1,1,0,8347895,8347895,8347895,1,100,0,0,0,0,100,100,0,0,0,
31136,,Sean Young,sean-young,30,6,6,2,8302663,1527815,1383777,0,100,38,13,100,13,0,50,0,0,0,
31922,,Infinite Fall,infinite-fall,30,1,1,0,8290974,8290974,8290974,0,0,0,0,100,0,0,0,0,0,0,Canada
8640,,Suspicious Developments,suspicious-developments,30,4,4,0,8280226,2799247,2070057,4,100,50,50,25,0,50,0,0,0,0,United Kingdom
3654,,IMGN.PRO,imgn-pro,30,2,2,0,8252734,4126367,4126367,2,100,50,0,100,0,0,50,0,0,0,
15613,,House House,house-house,30,2,2,1,8238046,4119023,4119023,1,67,67,0,33,0,0,0,0,0,33,Australia
408,,PiBoSo,piboso,30,3,3,0,8237576,509444,2745859,3,0,0,0,0,100,0,0,0,100,100,
10171,,Terry Cavanagh,terry-cavanagh,30,4,4,0,8192311,2492380,2048078,4,100,50,0,0,0,25,0,0,0,0,
26000,,Echtra Inc.,echtra-inc,30,1,1,0,8171075,8171075,8171075,0,0,100,0,100,0,0,100,0,0,0,
5489,,Double Damage Games,double-damage-games,30,2,2,0,8168527,4084264,4084264,2,100,100,0,100,100,0,100,0,0,0,United States
15470,,2D BOY ,2d-boy,30,1,1,1,8121120,8121120,8121120,2,100,0,50,50,0,0,0,0,0,0,United States
21197,,BlackFoot Studios,blackfoot-studios,30,1,1,0,8111035,8111035,8111035,0,100,100,0,0,100,0,0,0,0,0,United States
24151,,Monolith,monolith,30,2,2,1,8099680,4049840,4049840,1,33,67,0,0,33,0,0,0,0,0,
30161,,Tequila Works SL,tequila-works-sl,30,1,1,0,8093883,8093883,8093883,0,100,100,0,100,0,0,0,0,0,0,
1515336,,Funday Games,funday-games,30,2,2,0,8089608,4044804,4044804,1,50,100,0,50,0,0,0,0,0,0,Denmark
26516,,Spark Unlimited,spark-unlimited,30,3,3,0,8087276,633307,2695759,0,0,100,0,33,0,0,0,0,0,0,United States
33064,,"B.B.STUDIO CO.,LTD.",b-b-studio-co-ltd,30,5,5,1,8082384,8082384,1616477,0,0,33,17,17,17,50,83,0,0,0,
17082,,Games Farm,games-farm,30,8,8,0,8081519,712213,1010190,4,38,88,0,13,38,0,63,0,0,0,Slovakia
4914,,Wales Interactive,wales-interactive,30,20,20,2,8075920,229077,403796,22,59,45,5,82,0,0,0,0,0,0,United Kingdom
31397,,Team Ladybug,team-ladybug,30,4,4,0,8073836,1307443,2018459,0,100,100,0,25,0,0,0,0,0,0,Japan
30696,,Studio Pixel,studio-pixel,30,5,5,0,8024413,804719,1604883,0,100,80,20,60,0,0,0,0,0,0,Japan
32512,,Reality Pump,reality-pump,30,7,7,0,8014616,237738,1144945,0,14,29,29,14,14,43,29,0,0,0,Poland
4110,,Shiver Games,shiver-games,30,4,4,0,7999592,922326,1999898,4,100,75,25,100,25,0,0,0,0,0,Finland
7107,,Weather Factory,weather-factory,30,2,2,1,7992916,3996458,3996458,3,100,0,0,33,67,0,100,0,0,0,United Kingdom
10262,,Codeglue,codeglue,30,6,6,1,7948154,95829,1324692,2,43,43,29,14,0,14,57,0,0,0,Netherlands
12622,,Terrible Toybox,terrible-toybox,30,3,3,0,7945148,3972574,2648383,2,67,0,33,100,0,0,0,0,0,0,United States
14780,,Ludosity,ludosity,30,12,12,0,7933223,177184,661102,10,75,58,17,58,0,17,33,0,0,0,Sweden
1932776,,DiggerGames,diggergames,30,1,1,0,7918474,7918474,7918474,1,0,100,0,100,0,0,0,0,0,0,
30829,,Radical Fish Games,radical-fish-games,30,1,1,1,7892674,7892674,7892674,1,50,100,0,50,0,0,100,0,0,0,Germany
26398,,Dancing Dragon Games,dancing-dragon-games,30,5,5,0,7773907,115986,1554781,0,40,0,60,20,0,20,100,0,0,0,
33630,,Stumpy🐙Squid,stumpy-squid,30,1,1,0,7759993,7759993,7759993,0,100,0,0,100,100,100,0,0,0,0,
9018,,Eversim,eversim,30,13,13,0,7734645,624657,594973,13,15,0,0,0,92,85,8,0,0,0,France
6059431,,"Genki Co.,Ltd",genki-co-ltd,30,2,2,0,7725738,3862869,3862869,2,50,0,50,0,0,0,0,0,50,0,
2378,,Trepang Studios,trepang-studios,30,1,1,0,7717447,7717447,7717447,0,100,100,0,0,0,0,0,0,0,0,Canada
25976,,AQURIA,aquria,30,1,1,0,7687479,7687479,7687479,0,0,100,100,100,0,0,100,0,0,0,Japan
16247,,Everything Unlimited Ltd.,everything-unlimited-ltd,30,1,1,0,7684213,7684213,7684213,1,100,0,0,100,0,0,0,0,0,0,United States
29861,,Creobit,creobit,30,145,145,0,7682526,830,52983,0,12,8,100,19,6,14,4,1,0,5,Russia
2045,,SOFTSTAR,softstar,30,2,2,0,7626390,7626390,3813195,1,0,50,0,100,0,0,100,50,0,0,
184444,,Nine Rocks Games,nine-rocks-games,30,1,1,0,7624761,7624761,7624761,0,0,0,0,100,100,0,0,0,0,100,
15226,,Microids,microids,30,15,15,2,7589646,52821,505976,17,6,12,47,82,6,12,0,0,6,6,France
39633,,TEAMRANGER,teamranger,30,2,2,0,7558913,7558913,3779457,0,50,100,0,50,0,100,50,0,0,0,
25310,,Licorice,licorice,30,1,1,0,7555825,0,7555825,0,100,0,0,0,100,100,0,0,0,0,Iceland
5803,,Polymorph Games,polymorph-games,30,1,1,0,7555133,7555133,7555133,1,100,0,0,0,100,100,0,0,0,0,Canada
5858,,HFM Games,hfm-games,30,15,15,1,7548808,37249,503254,16,88,75,25,31,50,0,13,44,13,19,
188267,,Dumativa,dumativa,30,3,3,1,7538696,2581578,2512899,3,75,50,50,100,0,0,25,0,0,0,Brazil
4547,,Stray Fawn Studio,stray-fawn-studio,30,5,5,0,7535803,1771124,1507161,1,60,60,20,0,100,60,20,0,0,0,Switzerland
6276,,Payload Studios,payload-studios,30,2,2,0,7520369,3760185,3760185,2,100,100,0,50,50,50,0,0,0,0,United Kingdom
38996,,M7 Productions,m7-productions,30,1,1,0,7517731,7517731,7517731,1,0,100,0,0,100,100,0,0,0,0,
38997,,Attrito,attrito,30,1,1,0,7517731,7517731,7517731,1,0,100,0,0,100,100,0,0,0,0,
1659,,香港商河洛互動娛樂股份有限公司,-,30,2,2,0,7510672,3755336,3755336,1,0,0,0,50,0,100,100,0,0,0,
23692,,Code Force,code-force,30,2,2,0,7506434,3753217,3753217,0,0,0,0,0,100,100,0,0,0,0,
18216,,Sparpweed,sparpweed,30,1,1,0,7477146,7477146,7477146,1,100,100,0,100,0,0,0,0,0,0,
24987,,Jordan Freeman Group,jordan-freeman-group,30,36,36,4,7432406,1596,206456,1,0,38,30,23,10,13,10,0,25,8,
2084,,Alientrap,alientrap,30,8,8,1,7411862,1103879,926483,9,100,78,33,44,22,11,33,0,0,0,
7450,,Freehold Games,freehold-games,30,2,2,0,7379653,3689827,3689827,1,100,0,0,50,0,100,100,0,0,0,United States
90351,,Clock Wizard Games,clock-wizard-games,30,3,3,0,7342373,3671187,2447458,3,100,67,0,67,33,0,0,0,0,0,Turkey
25924,,Best Way,best-way,30,4,4,0,7324364,425055,1831091,0,0,50,0,0,50,100,0,0,0,0,Ukraine
32049,,KAGAMI WORKs,kagami-works,30,4,4,0,7316960,1807926,1829240,0,100,25,25,50,50,25,75,0,0,0,
1396275,,ZOOM Platform Media,zoom-platform-media,30,9,9,2,7289644,15859,809960,0,0,36,0,18,27,45,36,0,27,0,
11478,,Supra Games,supra-games,30,3,3,1,7278643,3495356,2426214,4,50,50,25,75,0,0,25,0,0,25,
6548281,,Double Cross,double-cross,30,1,1,0,7258076,7258076,7258076,0,100,0,0,100,100,100,100,0,0,0,
6082,,ColePowered Games,colepowered-games,30,2,2,0,7254332,3627166,3627166,1,100,50,0,50,0,50,50,0,0,0,
7346,,Interplay Inc.,interplay-inc,30,1,1,0,7246263,7246263,7246263,0,0,0,0,0,0,0,100,0,0,0,
24602,,Bugbear Entertainment,bugbear-entertainment,30,3,3,0,7238743,2668866,2412914,0,0,33,0,0,33,0,0,0,100,0,Finland
8336,,Twice Circled,twice-circled,30,2,2,0,7233221,3616611,3616611,1,100,0,50,0,100,100,0,0,0,0,United Kingdom
26067,,Fair Play Labs,fair-play-labs,30,5,5,1,7225524,778446,1445105,0,33,83,0,0,17,0,0,0,17,17,
7271,,Nomad Games,nomad-games,30,13,13,1,7200067,77054,553851,12,64,7,14,14,7,79,36,0,0,0,United Kingdom
23841,,Future Cat LLC,future-cat-llc,30,2,2,1,7172786,3586393,3586393,1,100,0,100,100,0,0,0,0,0,0,
8579,,Killerfish Games,killerfish-games,30,3,3,0,7170479,2322237,2390160,3,33,0,0,0,100,100,0,0,0,0,
20737,,34BigThings srl,34bigthings-srl,30,8,8,0,7141635,169724,892704,5,63,75,38,13,25,13,0,13,25,25,Italy
28308,,Snowblind Studios,snowblind-studios,30,1,1,0,7134727,0,7134727,0,0,100,0,0,0,0,100,0,0,0,
294019,,Fulqrum Publishing,fulqrum-publishing,30,14,14,0,7131596,84751,509400,14,0,7,0,7,14,71,50,0,0,0,
23976,,MONKEYCRAFT Co. Ltd.,monkeycraft-co-ltd,30,6,6,0,7119815,1167871,1186636,0,0,50,83,17,0,0,0,0,0,0,
25694,,NAMCO,namco,30,1,1,0,7087193,0,7087193,0,0,100,0,0,100,0,0,0,0,0,Japan
27494,,"Konami Digital Entertainment Co., Ltd.",konami-digital-entertainment-co-ltd,20,2,2,0,7065923,0,3532962,0,0,0,0,0,0,0,0,0,0,100,
21242,,Hovgaard Games,hovgaard-games,30,2,2,0,7040127,3520064,3520064,2,100,0,50,0,100,50,0,0,0,0,Denmark
10866,,EGAMER,egamer,30,21,21,0,7024860,343312,334517,0,100,95,100,38,0,19,10,0,0,0,
28896,,sprite,sprite,30,8,8,0,7018710,186650,877339,3,38,13,88,88,13,13,0,0,0,13,Japan
36656,,Pavonis Interactive,pavonis-interactive,30,1,1,0,6994105,6994105,6994105,0,0,0,0,0,100,100,0,0,0,0,United States
75231,,Red Axe Games,red-axe-games,30,1,1,5,6987576,6987576,6987576,6,100,17,50,17,83,0,0,0,17,0,
30362,,Team NINJA,team-ninja,30,2,2,0,6981182,633307,3490591,0,0,100,0,50,0,0,0,0,0,0,Japan
625,,Two Star Games,two-star-games,30,5,5,1,6959562,3479781,1391912,4,100,50,67,100,0,17,17,0,0,0,United States
33366,,"Cyan Worlds, Inc.",cyan-worlds-inc,30,11,11,0,6950779,157465,631889,11,45,0,82,100,0,0,0,0,0,0,
45547,,Ishtar Games,ishtar-games,30,5,5,1,6947409,634300,1389482,1,83,33,0,50,67,100,100,0,0,0,France
5558,,Schell Games,schell-games,30,12,12,1,6906851,448486,575571,11,46,31,38,54,15,8,0,0,0,0,United States
6601,,汉家松鼠Han-Squirrel Studio,han-squirrel-studio,30,1,1,1,6838229,6838229,6838229,1,100,0,0,100,50,100,100,0,0,0,
23907,,Flashback Games,flashback-games,30,4,4,0,6814366,1756406,1703592,0,0,0,0,0,0,100,0,0,0,0,
30254,,Deconstructeam,deconstructeam,30,4,4,1,6811916,1844085,1702979,1,100,0,40,60,0,0,20,0,0,0,Spain
18845,,Red Nexus Games Inc.,red-nexus-games-inc,30,3,3,0,6791800,32823,2263933,3,100,67,33,33,0,33,33,0,0,0,Canada
6548375,,lamedeveloper,lamedeveloper,30,1,1,0,6787443,6787443,6787443,1,100,0,100,0,0,0,0,100,0,0,
15092,,SadSquare Studio,sadsquare-studio,30,1,1,0,6787231,6787231,6787231,1,100,100,0,100,100,0,0,0,0,0,Canada
12690,,Acid Wizard Studio,acid-wizard-studio,30,2,2,0,6777424,6777424,3388712,2,100,50,0,50,0,50,100,0,0,50,Poland
7468,,Boxelware,boxelware,30,1,1,1,6774195,6774195,6774195,2,100,50,0,0,100,0,0,0,0,0,Germany
31442,,Resonair,resonair,30,3,3,0,6773341,674702,2257780,0,100,33,100,0,0,0,0,0,0,0,
23927,,Orange_Juice,orange-juice,30,9,9,0,6758735,127240,750971,0,89,78,0,11,0,11,11,0,0,0,Japan
29972,,CreSpirit,crespirit,30,6,6,0,6756223,687446,1126037,5,100,67,50,50,0,0,33,0,0,0,
20969,,Northway Games,northway-games,30,4,4,0,6750485,1872068,1687621,3,75,0,0,0,100,75,50,0,0,0,
39957,,Toukana Interactive,toukana-interactive,30,1,1,1,6740974,6740974,6740974,2,100,0,100,0,100,100,0,0,0,0,Germany
21487,,Night School Studio,night-school-studio,30,3,3,0,6730436,773870,2243479,2,100,0,33,100,0,0,0,0,0,0,United States
27870,,Monstars Inc.,monstars-inc,30,2,2,0,6713769,3356885,3356885,0,100,50,100,0,0,0,0,0,0,0,
675,,Nival,nival,30,14,14,0,6707203,267060,479086,10,21,21,7,14,0,86,43,29,0,0,Russia
752,,Ultima Games,ultima-games,30,2,2,0,6705839,2207,3352920,1,100,100,0,50,0,50,50,0,0,0,
19886,,D-Pad Studio,d-pad-studio,30,3,3,1,6705126,249522,2235042,3,100,100,25,25,0,0,0,0,0,0,Norway
20068,,Choice Provisions,choice-provisions,30,9,9,0,6695857,113921,743984,6,89,78,22,33,0,11,11,11,0,0,United States
3383,,NekoNyan Ltd.,nekonyan-ltd,30,3,3,0,6684930,968848,2228310,3,0,0,100,100,0,0,0,0,0,33,
11981,,SOFTSTAR Entertainment,softstar-entertainment,30,29,29,4,6673978,36150,230137,29,0,6,45,12,27,9,61,6,0,0,Taiwan
292545,,"HYDE, Inc.",hyde-inc,30,2,2,1,6660866,3330433,3330433,0,0,0,0,0,33,0,67,0,0,33,
25288,,Blit Software,blit-software,30,2,2,0,6594228,0,3297114,0,0,50,0,0,0,0,0,0,0,0,
14473,,Knuckle Cracker,knuckle-cracker,30,6,6,0,6555043,626879,1092507,6,100,33,33,0,100,100,0,0,0,0,
19884,,Kitfox Games,kitfox-games,30,4,4,2,6554682,831439,1638671,6,67,0,17,33,50,50,83,0,0,0,Canada
7185,,Flashbulb,flashbulb,30,5,5,3,6548643,3274322,1309729,8,38,100,38,25,25,0,0,0,25,0,
1530,,@unepic_fran,unepic-fran,30,5,5,1,6546913,662585,1309383,2,83,100,17,83,17,17,33,0,17,0,Spain
5047,,KeokeN Interactive,keoken-interactive,30,2,2,1,6524445,3262223,3262223,1,100,100,0,100,33,0,0,0,0,0,Netherlands
23941,,Indoor Astronaut,indoor-astronaut,30,2,2,0,6521937,3260969,3260969,1,100,100,100,0,50,50,0,0,0,0,Switzerland
26223,,Edelweiss,edelweiss,30,4,4,0,6519722,962916,1629931,0,75,100,0,0,0,0,0,0,0,0,Japan
7712,,Behold Studios,behold-studios,30,5,5,1,6517727,1704766,1303545,4,67,17,17,0,0,50,67,0,0,0,Brazil
30104,,Headcannon,headcannon,30,2,2,1,6515099,3257550,3257550,2,33,100,33,67,0,0,0,0,0,0,United States
24894,,PagodaWest Games,pagodawest-games,30,1,1,0,6511681,6511681,6511681,0,0,100,100,100,0,0,0,0,0,0,United States
28954,,Christian Whitehead,christian-whitehead,30,1,1,0,6511681,6511681,6511681,0,0,100,100,100,0,0,0,0,0,0,Australia
1165823,,Pounce Light,pounce-light,30,1,1,0,6510048,6510048,6510048,1,100,0,100,0,100,0,0,0,0,0,Sweden
6224,,Rooster Teeth Games,rooster-teeth-games,30,2,2,0,6494904,6494904,3247452,2,100,100,0,100,0,0,0,0,0,0,United States
18766,,Mastfire Studios Pty Ltd,mastfire-studios-pty-ltd,30,1,1,0,6492316,0,6492316,1,100,100,100,0,0,100,0,0,0,0,
11848,,Bithell Games,bithell-games,30,7,7,1,6484597,173867,926371,6,75,38,38,50,0,25,0,0,0,0,United Kingdom
30193,,Little Stone Software,little-stone-software,30,1,1,0,6483781,6483781,6483781,0,0,100,0,0,0,0,0,0,0,0,
11256,,RageSquid,ragesquid,30,2,2,1,6470483,3235242,3235242,1,33,100,0,0,0,0,0,33,100,67,Netherlands
19074,,Altfuture,altfuture,30,2,2,0,6445513,3222757,3222757,2,100,50,0,50,50,0,0,0,50,0,
32174,,橘子班,-,30,13,13,0,6439139,83167,495318,0,92,0,77,92,38,8,23,0,0,0,
3386236,,Kit9 Studio,kit9-studio,30,1,1,0,6430893,6430893,6430893,1,0,0,0,100,0,0,100,0,0,0,
30964,,Noble Muffins,noble-muffins,30,5,5,0,6415847,460183,1283169,0,80,60,0,60,100,0,0,0,0,0,
28256,,Panache Digital Games,panache-digital-games,30,1,1,0,6391282,6391282,6391282,0,100,100,0,100,0,0,100,0,0,0,Canada
8325,,Sauropod Studio,sauropod-studio,30,2,2,0,6390657,6317105,3195329,2,100,50,0,50,50,50,50,0,0,0,Canada
20465,,Draw Me A Pixel,draw-me-a-pixel,30,2,2,0,6384735,6384735,3192368,2,100,0,100,100,0,0,0,0,0,0,
9493,,Brilliant Game Studios,brilliant-game-studios,30,3,3,0,6308508,2753839,2102836,3,100,100,33,100,67,67,33,0,0,0,
19517,,Foulball Hangover,foulball-hangover,30,2,2,0,6276400,3138200,3138200,2,100,50,50,100,50,50,50,0,0,0,United Kingdom
3109,,Big Cheese Studio,big-cheese-studio,30,1,1,5,6270801,6270801,6270801,5,17,17,17,0,67,17,0,0,0,0,
21052,,Sixteen Tons Entertainment,sixteen-tons-entertainment,30,10,10,0,6253724,232634,625372,7,0,10,0,0,90,80,0,0,0,0,Germany
32382,,Radiant Entertainment,radiant-entertainment,30,1,1,0,6231832,6231832,6231832,0,100,0,0,0,100,100,0,0,0,0,United States
13548,,Hyperstrange,hyperstrange,30,6,6,1,6224280,420090,1037380,4,29,100,29,0,0,0,14,0,14,0,Poland
45461,,Odd Bug Studio,odd-bug-studio,30,2,2,0,6183422,3091711,3091711,0,100,100,0,100,0,0,50,0,0,0,
23912,,Nitroplus,nitroplus,30,3,3,2,6179862,2052687,2059954,1,0,40,20,60,20,0,0,0,0,0,
30320,,Red Storm Entertainment,red-storm-entertainment,30,7,7,0,6172426,204267,881775,0,0,100,0,0,0,0,0,0,0,0,United States
7098,,Code Horizon,code-horizon,30,3,3,3,6164416,2914456,2054805,5,67,33,17,50,100,0,17,17,0,0,
24269,,Reikon Games,reikon-games,30,1,1,1,6158371,6158371,6158371,0,50,100,0,50,0,0,0,0,0,0,Poland
30476,,Pendulo Studios,pendulo-studios,30,9,9,0,6139810,250685,682201,0,0,11,0,100,0,0,0,0,0,0,Spain
3804,,Vertigo Gaming Inc.,vertigo-gaming-inc,30,10,10,1,6139750,93668,613975,11,100,64,55,0,73,82,0,0,0,0,
38919,,jacktostudios,jacktostudios,30,1,1,1,6132215,6132215,6132215,2,100,100,0,50,50,0,50,0,0,0,
13751,,Turning Wheel LLC,turning-wheel-llc,30,1,1,0,6127369,6127369,6127369,1,100,100,0,100,0,0,100,0,0,0,
1386,,Illwinter Game Design,illwinter-game-design,30,9,9,0,6125558,410773,680618,9,67,0,0,0,0,100,0,0,0,0,Sweden
672,,Stainless Games Ltd,stainless-games-ltd,30,6,6,0,6124226,315503,1020704,1,50,67,0,0,0,33,0,0,50,0,
5680,,YoYo Games Ltd.,yoyo-games-ltd,30,5,5,0,6123590,0,1224718,5,0,0,20,0,20,0,0,0,0,0,
941215,,NPC Studio,npc-studio,30,1,1,0,6119396,6119396,6119396,1,100,0,0,0,100,0,100,0,0,0,
1767,,ION LANDS,ion-lands,30,2,2,1,6106469,5519274,3053235,2,67,33,0,100,33,0,67,0,0,0,Germany
24564,,Black Isle Studios,black-isle-studios,30,4,4,0,6104147,514042,1526037,0,0,75,0,25,0,0,100,0,0,0,United States
2721,,Eggcode,eggcode,30,3,3,1,6096644,2322900,2032215,4,100,0,75,0,100,100,0,0,0,0,
9715,,Red Thread Games,red-thread-games,30,3,3,1,6094887,1069701,2031629,3,100,25,0,75,0,0,25,0,0,0,Norway
5690,,22cans,22cans,30,3,3,1,6092626,131813,2030875,2,75,0,25,25,100,75,0,0,0,0,United Kingdom
6739,,AutoAttack Games,autoattack-games,30,1,1,0,6086475,6086475,6086475,1,100,0,100,0,0,100,0,0,0,0,
8040,,RedRuins Softworks,redruins-softworks,30,1,1,2,6082268,6082268,6082268,1,67,100,0,67,67,0,67,0,0,0,
6306,,ColdGames,coldgames,30,1,1,0,6081539,6081539,6081539,1,0,100,0,0,0,0,0,0,0,0,
25627,,NEOWIZ BLESS STUDIO,neowiz-bless-studio,30,1,1,0,6070541,0,6070541,0,0,100,0,100,0,0,100,100,0,0,
21739,,Sluggerfly,sluggerfly,30,3,3,0,6060855,1400366,2020285,2,67,100,0,67,0,0,0,0,0,0,Germany
1642230,,Mike Klubnika,mike-klubnika,30,2,2,0,6044220,6044220,3022110,1,50,50,0,0,100,0,0,0,0,0,
44342,,Stage Games,stage-games,30,1,1,0,6039067,6039067,6039067,0,100,0,100,0,0,0,0,0,0,0,
26750,,Lose,lose,30,5,5,0,6029609,456306,1205922,0,0,0,40,80,0,0,0,0,0,0,
24218,,Byking Inc.,byking-inc,30,16,16,1,6025759,603816,376610,13,47,76,35,18,0,6,0,0,0,12,Japan
29111,,FURYU Corporation,furyu-corporation,30,15,15,0,6019459,213738,401297,2,0,27,0,20,0,27,80,0,0,0,
1425148,,Questline,questline,30,2,2,0,6010307,3005154,3005154,0,100,100,0,50,0,0,100,0,0,0,
26061,,David Capello,david-capello,30,1,1,0,6008403,6008403,6008403,0,0,0,0,0,0,0,0,0,0,0,
505,,BlankMediaGames,blankmediagames,30,2,2,0,5998123,5888724,2999062,0,50,50,100,0,0,100,50,0,0,0,
8237,,CyberLight Game Studio,cyberlight-game-studio,30,1,1,0,5991714,5991714,5991714,1,100,100,0,100,0,0,0,0,0,0,
24619,,Pinokl Games,pinokl-games,30,3,3,0,5974610,859652,1991537,0,100,67,0,33,67,100,0,0,0,0,Ukraine
1843,,Isolated Games,isolated-games,30,2,2,0,5944741,2972371,2972371,2,100,50,50,100,100,50,100,0,0,0,
30113,,Łukasz Jakowski,ukasz-jakowski,30,2,2,0,5930362,2965181,2965181,0,0,0,0,0,50,100,0,0,0,0,
24076,,Matt Dabrowski,matt-dabrowski,30,1,1,1,5926113,5926113,5926113,0,100,100,0,100,50,0,100,0,0,0,
49132,,CABO Studio,cabo-studio,30,1,1,0,5922373,5922373,5922373,0,100,100,0,100,0,0,0,0,0,0,Italy
12649,,Game Grumps,game-grumps,30,2,2,0,5922273,2961137,2961137,1,100,0,50,50,50,0,0,0,0,0,United States
29842,,GemaYue,gemayue,30,2,2,0,5916016,2958008,2958008,0,100,100,100,100,0,0,0,0,0,0,
24060,,Sting,sting,30,8,8,1,5908983,163974,738623,3,0,22,33,0,33,56,78,0,0,0,
25790,,Roll7,roll7,30,7,7,0,5906877,1052446,843840,0,100,71,0,14,0,0,0,0,0,86,United Kingdom
11437,,Pipliz,pipliz,30,1,1,0,5886112,5886112,5886112,1,100,100,0,100,0,100,0,0,0,0,
46964,,MrFatcat,mrfatcat,30,3,3,0,5879309,9680,1959770,3,100,67,0,67,0,0,0,0,0,0,
28937,,Croteam VR,croteam-vr,30,5,5,0,5871598,1064559,1174320,0,100,100,0,20,0,0,0,0,0,0,
29780,,Kverta,kverta,30,2,2,0,5865695,2932848,2932848,0,100,100,0,50,50,100,0,0,0,0,
62149,,KK Game Studio,kk-game-studio,30,2,2,1,5861717,5861717,2930859,3,100,100,33,0,33,67,100,0,0,0,Hong Kong
10438,,Pixel Ferrets,pixel-ferrets,30,1,1,0,5832007,5832007,5832007,1,100,100,0,100,0,0,100,0,0,0,Sweden
29330,,上海アリス幻樂団,-,30,17,17,0,5823753,107990,342574,0,100,100,0,0,0,0,0,0,0,0,
22053,,Rusty Lake,rusty-lake,30,9,9,0,5819914,667981,646657,8,100,0,0,100,0,0,0,0,0,0,Netherlands
24519,,Modern Storyteller,modern-storyteller,30,1,1,0,5812590,5812590,5812590,0,100,0,0,100,0,0,100,0,0,0,Australia
184909,,OMEGAMES STUDIO,omegames-studio,30,1,1,0,5812037,5812037,5812037,1,100,0,0,100,0,0,100,0,0,0,
38525,,Noisestorm,noisestorm,30,1,1,0,5809761,5809761,5809761,1,100,100,100,100,0,0,0,0,0,0,
26820,,Shawn Hitchcock,shawn-hitchcock,30,3,3,0,5807180,428319,1935727,0,100,100,67,100,67,100,0,0,0,0,
10190,,Goldhawk Interactive,goldhawk-interactive,30,2,2,0,5803694,2901847,2901847,1,50,0,0,0,100,100,50,0,0,0,
21331,,GrizzlyGames,grizzlygames,30,3,3,4,5798252,933088,1932751,5,71,57,43,29,29,29,14,0,14,14,Germany
28829,,Barrel Roll Games,barrel-roll-games,30,1,1,0,5789874,5789874,5789874,0,100,100,100,0,0,0,0,0,0,0,Germany
12314,,N3V Games,n3v-games,30,12,12,0,5782071,44532,481839,12,0,0,17,0,83,0,0,0,0,0,Australia
25461,,Easy Game Station,easy-game-station,30,3,3,0,5778615,334789,1926205,0,100,67,0,33,0,0,67,0,33,0,
6177,,Nether Productions LLC,nether-productions-llc,30,1,1,0,5776566,0,5776566,1,100,100,0,0,100,0,100,100,0,0,
18971,,Revolution Software Ltd,revolution-software-ltd,30,7,7,1,5771609,499711,824516,8,50,13,38,100,0,0,0,0,0,0,
33040,,Renderise,renderise,30,9,9,4,5758466,19752,639830,13,31,77,15,54,0,8,0,23,0,0,
41600,,"ILCA,Inc.",ilca-inc,30,3,3,0,5723854,2861927,1907951,0,0,100,33,33,33,0,67,0,0,0,
29937,,The Gentlebros,the-gentlebros,30,4,4,0,5719649,1504590,1429912,0,75,100,50,100,0,0,75,0,0,0,Singapore
19828,,E-Line Media,e-line-media,30,3,3,1,5715161,598296,1905054,3,75,25,50,100,25,0,0,0,0,0,United States
26501,,Robert Briscoe,robert-briscoe,30,2,2,0,5709117,2938061,2854559,0,100,0,100,100,0,0,0,0,0,0,
23297,,"BitMonster, Inc.",bitmonster-inc,30,2,2,0,5704454,2852227,2852227,2,100,50,0,100,0,0,100,0,0,0,
30125,,Gentlymad Studios,gentlymad-studios,30,3,3,0,5700853,944856,1900284,0,33,0,0,0,100,100,0,0,0,0,
34496,,Stellar Entertainment Limited,stellar-entertainment-limited,30,1,1,0,5676409,5676409,5676409,0,0,100,0,0,0,0,0,0,100,0,
48058,,KIWIWALKS,kiwiwalks,30,2,2,0,5671262,2835631,2835631,1,100,0,50,50,0,0,100,0,0,0,
27499,,Bombservice,bombservice,30,3,3,0,5666566,1243559,1888855,0,100,100,0,100,0,0,33,0,0,0,Brazil
32758,,Miro Haverinen,miro-haverinen,30,2,2,0,5665095,2832548,2832548,1,100,0,0,50,0,0,100,0,0,0,
102540,,peropero,peropero,30,1,1,0,5664100,5664100,5664100,0,100,100,100,0,0,0,0,0,0,0,
315230,,Fulqrum Games,fulqrum-games,30,1,1,0,5654696,5654696,5654696,0,0,0,0,100,0,100,100,0,0,0,
25517,,"Olli Harjola, Otto Hantula, Tom Jubert, Carlo Castellano",olli-harjola-otto-hantula-tom-jubert-carlo-castellano,30,1,1,0,5646847,5646847,5646847,0,100,100,0,100,0,0,0,0,0,0,
40074,,Bippinbits,bippinbits,30,2,2,2,5644739,2822370,2822370,3,100,50,25,50,50,0,0,0,0,0,Germany
36875,,Greylock Studio,greylock-studio,30,2,2,0,5641456,2820728,2820728,2,100,100,0,50,0,0,0,0,0,0,
41245,,SantaGoat,santagoat,30,1,1,0,5631101,5631101,5631101,1,100,0,100,100,100,0,0,0,100,0,
29455,,Mindillusion,mindillusion,30,1,1,0,5577980,5577980,5577980,0,100,0,0,0,100,100,0,0,0,0,
5549,,Snapshot Games Inc.,snapshot-games-inc,30,2,2,2,5574592,2787296,2787296,2,25,25,0,0,0,100,75,0,0,0,
26183,,07th Expansion,07th-expansion,30,14,14,0,5552316,304484,396594,0,21,7,7,93,0,0,0,0,0,0,Japan
15500,,Al Fine,al-fine,30,1,1,0,5517058,5517058,5517058,1,100,0,0,100,0,100,100,0,0,0,
20970,,Awesome Games Studio,awesome-games-studio,30,7,7,1,5513703,699968,787672,8,100,63,50,13,0,38,38,0,0,0,Poland
38865,,ACGames,acgames,30,2,2,0,5499326,2749663,2749663,2,100,100,50,50,0,50,50,0,0,0,
20301,,Dreamsite Games,dreamsite-games,30,2,2,0,5489695,2744848,2744848,1,100,0,50,50,50,100,50,0,0,0,
2745,,Brilliant Skies Ltd.,brilliant-skies-ltd,30,1,1,0,5488557,5488557,5488557,1,100,100,0,100,100,100,0,0,0,0,
31576,,Osmotic Studios,osmotic-studios,30,3,3,0,5457097,696342,1819032,0,100,0,33,67,100,0,0,0,0,0,Germany
49210,,Skywall Studios LLC,skywall-studios-llc,30,1,1,0,5456648,5456648,5456648,1,0,0,0,0,0,0,0,0,0,100,
36607,,Double Dagger Studio,double-dagger-studio,30,1,1,0,5455451,5455451,5455451,1,100,0,100,100,100,0,0,0,0,0,United States
26981,,Pixel Dash Studios,pixel-dash-studios,30,1,1,0,5454454,5454454,5454454,0,100,100,0,100,100,0,0,0,100,0,United States
4018287,,Redemption Road,redemption-road,30,1,1,1,5454454,5454454,5454454,0,50,100,0,50,100,50,0,0,50,0,
21535,,kChamp Games,kchamp-games,30,3,3,1,5428978,4083,1809659,4,100,100,75,0,25,25,0,25,0,25,United States
1515316,,Mainframe Industries,mainframe-industries,30,1,1,0,5419264,5419264,5419264,1,0,0,0,0,0,0,100,100,0,0,Finland
101411,,Affray Interactive,affray-interactive,30,1,1,1,5419120,5419120,5419120,0,100,50,0,50,0,50,0,50,0,0,United States
27695,,Digital Eclipse,digital-eclipse,30,19,19,0,5403622,167968,284401,10,32,79,32,11,5,5,11,0,0,5,United States
29894,,FantaBlade Network,fantablade-network,30,1,1,0,5381670,5381670,5381670,0,0,100,0,100,0,0,100,0,0,0,
64125,,L2 Games,l2-games,30,1,1,0,5361345,5361345,5361345,1,100,100,0,0,0,0,100,0,0,0,
54162,,Oppai-Man,oppai-man,30,2,2,0,5348798,2674399,2674399,2,100,0,0,100,0,0,0,0,0,0,Brazil
38582,,Oskar Stålberg,oskar-st-lberg,30,2,2,0,5330752,2665376,2665376,0,100,50,50,0,100,0,0,0,0,0,
19355,,Mega Cat Studios,mega-cat-studios,30,11,11,8,5319046,27855,483550,7,42,53,47,26,11,5,21,0,0,42,United States
64710,,tobspr Games,tobspr-games,30,1,1,0,5313270,5313270,5313270,1,100,0,100,0,100,100,0,0,0,0,Germany
8155,,Merge Games,merge-games,30,2,2,0,5304248,2652124,2652124,2,100,100,0,50,0,0,50,0,0,0,United Kingdom
32095,,Black Sea Games,black-sea-games,30,1,1,0,5297629,5297629,5297629,0,0,0,0,0,100,100,0,0,0,0,
5187,,MuHa Games,muha-games,30,3,3,1,5294482,988367,1764827,3,75,0,0,0,25,100,100,0,0,0,
200090,,Pixel Puzzles,pixel-puzzles,30,19,19,0,5272684,8523,277510,16,74,16,100,16,74,68,5,0,0,32,
16090,,Black Eye Games,black-eye-games,30,5,5,0,5258053,418962,1051611,3,100,40,20,60,60,80,100,20,0,0,
21466,,Two Tribes,two-tribes,30,5,5,0,5256457,1160729,1051291,1,80,40,60,20,0,20,0,0,0,0,Netherlands
31461,,Romero Games,romero-games,30,1,1,0,5240149,5240149,5240149,0,0,0,0,0,0,100,100,0,0,0,
24678,,"CRAFTS & MEISTER Co., Ltd.",crafts-meister-co-ltd,30,1,1,0,5227492,5227492,5227492,0,0,100,0,0,0,0,100,0,0,0,
29048,,Ion Storm,ion-storm,30,3,3,0,5204784,905219,1734928,0,0,100,0,0,0,0,0,0,0,0,United States
107015,,Illusion Ray,illusion-ray,30,1,1,0,5167016,5167016,5167016,1,100,100,0,100,0,0,0,0,0,0,
4995,,CCP,ccp,30,6,6,1,5158486,0,859748,7,29,100,14,0,0,14,14,43,0,14,
41376,,"Neonovice Co., Ltd.",neonovice-co-ltd,30,1,1,0,5147302,5147302,5147302,1,0,100,100,0,0,0,0,0,0,100,
151792,,SQUARE PIXELS,square-pixels,30,1,1,0,5147302,5147302,5147302,0,0,100,100,0,0,0,0,0,0,100,
21426,,Prideful Sloth,prideful-sloth,30,3,3,0,5139634,1237894,1713211,2,67,33,33,67,33,33,0,0,0,0,Australia
37848,,Door 407,door-407,30,3,3,2,5114577,2557289,1704859,5,40,0,20,0,60,100,0,0,0,0,
31152,,Upper One Games,upper-one-games,30,1,1,0,5111224,5111224,5111224,0,100,100,100,100,0,0,0,0,0,0,United States
78636,,Cosmographic Software,cosmographic-software,30,1,1,0,5105643,5105643,5105643,1,100,0,100,0,100,0,0,0,0,0,Russia
8150,,Cold Beam Games,cold-beam-games,30,5,5,0,5104488,604856,1020898,5,100,80,60,0,0,40,0,0,0,0,
28205,,Arkedo,arkedo,30,2,2,0,5104355,2552178,2552178,0,50,100,0,0,0,50,0,0,0,0,
9924,,Butterscotch Shenanigans,butterscotch-shenanigans,30,3,3,0,5099431,608756,1699810,3,100,100,0,100,33,0,67,0,0,0,United States
12079,,Toge Productions,toge-productions,30,8,8,3,5095181,461001,636898,7,100,27,55,55,64,64,18,9,0,0,Indonesia
28142,,Misc Games,misc-games,30,3,3,0,5095132,1858928,1698377,2,0,0,0,0,100,0,0,0,0,0,Norway
4797,,Downpour Interactive,downpour-interactive,30,1,1,0,5094577,5094577,5094577,0,100,100,0,0,100,100,0,0,0,0,
2468,,Ghostpie Studio,ghostpie-studio,30,1,1,0,5089473,5089473,5089473,1,100,0,0,100,0,0,0,0,0,0,
30324,,Redstone Interactive,redstone-interactive,30,1,1,0,5077767,5077767,5077767,0,100,100,0,0,100,100,0,100,0,0,
28915,,Deadpan Games,deadpan-games,30,2,2,0,5071172,2535586,2535586,0,100,50,0,50,0,50,0,0,0,0,
30329,,Saikono,saikono,30,2,2,0,5054229,5054229,2527115,1,100,0,0,100,0,0,0,0,0,0,
20208,,Flippfly LLC,flippfly-llc,30,3,3,2,5029545,151905,1676515,5,100,80,20,40,20,20,0,0,20,0,
29222,,墨鱼玩游戏,-,30,1,1,0,5015050,5015050,5015050,1,100,0,100,0,100,0,100,0,0,0,
543,,SFB Games,sfb-games,30,4,4,1,5002636,1203709,1250659,5,80,40,20,60,0,0,0,0,0,0,United Kingdom
5001,,IPACS,ipacs,30,6,6,0,4991813,1207505,831969,6,83,33,0,0,100,0,0,0,33,0,
16248,,Days of Wonder,days-of-wonder,30,5,5,0,4991102,633175,998220,5,40,0,100,0,20,100,0,0,0,0,France
6695,,Dire Wolf,dire-wolf,30,17,17,0,4990175,78270,293540,16,53,6,35,6,18,100,6,6,0,0,
4443,,NotGames,notgames,30,5,5,0,4988877,2425164,997775,2,80,20,40,40,60,0,0,0,0,0,United Kingdom
4331,, Forever Entertainment S. A.,forever-entertainment-s-a,30,20,20,2,4984605,229201,249230,21,73,41,73,55,32,32,23,0,5,5,Poland
18234,,Chasing Carrots,chasing-carrots,30,6,6,0,4978685,833560,829781,5,100,67,33,17,33,33,33,0,17,0,Germany
46957,,Hamish Dunn,hamish-dunn,30,1,1,0,4976650,4976650,4976650,1,100,100,0,0,100,0,0,0,0,0,
18569,,Cardboard Computer,cardboard-computer,30,2,2,0,4967150,4967150,2483575,1,100,0,0,50,0,0,0,0,0,0,United States
16935,,Walternate Realities,walternate-realities,30,1,1,0,4965120,4965120,4965120,1,0,0,0,0,100,100,0,0,0,0,
23355,,"Jundroo, LLC",jundroo-llc,30,4,4,1,4960794,343843,1240199,5,100,0,0,0,100,0,0,0,0,0,
2482,,DiezelPower,diezelpower,30,2,2,1,4945309,2472655,2472655,3,100,100,0,0,0,0,33,0,0,0,
12141,,Cyan Inc.,cyan-inc,30,1,1,0,4939846,4939846,4939846,1,100,0,0,100,0,0,0,0,0,0,
3347,,Everglow Interactive Inc.,everglow-interactive-inc,30,1,1,0,4929250,4929250,4929250,1,100,100,100,0,0,0,0,0,0,0,
15418,,PikPok,pikpok,30,5,5,1,4927568,36430,985514,6,0,50,17,0,50,33,0,0,50,33,New Zealand
4718,,Gaijin Entertainment Corporation,gaijin-entertainment-corporation,30,2,2,0,4909232,2454616,2454616,1,0,50,0,50,50,0,0,0,0,0,
4342,,Berzerk Studio,berzerk-studio,30,4,4,0,4897648,875722,1224412,3,100,75,50,50,0,50,50,0,0,25,Canada
42307,,白玉京工作室,-,30,2,2,0,4892851,2446426,2446426,0,100,50,0,50,0,50,100,0,0,0,
188268,,Cellbit,cellbit,30,1,1,0,4890172,4890172,4890172,0,100,100,0,100,0,0,0,0,0,0,
20401,,Iron Tower Studio,iron-tower-studio,30,3,3,0,4887692,2335566,1629231,3,67,0,0,0,0,0,100,0,0,0,Canada
4894,,Madmind Studio,madmind-studio,30,5,5,4,4883154,1181708,976631,6,56,67,0,100,11,0,0,0,0,0,Poland
17019,,Behaviour Digital Inc.,behaviour-digital-inc,20,1,1,0,4882687,0,4882687,1,0,100,0,0,0,0,0,0,0,0,
3144001,,Coffee Stain North,coffee-stain-north,30,2,2,0,4879885,2439943,2439943,0,0,0,100,100,100,0,0,0,0,0,Sweden
17215,,Erik Asmussen,erik-asmussen,30,3,3,1,4870386,1712997,1623462,3,100,25,25,0,75,50,0,0,0,25,
32580,,Looking Glass Studios,looking-glass-studios,30,5,5,1,4861474,780655,972295,0,0,100,0,33,50,0,50,0,0,0,United States
1183,,oddonegames,oddonegames,30,1,1,1,4856679,0,4856679,2,100,50,0,50,0,0,100,100,0,0,
31970,,Illusion Softworks,illusion-softworks,30,3,3,0,4856210,143536,1618737,0,0,100,0,33,0,67,0,0,0,0,Czech Republic
21125,,GRASSHOPPER MANUFACTURE INC.,grasshopper-manufacture-inc,30,9,9,0,4855416,538845,539491,2,0,78,0,44,0,0,0,0,0,0,
41850,,"Gemdrops, Inc.",gemdrops-inc,30,6,6,1,4847810,100558,807968,5,0,57,71,43,0,0,14,0,0,0,
33490,,"Armature Studio, LLC",armature-studio-llc,30,3,3,0,4815099,2384647,1605033,1,33,100,0,67,0,0,0,0,0,0,
31501,,Black Lab Games,black-lab-games,30,2,2,0,4814341,2407171,2407171,0,0,0,0,50,50,100,0,0,0,0,Australia
23764,,AQUAPLUS,aquaplus,30,6,6,3,4813330,939167,802222,0,0,22,0,78,56,44,56,0,0,0,
9754,,Puny Human,puny-human,30,3,3,0,4803159,108943,1601053,2,100,100,0,0,0,0,0,0,0,0,United States
27705,,Lukewarm Media,lukewarm-media,30,1,1,0,4785645,4785645,4785645,0,100,100,0,0,0,0,0,0,0,0,
26556,,Fool's Theory,fool-s-theory,30,2,2,0,4772139,2386070,2386070,0,50,50,0,100,0,0,100,0,0,0,Poland
39608,,Animal Uprising,animal-uprising,30,1,1,0,4762426,4762426,4762426,0,100,0,100,0,100,0,0,0,0,0,
38913,,Cold Symmetry,cold-symmetry,30,1,1,0,4753996,4753996,4753996,0,0,100,0,0,0,0,100,0,0,0,
5878,,Clickteam,clickteam,30,3,3,1,4744850,2372425,1581617,4,0,0,0,25,0,0,0,0,25,0,France
185616,,Game Smithing Limited,game-smithing-limited,30,2,2,1,4744488,4744488,2372244,3,100,100,0,0,33,0,100,0,0,0,
1683,,Hempuli Oy,hempuli-oy,30,1,1,0,4741500,4741500,4741500,1,100,0,0,0,0,0,0,0,0,0,
46660,,PlaySide,playside,30,3,3,0,4735117,2367559,1578372,2,0,67,0,0,0,33,0,0,0,0,Australia
10686,,tri-Ace,tri-ace,30,3,3,0,4725387,1185263,1575129,1,0,67,0,0,0,0,100,0,0,0,Japan
23513,,Heluo Studio,heluo-studio,30,2,2,0,4721032,2360516,2360516,0,0,0,50,100,50,100,100,0,0,0,
7611590,,Sunblink,sunblink,30,1,1,0,4715871,4715871,4715871,1,100,100,100,100,100,0,100,0,0,0,United States
30515,,Catobyte,catobyte,30,1,1,0,4711746,4711746,4711746,0,100,100,0,0,0,0,0,0,0,0,New Zealand
18259,,Capybara Games,capybara-games,30,7,7,1,4692786,167174,670398,5,50,63,50,38,0,50,38,0,0,0,Canada
186206,,"EIGHTING Co., Ltd.",eighting-co-ltd,30,1,1,0,4690124,4690124,4690124,0,0,100,100,0,0,0,0,0,0,0,
186207,,NEOPLE Inc.,neople-inc,30,1,1,0,4690124,4690124,4690124,0,0,100,100,0,0,0,0,0,0,0,
38066,,Game River,game-river,30,1,1,1,4682203,4682203,4682203,0,100,50,50,50,50,100,50,50,0,0,
29801,,YUKE'S,yuke-s,30,4,4,1,4680266,1314208,1170067,0,0,100,0,0,0,0,0,0,0,20,Japan
29969,,Minskworks,minskworks,30,2,2,1,4671138,2335569,2335569,1,67,0,0,100,100,0,67,0,33,0,
27094,,GolemLabs,golemlabs,30,3,3,0,4670810,901139,1556937,0,0,0,0,0,100,100,33,0,0,0,
2897,,Sand Sailor Studio,sand-sailor-studio,30,3,3,0,4664497,1075428,1554832,1,67,67,33,100,33,33,0,0,0,0,Romania
186380,,Combat Waffle Studios,combat-waffle-studios,30,2,2,1,4664300,2332150,2332150,0,33,100,0,67,67,0,33,33,0,0,
10564,,ustwo games,ustwo-games,30,5,5,1,4658229,926365,931646,6,67,17,100,67,0,67,0,0,0,17,United Kingdom
23436,,"Massive Damage, Inc.",massive-damage-inc,30,4,4,0,4651077,1380248,1162769,3,100,50,0,0,100,75,100,0,0,0,
7321,,Magic Design Studios,magic-design-studios,30,2,2,0,4637679,2318840,2318840,1,100,100,0,50,0,0,0,0,0,0,France
36486,,Team9,team9,30,3,3,2,4634109,4634109,1544703,3,80,0,0,80,20,40,100,0,0,0,
26747,,Hunex,hunex,30,6,6,0,4632387,13117,772065,3,0,0,50,50,0,0,0,0,0,0,Japan
940393,,Wave Game,wave-game,30,2,2,0,4618515,2309258,2309258,1,100,50,50,50,50,0,100,0,0,0,
8936,,Question,question,30,3,3,0,4616742,1192172,1538914,2,67,100,0,67,67,33,0,0,0,0,United States
31878,,Runner Duck,runner-duck,30,2,2,1,4609694,2304847,2304847,0,67,67,0,67,100,100,0,0,0,0,United Kingdom
47144,,Color Gray Games,color-gray-games,30,2,2,0,4603958,2301979,2301979,0,100,0,0,100,0,0,0,0,0,0,Latvia
22802,,"Dejobaan Games, LLC",dejobaan-games-llc,30,10,10,0,4587208,556772,458721,9,80,50,20,20,20,20,10,0,0,20,United States
28857,,Konstantin Koshutin,konstantin-koshutin,30,2,2,0,4573744,4203958,2286872,0,100,100,0,50,0,50,0,0,0,0,
32640,,The Lordz Games Studio,the-lordz-games-studio,30,8,8,0,4540190,395079,567524,0,0,0,0,0,13,100,0,0,0,0,Luxembourg
14161,,Mixed Realms Pte Ltd,mixed-realms-pte-ltd,30,3,3,1,4538377,1789081,1512792,3,100,75,0,50,25,50,100,0,0,0,
102085,,World Makers,world-makers,30,2,2,0,4521204,0,2260602,2,50,100,0,0,0,0,0,0,0,0,United Kingdom
11766,,Cloudhead Games ltd.,cloudhead-games-ltd,30,5,5,0,4507234,1859246,901447,4,80,20,40,80,0,0,0,0,0,20,
64168,,Focus Entertainment,focus-entertainment,20,2,2,0,4503526,2251763,2251763,2,0,0,0,0,100,0,0,0,0,0,France
43521,,MaFi Games,mafi-games,30,1,1,0,4503434,4503434,4503434,1,100,0,0,0,100,100,0,0,0,0,
20348,,Krillbite Studio,krillbite-studio,30,5,5,0,4502963,274559,900593,4,100,20,40,80,20,0,0,0,0,0,Norway
14482,,Funselektor Labs Inc.,funselektor-labs-inc,30,3,3,1,4494945,1603163,1498315,4,100,50,75,25,100,25,0,0,100,100,
28397,,Nils Jakrins,nils-jakrins,30,1,1,0,4488979,4488979,4488979,0,100,100,0,0,100,0,100,100,0,0,
24166,,甘肃嘉元数字科技有限公司,-,30,1,1,0,4471921,4471921,4471921,0,100,100,0,100,0,0,100,0,0,0,
21681,,Perun Creative,perun-creative,30,2,2,1,4470663,2235332,2235332,3,67,67,0,67,33,0,67,0,0,0,Czech Republic
8361,,Cadenza Interactive,cadenza-interactive,30,2,2,0,4464187,0,2232094,2,100,50,0,0,0,50,0,0,0,0,
30603,,Slant Six Games,slant-six-games,30,1,1,0,4463746,0,4463746,0,0,100,0,0,0,0,0,0,0,0,
7692,,Stefan Kelnberger,stefan-kelnberger,30,2,2,0,4457205,2228603,2228603,1,100,0,0,0,100,0,0,0,0,0,
13313,,Fire hose Games,fire-hose-games,30,7,7,0,4451818,244408,635974,4,100,57,43,14,57,43,0,0,0,0,United States
19660,,Dandylion,dandylion,30,1,1,0,4447426,4447426,4447426,1,100,0,100,0,0,100,100,0,0,0,South Korea
38687,,Awe Interactive,awe-interactive,30,1,1,0,4432549,4432549,4432549,1,100,100,0,100,0,0,0,0,0,0,
8449,,9heads Game Studios,9heads-game-studios,30,3,3,1,4426356,14788,1475452,4,75,75,25,50,0,0,0,0,0,0,
5903,,Full Control Studios,full-control-studios,30,2,2,0,4421495,0,2210748,0,50,0,0,0,0,100,50,0,0,0,
21578,,Crytivo,crytivo,30,1,1,0,4418156,4418156,4418156,1,100,0,0,0,100,100,0,0,0,0,
18479,,Bugbyte Ltd.,bugbyte-ltd,30,3,3,0,4411415,322965,1470472,3,100,67,0,0,100,100,33,0,0,0,Finland
21873,,InterWave Studios,interwave-studios,30,2,2,0,4399956,2199978,2199978,0,50,100,0,0,0,50,0,0,0,0,
52140,,Long Jaunt,long-jaunt,30,1,1,0,4391274,4391274,4391274,0,0,0,0,0,100,100,0,0,0,0,
24071,,Ino-Co Plus,ino-co-plus,30,7,7,0,4387787,176181,626827,0,57,29,43,43,0,43,29,14,0,0,Russia
679,,Puppygames,puppygames,30,5,5,1,4379097,498690,875819,6,100,83,17,17,17,33,0,17,0,0,
9258,,Hibernian Workshop,hibernian-workshop,30,2,2,0,4352369,2176185,2176185,1,100,100,50,100,0,0,50,0,0,0,France
30118,,"Just Add Water (Developments), Ltd.",just-add-water-developments-ltd,30,3,3,0,4346166,486233,1448722,0,67,67,0,100,0,0,0,0,0,0,
26898,,Brainwash Gang,brainwash-gang,30,6,6,0,4339512,99135,723252,0,67,67,17,50,0,0,0,0,0,0,Spain
2500,,Asymmetric,asymmetric,30,2,2,0,4334702,2167351,2167351,2,100,0,0,100,0,0,100,0,0,0,United States
18871,,Define Human Studios,define-human-studios,30,1,1,0,4333147,0,4333147,1,100,100,0,0,0,0,0,0,0,0,United States
13970,,Sokpop Collective,sokpop-collective,30,108,108,0,4332911,2052,40120,108,96,32,24,33,20,21,10,5,1,6,Netherlands
38603,,Starward Industries,starward-industries,30,1,1,1,4329876,4329876,4329876,1,100,50,0,50,0,0,0,0,0,0,Poland
23679,,Brave At Night,brave-at-night,30,1,1,1,4322351,4322351,4322351,1,50,0,0,50,100,100,100,0,0,0,United Kingdom
10805,,Iceflake Studios,iceflake-studios,30,5,5,0,4318111,826873,863622,1,60,0,20,0,60,20,0,0,20,80,Finland
7074985,,Guerrilla Games,guerrilla-games,30,2,2,0,4308352,2154176,2154176,0,0,100,0,100,0,0,50,0,0,0,Netherlands
25502,,Jump Over The Age,jump-over-the-age,30,3,3,0,4306956,655702,1435652,0,100,0,0,100,0,0,67,0,0,0,United Kingdom
11218,,Maschinen-Mensch,maschinen-mensch,30,3,3,0,4303983,1435859,1434661,2,100,33,0,33,33,67,67,0,0,0,Germany
42918,,OverBorder Studio,overborder-studio,30,1,1,0,4302985,4302985,4302985,0,0,100,0,0,0,0,0,0,0,0,Taiwan
19404,,Metalhead Software Inc.,metalhead-software-inc,30,4,4,0,4298502,872218,1074626,0,75,25,0,0,100,0,0,0,0,100,
478,,Klabater,klabater,30,4,4,1,4290724,1055809,1072681,5,60,20,40,60,60,80,60,20,0,0,
30206,,Navel,navel,30,5,5,2,4283242,539812,856648,1,14,14,100,86,14,0,0,0,0,0,
1165919,,Sad Owl Studios,sad-owl-studios,30,1,1,0,4282755,4282755,4282755,0,100,0,0,100,0,0,0,0,0,0,United Kingdom
18120,,Powerhoof,powerhoof,30,2,2,2,4281669,2140835,2140835,4,100,50,0,25,0,0,25,0,0,25,Australia
4328345,,Rabbit &amp; Bear Studios,rabbit-amp-bear-studios,30,1,1,0,4279336,4279336,4279336,0,100,100,0,100,0,100,100,0,0,0,
20885,,Thomas Happ Games LLC,thomas-happ-games-llc,30,2,2,0,4274795,2137398,2137398,2,100,100,0,100,0,0,0,0,0,0,
23936,,GameConnect,gameconnect,30,1,1,0,4262462,4262462,4262462,0,0,100,0,0,0,100,0,0,0,0,
3636440,,Eight Points,eight-points,30,1,1,0,4246368,4246368,4246368,0,100,100,0,100,100,0,100,0,0,0,
27661,,Swag Soft Holdings Pte Ltd,swag-soft-holdings-pte-ltd,30,2,2,0,4246043,2123022,2123022,0,100,50,0,50,0,100,100,0,0,0,
6078,,DarkStone Digital,darkstone-digital,30,6,6,1,4235212,34199,705869,5,100,43,0,71,14,0,0,0,0,0,
53677,,xeen Inc.,xeen-inc,30,2,2,0,4230921,2115461,2115461,1,0,50,50,0,0,0,50,0,0,0,
14475,,Oxymoron Games,oxymoron-games,30,2,2,0,4230233,2115117,2115117,2,100,0,0,0,50,100,50,0,0,0,
6213,,Dr PinkCake,dr-pinkcake,30,2,2,0,4225957,2112979,2112979,2,100,0,0,0,0,0,0,0,0,0,
23960,,Outerlight Ltd.,outerlight-ltd,30,3,3,0,4215779,1985747,1405260,0,67,100,0,0,0,0,67,0,0,0,
31374,,Nearga,nearga,30,1,1,0,4203586,4203586,4203586,0,0,100,0,100,0,0,100,0,0,0,
491,,DL Softworks,dl-softworks,30,4,4,3,4199158,1565391,1049790,7,29,43,86,29,29,43,0,0,0,0,
16121,,SIGONO INC.,sigono-inc,30,4,4,1,4190965,178208,1047741,4,100,0,0,100,0,0,0,0,0,0,
31903,,Bounding Box Software Inc.,bounding-box-software-inc,30,1,1,0,4189595,4189595,4189595,0,100,100,100,100,0,0,0,0,0,0,
31335,,Alter Games,alter-games,30,1,1,0,4188519,4188519,4188519,0,100,0,0,0,0,100,0,0,0,0,Russia
47070,,PlayWithFurcifer,playwithfurcifer,30,2,2,1,4188395,2094198,2094198,3,33,67,0,0,0,33,33,0,0,0,Germany
31462,,Ghost Town Games,ghost-town-games,30,1,1,0,4185965,4185965,4185965,0,100,0,100,0,100,100,0,0,0,0,United Kingdom
18457,,Campfire Games,campfire-games,30,1,1,0,4185433,4185433,4185433,1,100,100,0,0,100,100,0,100,0,0,
27905,,Okomotive,okomotive,30,2,2,1,4180947,2090474,2090474,0,100,67,33,100,0,0,0,0,0,0,Switzerland
7931,,TiGAMES,tigames,30,2,2,0,4176432,2088216,2088216,1,50,100,50,50,50,0,50,0,0,50,China
295398,,Dharker Studios,dharker-studios,30,59,59,2,4163906,4824,70575,18,100,8,90,66,21,7,25,0,0,0,
514,,Flow Fire Games,flow-fire-games,30,3,3,0,4157441,2078721,1385814,3,100,100,0,0,0,0,0,0,0,0,Germany
120378,,Dolphin Barn Incorporated,dolphin-barn-incorporated,30,1,1,0,4155531,0,4155531,1,100,100,0,0,100,100,0,0,0,0,
31685,,Tantalus,tantalus,30,1,1,0,4154671,4154671,4154671,0,0,0,0,0,0,100,0,0,0,0,
27853,,Pixel Crow,pixel-crow,30,1,1,1,4144628,4144628,4144628,0,100,0,0,100,50,50,0,0,0,0,
15654,,Blue Manchu,blue-manchu,30,2,2,0,4144116,2072058,2072058,0,50,100,0,0,0,100,0,0,0,0,Australia
22251,,Chongming Studio,chongming-studio,30,2,2,0,4138271,4117634,2069136,2,100,100,0,0,0,0,100,0,0,0,
45416,,Max Inferno,max-inferno,30,1,1,0,4133689,4133689,4133689,0,100,0,100,0,0,0,0,0,0,0,Canada
20026,,Monster Couch,monster-couch,30,4,4,0,4128589,113707,1032147,3,100,50,50,25,0,50,25,0,0,25,Poland
15221,,Sam Barlow,sam-barlow,30,3,3,2,4118525,718430,1372842,1,100,0,40,100,60,0,0,0,0,0,United Kingdom
23866,,Luis Antonio,luis-antonio,30,1,1,0,4118524,4118524,4118524,0,100,0,0,100,0,0,0,0,0,0,
29241,,Nicolas Meyssonnier,nicolas-meyssonnier,30,1,1,0,4113797,4113797,4113797,0,100,100,0,100,0,0,0,0,0,0,
27198,,Test3 Projects,test3-projects,30,1,1,0,4111931,4111931,4111931,0,100,100,0,0,0,0,0,0,0,0,
28246,,"Creative Assembly, PC Port - Hardlight",creative-assembly-pc-port-hardlight,20,1,1,0,4109611,4109611,4109611,0,0,100,0,100,0,0,0,0,0,0,
38438,,Earthshine,earthshine,30,1,1,0,4091242,4091242,4091242,1,100,0,0,0,100,100,0,0,0,0,
16814,,Games Incubator,games-incubator,30,28,28,13,4072934,88459,145462,41,93,34,76,56,95,15,2,0,2,0,
7611254,,Visionary Realms,visionary-realms,30,1,1,0,4065732,4065732,4065732,1,100,0,0,100,0,0,100,100,0,0,United States
2129,,Rocketcat Games,rocketcat-games,30,3,3,1,4057599,102091,1352533,4,100,100,0,50,0,0,50,0,0,0,United States
33260,,n-Space,n-space,30,3,3,0,4053074,276,1351025,0,0,67,0,0,0,0,33,0,33,0,United States
13720,,Frima Studio,frima-studio,30,6,6,0,4043018,287915,673836,1,50,33,17,33,0,50,17,0,0,0,Canada
14798,,Bare Mettle Entertainment,bare-mettle-entertainment,30,1,1,0,4042099,4042099,4042099,1,100,100,0,100,100,0,100,0,0,0,United Kingdom
29945,,Tuque Games,tuque-games,30,2,2,0,4032451,504549,2016226,0,50,100,0,50,0,0,50,0,0,0,Canada
766950,,重楼工作室,-,30,4,4,0,4025947,4025947,1006487,1,25,50,0,50,0,0,50,100,0,0,
1515130,,Samar Studio,samar-studio,30,1,1,0,4018409,4018409,4018409,1,100,100,0,0,100,0,0,100,0,0,
50490,,Radian Simulations LLC,radian-simulations-llc,30,1,1,0,4017234,4017234,4017234,1,100,100,0,0,100,0,0,0,0,0,
20414,,Baroque Decay,baroque-decay,30,2,2,2,4004590,2002295,2002295,2,75,0,0,100,0,0,50,0,0,0,
27552,,Unicube,unicube,30,2,2,0,4004121,2002061,2002061,0,100,0,0,0,50,100,100,0,0,0,United Kingdom
37404,,Triassic Games AB,triassic-games-ab,30,1,1,0,3999229,3999229,3999229,0,0,100,0,0,100,100,0,0,0,0,
19080,,Fishing Cactus,fishing-cactus,30,8,8,2,3998365,25586,499796,4,70,40,10,50,0,30,20,0,0,0,Belgium
1634682,,Johan Grönvall,johan-gr-nvall,30,1,1,0,3991870,3991870,3991870,0,0,100,0,0,0,0,0,0,0,0,
102665,,Ashborne Games,ashborne-games,30,2,2,0,3990474,1995237,1995237,0,0,50,0,0,50,50,0,0,0,0,Czech Republic
15605,,Digital Happiness,digital-happiness,30,6,6,2,3986330,512423,664388,8,100,63,0,100,0,0,0,0,0,0,Indonesia
29736,,Deck13 Hamburg,deck13-hamburg,30,3,3,0,3976965,1055914,1325655,0,0,0,67,0,100,100,0,0,0,0,
20425,,Rake in Grass,rake-in-grass,30,9,9,1,3975374,56228,441708,10,100,60,40,50,20,30,40,0,0,0,Czech Republic
28643,,Spellbound,spellbound,30,8,8,0,3966285,259210,495786,0,0,25,0,0,13,50,25,0,0,0,
1162,,Zero Sum Games,zero-sum-games,30,3,3,0,3965459,1954193,1321820,0,100,0,0,0,0,100,0,0,0,0,
9734,,aNCHOR Inc.,anchor-inc,30,12,12,0,3957204,92300,329767,12,0,8,92,100,8,8,8,0,0,0,
23675,,Tokyo RPG Factory,tokyo-rpg-factory,30,3,3,0,3951899,600070,1317300,0,0,67,0,33,0,0,100,0,0,0,Japan
7992,,Broken Rules,broken-rules,30,4,4,0,3942134,664484,985534,4,100,75,50,75,0,0,0,0,0,0,Austria
31360,,Coldwood Interactive,coldwood-interactive,30,3,3,0,3939232,1615750,1313077,0,0,100,0,67,0,0,0,0,0,33,Sweden
20552,,Hanako Games,hanako-games,30,8,8,1,3938211,160592,492276,9,89,0,0,56,56,33,56,0,0,0,
14397,,Radial Games Corp,radial-games-corp,30,3,3,0,3928988,543422,1309663,2,100,33,67,33,67,67,33,0,0,33,
10083,,Remtairy,remtairy,30,2,2,0,3928730,1964365,1964365,2,0,0,0,0,50,50,100,0,0,0,
8780,,Free Range Games,free-range-games,30,4,4,1,3919196,1917833,979799,3,40,40,20,20,20,20,60,0,0,40,United States
32022,,Madgarden,madgarden,30,1,1,0,3904308,3904308,3904308,0,100,100,0,0,0,0,100,0,0,0,
13920,,Mad Head Games,mad-head-games,30,24,24,0,3901760,2975,162573,3,4,13,88,88,0,0,4,0,0,0,Serbia
38990,,Aluba Studio,aluba-studio,30,4,4,0,3889324,929168,972331,1,100,0,0,25,75,0,75,0,0,0,China
18301,,Bad Viking,bad-viking,30,2,2,1,3886105,3886105,1943053,1,100,33,0,67,67,33,0,0,0,0,
5943,,二色幽紫蝶,-,30,5,5,1,3871962,56809,774392,6,100,67,33,33,17,17,100,0,0,17,China
3894146,,Ballistic Moon,ballistic-moon,30,1,1,0,3868645,3868645,3868645,0,0,0,0,100,0,0,0,0,0,0,United Kingdom
17093,,Krome Studios,krome-studios,30,10,10,0,3865577,287978,386558,5,50,80,20,50,10,30,20,0,0,0,Australia
743260,,Slug Disco,slug-disco,30,1,1,0,3862767,3862767,3862767,1,0,0,0,0,100,100,0,0,0,0,United Kingdom
8510,,Bytten Studio,bytten-studio,30,2,2,0,3852609,1926305,1926305,1,100,50,0,50,0,0,100,0,0,0,United Kingdom
51171,,Superkami,superkami,30,1,1,0,3851939,3851939,3851939,0,0,0,0,100,100,0,100,0,0,0,
10742,,TECOPARK,tecopark,30,3,3,0,3851831,1921830,1283944,3,67,100,100,0,0,0,0,0,0,0,
2327,,Re零同人社,re,30,4,4,0,3850006,183140,962502,1,100,50,25,25,25,25,100,0,0,0,China
29018,,DotEmu SAS.,dotemu-sas,30,1,1,0,3848252,3848252,3848252,0,0,0,0,0,0,0,100,0,0,0,
22458,,"Sastrei Studios, LLC",sastrei-studios-llc,30,1,1,0,3843300,3843300,3843300,1,100,0,0,100,100,0,0,100,0,0,
22866,,Moi Rai Games,moi-rai-games,30,1,1,0,3835245,3835245,3835245,0,100,100,0,100,0,100,100,0,0,0,Germany
33202,,Snoozy Kazoo,snoozy-kazoo,30,2,2,1,3831394,1915697,1915697,1,100,100,67,67,0,0,0,0,0,0,United States
59325,,Abrakam Entertainment SA,abrakam-entertainment-sa,30,2,2,0,3829440,1914720,1914720,0,100,0,0,100,0,100,100,50,0,0,
23733,,YS Interactive,ys-interactive,30,2,2,0,3828780,1914390,1914390,0,50,50,50,100,50,0,0,0,0,0,France
4065006,,Feel Free Games,feel-free-games,30,1,1,0,3828274,3828274,3828274,1,100,0,100,100,100,0,100,0,0,0,
18370,,Con Artist Games,con-artist-games,30,3,3,1,3826819,1913410,1275606,1,50,75,0,50,25,50,0,25,0,0,Australia
14359,,Tasharen Entertainment Inc.,tasharen-entertainment-inc,30,3,3,1,3824643,1799370,1274881,4,100,75,25,50,0,25,75,0,0,0,
45019,,SBN3,sbn3,30,3,3,0,3824564,1353521,1274855,2,100,0,100,0,67,0,67,0,0,0,
24264,,北京九鳳信息科技有限公司,-,30,1,1,0,3819496,3819496,3819496,0,0,0,0,0,0,0,100,0,0,0,
13464,,Polychroma Games,polychroma-games,30,2,2,0,3814077,3814077,1907039,1,100,0,50,50,0,0,0,0,0,0,
33539,,SuperCrit,supercrit,30,1,1,0,3811310,0,3811310,1,100,100,0,0,0,0,0,0,0,0,
31514,,"Voidpoint, LLC",voidpoint-llc,30,1,1,0,3808378,3808378,3808378,0,100,100,0,0,0,0,0,0,0,0,
16624,,Simogo,simogo,30,3,3,0,3806818,1201914,1268939,1,67,33,33,67,0,0,0,0,0,0,Sweden
1204,,yevhen8,yevhen8,30,3,3,0,3804770,35356,1268257,3,33,0,67,0,67,100,0,0,0,0,
8050390,,Umami Tiger (Matthias Linda),umami-tiger-matthias-linda,30,1,1,0,3797652,3797652,3797652,0,100,0,0,0,0,0,100,0,0,0,
22281,,ByKing,byking,30,2,2,0,3794279,3794279,1897140,1,50,100,50,0,0,50,0,50,0,0,
34908,,Nikita Kryukov,nikita-kryukov,30,2,2,1,3793993,1896997,1896997,2,100,0,67,33,0,0,0,0,0,0,
15618,,Mister Morris Games,mister-morris-games,30,2,2,0,3788381,1894191,1894191,2,100,50,50,50,50,50,0,0,0,0,
185747,,Gaziter,gaziter,30,1,1,0,3778973,3778973,3778973,0,100,0,0,0,0,100,0,0,0,0,
8704,,WhiteMoon Dreams,whitemoon-dreams,30,1,1,0,3777367,0,3777367,0,100,0,0,0,0,100,0,0,0,0,United States
14829,,Asteroid Base,asteroid-base,30,1,1,0,3766306,3766306,3766306,1,100,100,0,0,100,0,0,0,0,0,Canada
12887,,Dingaling Productions,dingaling-productions,30,2,2,0,3755566,3755566,1877783,0,50,0,0,50,0,0,100,0,0,0,
187876,,Geometric Interactive,geometric-interactive,30,1,1,0,3741073,3741073,3741073,0,100,0,0,100,0,0,0,0,0,0,Denmark
30685,,Modern Dream,modern-dream,30,3,3,0,3734942,129737,1244981,0,67,67,0,33,0,33,0,0,0,0,United Kingdom
15729,,Spiderweb Software,spiderweb-software,30,19,19,0,3732785,72339,196462,19,100,0,0,37,0,79,100,0,0,0,United States
25712,,Sabotage,sabotage,30,1,1,0,3731565,3731565,3731565,0,100,100,0,0,0,0,0,0,0,0,Canada
21928,,Anshar Studios,anshar-studios,30,6,6,1,3728275,587509,621379,0,71,29,0,57,29,0,14,0,0,0,Poland
4839,,Oddworld Inhabitants,oddworld-inhabitants,30,5,5,0,3726629,546749,745326,5,20,60,0,100,0,40,0,0,0,0,United States
43439,,Wangyuan Shengtang Entertainment Technology CO.,wangyuan-shengtang-entertainment-technology-co,30,1,1,0,3723813,0,3723813,0,0,0,0,0,0,0,100,100,0,0,
17832,,Mandragora,mandragora,30,4,4,0,3721498,704767,930375,2,100,50,0,50,50,0,50,0,0,0,Armenia
184419,,Voracious Games,voracious-games,30,1,1,0,3718725,3718725,3718725,0,100,0,0,0,100,100,100,0,0,0,United States
4436511,,Fair Games ApS,fair-games-aps,30,1,1,0,3707346,3707346,3707346,1,100,100,0,100,0,0,100,0,0,0,
8294,,Hothead Games,hothead-games,30,5,5,0,3695590,688200,739118,3,40,60,0,60,0,0,100,0,0,0,Canada
9431,,Bedtime Digital Games,bedtime-digital-games,30,5,5,0,3693609,545563,738722,5,100,80,60,80,0,0,0,0,0,0,Denmark
43369,,Just2D,just2d,30,2,2,0,3683708,3683708,1841854,0,100,100,0,100,0,0,100,0,0,0,
13420,,Tim Sullivan,tim-sullivan,30,1,1,0,3676134,3676134,3676134,1,0,0,0,0,0,0,0,0,0,0,
22500,,"StartupTim, LLC",startuptim-llc,30,1,1,0,3676134,3676134,3676134,1,0,0,0,0,0,0,0,0,0,0,
27368,,panstasz,panstasz,30,2,2,0,3673543,1836772,1836772,0,100,50,0,50,0,0,50,0,0,0,Poland
7183,,Q-Games Ltd.,q-games-ltd,30,9,9,2,3670550,186287,407839,7,64,73,55,18,0,18,9,0,0,0,Japan
13749,,eduweb,eduweb,30,2,2,0,3667608,1833804,1833804,2,50,50,0,0,100,0,100,0,0,0,
17942,,Secret Exit Ltd.,secret-exit-ltd,30,3,3,0,3661791,411522,1220597,3,100,67,33,0,67,0,0,0,33,0,Finland
7243,,Clockwork Acorn,clockwork-acorn,30,3,3,0,3660882,16124,1220294,1,100,0,100,0,0,33,0,0,0,0,South Africa
3056,,Winter Wolves,winter-wolves,30,39,39,2,3656431,27896,93755,41,80,0,34,63,29,12,24,0,0,5,
33263,,Rogueside,rogueside,30,7,7,3,3651729,439417,521676,10,30,50,50,40,10,10,20,0,0,0,Belgium
2388,,Haydee Interactive,haydee-interactive,30,3,3,0,3638329,811193,1212776,3,100,100,0,67,0,0,0,0,0,0,
9972,,Refract,refract,30,1,1,0,3626406,3626406,3626406,1,100,100,0,0,0,0,0,0,100,0,
720548,,Triiodide Studios,triiodide-studios,30,1,1,0,3619379,3619379,3619379,1,100,100,100,100,0,0,0,0,0,0,
17007,,Blowfish Studios,blowfish-studios,30,6,6,2,3618810,29587,603135,6,63,88,38,63,0,25,13,0,0,0,Australia
21275,,Marmalade Game Studio Ltd,marmalade-game-studio-ltd,30,8,8,0,3613201,181218,451650,8,38,13,100,38,75,75,0,0,0,0,
54052,,Microids Studio Paris,microids-studio-paris,30,4,4,1,3610824,1805412,902706,0,0,60,0,80,20,20,0,0,0,0,France
21229,,Nimble Giant Entertainment,nimble-giant-entertainment,30,5,5,0,3608884,1420234,721777,4,60,60,0,20,20,60,20,20,0,40,Argentina
1637814,,Arkane Austin,arkane-austin,30,1,1,0,3597374,3597374,3597374,0,0,100,0,100,0,0,0,0,0,0,United States
6049,,MoeNovel,moenovel,30,8,8,0,3588536,247864,448567,8,0,0,100,100,100,0,0,0,0,0,
3870413,,Kiseff,kiseff,30,1,1,0,3579620,3579620,3579620,0,100,100,100,100,0,0,100,0,0,0,
1604,,TEAM HORAY,team-horay,30,2,2,0,3574029,1787015,1787015,2,50,100,0,0,0,0,0,0,0,0,
1640437,,Wishes Ultd.,wishes-ultd,30,4,4,0,3572649,948465,893162,0,100,0,0,75,0,0,75,0,0,25,Canada
12210,,Flamebait Games,flamebait-games,30,4,4,0,3565952,623120,891488,4,100,50,75,0,75,0,0,0,0,0,Sweden
3186,,Kerberos Productions,kerberos-productions,30,6,6,0,3552456,65366,592076,5,67,17,50,17,0,83,33,0,0,0,Canada
3986,,Thunder Devs.,thunder-devs,30,2,2,1,3535989,1767995,1767995,3,33,67,0,0,100,67,0,33,0,0,
38751,,Crenetic,crenetic,30,3,3,0,3533986,269759,1177995,0,0,100,33,33,67,67,0,0,0,0,
5972,,Draw Distance,draw-distance,30,6,6,0,3516957,289728,586160,0,100,50,0,17,17,17,17,0,0,0,Poland
21512,,Stegersaurus Software Inc.,stegersaurus-software-inc,30,3,3,0,3516446,217529,1172149,3,100,67,33,33,100,0,0,0,0,67,
48666,,Ivy Sly,ivy-sly,30,1,1,1,3509659,3509659,3509659,2,100,100,0,0,50,50,0,0,0,0,
28680,,Jordi Roca,jordi-roca,30,2,2,0,3509388,1754694,1754694,0,100,100,0,100,0,0,100,0,0,0,
30038,,Chris Nordgren,chris-nordgren,30,2,2,0,3509388,1754694,1754694,0,100,100,0,100,0,0,100,0,0,0,
28645,,Charlie Oscar Lima Tango Interactive Entertainment,charlie-oscar-lima-tango-interactive-entertainment,30,4,4,1,3509355,3470955,877339,1,100,0,0,0,0,80,60,0,0,0,
1062,,AtomTeam,atomteam,30,4,4,0,3503203,1037344,875801,4,0,0,25,0,0,0,75,0,0,0,Russia
17817,,Blendo Games,blendo-games,30,6,6,1,3500900,253291,583483,6,86,29,14,43,14,43,0,0,0,0,United States
9538,,Connection,connection,30,3,3,0,3499739,828775,1166580,2,100,0,100,100,67,67,67,0,0,0,
30678,,Unfrozen,unfrozen,30,1,1,1,3491519,3491519,3491519,0,50,0,0,0,0,100,100,0,0,0,Cyprus
51965,,Far From Home,far-from-home,30,1,1,0,3490791,3490791,3490791,1,100,100,0,100,100,0,0,0,0,0,
53949,,LANCARSE Ltd.,lancarse-ltd,30,4,4,0,3488746,812149,872187,0,0,0,0,25,0,75,75,0,0,0,
29220,,Carbon,carbon,30,1,1,0,3481987,3481987,3481987,0,100,100,0,100,0,0,0,0,0,0,
24947,,Design Factory,design-factory,30,3,3,0,3473611,647538,1157870,0,0,0,0,100,0,0,0,0,0,0,Japan
21700,,We Create Stuff,we-create-stuff,30,2,2,1,3468053,3468053,1734027,2,100,100,0,67,0,0,0,0,0,0,Israel
32814,,Thorium,thorium,30,1,1,1,3466240,3466240,3466240,2,100,100,0,100,0,0,100,0,0,0,Canada
3129,,Rising Star Games,rising-star-games,30,1,1,0,3461384,3461384,3461384,1,0,100,0,100,0,0,0,0,0,0,United Kingdom
23705,,Nerial,nerial,30,9,9,0,3451989,104074,383554,0,67,0,33,67,44,11,22,0,0,0,United Kingdom
453,,Daylight Studios,daylight-studios,30,5,5,1,3446149,739284,689230,2,100,17,50,33,83,50,0,0,0,0,Singapore
23246,,Jordy Lakiere,jordy-lakiere,30,1,1,0,3441734,3441734,3441734,1,100,100,0,0,100,100,100,0,0,0,
30972,,Pub Games,pub-games,30,3,3,0,3441614,11815,1147205,1,100,67,0,33,0,0,33,0,0,0,Australia
14547,,Blue Brain Games,blue-brain-games,30,5,5,1,3438759,651403,687752,6,100,0,0,100,0,50,0,0,0,0,Czech Republic
25759,,Lump of Sugar,lump-of-sugar,30,9,9,1,3438366,147098,382041,0,0,0,80,90,10,0,0,0,0,0,
13268,,Big Robot Ltd,big-robot-ltd,30,4,4,1,3432703,349005,858176,5,80,80,20,0,0,0,0,0,0,0,United Kingdom
23622,,Circle Five Studios,circle-five-studios,30,1,1,0,3429727,3429727,3429727,0,100,100,0,0,0,0,0,0,0,0,
19013,,New Reality Games,new-reality-games,30,5,5,0,3429613,735199,685923,5,100,20,20,100,60,40,80,0,0,0,United Kingdom
8051,,TPP Studio,tpp-studio,30,2,2,1,3418829,1709415,1709415,2,100,0,33,67,100,100,100,0,0,0,
24674,,Innocent Grey,innocent-grey,30,8,8,0,3412081,324158,426510,0,0,0,50,75,25,0,0,0,0,0,Japan
20953,,AnukenDev,anukendev,30,1,1,0,3407692,3407692,3407692,1,0,0,0,0,0,100,0,0,0,0,
23745,,UMEO Studios,umeo-studios,30,2,2,2,3401854,1700927,1700927,0,0,25,50,75,100,25,50,0,0,0,Poland
48093,,PantyParrot,pantyparrot,30,4,4,0,3401658,949471,850415,3,75,0,100,50,50,25,75,0,0,0,
28859,,Doseone,doseone,30,7,7,0,3399500,355088,485643,0,100,57,0,57,0,0,0,0,0,0,
17831,,Zombie Studios,zombie-studios,30,6,6,0,3393716,57806,565619,1,17,83,17,33,0,17,0,0,0,0,United States
7087,,Clever-Plays,clever-plays,30,3,3,1,3386681,1693341,1128894,4,50,25,50,50,0,25,25,0,0,0,Canada
30441,,Chimeric,chimeric,30,1,1,0,3384076,3384076,3384076,0,100,100,0,0,0,0,0,0,0,0,
23537,,Lab Zero Games,lab-zero-games,30,1,1,0,3377499,3377499,3377499,0,100,100,0,0,0,0,100,0,0,0,United States
11339,,Pupuya Games,pupuya-games,30,1,1,0,3370452,3370452,3370452,1,100,100,0,0,0,0,0,0,0,0,
18854,,Digital Cybercherries,digital-cybercherries,30,3,3,1,3369931,1044877,1123310,4,100,50,75,50,50,25,0,0,25,25,
26094,,Frontier,frontier,30,2,2,0,3369397,285018,1684699,0,0,50,0,50,100,100,0,0,50,0,
19036,,Beawesome Games,beawesome-games,30,2,2,0,3364355,1682178,1682178,0,100,0,0,0,100,0,50,50,0,0,
3960180,,KovaaK Games,kovaak-games,30,1,1,0,3364106,3364106,3364106,1,100,100,0,0,100,0,0,0,0,0,United States
18690,,Thomas Moon Kang,thomas-moon-kang,30,3,3,0,3363438,92944,1121146,2,100,100,33,33,0,33,0,0,0,0,
45367,,Dimfrost Studio,dimfrost-studio,30,2,2,0,3355978,1677989,1677989,1,100,0,0,100,0,0,0,0,0,0,Sweden
54365,,Briganti,briganti,30,1,1,0,3355009,3355009,3355009,1,0,0,0,0,0,0,100,0,0,0,
33129,,Mojiken,mojiken,30,10,10,0,3354532,81765,335453,1,100,10,60,60,0,0,0,0,0,10,
38963,,Teravision Games,teravision-games,30,2,2,0,3353751,1676876,1676876,1,50,100,0,50,0,50,0,0,0,0,Colombia
28311,,Other Ocean Emeryville,other-ocean-emeryville,30,1,1,0,3353692,3353692,3353692,0,0,0,0,0,100,0,0,0,0,0,
35714,,SimRail S.A.,simrail-s-a,30,2,2,2,3344245,3344245,1672123,0,0,25,25,25,100,0,0,25,0,0,Poland
38831,,Valko Game Studios,valko-game-studios,30,1,1,1,3341799,3341799,3341799,2,100,100,0,50,0,0,0,0,0,0,
3245,,Blue Bottle Games,blue-bottle-games,30,2,2,0,3341149,1670575,1670575,1,100,0,0,0,50,50,100,0,0,0,United States
1640288,,snekflat,snekflat,30,2,2,1,3338465,1669233,1669233,0,100,67,33,67,0,0,67,0,0,0,
10394,,Sigma Team Inc.,sigma-team-inc,30,13,13,0,3334560,207594,256505,12,92,100,8,0,0,23,69,0,0,0,
25272,,Alexey Davydov,alexey-davydov,30,4,4,0,3329161,702971,832290,0,100,75,50,100,50,50,0,0,0,0,
7116,,Sunhead Games,sunhead-games,30,1,1,0,3328605,3328605,3328605,0,100,0,100,100,0,0,100,0,0,0,Taiwan
7986,,Goblinz Studio,goblinz-studio,30,9,9,1,3328427,335562,369825,0,50,0,0,0,10,100,90,0,0,10,France
28408,,Midgar Studio,midgar-studio,30,2,2,1,3326403,1663202,1663202,0,33,67,0,67,0,33,67,0,0,0,France
28160,,Azure Flame Studio,azure-flame-studio,30,1,1,0,3325020,3325020,3325020,0,100,0,0,0,0,100,100,0,0,0,
31271,,Interceptor Entertainment,interceptor-entertainment,30,4,4,0,3324512,3249228,831128,0,0,100,0,0,0,0,0,0,0,0,Denmark
6475,,Coredumping,coredumping,30,1,1,0,3322568,3322568,3322568,1,100,0,0,0,100,100,0,0,0,0,Denmark
31656,,Titan Forge Games,titan-forge-games,30,2,2,0,3320897,0,1660449,0,0,100,100,100,0,100,100,100,0,0,United States
33148,,Gamatron AB,gamatron-ab,30,1,1,0,3317668,3317668,3317668,1,100,0,0,0,100,100,0,0,0,0,
3756,,Proletariat Inc.,proletariat-inc,30,2,2,0,3313550,0,1656775,2,50,100,0,50,0,0,50,0,0,50,
29657,,WolfEye Studios,wolfeye-studios,30,1,1,0,3313352,3313352,3313352,0,100,100,0,100,100,0,100,0,0,0,Australia
1378,,Noobz from Poland,noobz-from-poland,30,2,2,0,3312062,1656031,1656031,0,100,50,0,0,100,100,0,0,0,0,
184727,,Out of the Blue Games,out-of-the-blue-games,30,2,2,1,3307303,1653652,1653652,1,67,0,33,100,0,0,33,0,0,0,Spain
106,,Edge Case Games Ltd.,edge-case-games-ltd,30,1,1,0,3305003,0,3305003,1,100,100,0,100,0,100,0,100,0,0,
21688,,Hemisphere Games,hemisphere-games,30,1,1,0,3293139,3293139,3293139,1,100,0,100,0,0,0,0,0,0,0,Canada
25005,,Do My Best,do-my-best,30,2,2,0,3290923,1645462,1645462,0,100,50,0,100,0,0,0,0,0,0,
9718,,Odd Meter,odd-meter,30,2,2,0,3277495,1638748,1638748,1,0,50,0,100,50,0,0,0,0,0,Kazakhstan
101876,,Apog Labs,apog-labs,30,1,1,1,3264241,3264241,3264241,2,100,0,50,50,50,50,0,0,0,0,Sweden
23538,,Pyro Studios,pyro-studios,30,8,8,0,3254301,321899,406788,0,13,38,0,0,0,63,0,0,0,0,Spain
31928,,Iguana Entertainment,iguana-entertainment,30,4,4,0,3238710,815396,809678,0,0,100,0,100,0,0,0,0,0,0,United States
29436,,Nvizzio Creations,nvizzio-creations,30,2,2,0,3236046,3056362,1618023,0,50,50,0,50,100,100,50,50,0,0,
13758,,High Horse Entertainment,high-horse-entertainment,30,1,1,0,3227148,3227148,3227148,1,100,100,0,0,0,0,0,0,0,100,
1938,,adamgryu,adamgryu,30,1,1,0,3223041,3223041,3223041,1,100,0,0,100,0,0,0,0,0,0,
21141,,Sweet Bandits Studios,sweet-bandits-studios,30,2,2,0,3222725,1611363,1611363,1,100,100,0,0,0,50,0,0,0,0,Canada
37801,,Chime Corporation,chime-corporation,30,2,2,0,3220911,1610456,1610456,0,0,50,0,50,0,50,0,0,0,0,
11836,,Spry Fox LLC,spry-fox-llc,30,6,6,0,3212597,420047,535433,6,100,33,50,0,0,17,33,33,0,0,
19104,,Morteshka,morteshka,30,3,3,1,3211084,1605542,1070361,2,100,0,0,100,0,50,50,0,0,0,Russia
29659,,Thinking Stars,thinking-stars,30,1,1,2,3207856,3207856,3207856,1,33,100,0,67,33,0,33,33,0,0,
29407,,Dapper Penguin Studios,dapper-penguin-studios,30,2,2,0,3205497,1602749,1602749,0,100,0,50,0,100,100,0,0,0,0,Spain
27465,,Katauri Interactive,katauri-interactive,30,3,3,0,3205134,768923,1068378,0,0,33,0,33,33,100,100,0,0,0,Russia
15445,,Cassel Games,cassel-games,30,2,2,0,3204797,1602399,1602399,2,100,0,100,50,100,100,0,0,0,0,
15098,,Silver Dollar Games,silver-dollar-games,30,6,6,0,3198122,697949,533020,6,100,50,100,17,17,33,0,0,0,0,
40513,,DeGenerals S.A.,degenerals-s-a,30,1,1,2,3193865,3193865,3193865,2,67,67,33,33,100,33,0,0,0,0,
38686,,Sever,sever,30,3,3,1,3191964,3191964,1063988,0,100,0,25,100,100,75,75,0,0,0,
41193,,Typhoon,typhoon,30,1,1,0,3191043,3191043,3191043,0,0,100,0,100,0,0,0,0,0,0,
14365,,Uppercut Games Pty Ltd,uppercut-games-pty-ltd,30,4,4,0,3190883,412750,797721,4,50,50,0,50,0,0,0,0,0,0,
29250,,Mighty Rabbit Studios,mighty-rabbit-studios,30,5,5,0,3188325,446692,637665,1,60,80,20,0,20,60,60,0,0,0,United States
41092,,Untitled Studio,untitled-studio,30,2,2,1,3187677,3187677,1593839,2,33,0,0,0,100,100,0,0,0,0,
54047,,Realm Archive,realm-archive,30,2,2,0,3186148,1593074,1593074,2,100,50,50,0,0,50,50,0,0,0,
17592,,Cradle Games,cradle-games,30,5,5,0,3185012,26433,637002,0,40,80,0,60,20,0,40,0,0,20,Canada
24051,,Cryptic Sea,cryptic-sea,30,3,3,2,3183896,1478620,1061299,1,80,40,20,20,20,0,0,40,20,60,United States
1481504,,Holy Wow Studios LLC,holy-wow-studios-llc,30,2,2,0,3181897,1590949,1590949,1,50,0,100,0,0,0,0,0,0,0,
30443,,Chris Sawyer Productions,chris-sawyer-productions,30,2,2,0,3180129,1590065,1590065,0,0,0,0,0,100,100,0,0,0,0,United Kingdom
7284,,Matt Roszak,matt-roszak,30,5,5,1,3174510,723753,634902,6,50,33,33,67,0,17,67,0,0,0,
191,,DSGame,dsgame,30,17,17,0,3174005,113476,186706,17,94,35,94,29,6,41,47,0,0,0,
15697,,AURORA Games,aurora-games,30,2,2,0,3172865,1586433,1586433,2,100,0,100,100,100,0,50,0,0,0,
14553,,Vaka Game Magazine,vaka-game-magazine,30,17,17,3,3171655,65571,186568,20,100,30,15,95,15,0,50,0,0,0,
23762,,Bit Golem,bit-golem,30,4,4,4,3167598,1433347,791900,3,88,13,75,63,50,13,13,0,0,38,
36699,,Deep Silver Fishlabs,deep-silver-fishlabs,30,2,2,0,3165490,1582745,1582745,0,0,50,50,100,50,0,0,0,0,0,
6277,,Samurai Punk,samurai-punk,30,7,7,0,3162059,64598,451723,6,71,71,29,43,14,0,0,0,0,0,Australia
24478,,Fictiorama Studios,fictiorama-studios,30,4,4,0,3160810,429720,790203,0,100,0,0,25,75,75,0,0,0,0,Spain
9312,,LKA,lka,30,2,2,0,3159246,1579623,1579623,1,100,0,0,100,0,0,0,0,0,0,Italy
28215,,Gambrinous,gambrinous,30,2,2,1,3153636,1576818,1576818,2,67,0,0,0,0,33,100,0,0,0,Ireland
24171,,Tlön Industries,tl-n-industries,30,1,1,2,3153393,3153393,3153393,2,33,33,0,33,67,67,0,0,0,0,Argentina
29873,,Silent Dreams,silent-dreams,30,6,6,1,3139666,346674,523278,0,100,57,71,86,43,86,100,0,0,0,Germany
16982,,Necrophone Games,necrophone-games,30,1,1,0,3136980,3136980,3136980,1,100,0,0,100,0,0,0,0,0,0,Canada
17641,,Mooneye Studios,mooneye-studios,30,2,2,2,3136785,1568393,1568393,4,100,100,0,100,0,0,0,0,0,0,Germany
4697,,Mash Games,mash-games,30,3,3,0,3136747,1568374,1045582,3,100,33,67,0,100,0,0,0,0,100,
22172,,Triskell Interactive,triskell-interactive,30,3,3,0,3132382,903938,1044127,2,67,0,0,33,67,67,0,0,0,0,France
14077,,Sbug Games,sbug-games,30,2,2,1,3128192,1564096,1564096,3,100,100,33,67,0,0,0,0,0,0,
1640217,,HAMMER95,hammer95,30,1,1,0,3127570,3127570,3127570,1,100,100,0,0,0,0,0,0,0,0,
18918,,Final Form Games,final-form-games,30,2,2,0,3120877,1560439,1560439,1,100,100,0,0,0,0,0,0,0,0,United States
11486,,SeithCG,seithcg,30,1,1,0,3118344,3118344,3118344,1,100,100,0,100,0,0,100,0,0,0,
43387,,Trigger Happy Interactive,trigger-happy-interactive,30,1,1,1,3116181,3116181,3116181,0,100,100,0,50,0,0,0,0,0,0,
18280,,maJAJa,majaja,30,1,1,0,3104371,3104371,3104371,1,100,100,0,100,0,0,100,0,0,0,
31718,,Invader Studios,invader-studios,30,2,2,1,3101564,1550782,1550782,1,67,100,0,67,0,0,0,0,0,0,Italy
1634679,,Hutlihut Games,hutlihut-games,30,1,1,0,3096681,3096681,3096681,0,0,100,0,100,0,0,0,0,0,0,Denmark
8340,,Digital Leisure Inc.,digital-leisure-inc,30,7,7,0,3096052,69253,442293,7,14,43,100,57,29,14,0,29,0,0,
25273,,Core Design,core-design,30,7,7,0,3091363,376007,441623,0,0,100,0,86,0,0,0,0,0,0,United Kingdom
5184,,Fayju,fayju,30,2,2,0,3090612,1545306,1545306,2,100,100,0,100,50,0,0,0,0,0,United Kingdom
13063,,2Play,2play,30,2,2,0,3080888,1540444,1540444,2,100,100,100,100,0,0,0,0,0,0,
9655,,GoodbyeWorld Games,goodbyeworld-games,30,1,1,0,3080817,3080817,3080817,0,100,0,0,100,0,0,0,0,0,0,
34634,,Eerie Guest,eerie-guest,30,4,4,0,3080805,3080805,770201,0,100,0,0,100,0,100,0,0,0,0,
32942,,Clover Bite,clover-bite,30,1,1,3,3078905,3078905,3078905,3,100,75,0,0,0,25,50,0,0,0,
292410,,Bone Nail,bone-nail,30,3,3,1,3075730,227310,1025243,4,100,0,25,50,100,50,100,0,0,0,
24844,,PixelShard,pixelshard,30,1,1,0,3075051,3075051,3075051,0,100,100,100,0,100,100,0,0,0,0,
2562,,Klonk Games,klonk-games,30,1,1,0,3074729,3074729,3074729,0,100,100,0,0,0,0,0,0,0,0,Germany
1053412,,mino_dev,mino-dev,30,2,2,0,3072921,1536461,1536461,2,100,100,0,50,0,0,50,0,0,0,
42413,,Pancake Games,pancake-games,30,9,9,1,3072589,3742,341399,3,90,30,50,50,50,0,10,20,10,20,
22534,,"KRAFTON, Inc.",krafton-inc,20,2,2,0,3068872,2015658,1534436,2,0,50,0,50,50,50,50,0,0,0,
11342,,Mountain Sheep,mountain-sheep,30,2,2,1,3067768,1533884,1533884,1,67,33,0,33,0,0,0,0,67,0,Finland
3894261,,Mirage Creative Lab,mirage-creative-lab,30,1,1,0,3067571,3067571,3067571,1,100,100,100,0,0,100,0,0,0,0,France
23905,,Crenetic GmbH Studios,crenetic-gmbh-studios,30,7,7,0,3063559,39829,437651,0,14,29,86,0,57,0,0,0,0,29,Germany
184393,,Jaspel,jaspel,30,2,2,0,3062055,1531028,1531028,0,100,50,100,100,0,100,100,0,0,0,
14458,,Lightbulb Crew,lightbulb-crew,30,3,3,1,3058036,3058036,1019345,1,75,25,0,0,0,100,0,0,0,0,France
18716,,Keen Games,keen-games,30,1,1,0,3053851,3053851,3053851,0,0,100,0,0,0,0,100,0,0,0,Germany
23475,,"Gaslamp Games, Inc.",gaslamp-games-inc,30,2,2,0,3044914,2032008,1522457,2,100,0,50,0,50,50,50,0,0,0,
33617,,"CRAFTS &amp; MEISTER Co., Ltd.",crafts-amp-meister-co-ltd,30,1,1,0,3040940,3040940,3040940,0,0,100,0,0,0,0,0,0,0,0,
31621,,minori,minori,30,8,8,0,3035029,76133,379379,0,0,13,0,88,0,0,0,0,0,0,Japan
27625,,Giant Enemy Crab,giant-enemy-crab,30,1,1,0,3034077,3034077,3034077,0,100,100,0,100,100,100,0,0,0,0,United States
86234,,3T Labs,3t-labs,30,2,2,0,3032927,2732023,1516464,0,50,0,100,0,100,0,0,0,0,100,
720485,,Lafrontier,lafrontier,30,1,1,0,3032567,3032567,3032567,1,100,0,0,0,100,100,100,0,0,0,
416,,Code Club AB,code-club-ab,30,2,2,0,3032533,3032533,1516267,1,100,0,0,100,0,0,100,50,0,0,
11820,,Cherry Pop Games,cherry-pop-games,30,5,5,0,3023230,599557,604646,4,100,0,80,0,80,80,0,0,0,100,United Kingdom
486,,Transhuman Design,transhuman-design,30,6,6,1,3018759,135670,503127,6,100,100,14,14,14,0,14,0,14,0,Poland
28322,,No Code,no-code,30,2,2,0,3017976,1508988,1508988,0,100,0,0,100,0,0,0,0,0,0,United Kingdom
90118,,Games by Malcs,games-by-malcs,30,1,1,0,3016440,3016440,3016440,0,100,0,100,100,0,0,100,0,0,0,Australia
38171,,Eridanus Industries,eridanus-industries,30,1,1,0,3013085,3013085,3013085,0,0,0,0,0,100,100,0,0,0,0,
3087,,Vanguard Games,vanguard-games,30,4,4,0,3004303,764001,751076,1,25,75,0,25,0,25,0,0,0,0,
29295,,Bitbaboon,bitbaboon,30,1,1,0,3002398,3002398,3002398,0,0,100,100,0,0,0,0,0,0,0,
22174,,GalaxyTrail,galaxytrail,30,2,2,1,3001634,1500817,1500817,2,100,100,0,33,0,0,0,0,0,0,United States
31176,,ViewApp,viewapp,30,4,4,0,3000615,533854,750154,0,50,0,75,0,100,0,0,0,0,0,
26719,,Vile Monarch,vile-monarch,30,8,8,0,2990674,474393,373834,0,75,13,13,38,75,50,13,0,0,0,Poland
17517,,Tin Man Games,tin-man-games,30,18,18,0,2986945,51654,165941,17,83,6,17,78,0,17,61,0,0,0,Australia
9679,,Leafy Games,leafy-games,30,3,3,0,2984808,1492404,994936,3,100,67,33,67,33,0,33,0,0,0,
28154,,Alawar,alawar,30,20,20,2,2972649,37688,148632,7,27,23,73,59,9,32,0,0,0,0,Russia
25136,,Coreplay GmbH,coreplay-gmbh,30,2,2,0,2967673,1483837,1483837,0,0,0,0,0,100,100,100,0,0,0,
15471,,Greg Lobanov,greg-lobanov,30,5,5,0,2956430,231287,591286,1,100,0,40,40,0,0,40,0,0,0,Canada
43621,,SUNNY SIDE UP,sunny-side-up,30,1,1,0,2950581,2950581,2950581,1,100,0,100,100,100,0,100,0,0,0,
24502,,Hardlight,hardlight,30,2,2,0,2950019,1475010,1475010,0,50,50,0,50,0,0,0,0,0,0,United Kingdom
29627,,Caged Element Inc.,caged-element-inc,30,2,2,0,2941933,2941933,1470967,0,50,50,0,0,0,0,0,0,100,0,
18277,,TOKYOTOON,tokyotoon,30,4,4,0,2937355,85770,734339,2,0,25,75,75,25,0,0,0,0,0,
24406,,White Rabbit,white-rabbit,30,2,2,2,2936422,1468211,1468211,1,100,50,25,50,0,25,25,0,0,25,United States
7782,,Adriaan de Jongh,adriaan-de-jongh,30,3,3,1,2936323,5685,978774,4,75,0,75,25,0,25,0,25,0,0,
29206,,Timofey Shargorodskiy,timofey-shargorodskiy,30,2,2,0,2936097,1468049,1468049,0,100,50,100,100,100,100,0,0,0,0,
30162,,Sergey Dvoynikov,sergey-dvoynikov,30,2,2,0,2936097,1468049,1468049,0,100,50,100,100,100,100,0,0,0,0,
12641,,Modern Visual Arts Laboratory,modern-visual-arts-laboratory,30,1,1,0,2934212,2934212,2934212,1,100,0,100,100,100,0,0,0,0,0,
26611,,SEO INSEOK,seo-inseok,30,1,1,0,2934212,2934212,2934212,0,100,0,100,100,100,0,0,0,0,0,
31728,,Vitali Kirpu,vitali-kirpu,30,2,2,1,2932308,1466154,1466154,1,33,33,33,67,100,33,67,33,0,0,
1176,,Blazing Griffin,blazing-griffin,30,8,8,0,2932156,139959,366520,3,63,50,13,50,25,38,0,0,0,0,United Kingdom
29325,,Sylvain Tegroeg,sylvain-tegroeg,30,1,1,0,2929219,2929219,2929219,0,100,0,100,100,0,0,0,0,0,0,
21130,,C Prompt Games,c-prompt-games,30,2,2,0,2926434,1463217,1463217,1,0,0,0,0,50,100,50,0,0,0,United States
1635616,,Game Studio Inc.,game-studio-inc,30,4,4,3,2919570,316254,729893,3,57,71,14,43,14,14,29,0,0,0,
31187,,Tendershoot,tendershoot,30,2,2,2,2918791,1459396,1459396,1,50,0,0,50,50,0,0,0,0,0,
26604,,Buried Signal,buried-signal,30,1,1,0,2914573,2914573,2914573,0,100,0,100,100,0,0,0,0,0,0,United States
4556,,I-Illusions,i-illusions,30,2,2,0,2909140,1454570,1454570,2,50,100,0,0,0,0,0,0,0,0,Belgium
13610,,Meta Interaction,meta-interaction,30,2,2,0,2906934,1453467,1453467,2,100,0,50,100,100,50,100,0,0,0,
25600,,Inusuku,inusuku,30,2,2,0,2900297,1450149,1450149,0,100,0,0,50,0,0,50,0,0,0,
30978,,Lino Slahuschek,lino-slahuschek,30,2,2,0,2898076,1449038,1449038,0,100,100,0,0,0,0,0,0,0,0,
15424,,NLT Media,nlt-media,30,3,3,0,2896999,540621,965666,3,33,0,33,100,0,0,0,0,0,0,
40408,,Team Carnal Instinct,team-carnal-instinct,30,1,1,0,2894991,2894991,2894991,1,0,0,0,0,0,0,100,0,0,0,
17671,,Brian Cronin,brian-cronin,30,1,1,0,2890813,2890813,2890813,1,100,100,0,0,0,0,0,0,100,100,
38391,,Motorsport Games,motorsport-games,30,2,2,0,2890162,2021251,1445081,2,0,50,50,0,100,0,0,0,100,100,
127983,,PUZZLE Games,puzzle-games,30,42,42,1,2887871,65902,68759,1,98,98,100,95,93,95,88,2,79,84,
29017,,Opus,opus,30,2,2,0,2885092,1442546,1442546,0,50,100,50,0,0,0,100,0,0,0,
29309,,Terri Vellmann,terri-vellmann,30,6,6,0,2884119,362711,480687,0,83,33,0,50,0,17,0,0,0,0,Brazil
30726,,Team 6 Studios,team-6-studios,30,7,7,0,2881375,24814,411625,0,14,43,29,0,0,0,0,0,57,0,
32035,,Simteract,simteract,30,2,2,1,2878202,1439101,1439101,0,0,0,0,0,67,33,0,0,0,0,Poland
20518,,Soviet Games,soviet-games,30,2,2,0,2861031,2861031,1430516,2,100,0,100,100,0,0,0,0,0,0,
13603,,FlipSwitch Games,flipswitch-games,30,1,1,1,2859372,2859372,2859372,2,100,100,50,100,100,50,50,50,50,0,
17294,,3 Sprockets,3-sprockets,30,5,5,0,2858787,397870,571757,4,80,40,20,0,0,40,20,0,0,0,
26559,,Vaulted Sky Games,vaulted-sky-games,30,1,1,0,2856321,2856321,2856321,0,100,100,0,0,0,0,0,0,0,0,United States
28938,,GET UP GAMES,get-up-games,30,1,1,0,2851553,2851553,2851553,0,100,100,100,100,0,0,0,0,0,0,
949000,,Ancient Forge,ancient-forge,30,2,2,2,2844772,1422386,1422386,2,25,0,75,0,75,50,25,0,0,0,
9149,,HeroCraft,herocraft,30,2,2,0,2841345,1420673,1420673,0,100,100,0,0,0,0,100,0,0,50,Russia
1637474,,Qruppo,qruppo,30,3,3,0,2836242,908391,945414,0,0,0,67,100,0,0,0,0,0,0,Japan
187362,,Red Beard Games,red-beard-games,30,1,1,0,2827582,0,2827582,0,0,100,0,0,0,0,0,0,0,0,United Kingdom
1280366,,MetalStar Studio,metalstar-studio,30,1,1,0,2822137,2822137,2822137,1,100,100,0,100,0,0,100,0,0,0,China
37042,,Something We Made,something-we-made,30,1,1,1,2813339,2813339,2813339,2,100,0,100,100,0,0,0,0,0,0,Sweden
43132,,Cornfox &amp; Brothers,cornfox-amp-brothers,30,1,1,0,2806600,2806600,2806600,0,0,100,0,0,0,0,0,0,100,0,
7202,,Black Pants Studio,black-pants-studio,30,4,4,0,2805028,177178,701257,4,100,0,50,0,0,0,0,0,0,0,Germany
28114,,Stormind Games,stormind-games,30,4,4,0,2795534,699299,698884,0,25,100,0,50,0,0,25,0,0,0,Italy
20451,,Minor Key Games,minor-key-games,30,10,10,1,2793328,42706,279333,11,82,91,9,36,0,9,27,0,0,0,United States
5315937,,Nate Berens,nate-berens,30,3,3,1,2792657,21136,930886,0,100,50,0,75,0,0,0,0,0,0,
26070,,Gray Matter Studios,gray-matter-studios,30,2,2,1,2781334,1390667,1390667,1,33,67,33,33,33,0,0,0,0,0,United States
101027,,"Monumental, LLC",monumental-llc,30,2,2,0,2777193,2777193,1388597,2,100,50,50,50,0,50,50,50,0,0,
29864,,Shedworks,shedworks,30,1,1,0,2776276,2776276,2776276,0,100,0,0,100,0,0,100,0,0,0,United Kingdom
1066,,Xreal Games,xreal-games,30,3,3,1,2767048,274743,922349,4,50,100,25,0,25,0,0,0,0,0,
36696,,Dillon Rogers,dillon-rogers,30,1,1,0,2766096,2766096,2766096,0,100,100,0,0,0,0,0,0,0,0,
2726075,,Thomas Porta,thomas-porta,30,1,1,1,2766096,2766096,2766096,0,50,100,0,0,0,0,0,0,0,0,
40390,,Urban Wolf Games INC,urban-wolf-games-inc,30,1,1,0,2765786,2765786,2765786,1,100,100,0,100,100,0,100,0,0,0,
5995,,Galvanic Games,galvanic-games,30,5,5,0,2765167,75542,553033,1,80,60,40,40,0,0,0,20,0,0,United States
17978,,Stellar Jockeys,stellar-jockeys,30,1,1,1,2758149,2758149,2758149,2,100,100,0,0,0,0,0,0,0,0,United States
29795,,Gausswerks,gausswerks,30,1,1,1,2758149,2758149,2758149,0,100,100,0,0,0,0,0,0,0,0,
47004,,insertdisc5,insertdisc5,30,3,3,0,2758071,98757,919357,2,67,0,0,0,0,0,67,0,0,0,
28543,,Dark Crystal Games,dark-crystal-games,30,1,1,0,2753729,2753729,2753729,0,100,0,0,100,0,100,100,0,0,0,Russia
6377,,Endlessfluff Games,endlessfluff-games,30,3,3,0,2751291,661167,917097,2,67,33,33,0,0,33,67,0,0,0,United States
10114,,inkle Ltd,inkle-ltd,30,9,9,0,2748811,171646,305423,9,100,0,0,100,0,22,56,0,0,0,United Kingdom
24886,,Code Headquarters LLC,code-headquarters-llc,30,2,2,0,2745779,2745779,1372890,0,100,100,0,0,0,50,0,0,0,50,
12665,,Reflect Studios,reflect-studios,30,5,5,0,2745263,359620,549053,5,80,0,20,0,80,20,0,0,0,0,United States
27553,,Fiddlesticks Games,fiddlesticks-games,30,1,1,0,2744809,2744809,2744809,0,100,0,0,100,0,0,0,0,0,0,
1688,,PGN Inc.,pgn-inc,30,3,3,0,2741950,1012015,913983,3,0,0,0,0,0,0,0,0,0,0,
45249,,Uuvana Studios,uuvana-studios,30,2,2,0,2741203,1370602,1370602,2,0,100,0,50,50,0,50,50,0,0,Finland
31476,,Byte Barrel,byte-barrel,30,4,4,1,2738514,749176,684629,1,60,100,20,40,40,0,0,0,0,0,Poland
12801,,Batterystaple Games,batterystaple-games,30,2,2,0,2733170,1366585,1366585,2,100,100,0,0,0,0,0,0,0,0,United States
7361,,Reverie World Studios,reverie-world-studios,30,7,7,2,2731344,150052,390192,1,100,56,0,11,100,89,44,22,0,0,
1635430,,Mooncube Games,mooncube-games,30,1,1,0,2728728,2728728,2728728,1,100,0,100,0,100,0,0,0,0,0,Canada
27761,,Brownies Inc.,brownies-inc,30,1,1,0,2726963,2726963,2726963,0,0,0,100,0,100,0,0,0,0,0,
6534,,AtomicTorch Studio,atomictorch-studio,30,3,3,0,2722871,519879,907624,2,100,100,33,67,67,67,100,33,0,0,Singapore
815,,Alt Shift,alt-shift,30,1,1,0,2722508,2722508,2722508,0,100,0,0,0,0,100,0,0,0,0,France
16336,,William Chyr Studio,william-chyr-studio,30,1,1,0,2721407,2721407,2721407,1,100,0,0,100,0,0,0,0,0,0,
8098,,BadFly Interactive a.s.,badfly-interactive-a-s,30,3,3,0,2716473,875718,905491,1,100,100,0,0,0,0,67,0,0,0,
21908,,A Shell in the Pit,a-shell-in-the-pit,30,2,2,0,2713589,1356795,1356795,0,100,0,0,100,0,0,50,0,0,0,
27030,,Plausible Concept,plausible-concept,30,1,1,0,2710563,2710563,2710563,0,100,100,0,0,100,0,0,0,0,0,Sweden
143660,,Gleamer Studio,gleamer-studio,30,1,1,1,2707177,2707177,2707177,2,0,0,50,0,50,100,50,0,0,0,
108583,,Studio II,studio-ii,30,2,2,0,2704923,1352462,1352462,0,0,50,0,0,0,0,100,0,0,0,
8997,,John Szymanski,john-szymanski,30,8,8,0,2697234,100876,337154,4,63,75,25,63,13,0,0,0,0,13,
24483,,Digital Reality,digital-reality,30,8,8,0,2695468,21276,336934,0,50,63,0,0,0,50,0,0,25,0,
36906,,Zoink,zoink,30,2,2,0,2695407,1347704,1347704,0,50,100,0,100,0,0,0,0,0,0,
1640444,,Phoenix Labs,phoenix-labs,30,2,2,0,2688335,2688335,1344168,2,0,100,0,0,50,0,50,0,0,0,Canada
22916,,"Outpost Games, Inc.",outpost-games-inc,30,1,1,0,2687192,0,2687192,1,0,100,0,100,0,0,0,0,0,0,
7431,,Reakktor Studios,reakktor-studios,30,1,1,1,2685923,0,2685923,0,50,100,0,0,50,0,0,0,0,0,
35625,,Strange Scaffold,strange-scaffold,30,12,12,3,2685463,83929,223789,11,47,40,20,33,20,33,13,0,0,0,United States
16447,,Akella,akella,30,6,6,0,2674806,131963,445801,3,0,50,0,0,0,50,83,0,0,0,Russia
2919,,BumpkinBrothers,bumpkinbrothers,30,4,4,1,2670993,499363,667748,5,100,40,60,20,0,40,0,0,0,0,
31042,,Soul Catapult,soul-catapult,30,2,2,0,2667404,0,1333702,0,100,0,0,0,0,0,100,0,0,0,
29468,,GIGA,giga,30,4,4,0,2665206,481980,666302,0,0,25,75,100,0,0,25,0,0,0,Japan
30029,,NIGORO,nigoro,30,2,2,0,2665165,1332583,1332583,0,100,100,0,100,0,0,0,0,0,0,Japan
17279,,Grip Games,grip-games,30,3,3,0,2658798,1312657,886266,1,100,0,33,33,33,0,0,0,0,33,
10282,,Zen Studios,zen-studios,30,13,13,0,2657469,119889,204421,11,46,23,23,8,46,15,23,0,0,15,Hungary
56377,,Gratesca,gratesca,30,2,2,0,2656941,1328471,1328471,1,100,0,100,100,0,0,100,0,0,0,
22222,,Mana Potion Studios,mana-potion-studios,30,3,3,0,2652228,1195073,884076,3,100,33,33,33,33,33,0,0,0,0,Ukraine
31098,,TorchEntertainment,torchentertainment,30,2,2,0,2650973,1325487,1325487,0,50,50,50,0,100,50,50,0,0,50,
27073,,SoulGame Studio,soulgame-studio,30,2,2,1,2650274,1325137,1325137,1,67,100,33,100,0,0,100,0,0,0,France
7445,,JetDogs Studios,jetdogs-studios,30,36,36,1,2646047,6280,73501,36,38,5,73,51,3,78,0,0,0,0,Finland
1636461,,Ascendant Studios,ascendant-studios,30,1,1,0,2644923,2644923,2644923,0,0,100,0,100,0,0,0,0,0,0,United States
25140,,Terrible Posture Games,terrible-posture-games,30,4,4,1,2644887,459266,661222,2,80,60,0,20,0,20,0,0,0,0,United States
26930,,Le Cartel Studio,le-cartel-studio,30,2,2,0,2643467,1321734,1321734,0,100,50,0,50,0,0,0,0,0,0,France
1746695,,Undaunted Games,undaunted-games,30,1,1,0,2634373,0,2634373,1,0,100,0,0,0,0,0,0,0,0,Canada
29248,,A44,a44,30,1,1,0,2634290,2634290,2634290,0,0,100,0,100,0,0,100,0,0,0,New Zealand
32212,,Chronos Unterhaltungssoftware,chronos-unterhaltungssoftware,30,1,1,0,2631935,2631935,2631935,0,0,100,0,0,100,0,0,0,0,0,
30814,,Luden.io,luden-io,30,7,7,1,2629747,100956,375678,2,100,38,13,13,50,50,0,0,13,0,Russia
47721,,"fuzz, Inc.",fuzz-inc,30,9,9,0,2622059,42899,291340,0,0,11,78,100,11,11,11,0,0,0,
34501,,HappyJuice Games,happyjuice-games,30,1,1,0,2621887,2621887,2621887,0,100,0,0,100,0,0,0,0,0,0,
47006,,HuanMos Game,huanmos-game,30,1,1,0,2616970,2616970,2616970,0,100,0,0,0,0,100,100,0,0,0,
36083,,Ramen VR,ramen-vr,30,1,1,0,2614150,0,2614150,1,100,100,0,100,0,0,100,100,0,0,
30551,,Torpor Games,torpor-games,30,1,1,0,2609895,2609895,2609895,0,100,0,0,100,0,0,100,0,0,0,Germany
2309121,,Indiesolodev,indiesolodev,30,1,1,0,2599789,0,2599789,1,100,0,100,100,100,0,0,0,0,0,
23083,,Tyler Glaiel,tyler-glaiel,30,2,2,1,2598692,1299346,1299346,2,100,33,0,100,33,33,33,0,0,0,
3041,,Texel Raptor,texel-raptor,30,1,1,1,2594398,2594398,2594398,2,100,0,50,0,100,100,0,0,0,0,
18403,,Team Jolly Roger,team-jolly-roger,30,4,4,0,2593404,165818,648351,2,100,50,0,0,25,75,0,0,0,0,Finland
21318,,GexagonVR,gexagonvr,30,8,8,1,2592566,40691,324071,9,78,89,78,89,67,0,22,11,22,22,
26830,,SOFF Games,soff-games,30,2,2,0,2590556,2590556,1295278,0,50,100,0,0,0,0,50,50,50,0,
27948,,Fakt Software,fakt-software,30,7,7,0,2589706,15235,369958,0,14,0,86,0,29,86,0,0,0,0,Germany
2723,,Trese Brothers,trese-brothers,30,5,5,0,2587870,343542,517574,5,80,20,0,0,20,100,80,0,0,0,
13933,,ThinkOfGames,thinkofgames,30,7,7,1,2586946,405016,369564,1,100,25,88,0,0,0,0,0,0,0,
25450,,Studio Seufz,studio-seufz,30,2,2,0,2583004,1291502,1291502,0,100,50,0,100,0,0,100,0,0,0,Germany
26311,,Castro Brothers,castro-brothers,30,1,1,0,2581578,2581578,2581578,0,100,0,100,100,0,0,0,0,0,0,
16163,,Envision Entertainment,envision-entertainment,30,2,2,0,2576732,2576732,1288366,2,50,0,0,0,50,100,0,50,0,0,Germany
45548,,Reply Game Studios,reply-game-studios,30,3,3,0,2574149,751070,858050,1,67,67,0,100,0,0,33,0,0,0,
6950,,Deep Type Games,deep-type-games,30,1,1,0,2573632,2573632,2573632,1,0,100,0,0,0,0,100,0,0,0,
405584,,Cat Play Studio,cat-play-studio,30,2,2,0,2570920,1285460,1285460,2,100,50,50,100,0,50,100,0,0,0,
28678,,Movie Games Lunarium,movie-games-lunarium,30,5,5,0,2569891,849503,513978,0,80,60,0,100,0,0,0,0,0,0,Poland
35643,,Dual Effect,dual-effect,30,1,1,1,2562595,2562595,2562595,0,0,100,0,100,0,0,0,0,0,0,Chile
35644,,Abstract Digital,abstract-digital,30,1,1,4,2562595,2562595,2562595,3,80,80,20,80,20,0,0,0,0,0,
33912,,Euphoric Brothers,euphoric-brothers,30,18,18,5,2562239,321236,142347,23,100,100,100,100,35,4,35,0,0,0,Canada
11032,,Wadjet Eye Games,wadjet-eye-games,30,8,8,1,2561837,323314,320230,8,78,0,0,100,0,0,22,0,0,0,United States
8795,,TheGameCreators,thegamecreators,30,2,2,0,2561247,1328469,1280624,2,0,0,0,0,0,0,0,0,0,0,
5003,,HIKARI FIELD,hikari-field,30,1,1,1,2557938,2557938,2557938,2,0,0,0,100,0,0,0,0,0,0,
2052,,Live Motion Games,live-motion-games,30,9,9,13,2548997,224664,283222,17,50,18,50,45,91,32,5,0,0,0,
7004,,Rocket Bear Games,rocket-bear-games,30,1,1,0,2544079,2544079,2544079,1,100,100,0,0,0,100,0,0,0,0,
5476,,David OReilly,david-oreilly,30,2,2,0,2543464,1271732,1271732,2,100,0,100,0,100,0,100,0,0,0,
32631,,2by3 Games,2by3-games,30,3,3,0,2542989,662766,847663,0,0,0,0,0,100,67,0,0,0,0,
59040,,"Horizon Hobby, LLC",horizon-hobby-llc,30,4,4,0,2541417,955716,635354,4,100,0,0,0,100,0,0,0,75,0,
3093,,DoubleBear Productions,doublebear-productions,30,2,2,0,2538494,1269247,1269247,2,100,0,50,50,0,50,100,0,0,0,United States
16344,,Bouncyrock Entertainment,bouncyrock-entertainment,30,1,1,0,2534295,2534295,2534295,1,100,0,0,0,100,0,100,0,0,0,
12744,,Coal Supper,coal-supper,30,2,2,0,2532436,2532436,1266218,1,100,0,50,50,0,0,0,0,0,0,
11391,,GY Games,gy-games,30,1,1,0,2532192,2532192,2532192,0,0,0,0,100,100,100,100,0,0,0,China
27137,,Comcept,comcept,30,2,2,0,2531302,1265651,1265651,0,0,100,0,50,0,0,0,0,0,0,Japan
88385,,MeowNature,meownature,30,1,1,0,2530234,2530234,2530234,0,100,0,100,100,0,100,100,0,0,0,
31470,,PEDEPE,pedepe,30,1,1,0,2524956,2524956,2524956,0,0,0,100,0,100,0,0,0,0,0,
38802,,Appeal Studios,appeal-studios,30,5,5,0,2524938,288839,504988,0,0,80,20,40,0,20,0,0,0,0,Belgium
1634146,,Vambear Games,vambear-games,30,1,1,0,2521002,2521002,2521002,0,100,0,100,0,100,0,0,0,0,0,
10784,,Chilla's Art,chilla-s-art,30,29,29,2,2520271,54944,86906,29,100,55,61,71,55,39,3,0,0,0,Japan
26889,,Steel Mantis,steel-mantis,30,3,3,0,2516328,875090,838776,0,100,100,0,0,0,0,0,0,0,0,United States
49521,,落叶岛项目组,-,30,1,1,0,2502052,2502052,2502052,0,100,0,0,100,100,0,0,0,0,0,
33124,,Blue Meridian,blue-meridian,30,1,1,0,2499492,2499492,2499492,0,100,0,0,0,100,100,0,0,0,0,
17717,,Ice Code Games,ice-code-games,30,4,4,0,2497241,327619,624310,1,50,100,25,50,0,75,75,0,0,0,Poland
32451,,GhostShark,ghostshark,30,2,2,0,2495961,369136,1247981,0,50,50,0,50,0,0,0,0,0,0,
28348,,Superbrothers,superbrothers,30,2,2,0,2493979,1246990,1246990,0,100,50,0,100,0,0,0,0,0,0,
1807,,Uber Entertainment,uber-entertainment,30,1,1,0,2492115,2492115,2492115,1,100,100,0,0,0,100,0,0,0,100,United States
13131,,Love in Space,love-in-space,30,6,6,0,2491859,164176,415310,0,83,17,50,0,50,67,50,0,0,0,
2450,,Subworld,subworld,30,2,2,0,2487413,1243707,1243707,2,100,100,0,50,0,0,100,0,0,0,
789,,Drool,drool,30,1,1,0,2487261,2487261,2487261,1,100,100,0,0,0,0,0,0,0,0,United States
25946,,Liar-soft,liar-soft,30,9,9,1,2487128,32969,276348,0,10,0,10,100,0,0,0,0,0,0,
9482,,Kubold,kubold,30,2,2,0,2486085,2486085,1243043,2,100,100,0,50,0,0,50,0,0,0,Poland
141027,,BLOODIOUS GAMES,bloodious-games,30,2,2,0,2485549,1242775,1242775,2,100,100,0,100,100,0,0,0,0,0,
27541,,6 Eyes Studio,6-eyes-studio,30,1,1,1,2484945,2484945,2484945,1,100,0,0,50,0,100,100,0,0,0,United States
40868,,Saga Planets,saga-planets,30,4,4,0,2483580,424667,620895,0,0,0,75,75,50,0,0,0,0,0,Japan
5165,,QCF Design,qcf-design,30,5,5,0,2479100,263811,495820,3,100,40,60,60,0,60,20,0,0,0,
10800,,BIGMOON ENTERTAINMENT,bigmoon-entertainment,30,3,3,0,2478509,1085976,826170,2,0,33,0,67,67,0,0,0,33,33,Portugal
4018,,Cliffhanger Productions ,cliffhanger-productions,30,7,7,0,2477231,249594,353890,6,57,0,0,14,14,100,86,29,0,0,Austria
53268,,Top-Down Games,top-down-games,30,38,38,1,2473708,68638,65098,0,100,100,97,97,90,97,77,3,64,74,
23859,,Brave Giant LTD,brave-giant-ltd,30,34,34,0,2470689,47307,72667,6,15,9,94,79,0,3,3,0,0,0,
2345,,Capybara,capybara,30,1,1,0,2465458,2465458,2465458,0,100,0,0,100,0,0,0,0,0,0,
30655,,Jim Guthrie,jim-guthrie,30,1,1,0,2465458,2465458,2465458,0,100,0,0,100,0,0,0,0,0,0,
26741,,Ben Esposito,ben-esposito,30,1,1,0,2463924,2463924,2463924,0,100,0,100,100,0,0,0,0,0,0,
36734,,Biotech Gameworks,biotech-gameworks,30,2,2,0,2456827,2456827,1228414,2,50,0,50,0,100,0,50,0,0,0,Turkey
29964,,Denki,denki,30,2,2,0,2455958,1227979,1227979,0,100,0,100,0,100,50,0,0,0,0,United Kingdom
7686,,LuGus Studios,lugus-studios,30,4,4,0,2455278,251278,613820,3,75,75,25,25,50,25,25,0,50,50,Belgium
5213,,TRAGsoft,tragsoft,30,1,1,1,2455062,2455062,2455062,0,100,0,0,100,0,100,100,0,0,0,
28878,,Shining Pixel Studios,shining-pixel-studios,30,1,1,0,2454532,2454532,2454532,0,100,0,0,0,100,100,0,0,0,0,
43827,,flanne,flanne,30,2,2,2,2449971,2449971,1224986,4,100,75,25,25,0,100,50,0,0,0,
20093,,Hardsuit Labs,hardsuit-labs,30,1,1,0,2449162,2449162,2449162,0,0,100,0,0,0,0,0,0,0,0,United States
8753612,,Ty Taylor and Vega Castañeda,ty-taylor-and-vega-casta-eda,30,1,1,0,2447318,2447318,2447318,0,100,0,100,100,0,100,0,0,0,0,
1661,,JIW-Games,jiw-games,30,1,1,0,2446404,2446404,2446404,1,100,100,0,100,0,0,100,0,0,0,Germany
26587,,Airdorf Games,airdorf-games,30,2,2,0,2442889,1221445,1221445,0,100,50,0,100,0,0,0,0,0,0,
14032,,Zach Tsiakalis-Brown,zach-tsiakalis-brown,30,5,5,0,2438770,782721,487754,1,100,60,20,60,20,0,0,0,20,0,
35449,,Battlefront,battlefront,30,7,7,0,2434830,253716,347833,0,0,0,0,0,43,100,0,0,0,0,
5764,,hede,hede,30,79,79,2,2434128,22869,30812,81,96,100,93,81,91,77,62,10,42,63,
28407,,Mothership Entertainment LLC,mothership-entertainment-llc,30,1,1,0,2434063,2434063,2434063,0,100,0,0,0,100,100,0,0,0,0,
28346,,Corbie Games,corbie-games,30,3,3,0,2429057,919729,809686,0,33,0,0,0,100,100,0,0,0,0,Canada
59321,,Command Development Team,command-development-team,30,1,1,0,2428879,2428879,2428879,0,0,0,0,0,100,0,0,0,0,0,
6114,,MumboJumbo,mumbojumbo,30,29,29,0,2422426,61146,83532,0,7,7,100,28,0,14,0,0,0,3,United States
21268,,Murudai,murudai,30,1,1,0,2419663,2419663,2419663,1,100,100,100,100,100,0,0,0,0,0,
30910,,高考恋爱委员会,-,30,1,1,0,2416380,2416380,2416380,0,100,0,100,100,100,0,0,0,0,0,
14192,,Daniel Benmergui,daniel-benmergui,30,2,2,0,2415871,1207936,1207936,1,50,0,0,50,0,0,50,0,0,0,Argentina
4271,,Thunderful,thunderful,30,1,1,0,2412377,2412377,2412377,0,100,100,0,100,0,0,0,0,0,0,Sweden
145224,,Altered Orbit Studios,altered-orbit-studios,30,1,1,0,2411142,2411142,2411142,1,0,100,0,100,0,0,0,0,0,0,
1762,,Noclip,noclip,30,3,3,1,2410584,387872,803528,2,75,75,0,25,0,25,0,0,50,25,
54315,,"Wx3 Labs, LLC",wx3-labs-llc,30,2,2,0,2409784,1204892,1204892,2,100,100,0,100,0,0,100,0,0,0,
64374,,"Shanghai Sunborn Network Technology Co., Ltd.",shanghai-sunborn-network-technology-co-ltd,30,1,1,0,2406342,2406342,2406342,0,0,0,0,100,0,100,100,0,0,0,
5305774,,INGAME STUDIOS,ingame-studios,30,1,1,0,2399925,2399925,2399925,0,0,100,0,0,0,0,0,0,0,0,Czech Republic
4889,,Dimension 32 Entertainment,dimension-32-entertainment,30,1,1,0,2395456,2395456,2395456,1,100,100,0,100,100,0,0,0,0,0,
29360,,Funatics Software,funatics-software,30,4,4,0,2395381,128411,598845,0,25,25,0,25,25,75,25,0,0,0,Germany
25514,,Acerola,acerola,30,10,10,1,2394191,117088,239419,0,82,0,9,36,0,0,100,0,0,0,
37723,,Kumi Souls Games,kumi-souls-games,30,1,1,0,2388101,2388101,2388101,0,100,100,0,100,0,0,0,0,0,0,United Kingdom
25919,,Ageod,ageod,30,11,11,0,2387169,150341,217015,0,0,0,0,0,64,100,0,0,0,0,France
21482,,Spytihněv,spytihn-v,30,4,4,0,2380168,11297,595042,3,100,75,0,25,0,25,25,0,0,0,
95429,,Doom Turtle,doom-turtle,30,1,1,1,2370019,2370019,2370019,1,0,50,0,50,0,0,100,0,0,0,
48214,,KIRA LLC,kira-llc,30,2,2,0,2363558,2363558,1181779,2,100,0,0,0,50,0,50,0,0,0,
38138,,Acureus,acureus,30,3,3,0,2362864,3968,787621,3,100,33,67,33,0,0,33,0,0,0,
38876,,Ravenhood Games,ravenhood-games,30,1,1,0,2361789,2361789,2361789,1,0,100,0,0,0,0,0,0,0,0,
18820,,Quiet River,quiet-river,30,30,30,1,2359180,75699,78639,31,97,3,87,10,0,0,0,3,3,0,Russia
23945,,"GANBARION Co., Ltd.",ganbarion-co-ltd,30,1,1,1,2356382,2356382,2356382,0,0,100,0,50,0,0,0,0,0,0,
28648,,Good Gate Media,good-gate-media,30,7,7,1,2354286,207412,336327,0,13,38,0,100,0,0,0,0,0,0,
43263,,Half Asleep,half-asleep,30,1,1,0,2349162,2349162,2349162,1,100,100,0,0,0,0,0,0,0,0,
23250,,"Playdek, Inc.",playdek-inc,30,7,7,0,2346891,211001,335270,5,0,0,29,0,43,100,0,0,0,0,
7882,,Stygian Software,stygian-software,30,1,1,0,2345511,2345511,2345511,1,100,0,0,0,0,0,100,0,0,0,
51763,,万象皆春,-,30,1,1,0,2343645,2343645,2343645,0,100,0,0,0,0,0,100,0,0,0,
1652908,,Ein Lee,ein-lee,30,1,1,0,2336193,2336193,2336193,0,100,100,100,100,0,0,0,0,0,0,Taiwan
13125,,qureate,qureate,30,19,19,0,2335891,77770,122942,19,79,16,47,95,5,0,0,0,0,0,
41857,,Velan Studios,velan-studios,30,2,2,1,2333493,65733,1166747,1,100,67,33,67,33,0,0,0,0,33,
32334,,"Sickhead Games, LLC",sickhead-games-llc,30,2,2,0,2333158,1166579,1166579,0,0,0,0,100,0,0,100,0,0,0,
6038,,Born Ready Games Ltd.,born-ready-games-ltd,30,2,2,0,2325548,1162774,1162774,0,100,100,0,0,50,0,0,0,0,0,
18677,,Team Junkfish,team-junkfish,30,5,5,0,2324361,260584,464872,0,100,60,20,60,0,60,0,0,20,0,United Kingdom
7160,,Tate Multimedia ,tate-multimedia,30,8,8,0,2324171,154979,290521,8,25,88,50,50,13,0,0,0,63,38,Poland
16404,,Suncrash,suncrash,30,2,2,0,2316149,1158075,1158075,2,100,0,0,0,100,100,50,0,0,0,Israel
28444,,Moonsprout Games,moonsprout-games,30,1,1,0,2315799,2315799,2315799,0,100,100,0,100,0,0,100,0,0,0,
31648,,Hourences,hourences,30,1,1,0,2312180,2312180,2312180,0,100,0,0,100,100,0,0,0,0,0,
15994,,Longbow Games,longbow-games,30,5,5,0,2311987,136036,462397,5,100,0,20,20,40,60,20,0,0,0,Canada
29654,,Raymond Doerr,raymond-doerr,30,1,1,0,2309475,2309475,2309475,0,100,0,0,0,100,100,0,0,0,0,
10057,,LVGameDev LLC,lvgamedev-llc,30,3,3,0,2309089,395779,769696,3,100,33,67,33,67,100,0,0,0,0,United States
43848,,P3 Games,p3-games,30,1,1,0,2302862,2302862,2302862,1,100,0,100,100,100,0,0,0,100,0,
25508,,PersonaeGame Studio,personaegame-studio,30,3,3,0,2301960,450634,767320,0,67,0,0,33,67,100,67,0,0,0,
49465,,Little Leo Games,little-leo-games,30,1,1,0,2300661,2300661,2300661,0,100,0,100,0,0,100,0,0,0,0,Brazil
74997,,Explosive Squat Games,explosive-squat-games,30,4,4,0,2300370,982058,575093,1,75,75,25,50,50,75,0,0,0,0,
27962,,Handyman Studios,handyman-studios,30,1,1,0,2298407,2298407,2298407,0,100,100,0,100,0,0,100,0,0,0,
29683,,Hydravision Entertainment,hydravision-entertainment,30,3,3,0,2297285,690494,765762,0,0,100,0,100,0,0,0,0,0,0,
18345,,EQ Studios,eq-studios,30,2,2,0,2296845,1148423,1148423,2,100,0,0,100,0,0,0,0,0,0,
184410,,Acme Gamestudio,acme-gamestudio,30,1,1,0,2294484,2294484,2294484,0,0,100,0,100,0,0,100,0,0,0,
26266,,"CAVE Interactive CO.,LTD.",cave-interactive-co-ltd,30,3,3,0,2293799,895039,764600,0,33,100,0,0,0,0,0,0,0,0,
26332,,wildfiregame,wildfiregame,30,1,1,1,2290304,2290304,2290304,0,50,100,0,100,0,0,100,0,0,0,
3726,,Graviteam,graviteam,30,5,5,0,2289917,303256,457983,3,0,0,0,0,80,80,0,0,0,0,
1476,,Heavy Iron Studios,heavy-iron-studios,30,6,6,0,2288972,308648,381495,0,17,67,17,83,0,17,0,0,0,0,United States
23274,,"Vblank Entertainment, Inc.",vblank-entertainment-inc,30,2,2,0,2288891,1144446,1144446,2,100,100,0,100,0,0,0,0,50,0,
7931527,,BRUTAL SOFTWARE,brutal-software,30,2,2,0,2287663,1143832,1143832,2,50,100,100,100,0,0,0,0,0,0,
31691,,Odin Game Studio,odin-game-studio,30,4,4,0,2283480,272783,570870,0,25,75,0,50,50,25,0,0,0,0,
27784,,Con Man Games,con-man-games,30,2,2,1,2270793,1135397,1135397,0,100,0,0,100,0,0,0,0,0,0,
1680,,A.Y.std,a-y-std,30,3,3,0,2268411,1134206,756137,1,100,100,0,100,33,100,100,0,0,0,
1640655,,Monster and Monster,monster-and-monster,30,1,1,0,2268233,2268233,2268233,0,0,0,0,0,100,0,0,0,0,0,United Kingdom
24311,,Michael Lasch,michael-lasch,30,1,1,0,2267587,2267587,2267587,0,0,0,0,0,100,0,0,0,0,0,
29223,,ThatWhichIs Media,thatwhichis-media,30,1,1,0,2267587,2267587,2267587,0,0,0,0,0,100,0,0,0,0,0,
15161,,Cleverweek,cleverweek,30,8,8,0,2264963,303860,283120,8,100,25,75,13,0,0,0,0,0,0,Sri Lanka
28936,,Rock Pocket Games,rock-pocket-games,30,5,5,1,2263677,137678,452735,0,17,83,0,83,0,0,0,0,33,0,Norway
6304,,Cultic Games,cultic-games,30,2,2,0,2258190,1129095,1129095,1,50,0,0,50,0,0,50,0,0,0,Turkey
29136,,MistyMountainStudio,mistymountainstudio,30,2,2,1,2257199,1128600,1128600,0,67,33,67,100,0,33,0,0,0,0,
14381,,Handelabra Games Inc.,handelabra-games-inc,30,7,7,0,2253499,59061,321928,7,100,0,0,29,0,100,14,0,0,14,
7522,,Duality Games,duality-games,30,6,6,7,2250086,299736,375014,9,69,15,46,8,92,0,0,0,0,0,
293719,,"DRAGAMI GAMES, LTD.",dragami-games-ltd,30,6,6,0,2249328,94634,374888,5,0,17,0,67,33,17,50,0,0,0,
32270,,Three Rings Inc.,three-rings-inc,30,1,1,0,2247505,2247505,2247505,0,0,100,0,0,0,0,0,0,0,0,Japan
29005,,Anisoptera Games,anisoptera-games,30,1,1,0,2247196,2247196,2247196,0,100,100,0,0,0,100,0,0,0,0,
47685,,Claytechworks,claytechworks,30,1,1,0,2246264,2246264,2246264,0,0,0,0,100,0,0,100,0,0,0,
5212,,Evil Twin Artworks,evil-twin-artworks,30,6,6,0,2242591,54904,373765,5,83,100,0,67,67,100,17,0,0,0,
80861,,MIGI STUDIO,migi-studio,30,3,3,0,2237722,339814,745907,1,100,0,67,0,67,0,33,0,0,0,
32680,,Cavalier Game Studios,cavalier-game-studios,30,1,1,0,2237169,2237169,2237169,0,100,0,0,100,0,0,0,0,0,0,United Kingdom
14178,,KishMish Games,kishmish-games,30,8,8,0,2236765,158771,279596,8,100,13,13,38,75,25,0,0,38,0,
50870,,ChillyRoom,chillyroom,30,4,4,0,2232361,140634,558090,4,75,50,0,25,0,50,50,0,0,0,China
30318,,FreeMind S.A.,freemind-s-a,30,21,21,8,2227482,37665,106071,25,97,34,97,62,97,7,10,0,0,0,
30932,,RedLynx,redlynx,30,3,3,0,2227097,942322,742366,0,33,0,0,0,0,0,0,0,100,33,Finland
1400075,,Grenaa Games,grenaa-games,30,1,1,0,2225506,2225506,2225506,0,0,0,100,0,100,100,0,0,0,0,Sweden
1023,,Ground Shatter,ground-shatter,30,6,6,0,2221911,254109,370319,1,33,100,0,0,0,50,0,0,0,0,
27327,,Shimobashira Workshop,shimobashira-workshop,30,3,3,0,2220978,778222,740326,0,67,0,0,33,0,0,100,0,0,0,Japan
44560,,StudioGoupil,studiogoupil,30,1,1,0,2219075,2219075,2219075,1,100,100,0,0,100,0,0,0,0,0,
30836,,Aventurine SA,aventurine-sa,30,1,1,0,2217658,0,2217658,0,100,100,0,0,0,0,100,100,0,0,
40383,,Volens Nolens Games,volens-nolens-games,30,27,27,0,2215832,5951,82068,26,93,78,56,63,4,4,11,0,4,4,
26754,,ALICE IN DISSONANCE,alice-in-dissonance,30,4,4,2,2215434,445682,553859,3,83,0,17,50,0,0,0,0,0,0,
25237,,SEGA Studios Australia,sega-studios-australia,10,2,2,0,2213659,2213659,1106830,0,0,0,100,50,50,0,0,0,50,50,Australia
19950,,WildTangent,wildtangent,30,4,4,0,2212671,492924,553168,4,0,100,0,100,0,0,100,0,0,0,United States
9443,,Subsoap,subsoap,30,6,6,0,2210534,366137,368422,4,50,17,100,33,0,33,33,0,0,0,
14680,,Scavengers Studio,scavengers-studio,30,2,2,0,2208871,996564,1104436,2,100,50,50,50,0,0,0,0,0,0,Canada
54002,,Summerfall Studios,summerfall-studios,30,1,1,0,2208748,2208748,2208748,0,0,0,0,100,0,0,0,0,0,0,
1396334,,Felix Filip,felix-filip,30,1,1,0,2203273,2203273,2203273,0,100,100,100,0,100,0,0,0,0,0,
9824,,Unbroken Studios,unbroken-studios,30,2,2,0,2201764,1921559,1100882,1,0,100,0,0,0,0,0,0,0,50,United States
13397,,David Stark,david-stark,30,2,2,0,2197749,1098875,1098875,2,100,100,50,0,0,50,0,0,0,0,
49685,,Metal Head Games,metal-head-games,30,1,1,0,2195956,2195956,2195956,0,100,0,0,100,100,100,100,0,0,0,
10151,,Neat Corporation,neat-corporation,30,5,5,0,2192022,257395,438404,5,80,60,20,80,40,0,0,0,0,0,Sweden
53896,,NOVECT,novect,30,3,3,0,2191282,336276,730427,0,33,0,0,100,0,0,0,0,0,0,Japan
25700,,Reborn Games,reborn-games,30,1,1,0,2190840,2190840,2190840,0,0,0,0,0,100,100,0,0,0,0,Finland
22305,,Over The Moon,over-the-moon,30,3,3,0,2189615,842217,729872,2,67,100,0,100,0,0,0,0,0,0,Canada
2255,,PlayWay S. A.,playway-s-a,30,5,5,1,2188556,310427,437711,2,0,0,17,0,100,0,0,0,0,0,
26264,,▲ Pyramid Games,pyramid-games,30,12,12,4,2180925,32773,181744,0,100,50,38,75,81,19,6,0,0,6,Poland
36724,,Gummy Cat,gummy-cat,30,1,1,0,2177517,2177517,2177517,0,0,0,100,100,100,0,100,0,0,0,Romania
17221,,SmiteWorks USA LLC,smiteworks-usa-llc,30,3,3,0,2175930,356091,725310,3,100,0,33,0,0,67,67,0,0,0,
17801,,Lonely Troops,lonely-troops,30,11,11,0,2173515,99995,197592,11,100,0,91,55,27,9,55,0,0,0,
29955,,PALETTE,palette,30,8,8,0,2173445,221978,271681,0,0,25,75,25,38,0,0,0,0,0,
16155,,SuperVillain Studios,supervillain-studios,30,2,2,0,2167078,2167078,1083539,1,50,50,50,0,0,50,0,0,0,0,
26044,,Petit Depotto,petit-depotto,30,2,2,0,2164043,1082022,1082022,0,100,0,0,50,100,50,50,0,0,0,
21891,,Zadbox Entertainment,zadbox-entertainment,30,1,1,1,2163860,2163860,2163860,2,50,0,0,100,0,0,0,0,0,0,
6257,,feelThere,feelthere,30,7,7,0,2163789,13474,309113,6,71,14,29,0,86,29,0,0,0,0,
31554,,Vermillion Digital,vermillion-digital,30,2,2,0,2163649,1081825,1081825,0,100,100,50,0,0,50,50,0,0,0,
37919,,Betagames Group,betagames-group,30,1,1,0,2161635,2161635,2161635,1,100,100,0,0,0,0,0,0,0,0,
2313521,,CookieDev,cookiedev,30,3,3,1,2160248,1080124,720083,0,100,100,0,0,100,0,0,0,0,0,
10412,,JoyBits Ltd.,joybits-ltd,30,12,12,3,2159938,68091,179995,15,100,7,100,20,87,7,0,7,0,0,
25722,,Old School Games,old-school-games,30,7,7,0,2159532,487,308505,4,29,29,0,0,0,0,71,0,0,0,
19507,,Nezon Production,nezon-production,30,3,3,0,2159091,309328,719697,3,100,100,100,0,67,100,0,0,0,0,
42313,,しらたまこ,-,30,1,1,0,2157706,2157706,2157706,0,0,0,0,100,0,0,0,0,0,0,
28180,,SoftWarWare,softwarware,30,3,3,0,2151251,787998,717084,0,0,0,0,0,33,100,0,0,0,0,
43820,,ALTARI GAMES,altari-games,30,1,1,0,2150957,2150957,2150957,0,100,100,0,100,0,0,0,0,0,0,
16941,,MoaCube,moacube,30,4,4,0,2149103,463633,537276,4,100,0,0,50,0,50,50,0,0,0,Poland
12244,,Asteroid Game Studio,asteroid-game-studio,30,5,5,0,2147482,407144,429496,5,100,0,100,0,60,100,60,0,0,60,
3906850,,Cr3 Studio,cr3-studio,30,1,1,0,2145845,2145845,2145845,1,0,0,100,0,0,100,0,0,0,0,United States
13489,,ProjectorGames,projectorgames,30,10,10,3,2143033,8162,214303,10,92,54,54,46,69,62,15,8,0,8,
29421,,Splashteam,splashteam,30,2,2,0,2142594,1071297,1071297,0,100,100,0,50,0,0,0,0,0,0,France
24554,,Indefatigable,indefatigable,30,2,2,0,2142562,1071281,1071281,0,100,100,0,50,0,0,0,0,0,0,
9983,,Ultimate Games S.A.,ultimate-games-s-a,30,2,2,0,2142429,2142429,1071215,0,100,100,0,0,100,0,0,0,0,0,
2903,,Lavaboots Studios,lavaboots-studios,30,3,3,0,2139475,546212,713158,3,100,100,0,100,0,0,67,0,0,0,
97125,,Cleversan Games,cleversan-games,30,4,4,2,2138563,815275,534641,0,100,0,50,17,83,83,0,0,0,0,
1656275,,Mob Entertainment,mob-entertainment,30,2,2,0,2138193,0,1069097,2,100,100,0,50,0,0,0,0,0,0,
2251,,Aterdux Entertainment,aterdux-entertainment,30,3,3,0,2136940,142649,712313,3,100,0,0,100,0,100,100,0,0,0,
29130,,Forgotten Key,forgotten-key,30,1,1,0,2135701,2135701,2135701,0,100,0,0,100,0,0,0,0,0,0,Sweden
2567,,Last Bastion Studios LLC,last-bastion-studios-llc,30,1,1,0,2134302,2134302,2134302,1,100,100,0,100,100,0,100,0,0,0,
18739,,Sneaky Yak Studio,sneaky-yak-studio,30,1,1,0,2133681,2133681,2133681,1,0,0,0,0,100,100,0,0,0,0,
18192,,Deadbreed AB,deadbreed-ab,30,1,1,0,2133432,0,2133432,1,100,100,0,100,0,100,100,0,0,0,
28457,,TeamKRAMA,teamkrama,30,2,2,1,2132460,1066230,1066230,0,67,67,67,0,33,0,0,0,0,0,
6632,,Fabio Ferrara,fabio-ferrara,30,12,12,0,2132083,94774,177674,0,58,58,0,67,8,0,0,25,0,0,
3850,,Games++,games,30,11,11,3,2129795,5674,193618,9,79,14,50,36,21,14,29,0,0,0,
5012,,Misfits Attic,misfits-attic,30,2,2,0,2129259,1064630,1064630,2,100,50,0,0,50,100,0,0,0,0,United States
1395636,,Perfect Random,perfect-random,30,1,1,0,2127489,2127489,2127489,1,100,100,0,100,100,0,100,0,0,0,Sweden
26639,,XLGAMES,xlgames,30,2,2,1,2121170,0,1060585,0,0,33,0,33,0,0,100,100,0,0,South Korea
32740,,Harvester Games,harvester-games,30,4,4,0,2120617,314649,530154,1,50,0,0,100,0,0,0,0,0,0,
27731,,Makoto Sanada,makoto-sanada,30,3,3,0,2118621,139203,706207,0,100,0,0,100,0,0,100,0,0,0,
23834,,Studio Fizbin,studio-fizbin,30,6,6,0,2116052,250436,352675,0,100,17,17,67,0,0,17,0,0,0,Germany
34282,,Flow Studio,flow-studio,30,1,1,0,2114244,2114244,2114244,1,100,100,0,100,0,0,0,0,0,0,
30122,,Hato Moa,hato-moa,30,1,1,0,2111125,2111125,2111125,0,100,0,100,0,100,0,0,0,0,0,
21373,,17-BIT,17-bit,30,3,3,0,2109864,1014123,703288,3,67,67,0,33,33,33,0,0,0,0,United States
15916,,Deli Interactive LLC,deli-interactive-llc,30,2,2,0,2108619,1054310,1054310,1,100,50,50,0,100,0,0,0,0,0,
15526,,Wastelands Interactive,wastelands-interactive,30,12,12,0,2108218,63362,175685,2,50,17,17,0,33,83,17,0,8,8,Poland
12963,,MassHive Media,masshive-media,30,2,2,0,2107663,1053832,1053832,1,50,50,50,100,0,50,100,0,0,0,
15369,,Lighthouse Games Studio,lighthouse-games-studio,30,7,7,0,2107304,10936,301043,7,71,43,57,14,43,0,14,0,0,0,
24363,,Sunward Games,sunward-games,30,13,13,0,2105828,115653,161987,0,0,0,100,100,0,0,0,0,0,0,Hungary
29782,,Owned by Gravity,owned-by-gravity,30,4,4,0,2103470,667572,525868,0,0,0,0,25,0,75,50,0,0,0,
8341081,,斑企画,-,30,2,2,0,2102431,2102431,1051216,0,100,0,0,100,0,0,0,0,0,0,
1683097,,Grand Engineer Corps,grand-engineer-corps,30,1,1,0,2098222,2098222,2098222,1,0,0,0,0,0,100,0,0,0,0,
42512,,Inceton games,inceton-games,30,8,8,3,2097530,115123,262191,11,9,9,100,100,0,0,91,0,0,0,
19163,,THE BROTHERHOOD,the-brotherhood,30,4,4,1,2094073,904932,523518,5,100,20,0,100,0,0,0,0,0,0,South Africa
1809,,Game in a Bottle,game-in-a-bottle,30,2,2,0,2093466,1046733,1046733,1,100,100,0,0,0,100,0,0,0,0,
25634,,Evan Szymanski,evan-szymanski,30,3,3,0,2088626,972796,696209,0,67,100,33,67,0,0,0,0,0,33,
21810,,Eastshade Studios,eastshade-studios,30,2,2,1,2086019,1043010,1043010,3,67,0,0,100,0,0,33,0,0,0,United States
32786,,Big Bad Wolf,big-bad-wolf,30,2,2,1,2085873,376943,1042937,0,0,0,0,100,0,0,67,0,0,0,France
16679,,The Men Who Wear Many Hats,the-men-who-wear-many-hats,30,3,3,0,2084179,1042090,694726,3,100,0,33,0,33,33,0,0,0,0,United States
33111,,Gameclaw Studio,gameclaw-studio,30,2,2,1,2079978,1039989,1039989,0,100,67,33,67,33,33,100,0,0,0,
86,,Games Foundry ,games-foundry,30,1,1,0,2078798,0,2078798,1,100,0,0,0,100,100,100,0,0,0,
35968,,TrampolineTales,trampolinetales,30,1,1,1,2075499,2075499,2075499,2,100,50,0,0,50,50,0,0,0,0,
11775,,YCJY Games,ycjy-games,30,5,5,0,2075439,469180,415088,4,100,80,20,60,20,20,20,0,0,0,Sweden
33570,,"Terminal Reality, Inc.",terminal-reality-inc,30,1,1,0,2075345,0,2075345,0,0,100,0,0,0,0,0,0,0,0,
24125,,Hungry Couch Games,hungry-couch-games,30,3,3,0,2074934,1037467,691645,0,100,67,0,67,0,33,67,0,0,0,Serbia
6652803,,Zurvivor,zurvivor,30,1,1,0,2074336,2074336,2074336,0,100,100,0,100,0,0,100,0,0,0,
48872,,Yodubzz Studios,yodubzz-studios,30,1,1,0,2073183,2073183,2073183,0,0,100,0,100,0,0,100,0,0,0,
31167,,Bigmoon Studios,bigmoon-studios,30,2,2,0,2071830,1035915,1035915,0,50,50,0,0,50,50,100,0,0,0,
44341,,Sperasoft,sperasoft,30,1,1,0,2070601,2070601,2070601,0,0,100,0,100,0,0,0,0,0,0,United States
16775,,BattleGoat Studios,battlegoat-studios,30,9,9,1,2069396,98147,229933,10,50,0,0,0,80,100,0,0,0,0,Canada
26921,,Team Nimbus,team-nimbus,30,1,1,0,2066193,2066193,2066193,0,100,0,100,0,100,0,100,0,0,0,
2570030,,Hanki Games,hanki-games,30,1,1,0,2066012,2066012,2066012,0,0,0,0,0,100,0,0,0,100,100,
3444,,熊窝dodox,dodox,30,6,6,0,2064938,244991,344156,6,100,17,33,67,0,67,83,0,0,0,
26588,,CtrlMovie,ctrlmovie,30,1,1,0,2058926,2058926,2058926,0,100,0,0,100,0,0,0,0,0,0,
9707,,Jesse Makkonen,jesse-makkonen,30,5,5,2,2055919,254666,411184,6,100,0,29,86,0,0,0,0,0,0,Finland
4866545,,Martin 'Dram' Melichárek,martin-dram-melich-rek,30,1,1,0,2055718,2055718,2055718,0,100,100,0,0,0,100,0,0,0,0,
23044,,"BigBox VR, Inc.",bigbox-vr-inc,30,2,2,0,2053515,1634433,1026758,2,50,100,0,0,0,0,0,0,0,0,
19475,,Burak Dabak,burak-dabak,30,3,3,0,2050950,247476,683650,3,100,67,0,67,67,33,67,0,0,0,Turkey
3402,,Skookum Arts,skookum-arts,30,1,1,0,2047267,2047267,2047267,1,100,0,0,100,0,0,0,0,0,0,
188265,,Gun Interactive,gun-interactive,30,1,1,0,2046631,2046631,2046631,1,0,100,0,0,100,100,100,0,0,0,United States
1396121,,Vawraek Technology Inc.,vawraek-technology-inc,30,1,1,0,2045518,2045518,2045518,1,0,0,0,0,0,0,0,100,0,0,
45331,,Team-K,team-k,30,4,4,0,2043580,564,510895,3,75,75,25,100,0,0,25,0,0,0,
22845,,"CFK Co., Ltd.",cfk-co-ltd,30,13,13,0,2040241,33947,156942,8,38,46,31,15,46,8,0,0,0,0,South Korea
8851,,Superboss Games,superboss-games,30,1,1,0,2038316,2038316,2038316,1,0,0,0,0,0,0,0,0,0,0,
28409,,SNK Games,snk-games,30,2,2,0,2038208,1019104,1019104,0,0,50,0,100,50,50,100,0,0,0,
25385,,黄昏フロンティア,-,30,3,3,0,2037352,342231,679117,0,100,100,33,0,0,0,0,0,0,0,
3884131,,648工作室,648,30,1,1,1,2036798,2036798,2036798,0,100,0,50,50,100,0,100,0,0,0,
30127,,上海杜昂网络科技有限公司,-,30,1,1,0,2032231,2032231,2032231,0,0,100,0,100,0,0,100,100,0,0,
87054,,Star Chess Studio,star-chess-studio,30,2,2,0,2030665,0,1015333,1,0,0,0,50,100,100,0,0,0,0,
19294,,Metanet Software Inc.,metanet-software-inc,30,1,1,0,2030136,2030136,2030136,1,0,100,0,0,0,0,0,0,0,0,
45477,,Wishfully,wishfully,30,1,1,0,2028302,2028302,2028302,0,100,100,0,100,0,0,0,0,0,0,Sweden
9832,,Triple.B.Titles,triple-b-titles,30,3,3,0,2022887,539224,674296,1,67,33,0,33,0,67,100,0,0,0,United States
38998,,DigX Studios,digx-studios,30,1,1,0,2019872,2019872,2019872,1,100,100,100,0,100,0,0,0,0,0,
53559,,"Kairosoft Co.,Ltd",kairosoft-co-ltd,30,58,58,2,2018102,24748,34795,60,98,0,98,5,100,97,15,0,5,18,
38265,,Conor Petersen,conor-petersen,30,1,1,0,2016983,2016983,2016983,1,100,0,0,0,0,0,0,0,0,0,
38266,,"Thunkspace, LLC",thunkspace-llc,30,1,1,0,2016983,2016983,2016983,1,100,0,0,0,0,0,0,0,0,0,
27535,,"Level Up Labs, LLC",level-up-labs-llc,30,2,2,0,2014243,1007122,1007122,0,100,0,0,0,0,100,100,0,0,0,
1052737,,rittzler,rittzler,30,1,1,1,2012915,2012915,2012915,2,100,100,0,50,0,0,0,0,0,0,United States
36805,,Soda Den,soda-den,30,1,1,0,2012110,2012110,2012110,0,100,0,0,0,100,0,100,0,0,0,
6742,,Super Spin Digital,super-spin-digital,30,1,1,0,2010900,2010900,2010900,1,100,100,100,0,0,0,0,0,0,0,
27016,,Hidden Layer Games,hidden-layer-games,30,1,1,0,2008855,2008855,2008855,0,100,0,0,100,0,0,0,0,0,0,
29663,,Elemental Games,elemental-games,30,1,1,0,2003303,2003303,2003303,0,0,100,0,100,100,100,100,0,0,0,Russia
19917,,Rain Games,rain-games,30,6,6,1,2002459,115292,333743,5,71,86,0,86,0,14,29,0,0,0,Norway
22225,,Resolution Games,resolution-games,30,9,9,1,1993738,71113,221526,10,60,20,20,40,20,40,40,0,0,20,Sweden
4183,,HeR Interactive,her-interactive,30,32,32,0,1992029,46310,62251,32,0,3,6,94,0,0,0,0,0,0,United States
15310,,Chibig,chibig,30,9,9,1,1989010,158418,221001,9,90,40,100,100,30,0,50,0,0,0,Spain
41856,,Exit Plan Games,exit-plan-games,30,2,2,0,1983909,991955,991955,1,50,100,100,50,0,0,0,0,0,0,Poland
11289,,KEMCO,kemco,30,3,3,0,1977021,38339,659007,3,67,33,33,100,0,0,33,0,0,0,Japan
15638,,Dieselmine,dieselmine,30,18,18,1,1976140,26535,109786,12,68,16,21,68,26,11,42,0,0,0,
24056,,Z-Software,z-software,30,8,8,0,1975415,159507,246927,0,38,63,50,25,75,13,0,0,13,13,Germany
25985,,Simon Boxer,simon-boxer,30,1,1,1,1974966,1974966,1974966,0,100,0,0,50,0,50,0,0,0,0,
31452,,Twice Different,twice-different,30,1,1,1,1974966,1974966,1974966,1,100,0,0,0,0,100,0,0,0,0,
3444974,,MLMEDIA,mlmedia,30,1,1,0,1974569,1974569,1974569,1,100,0,0,0,100,0,0,0,0,100,
52425,,FoamPunch,foampunch,30,1,1,0,1974480,1974480,1974480,1,0,100,0,0,100,0,0,0,0,100,
11779,,Netcore Games,netcore-games,30,1,1,0,1970999,1970999,1970999,1,100,0,0,100,0,0,100,0,0,0,
23429,,"TALESSHOP Co., Ltd.",talesshop-co-ltd,30,14,14,1,1970716,43293,140765,14,93,0,93,27,40,0,0,0,0,0,South Korea
36843,,Stellar Entertainment,stellar-entertainment,30,1,1,0,1970430,1970430,1970430,0,0,100,0,100,0,0,0,0,100,0,United Kingdom
22474,,"Beijing Litchi Culture Media Co., Ltd.",beijing-litchi-culture-media-co-ltd,30,3,3,0,1970294,837976,656765,3,100,100,0,100,0,0,0,0,0,0,
24459,,VIS-Games,vis-games,30,24,24,0,1968257,34735,82011,0,54,54,25,29,50,4,0,0,0,0,
3136130,,Scienart Games,scienart-games,30,2,2,0,1966747,1966747,983374,0,100,100,100,100,100,0,0,0,0,0,
45651,,Benjamin &quot;ThingOnItsOwn&quot; Hauer,benjamin-quot-thingonitsown-quot-hauer,30,1,1,0,1963344,1963344,1963344,0,0,0,0,0,0,100,100,0,0,0,
4220075,,Critical Hit Games,critical-hit-games,30,1,1,0,1961626,1961626,1961626,0,0,0,0,100,0,0,0,0,0,0,Poland
2501,,raptor lab,raptor-lab,30,6,6,0,1959827,148093,326638,6,50,100,0,0,50,0,0,50,0,0,
255437,,Goose Minded,goose-minded,30,2,2,0,1959454,1959454,979727,0,100,50,100,100,100,0,0,0,0,0,
24430,,SukeraSomero,sukerasomero,30,3,3,0,1958299,167652,652766,0,0,0,0,100,0,0,0,0,0,0,Japan
12204,,JoyMasher,joymasher,30,5,5,0,1957847,319956,391569,2,100,100,20,20,0,0,20,0,0,0,Brazil
37976,,Patrick Traynor,patrick-traynor,30,2,2,0,1956362,978181,978181,2,100,0,100,0,0,100,0,0,0,0,
3863,,Game Developer X,game-developer-x,30,1,1,0,1952353,1952353,1952353,1,100,100,0,100,100,0,0,0,0,0,
11320,,Pixile,pixile,30,1,1,0,1952012,0,1952012,1,100,100,100,100,0,0,0,100,0,0,
758,,exosyphen studios,exosyphen-studios,30,11,11,0,1951637,31338,177422,11,91,45,9,9,45,9,0,0,18,0,
38484,,Lovely Hellplace,lovely-hellplace,30,3,3,0,1950994,139185,650331,0,100,100,0,100,0,0,33,0,0,0,
32368,,VR Designs,vr-designs,30,6,6,0,1948174,144668,324696,0,0,0,0,0,67,100,17,0,0,0,France
23740,,Eerie Forest Studio,eerie-forest-studio,30,2,2,1,1945799,972900,972900,0,67,0,0,0,33,100,100,0,0,0,
29661,,Strange Fire,strange-fire,30,4,4,0,1941343,483514,485336,0,50,0,0,75,100,50,50,0,0,0,
24950,,Inti Creates,inti-creates,30,1,1,0,1938737,1938737,1938737,0,0,100,0,0,0,0,0,0,0,0,Japan
12817,,Pixelatto,pixelatto,30,7,7,0,1936865,233271,276695,7,29,29,57,57,14,0,0,0,14,0,Spain
13517,,Jason Rohrer,jason-rohrer,30,3,3,1,1935707,223343,645236,4,100,25,0,0,25,50,0,75,0,0,
27360,,James Interactive,james-interactive,30,1,1,1,1932604,1932604,1932604,1,100,50,0,100,0,50,0,0,0,0,
29915,,Ridiculon,ridiculon,30,1,1,0,1932604,1932604,1932604,0,100,0,0,100,0,100,0,0,0,0,
10758,,DigitalDNA Games LLC,digitaldna-games-llc,30,3,3,0,1928021,944047,642674,3,100,100,0,33,0,0,0,0,0,0,
13244,,Over the Top Games,over-the-top-games,30,3,3,0,1927724,957170,642575,3,67,67,0,33,0,0,33,0,0,0,Spain
1859,,Swing Swing Submarine,swing-swing-submarine,30,3,3,1,1926152,270413,642051,1,100,0,50,75,0,25,0,0,0,0,France
1408136,,FunYoo Games,funyoo-games,30,1,1,1,1925904,1925904,1925904,2,100,0,0,100,100,100,50,0,0,0,
5697,,Nuke Nine,nuke-nine,30,1,1,0,1923021,1923021,1923021,1,100,100,0,100,0,0,100,0,0,0,
29117,,Plukit,plukit,30,1,1,0,1921900,1921900,1921900,0,100,0,0,0,100,0,100,0,0,0,Netherlands
13301,,Tobias Springer,tobias-springer,30,4,4,0,1919993,30321,479998,0,100,25,100,0,50,75,0,0,0,0,
184391,,Odinsoft Inc.,odinsoft-inc,30,1,1,0,1919001,1919001,1919001,0,100,100,0,100,100,0,0,0,0,0,United States
22011,,DOG HOGGLER,dog-hoggler,30,3,3,0,1918393,958381,639464,3,67,33,0,0,67,100,0,0,0,33,
31606,,1C: Maddox Games,1c-maddox-games,30,3,3,0,1916799,737572,638933,0,0,0,0,0,100,0,0,0,0,0,
11105,,SpicyTails,spicytails,30,6,6,0,1914748,284633,319125,2,83,0,83,17,0,0,0,0,0,0,
27787,,"M2 Co.,LTD",m2-co-ltd,30,10,10,3,1913987,85362,191399,1,0,85,0,15,0,0,8,0,0,0,
28037,,"Xavi Canal, Ben Palgi",xavi-canal-ben-palgi,30,1,1,0,1913533,1913533,1913533,0,100,0,0,0,100,100,100,0,0,0,
24202,,Irresponsible Games,irresponsible-games,30,1,1,0,1913050,1913050,1913050,0,100,0,0,100,0,0,0,0,0,0,
8400,,Farsky Interactive,farsky-interactive,30,3,3,0,1908108,0,636036,3,67,33,0,100,0,0,33,0,0,0,France
9318,,Mana Games,mana-games,30,5,5,0,1900096,408466,380019,5,40,0,0,0,60,20,20,0,0,80,
45049,,Die of Death Games,die-of-death-games,30,2,2,0,1897714,948857,948857,2,50,50,50,50,0,50,50,0,0,0,
16613,,Toxic Games,toxic-games,30,4,4,0,1894191,642262,473548,3,100,100,0,75,75,0,0,0,0,0,United Kingdom
27086,,Anthony Rotondo,anthony-rotondo,30,2,2,0,1889749,944875,944875,0,100,100,0,50,50,0,50,0,0,0,
17373,,Novarama,novarama,30,2,2,0,1885468,1718339,942734,2,50,100,0,0,0,0,50,0,0,0,Spain
51903,,Timelock Studio,timelock-studio,30,1,1,0,1881953,1881953,1881953,0,0,100,0,100,0,0,0,0,0,0,Russia
24927,,madosoft,madosoft,30,4,4,0,1881906,311147,470477,0,0,0,100,100,0,0,25,0,0,0,Japan
25270,,Trashmasters,trashmasters,30,1,1,0,1879829,1879829,1879829,0,0,100,0,0,0,0,0,0,0,0,
3989585,,Zoom Platform,zoom-platform,30,1,1,0,1879829,1879829,1879829,0,0,100,0,0,0,0,0,0,0,0,United States
18736,,MyACG Studio,myacg-studio,30,6,6,1,1878336,302193,313056,7,71,86,71,57,14,43,57,14,0,0,China
28949,,Ben Garney,ben-garney,30,1,1,0,1875929,1875929,1875929,0,100,100,0,0,100,0,0,0,0,0,
30808,,Eric Hartman,eric-hartman,30,1,1,1,1875929,1875929,1875929,0,100,100,0,0,50,0,0,0,0,0,
49162,,NomnomNami,nomnomnami,30,2,2,0,1873429,936715,936715,2,0,0,0,0,100,0,0,0,0,0,
36767,,Cogwheel Software,cogwheel-software,30,1,1,0,1868609,1868609,1868609,0,100,100,0,100,0,0,0,0,0,0,
15630,,Kyle Seeley,kyle-seeley,30,3,3,0,1868594,934297,622865,3,100,0,100,100,100,0,67,0,0,0,
32180,,Gaming Minds,gaming-minds,30,1,1,0,1868101,1868101,1868101,0,0,0,0,0,100,100,0,0,0,0,
2719,,Blueside,blueside,30,4,4,1,1865824,320174,466456,2,0,100,0,0,0,100,100,20,0,0,South Korea
21667,,Kazakov Oleg,kazakov-oleg,30,8,8,0,1863201,149248,232900,8,50,38,0,0,13,25,38,0,0,0,
20652,,Electrovore,electrovore,30,2,2,0,1861351,930676,930676,2,50,100,50,50,0,0,0,0,0,0,
8271,,Interdimensional Games Inc,interdimensional-games-inc,30,4,4,1,1860996,13684,465249,5,40,40,20,80,60,0,100,0,0,0,Canada
7368,,RedLynx Ltd.,redlynx-ltd,30,2,2,0,1858866,929433,929433,0,50,50,0,0,0,0,0,0,100,50,
22921,,"Harmonix Music Systems, Inc",harmonix-music-systems-inc,30,3,3,0,1857970,214725,619323,2,67,67,33,0,33,0,0,0,0,0,
1280050,,Games Of Tomorrow GmbH,games-of-tomorrow-gmbh,30,1,1,0,1856265,1856265,1856265,1,0,100,0,0,0,0,0,0,0,0,
145392,,MegaWobble,megawobble,30,1,1,0,1854950,1854950,1854950,0,100,100,100,100,0,0,0,0,0,0,
940814,,ZUIJIANGYUE Game,zuijiangyue-game,30,1,1,0,1853767,1853767,1853767,0,0,100,0,100,0,0,100,0,0,0,
10242,,DryGin Studios,drygin-studios,30,1,1,1,1852903,1852903,1852903,2,50,0,0,0,100,100,0,0,0,0,Canada
13098,,Pajama Llama Games,pajama-llama-games,30,1,1,0,1850577,1850577,1850577,0,100,0,0,0,100,100,0,0,0,0,Belgium
24817,,Clifftop Games,clifftop-games,30,4,4,1,1849057,249254,462264,0,80,0,0,100,0,0,0,0,0,0,Sweden
43555,,"Ocean Drive Studio, Inc.",ocean-drive-studio-inc,30,4,4,2,1848881,175301,462220,6,100,33,50,17,50,33,33,0,0,0,
28159,,Archpray Inc.,archpray-inc,30,1,1,0,1845483,1845483,1845483,0,100,100,0,100,0,0,0,0,0,0,
4042,,Moon Moose,moon-moose,30,1,1,0,1845365,1845365,1845365,0,100,100,0,0,100,100,0,0,0,0,
317,,Starni Games,starni-games,30,9,9,1,1841362,292151,204596,3,40,0,10,20,90,80,20,0,0,0,
31585,,ColloseusX,colloseusx,30,11,11,1,1840241,169990,167295,0,100,58,83,25,0,17,17,0,0,8,
24855,,WinterSpring Games,winterspring-games,30,4,4,0,1838560,365708,459640,3,100,0,0,75,75,75,50,0,0,0,United Kingdom
12214,,Rejected Games,rejected-games,30,3,3,2,1837865,918933,612622,5,100,80,60,80,80,0,20,0,0,0,
51339,,Cozy Bee Games,cozy-bee-games,30,5,5,0,1835057,249421,367011,5,20,0,20,0,100,0,0,0,0,0,
611201,,RubyDev,rubydev,30,1,1,0,1832473,1832473,1832473,1,100,100,0,100,0,0,100,0,0,0,
45033,,Silver Lining Studio,silver-lining-studio,30,2,2,0,1831385,915693,915693,0,100,0,50,100,0,0,0,0,0,0,
2596,,Triband,triband,30,3,3,1,1830804,189655,610268,4,100,75,75,75,50,0,0,0,25,0,Denmark
31863,,Phoenix Online Studios,phoenix-online-studios,30,3,3,0,1830282,684204,610094,0,67,0,0,100,0,0,0,0,0,0,United States
35329,,Summitsphere,summitsphere,30,3,3,0,1829239,914620,609746,1,67,100,67,100,0,0,0,0,0,0,United States
26949,,Nom Nom Games,nom-nom-games,30,1,1,0,1828912,0,1828912,0,100,100,0,0,0,100,100,0,0,0,
43893,,ωstar,star,30,1,1,1,1827936,1827936,1827936,0,50,0,0,100,0,0,0,0,0,0,
43894,,Seikei Production,seikei-production,30,1,1,0,1827936,1827936,1827936,1,100,0,0,100,0,0,0,0,0,0,
12422,,Dreamside Interactive,dreamside-interactive,30,1,1,0,1826537,1826537,1826537,0,0,100,0,100,0,0,100,0,0,0,
1548511,,Kevin Ryan,kevin-ryan,30,2,2,1,1824415,912208,912208,0,100,0,100,0,33,33,0,0,33,33,
53230,,Giraffe Lab LLC,giraffe-lab-llc,30,1,1,0,1823700,1823700,1823700,1,0,0,0,0,100,100,0,0,0,0,
1397273,,Flipline Studios,flipline-studios,30,2,2,1,1822507,911254,911254,3,100,100,100,0,100,100,0,0,0,0,United States
4863,,Free Reign Entertainment,free-reign-entertainment,30,4,4,0,1821850,0,455463,3,100,75,0,50,0,25,50,100,0,0,
9620,,Unfold Games,unfold-games,30,1,1,1,1817074,1817074,1817074,2,50,50,0,50,50,0,0,0,0,0,United States
30190,,Zoë Mode,zo-mode,30,3,3,0,1816426,370862,605475,0,0,67,33,67,0,0,67,0,0,0,
187024,,Sparkypants,sparkypants,30,1,1,0,1815066,1815066,1815066,0,0,0,0,0,100,0,0,0,0,0,
60744,,Dionic Software,dionic-software,30,2,2,0,1813605,906803,906803,2,100,0,0,0,100,100,0,0,0,0,Germany
3977459,,Bureau 81,bureau-81,30,1,1,0,1813452,1813452,1813452,1,100,0,0,100,100,0,0,0,0,0,
5036,,NovaLogic,novalogic,30,14,14,0,1812548,113855,129468,14,0,64,0,0,43,0,0,0,0,0,United States
12934,,OPTILLUSION,optillusion,30,3,3,1,1812021,906011,604007,2,100,0,100,50,25,25,0,0,0,0,
29534,,Leonard Menchiari,leonard-menchiari,30,3,3,0,1808513,475523,602838,0,67,67,0,67,33,33,0,0,0,0,
1638258,,Magnum Scriptum,magnum-scriptum,30,2,2,0,1807215,1807215,903608,0,100,0,0,0,100,100,100,0,0,0,
25986,,Counterplay Games Inc.,counterplay-games-inc,30,2,2,0,1802507,1802507,901254,0,50,50,0,50,0,50,0,0,0,0,United States
20973,,Caveman Studio,caveman-studio,30,2,2,0,1799039,899520,899520,2,50,100,50,0,100,0,0,0,0,0,
21307,,Popcannibal,popcannibal,30,8,8,0,1798650,175169,224831,6,100,25,50,63,13,0,0,13,0,0,United States
25472,,ONE-O-ONE GAMES,one-o-one-games,30,2,2,2,1797379,898690,898690,0,50,25,50,75,0,0,0,0,0,25,Italy
90178,,LevelHead,levelhead,30,1,1,0,1796150,1796150,1796150,1,0,0,0,0,100,0,0,0,0,0,
21176,,VDimension,vdimension,30,1,1,4,1796031,1796031,1796031,5,40,80,0,0,80,40,0,0,0,20,
21483,,Blazing Bit Games,blazing-bit-games,30,2,2,0,1794714,897357,897357,2,100,100,0,0,0,0,0,0,0,0,
39795,,Uncasual Games,uncasual-games,30,1,1,0,1793642,1793642,1793642,1,100,0,0,100,100,100,0,0,0,0,
25039,,SHADE Inc.,shade-inc,30,4,4,0,1793541,418985,448385,0,0,75,0,25,0,0,25,0,25,0,
39793,,Milkbar Lads,milkbar-lads,30,1,1,0,1792919,1792919,1792919,0,100,100,0,0,0,0,0,0,0,0,
17273,,Monster Games,monster-games,30,5,5,0,1792669,111587,358534,0,0,0,0,0,20,0,0,0,100,20,United States
22170,,AQUASTYLE,aquastyle,30,4,4,0,1786620,235069,446655,3,100,25,0,100,0,0,75,0,0,0,Japan
17887,,Dreadlocks Ltd.,dreadlocks-ltd,30,1,1,0,1785823,1785823,1785823,1,100,100,0,100,0,0,100,0,0,0,Czech Republic
4428,,Creoteam,creoteam,30,2,2,1,1784634,892317,892317,2,0,33,0,33,67,67,0,0,0,67,Ukraine
79823,,Cornfox &amp; Brothers Ltd.,cornfox-amp-brothers-ltd,30,2,2,1,1782640,891320,891320,0,100,100,0,100,0,0,100,0,0,0,
15405,,Finish Line Games,finish-line-games,30,2,2,1,1781133,890567,890567,1,100,33,33,100,0,0,33,0,0,0,Canada
41666,,Nitro+CHiRAL,nitro-chiral,30,3,3,0,1780351,186143,593450,0,0,0,0,100,0,0,0,0,0,0,
28393,,Infuse Studio,infuse-studio,30,1,1,1,1779766,1779766,1779766,0,100,0,100,100,0,0,0,0,0,0,
16543,,Laumania ApS,laumania-aps,30,1,1,0,1778969,1778969,1778969,1,100,100,100,0,100,0,0,0,0,0,
6174937,,Simuverse Interactive,simuverse-interactive,30,3,3,1,1775727,578524,591909,0,75,0,75,0,100,0,0,0,0,0,
4696,,Matthew Brown,matthew-brown,30,10,10,0,1772837,96618,177284,10,100,10,60,0,0,50,0,0,0,0,United Kingdom
26262,,Ratloop Asia,ratloop-asia,30,3,3,0,1771111,166657,590370,0,100,67,0,67,0,0,0,0,0,0,
27677,,"GAME ARTS Co., Ltd.",game-arts-co-ltd,30,2,2,1,1769444,884722,884722,0,0,33,33,67,0,0,67,0,0,0,
24748,,Straight Right,straight-right,30,1,1,0,1769014,1769014,1769014,0,0,100,0,100,0,0,0,0,0,0,
184829,,INTERIOR NIGHT,interior-night,30,1,1,0,1768236,1768236,1768236,0,0,0,0,100,0,0,0,0,0,0,
24454,,Claeysbrothers,claeysbrothers,30,2,2,0,1763345,881673,881673,0,50,100,0,50,0,0,0,0,0,0,
27170,,Ovosonico,ovosonico,30,1,1,0,1762981,1762981,1762981,0,100,0,0,100,0,0,0,0,0,0,Italy
25374,,"APLUS Co., Ltd",aplus-co-ltd,30,3,3,0,1759918,569926,586639,0,0,100,33,33,0,0,33,0,0,0,
11036,,No Matter Studios,no-matter-studios,30,1,1,0,1757773,1757773,1757773,1,100,100,0,100,0,0,100,0,0,0,United States
27479,,Fishlabs Entertainment GmbH,fishlabs-entertainment-gmbh,30,1,1,0,1754769,1754769,1754769,0,100,100,0,0,100,100,0,0,0,0,
40096,,Neverjam,neverjam,30,1,1,0,1752798,1752798,1752798,0,100,100,100,0,0,0,0,0,0,0,
16244,,Leikir Studio,leikir-studio,30,5,5,0,1751884,226309,350377,2,80,40,0,0,20,60,40,0,0,0,France
42940,,Dreambyte Games,dreambyte-games,30,1,1,0,1751807,1751807,1751807,1,100,100,0,100,0,0,0,0,0,0,
912,,Big Sandwich Games,big-sandwich-games,30,1,1,0,1750824,1750824,1750824,0,100,100,100,0,0,100,0,0,0,0,Canada
9588,,Stratecade LLC,stratecade-llc,30,1,1,0,1750824,1750824,1750824,1,100,100,100,0,0,100,0,0,0,0,
20218,,United Independent Entertainment,united-independent-entertainment,30,29,29,0,1746525,7451,60225,28,7,14,41,10,79,17,3,3,3,7,
39664,,Chicken Launcher,chicken-launcher,30,5,5,1,1746232,321578,349246,0,100,50,83,67,100,33,33,0,0,0,
8719,,Randumb Studios,randumb-studios,30,29,29,1,1744393,9352,60151,30,63,3,60,63,100,0,83,0,0,0,
4544,,Size Five Games,size-five-games,30,6,6,0,1743800,157404,290633,6,100,67,67,50,0,0,17,0,0,17,United Kingdom
185,,Rayark International Limited,rayark-international-limited,30,1,1,0,1743189,1743189,1743189,1,0,100,0,100,0,0,0,0,0,0,
31203,,Noumena Studios,noumena-studios,30,1,1,0,1742392,1742392,1742392,0,0,100,0,100,0,0,100,0,0,0,
6152827,,Team Curiosity ✦,team-curiosity,30,1,1,1,1742389,1742389,1742389,2,100,0,0,0,100,0,0,0,0,0,
5901096,,No Ceiling Games,no-ceiling-games,30,2,2,0,1740582,1740582,870291,2,100,0,0,0,100,0,0,0,0,0,Turkey
14495,,Ocelot Society,ocelot-society,30,1,1,0,1740188,1740188,1740188,1,100,0,0,100,0,0,0,0,0,0,France
31800,,Kudosoft,kudosoft,30,1,1,0,1737425,1737425,1737425,0,0,100,0,100,0,0,0,0,0,0,
293014,,Sky9 Games,sky9-games,30,1,1,0,1735954,1735954,1735954,0,100,100,0,0,0,0,100,0,0,0,Canada
48970,,Stubby Games,stubby-games,30,1,1,1,1735439,1735439,1735439,0,0,50,0,50,0,0,0,0,0,0,United Kingdom
32723,,BlackMark Studio,blackmark-studio,30,3,3,1,1735219,867610,578406,0,0,0,0,0,0,0,100,0,0,0,
1638650,,Storytaco,storytaco,30,5,5,0,1734751,867376,346950,5,0,0,80,80,100,0,20,0,0,0,
10953,,Artifice Studio,artifice-studio,30,2,2,1,1732868,229830,866434,3,100,67,33,67,0,100,67,0,0,0,
18816,,Cats Who Play,cats-who-play,30,4,4,1,1731998,229340,433000,5,80,40,0,60,0,40,0,0,0,0,Russia
22687,,"MidBoss, LLC.",midboss-llc,30,2,2,0,1731656,865828,865828,0,100,0,50,100,0,0,0,0,0,0,
53762,,Fika Productions,fika-productions,30,1,1,1,1718150,1718150,1718150,1,100,50,0,0,0,50,0,0,0,0,
28581,,WarfareSims,warfaresims,30,6,6,0,1715670,0,285945,0,0,0,0,0,100,100,0,0,0,0,
27216,,Meteorise,meteorise,30,2,2,0,1713552,856776,856776,0,0,50,50,0,0,0,0,0,0,0,Japan
3059,,Blackpowder Games,blackpowder-games,30,1,1,0,1713165,0,1713165,1,100,100,0,100,0,0,0,0,0,0,
187484,,All Possible Futures,all-possible-futures,30,1,1,0,1712114,1712114,1712114,0,0,0,0,100,0,0,0,0,0,0,
6221,,Saibot Studios,saibot-studios,30,6,6,1,1711675,429269,285279,5,100,86,0,71,0,0,0,0,0,0,Argentina
13694,,Hello There Games,hello-there-games,30,6,6,0,1707743,46686,284624,4,50,67,67,33,17,0,0,0,0,17,
4519,,Sandswept Studios,sandswept-studios,30,1,1,0,1707671,0,1707671,1,100,100,0,0,100,0,0,0,0,0,
29085,,ARTDINK CORPORATION,artdink-corporation,30,1,1,0,1706370,1706370,1706370,0,0,0,0,0,0,0,100,0,0,0,
45531,,Moon Lagoon,moon-lagoon,30,1,1,0,1703382,1703382,1703382,0,100,0,100,100,0,0,0,0,0,0,
17693,,Casey Donnellan Games LLC,casey-donnellan-games-llc,30,6,6,0,1700944,320802,283491,1,100,83,83,33,83,0,0,0,0,0,
1251,,Roope Tamminen,roope-tamminen,30,4,4,0,1700462,203061,425116,3,100,50,0,50,0,25,25,0,0,0,Finland
11472,,EMIKA_GAMES,emika-games,30,6,6,2,1699282,228218,283214,8,100,0,0,38,75,0,0,0,0,0,Russia
4064969,,Nacon Studio Milan,nacon-studio-milan,30,2,2,1,1698851,849426,849426,0,0,33,0,33,33,0,33,0,67,33,
36487,,Bird's Eye Games,bird-s-eye-games,30,1,1,0,1695145,1695145,1695145,0,100,0,0,0,100,100,0,0,0,0,
24944,,The Knights of Unity,the-knights-of-unity,30,7,7,1,1694891,228188,242127,4,63,50,25,13,25,50,13,0,25,0,
33559,,Halycon Media GmbH &amp; Co. KG,halycon-media-gmbh-amp-co-kg,30,1,1,0,1694742,1694742,1694742,0,0,0,0,0,100,0,0,0,0,0,
10894,,Choice of Games,choice-of-games,30,169,169,11,1694430,2726,10026,180,96,9,22,72,0,0,99,0,0,1,United States
522,,2x2 Games,2x2-games,30,2,2,0,1693173,846587,846587,2,100,0,0,0,50,100,0,0,0,0,
10353,,Angry Demon Studio,angry-demon-studio,30,3,3,0,1691091,483380,563697,2,100,100,0,100,0,0,0,0,0,0,Sweden
101275,,Catnip Games,catnip-games,30,1,1,0,1690582,0,1690582,1,0,0,0,100,0,0,100,100,0,0,
14199,,For Fun Labs,for-fun-labs,30,1,1,0,1690531,1690531,1690531,1,0,0,100,0,100,0,0,0,0,100,
11216,,Cyberwave,cyberwave,30,4,4,2,1687133,155895,421783,4,83,33,17,67,33,0,0,0,0,0,
27056,,KISS,kiss,30,1,1,0,1685195,1685195,1685195,0,100,0,0,100,100,0,0,0,0,0,United Kingdom
9232355,,Free Wing,free-wing,30,1,1,0,1683775,1683775,1683775,1,100,0,0,0,100,100,100,0,0,0,
1053279,,Troy En,troy-en,30,1,1,0,1682963,1682963,1682963,1,100,0,100,0,100,0,0,0,0,0,
3532,,Mason Lindroth,mason-lindroth,30,2,2,0,1681753,840877,840877,2,50,0,0,0,0,0,100,0,0,0,
7488,,Playful Corp.,playful-corp,30,4,4,0,1680490,324169,420123,3,50,100,50,100,25,0,25,25,0,0,
187029,,Studio Sai,studio-sai,30,1,1,0,1680448,1680448,1680448,1,100,100,100,0,0,0,100,0,0,0,
12890,,Big Loop Studios,big-loop-studios,30,5,5,1,1680007,6812,336001,1,100,0,67,100,0,0,0,0,0,0,Bulgaria
10051,,704 Games Company,704-games-company,30,1,1,0,1679939,0,1679939,0,0,0,0,0,0,0,0,0,100,100,
26035,,Nanjing AQUATRAX,nanjing-aquatrax,30,1,1,1,1678334,0,1678334,0,100,0,100,0,0,0,0,0,50,0,
6250,,GlitchPitch,glitchpitch,30,1,1,0,1675787,1675787,1675787,0,100,0,0,0,100,100,0,0,0,0,Russia
11553,,Asylum Entertainment Inc.,asylum-entertainment-inc,30,1,1,0,1675376,1675376,1675376,1,0,0,0,100,100,0,100,100,0,0,
19771,,Sometimes You,sometimes-you,30,6,6,0,1670632,228456,278439,6,100,0,83,33,17,0,0,0,0,0,Russia
30835,,Black Rock Studio,black-rock-studio,30,2,2,0,1670052,1593976,835026,0,0,50,0,0,0,0,0,0,100,0,
18660,,The House of Fables,the-house-of-fables,30,10,10,0,1667561,217468,166756,3,30,0,100,80,10,10,0,0,0,0,Poland
26986,,Mirage Game Studios,mirage-game-studios,30,2,2,0,1665979,832990,832990,0,0,0,0,0,100,100,0,0,0,0,Sweden
31790,,The Story Mechanics,the-story-mechanics,30,1,1,0,1665582,1665582,1665582,0,100,0,100,100,0,0,0,0,0,0,
24734,,Ole Lange,ole-lange,30,1,1,0,1664344,1664344,1664344,0,100,0,0,0,100,0,0,0,0,0,
33515,,New Game Order,new-game-order,30,1,1,0,1663311,1663311,1663311,1,100,0,0,100,0,0,0,0,0,0,
34101,,WanadevStudio,wanadevstudio,30,4,4,2,1660521,320953,415130,6,67,83,17,17,0,17,0,0,17,0,France
47983,,VEOM Studio,veom-studio,30,1,1,0,1659234,1659234,1659234,0,0,0,0,0,100,100,0,0,0,0,
32027,,Daedalic Studio West,daedalic-studio-west,30,1,1,0,1657171,1657171,1657171,0,100,0,0,0,100,100,100,0,0,0,
2030699,,Jyamma Games,jyamma-games,30,1,1,0,1656920,1656920,1656920,1,100,100,0,100,0,0,100,0,0,0,Italy
19236,,Serenity Forge,serenity-forge,30,12,12,0,1655352,98096,137946,4,100,33,33,58,33,0,33,0,0,8,United States
5988,,Sidhe,sidhe,30,2,2,0,1654856,1654856,827428,1,50,50,0,0,0,0,0,0,0,50,
41311,,Sword &amp; Axe LLC,sword-amp-axe-llc,30,2,2,0,1652223,826112,826112,0,100,0,0,100,0,100,100,0,0,0,
28631,,Sohyeon Jeon,sohyeon-jeon,30,2,2,0,1649260,824630,824630,0,0,0,0,0,100,0,0,0,0,0,
28729,,Sujin Ri,sujin-ri,30,2,2,0,1649260,824630,824630,0,0,0,0,0,100,0,0,0,0,0,
29142,,Marcos Arroyo,marcos-arroyo,30,2,2,0,1649260,824630,824630,0,0,0,0,0,100,0,0,0,0,0,
29327,,Seona Lee,seona-lee,30,2,2,0,1649260,824630,824630,0,0,0,0,0,100,0,0,0,0,0,
42852,,Winning Streak Games,winning-streak-games,30,2,2,0,1646584,823292,823292,0,0,0,50,0,100,100,0,0,0,100,
30665,,Robotality,robotality,30,3,3,0,1646188,535244,548729,0,67,33,0,33,0,100,67,0,0,0,Germany
9591,,Humongous Entertainment,humongous-entertainment,30,36,36,0,1643589,28119,45655,35,0,0,97,72,0,3,0,0,0,0,United States
30942,,Sarah Northway,sarah-northway,30,1,1,0,1639840,1639840,1639840,0,100,0,0,0,100,100,100,0,0,0,
24878,,KeroQ,keroq,30,1,1,0,1637196,1637196,1637196,0,0,0,100,100,0,0,0,0,0,0,
9641,,2pt Interactive,2pt-interactive,30,1,1,0,1635642,1635642,1635642,1,100,100,0,100,100,0,0,0,0,0,Australia
1395243,,Rocket Rat Games,rocket-rat-games,30,2,2,0,1635633,817817,817817,1,100,0,50,0,50,50,0,0,0,0,
16647,,Playsaurus,playsaurus,30,3,3,0,1631922,0,543974,2,67,33,100,100,100,100,100,0,0,0,United States
47516,,Game Zoo Studio,game-zoo-studio,30,1,1,0,1631369,1631369,1631369,0,100,0,0,100,0,0,0,0,0,0,
45283,,Archangel Studios,archangel-studios,30,1,1,0,1630208,1630208,1630208,0,100,100,0,100,0,0,100,0,0,0,
292411,,ALT Lab,alt-lab,30,2,2,1,1629633,814817,814817,3,67,0,67,100,33,33,100,0,0,0,
27727,,Game Atelier,game-atelier,30,1,1,1,1627890,1627890,1627890,0,50,100,0,100,0,0,0,0,0,0,France
11600,,Juvty Worlds,juvty-worlds,30,6,6,4,1627870,17793,271312,10,100,60,30,30,20,40,50,50,0,0,Russia
19219,,Jujubee S.A.,jujubee-s-a,30,11,11,1,1626025,51019,147820,8,83,33,25,17,58,42,8,0,25,8,Poland
24928,,"Pixellore, Inc.",pixellore-inc,30,3,3,0,1625241,268237,541747,1,67,33,0,0,0,0,33,0,0,0,
26371,,Nexus Game Studios,nexus-game-studios,30,1,1,1,1623824,1623824,1623824,0,100,0,0,100,0,0,0,0,0,0,Spain
16201,,VectorStorm Pty Ltd,vectorstorm-pty-ltd,30,1,1,0,1622580,1622580,1622580,1,100,0,0,0,100,100,0,0,0,0,
3589226,,Three Whales Studio,three-whales-studio,30,2,2,0,1622529,1622529,811265,0,0,100,0,100,0,0,0,100,0,0,
11217,,DnS Development,dns-development,30,4,4,0,1622039,440571,405510,4,75,100,0,25,0,0,0,0,0,0,
17009,,Axis Games,axis-games,30,10,10,1,1620932,86788,162093,11,64,0,0,0,82,64,0,0,0,91,
19062,,Binary Fortress Software,binary-fortress-software,30,3,3,0,1620669,810335,540223,3,0,0,33,0,0,0,0,0,0,0,
96787,,Creative Games Computer Graphics Corporation,creative-games-computer-graphics-corporation,30,1,1,0,1620272,1620272,1620272,0,0,100,0,100,0,0,100,0,0,0,
1049,,Konfa Games,konfa-games,30,3,3,0,1620262,335017,540087,1,100,33,0,0,33,67,67,0,0,0,
426,,Slitherine LTD.,slitherine-ltd,30,9,9,0,1618637,113303,179849,9,0,0,0,0,22,100,0,0,0,0,United Kingdom
32437,,Four Circle Interactive,four-circle-interactive,30,3,3,0,1617295,348871,539098,0,67,100,0,33,0,0,33,0,0,0,
10748,,XGen Studios,xgen-studios,30,5,5,0,1617203,427895,323441,5,80,40,60,40,0,20,40,0,0,0,Canada
3589571,,MYM Games Studios,mym-games-studios,30,1,1,0,1615566,1615566,1615566,0,100,0,100,0,100,0,0,0,0,0,
24493,,Osome Studio,osome-studio,30,7,7,0,1615515,206830,230788,0,0,71,0,86,0,0,0,0,0,0,France
3779,,Gamehouse,gamehouse,30,34,34,0,1615403,31982,47512,34,41,0,100,88,41,32,0,0,0,0,United States
3845,,Exbleative,exbleative,30,2,2,1,1615180,1615180,807590,2,67,33,67,67,100,0,0,0,33,0,Australia
8133,,Thomas Bowker,thomas-bowker,30,4,4,1,1611884,367676,402971,2,100,0,100,60,0,0,0,0,0,0,
5673,,MoMo Games,momo-games,30,2,2,0,1609710,804855,804855,1,50,50,0,50,0,0,0,0,0,0,
41398,,Vector Interactive,vector-interactive,30,2,2,1,1609189,804595,804595,3,67,67,33,0,67,33,33,0,33,0,
31748,,Stormling Studios,stormling-studios,30,5,5,1,1609177,123746,321835,1,100,33,0,100,0,0,17,0,0,0,
11408,,Frogmind,frogmind,30,1,1,0,1605501,1605501,1605501,1,100,100,0,100,0,0,0,0,0,0,Finland
30894,,"What Pumpkin Games, Inc.",what-pumpkin-games-inc,30,4,4,0,1604182,305498,401046,0,100,0,0,100,25,0,100,0,0,0,
32552,,Cheerdealers,cheerdealers,30,2,2,0,1603567,801784,801784,0,100,0,0,50,0,100,50,50,0,0,Russia
29748,,FlippFly,flippfly,30,1,1,0,1603163,1603163,1603163,0,100,100,100,0,100,0,0,0,100,100,United States
20164,,Strangely Interactive Ltd,strangely-interactive-ltd,30,1,1,0,1601614,1601614,1601614,1,100,100,0,0,100,0,0,0,0,0,
37747,,Basically Games,basically-games,30,2,2,0,1600804,1600804,800402,0,100,100,0,0,0,100,0,0,0,0,
32650,,Invisible Walls,invisible-walls,30,2,2,1,1600214,800107,800107,1,100,33,33,33,0,33,0,0,0,0,Denmark
142551,,Studio Supersoft,studio-supersoft,30,1,1,0,1597766,1597766,1597766,0,100,0,0,100,0,0,100,0,0,0,
47025,,ViNovella Games,vinovella-games,30,4,4,0,1597318,437924,399330,4,100,0,100,100,0,0,0,0,0,0,
47307,,Jasozz Games,jasozz-games,30,2,2,0,1596656,1587966,798328,1,100,100,50,0,0,0,0,0,0,0,
13176,,Microblast Games,microblast-games,30,9,9,0,1594034,162118,177115,1,100,67,89,33,0,33,0,0,0,11,Brazil
32540,,tea_basira,tea-basira,30,1,1,0,1593590,1593590,1593590,0,100,100,100,0,0,0,0,0,0,0,
719434,,sunset visitor 斜陽過客,sunset-visitor,30,1,1,0,1590336,1590336,1590336,0,100,0,0,100,0,0,0,0,0,0,Canada
29907,,KOGADO STUDIO,kogado-studio,30,11,11,1,1588552,100305,144414,1,0,17,0,75,17,8,0,0,0,0,Japan
21626,,Crafting Legends,crafting-legends,30,1,1,0,1586014,1586014,1586014,1,100,100,0,0,0,0,100,0,0,0,Germany
31171,,.dat,dat,30,2,2,0,1584173,792087,792087,0,0,0,0,0,0,100,50,0,0,0,
18450,,MDickie,mdickie,30,10,10,2,1583262,22359,158326,12,92,75,0,50,75,33,58,0,0,42,United Kingdom
15779,,Oreol,oreol,30,2,2,0,1581074,790537,790537,2,50,50,0,50,50,50,50,0,0,0,
27888,,Power of 2,power-of-2,30,2,2,0,1579472,1579472,789736,0,100,0,100,0,0,100,0,0,0,0,
38511,,滑稽工作室,-,30,3,3,0,1578838,563221,526279,3,100,0,0,100,0,67,100,0,0,0,
3704,,Jan Zelený,jan-zelen,30,1,1,0,1577524,1577524,1577524,1,100,0,0,0,100,100,0,0,0,0,
30368,,Crazy Viking Studios,crazy-viking-studios,30,2,2,0,1577005,788503,788503,0,100,100,0,100,0,0,0,0,0,0,
16470,,Pixeye Games,pixeye-games,30,1,1,0,1575189,1575189,1575189,1,0,100,0,100,100,100,0,0,0,0,
12771,,Yume Creations,yume-creations,30,9,9,0,1574359,1093,174929,9,67,11,78,78,22,0,0,0,0,11,Germany
152174,,State of Play,state-of-play,30,4,4,0,1573428,264171,393357,3,75,0,75,75,0,0,0,0,0,0,
16130,,Marco Amadei,marco-amadei,30,6,6,0,1572788,37061,262131,0,83,100,17,33,50,83,17,33,17,17,
10856,,One Hamsa,one-hamsa,30,2,2,0,1571336,785668,785668,2,100,100,0,50,50,0,0,0,0,50,
16386,,Gaijin Entertainment,gaijin-entertainment,30,2,2,1,1567558,1567558,783779,0,0,100,0,33,67,0,33,33,0,0,Russia
28766,,Experience Inc.,experience-inc,30,4,4,0,1562863,213871,390716,0,0,0,0,0,0,0,100,0,0,0,Japan
1637620,,Phew Phew Games,phew-phew-games,30,1,1,1,1562848,1562848,1562848,2,50,100,0,50,0,0,50,0,0,0,Turkey
6891,,Other Tales Interactive,other-tales-interactive,30,2,2,0,1562711,781356,781356,2,100,0,100,100,0,0,0,0,0,0,
7490,,VEWO Interactive Inc.,vewo-interactive-inc,30,2,2,1,1562035,781018,781018,3,67,67,100,100,67,33,100,0,0,0,
9574,,Polyarc,polyarc,30,3,3,0,1561826,780913,520609,3,67,100,67,67,0,33,0,0,0,0,
30199,,Ostrich Banditos,ostrich-banditos,30,1,1,0,1559545,1559545,1559545,0,100,100,0,100,0,0,0,0,0,0,
5398,,Mommy's Best Games,mommy-s-best-games,30,7,7,2,1555427,42440,222204,7,67,78,11,11,0,0,0,0,11,0,United States
2564837,,超厚皮猪猪 Ultra Piggy Studio,ultra-piggy-studio,30,1,1,0,1554628,1554628,1554628,0,100,0,100,0,0,100,0,0,0,0,
6526,,Spooky Squid Games Inc.,spooky-squid-games-inc,30,2,2,0,1551514,775757,775757,2,100,100,0,0,0,0,0,0,0,0,
9223505,,R-Age LLC,r-age-llc,30,1,1,0,1549417,1549417,1549417,1,100,0,0,0,100,0,0,100,0,0,
41549,,SaltyEgg Studio,saltyegg-studio,30,1,1,0,1548308,0,1548308,0,100,0,100,0,0,0,100,0,0,0,
17712,,Alice &amp; Smith,alice-amp-smith,30,4,4,0,1547410,491628,386853,0,100,0,25,100,25,50,25,0,0,0,
6964,,Minority Media Inc.,minority-media-inc,30,2,2,0,1546346,773173,773173,1,100,0,50,100,50,0,0,0,0,0,
5030,,Somi,somi,30,6,6,0,1546134,79546,257689,4,100,33,17,67,17,0,0,0,0,0,South Korea
14932,,Eyebrow Interactive,eyebrow-interactive,30,2,2,0,1545999,773000,773000,2,100,50,0,0,0,0,0,0,0,0,
140772,,Viking Game Studio,viking-game-studio,30,2,2,0,1544739,772370,772370,2,100,0,0,0,100,0,0,0,50,0,
292174,,Thunderful Development,thunderful-development,30,2,2,0,1542075,771038,771038,0,50,0,0,50,0,50,50,0,0,0,
24585,,Andrew Smith,andrew-smith,30,1,1,1,1541653,1541653,1541653,0,100,100,0,100,0,0,0,0,0,0,
5235412,,Sublime,sublime,30,1,1,0,1540345,1540345,1540345,1,0,100,0,100,100,100,0,0,0,0,Canada
31683,,Kaizen Game Works,kaizen-game-works,30,1,1,0,1539184,1539184,1539184,0,100,0,0,100,0,0,100,0,0,0,United Kingdom
14405,,Halfbrick Studios Pty Ltd,halfbrick-studios-pty-ltd,30,2,2,0,1537671,768836,768836,2,0,100,100,0,100,0,0,0,0,50,
9140,,Space Boat Studios,space-boat-studios,30,5,5,5,1537389,218906,307478,2,40,60,50,50,80,10,40,20,0,0,
7330,,Holospark,holospark,30,5,5,0,1535239,10433,307048,5,40,20,40,20,0,0,0,0,0,0,United States
31699,,Infinite Interactive,infinite-interactive,30,7,7,0,1535005,193012,219286,0,0,0,71,0,0,29,57,0,0,0,Australia
4952165,,Longplay Studios,longplay-studios,30,1,1,0,1534787,1534787,1534787,1,100,0,0,100,100,100,100,0,0,0,South Korea
7186,, Springloaded,springloaded,30,5,5,5,1534064,5483,306813,9,90,20,30,50,40,40,30,0,0,0,Singapore
27588,,Megagon Industries,megagon-industries,30,2,2,0,1530449,765225,765225,1,100,50,0,0,50,0,0,0,100,100,Germany
7124,,Bluebutton Games,bluebutton-games,30,1,1,0,1530269,1530269,1530269,1,100,100,0,100,0,100,0,0,0,0,
11080,,Aldorlea Games,aldorlea-games,30,20,20,3,1529099,44390,76455,21,100,4,74,87,13,39,100,0,0,0,
31362,,World-Loom,world-loom,30,10,10,0,1528205,101429,152821,0,10,0,100,80,30,20,0,0,0,0,Poland
17975,,Star Drifters,star-drifters,30,5,5,1,1526985,191903,305397,5,100,50,0,33,50,33,50,0,0,0,Poland
2706,,LINE Games Corporation,line-games-corporation,30,3,3,1,1523516,761758,507839,4,25,50,50,100,25,25,75,25,0,0,South Korea
4385210,,"Dvora Studio Co., Ltd.",dvora-studio-co-ltd,30,4,4,0,1522072,328252,380518,0,75,75,0,100,0,25,25,0,0,0,
13775,,Hammerfall Publishing,hammerfall-publishing,30,1,1,0,1517675,0,1517675,1,100,100,0,0,0,100,0,0,0,0,
17737,,Infinite Monkeys Entertainment Ltd.,infinite-monkeys-entertainment-ltd,30,1,1,0,1516960,1516960,1516960,1,100,100,100,100,0,0,0,0,0,0,
8134,,Washbear Studio,washbear-studio,30,1,1,0,1516069,1516069,1516069,1,0,0,0,0,100,100,0,0,0,0,
3729247,,にゅう工房,-,30,1,1,0,1515908,1515908,1515908,0,100,0,0,100,0,0,100,0,0,0,
22727,,"Schine, GmbH",schine-gmbh,30,2,2,0,1514827,757414,757414,2,100,100,0,50,50,50,50,0,0,0,
29868,,Pyramid,pyramid,30,2,2,0,1513774,756887,756887,0,0,50,0,0,0,0,50,0,0,0,
53656,,Cavemanon,cavemanon,30,1,1,0,1512515,1512515,1512515,1,100,0,100,0,0,0,0,0,0,0,
4389,,Midjiwan AB,midjiwan-ab,30,1,1,0,1512481,1512481,1512481,1,100,100,100,100,100,100,0,0,0,0,Sweden
51299,,Gruby Entertainment,gruby-entertainment,30,2,2,0,1509850,1509850,754925,0,100,100,0,0,0,0,0,0,0,0,Poland
29645,,Glass Heart Games,glass-heart-games,30,1,1,0,1509415,1509415,1509415,0,100,100,0,0,0,0,100,0,0,0,
20297,,Buckethead Entertainment,buckethead-entertainment,30,2,2,0,1508840,754420,754420,2,0,100,0,0,0,0,0,0,0,50,Netherlands
38388,,Bird Bath Games,bird-bath-games,30,1,1,0,1508087,1508087,1508087,0,100,100,0,0,0,0,0,0,0,0,Sweden
15543,,Conatus Creative Inc.,conatus-creative-inc,30,1,1,0,1506900,1506900,1506900,1,100,100,0,0,0,0,100,0,0,0,
13441,,Hyper Games,hyper-games,30,4,4,0,1506465,181688,376616,1,100,25,0,50,0,0,25,0,0,0,Norway
5939,,Vagabond Dog,vagabond-dog,30,7,7,2,1505673,8795,215096,8,78,11,33,0,11,0,33,0,0,11,Canada
33522,,SCT,sct,30,5,5,0,1504051,200614,300810,5,80,40,80,40,60,40,0,0,20,0,
29460,,Pilgrim Adventures,pilgrim-adventures,30,15,15,1,1503427,25368,100228,0,94,13,0,100,0,0,31,0,0,0,
6007,,iRacing.com Motorsport Simulations,iracing-com-motorsport-simulations,30,2,2,0,1501099,750550,750550,2,0,0,0,0,100,0,0,50,100,100,United States
292611,,Artificer,artificer,30,2,2,0,1500565,750283,750283,0,0,50,0,0,0,100,0,0,0,0,Poland
35936,,Trey Powell,trey-powell,30,1,1,0,1496323,1496323,1496323,0,100,100,0,0,0,0,0,0,0,0,
35937,,Jason Bond,jason-bond,30,1,1,0,1496323,1496323,1496323,0,100,100,0,0,0,0,0,0,0,0,
940937,,Shockfront Studios,shockfront-studios,30,1,1,0,1495496,1495496,1495496,1,100,100,0,0,100,0,0,0,0,0,
940109,,MANGLEDmaw Games,mangledmaw-games,30,2,2,0,1494864,747432,747432,0,100,0,0,50,0,0,0,0,0,0,
31050,,ONEONE1,oneone1,30,9,9,1,1494472,79805,166052,0,80,10,0,70,0,0,100,0,0,0,
25882,,MOONSTONE,moonstone,30,8,8,0,1494108,148903,186764,0,0,0,38,100,0,0,0,0,0,0,Japan
19483,,Indimo Labs LLC,indimo-labs-llc,30,1,1,0,1492786,1492786,1492786,1,0,100,0,100,0,0,100,0,0,0,
15321,,Robotronic Games,robotronic-games,30,1,1,0,1492403,1492403,1492403,1,100,0,0,0,100,100,0,0,0,0,United States
9503,,Phosphor Games,phosphor-games,30,3,3,0,1491922,118597,497307,3,67,67,0,67,0,0,0,0,0,0,
30300,,Kodots Games,kodots-games,30,2,2,1,1491557,745779,745779,1,67,0,33,0,0,0,100,0,0,0,Myanmar
25596,,Byzantine Games,byzantine-games,30,5,5,0,1491291,339743,298258,0,0,0,0,0,40,100,0,0,0,0,United Kingdom
142117,,Natsume Atari,natsume-atari,30,7,7,0,1490658,183964,212951,3,29,100,14,29,0,0,29,0,0,0,Japan
830347,,Entergram,entergram,30,4,4,1,1490173,290158,372543,0,20,0,100,80,20,0,0,0,0,0,Japan
30744,,Alicesoft,alicesoft,30,3,3,1,1488226,1488226,496075,2,0,25,0,25,0,0,75,0,0,0,Japan
17659,,Rainbow Games,rainbow-games,30,10,10,0,1485325,10906,148533,10,0,0,100,10,0,40,0,0,0,0,
12282,,Sorath,sorath,30,2,2,0,1484135,742068,742068,2,100,100,0,0,0,0,0,0,0,0,
24467,,EggNut,eggnut,30,4,4,0,1483137,85516,370784,1,100,25,0,75,0,0,25,0,25,0,Canada
26566,,Phenomic,phenomic,30,3,3,0,1483002,741501,494334,0,0,33,0,0,0,33,100,0,0,0,
26538,,PeDePe GbR,pedepe-gbr,30,1,1,0,1482512,1482512,1482512,0,0,0,100,0,100,0,0,0,0,0,
27049,,Applique,applique,30,3,3,0,1481103,369689,493701,0,0,0,100,100,0,0,0,0,0,0,
37471,,Kyle Thompson,kyle-thompson,30,3,3,0,1480828,643323,493609,2,33,67,33,100,0,0,0,0,0,0,
21631,,IceSitruuna,icesitruuna,30,2,2,0,1479783,739892,739892,2,100,100,100,100,0,0,100,0,0,0,
23988,,Villa Gorilla,villa-gorilla,30,1,1,0,1478523,1478523,1478523,0,100,0,0,100,0,0,0,0,0,0,Sweden
16559,,Placeholder Gameworks,placeholder-gameworks,30,2,2,1,1477450,738725,738725,3,100,0,67,67,67,67,67,0,0,0,Estonia
10919,,Leadwerks Software,leadwerks-software,30,2,2,0,1475585,1475585,737793,2,0,0,0,0,0,0,0,0,0,0,
22684,,"MicroProse Software, Inc",microprose-software-inc,30,24,24,0,1474409,11640,61434,0,0,8,0,33,63,38,8,0,0,0,
7766,,Siege Games,siege-games,30,2,2,0,1473329,736665,736665,2,50,100,0,50,50,0,50,0,0,0,United States
32615,,"D4 Enterprise Co., Ltd.",d4-enterprise-co-ltd,30,2,2,0,1471365,735683,735683,0,0,50,0,100,0,0,100,0,0,0,
8541,,a2z Interactive,a2z-interactive,30,1,1,0,1469795,1469795,1469795,1,100,100,0,100,100,0,0,100,0,0,United Kingdom
20604,,RUST LTD.,rust-ltd,30,1,1,2,1469777,1469777,1469777,3,0,33,0,33,67,0,0,0,0,0,
32412,,Mountains,mountains,30,1,1,0,1466768,1466768,1466768,0,100,0,100,100,0,0,0,0,0,0,
25462,,"Mane6, Inc.",mane6-inc,30,1,1,0,1466673,1466673,1466673,0,100,100,0,0,0,0,0,0,0,0,
940764,,Core Engage,core-engage,30,1,1,0,1466511,1466511,1466511,0,100,0,0,0,100,100,0,0,0,0,
30158,,THREE ONE ZERO,three-one-zero,30,1,1,0,1466210,1466210,1466210,0,100,0,0,100,0,0,0,0,0,0,
4450,,TopWare Interactive,topware-interactive,30,1,1,0,1462585,1462585,1462585,1,0,0,0,0,100,100,0,0,0,0,Germany
29616,,Protocol Games,protocol-games,30,2,2,0,1460961,1460961,730481,0,0,50,0,100,0,0,0,0,0,0,
1636063,,Xinyuan Studio,xinyuan-studio,30,1,1,0,1460442,1460442,1460442,1,100,100,0,100,0,0,100,0,0,0,China
32167,,Fusty Game,fusty-game,30,1,1,0,1458535,1458535,1458535,0,0,100,0,100,0,0,0,0,0,0,
8908,,TicToc Games,tictoc-games,30,3,3,2,1457475,146699,485825,4,80,60,20,40,0,20,60,0,0,20,
16950,,Joakim Sandberg,joakim-sandberg,30,2,2,0,1457162,728581,728581,1,100,100,0,50,0,0,0,0,0,0,Sweden
31938,,MegaPixel Studio S. A.,megapixel-studio-s-a,30,3,3,2,1456074,360725,485358,0,20,100,20,60,0,0,0,0,0,0,
9658,,YiFang Studio,yifang-studio,30,1,1,0,1455690,1455690,1455690,0,0,100,100,100,100,0,100,0,0,0,
2347,,Industry Games,industry-games,30,3,3,0,1455290,794879,485097,3,33,33,0,33,0,0,67,0,0,0,United States
14681,,Mi-Clos Studio,mi-clos-studio,30,4,4,0,1455239,321799,363810,2,75,0,0,50,25,75,50,0,0,0,France
24068,,Lena Raine,lena-raine,30,2,2,1,1454467,727234,727234,0,100,0,0,33,0,0,67,0,0,0,
22788,,"Bit Blot, LLC",bit-blot-llc,30,1,1,0,1453116,1453116,1453116,1,100,0,0,0,0,0,0,0,0,0,
22647,,"Elder Game, LLC",elder-game-llc,30,1,1,0,1452535,1452535,1452535,1,100,0,0,0,0,0,100,100,0,0,
187472,,Frost Giant Studios,frost-giant-studios,30,1,1,0,1450819,0,1450819,1,0,100,0,0,0,100,0,0,0,0,United States
525,,FreakZone Games,freakzone-games,30,8,8,1,1450814,34665,181352,4,78,100,0,67,0,0,0,0,0,0,United Kingdom
23606,,Impressions Games,impressions-games,30,7,7,0,1450731,107782,207247,0,0,0,0,0,43,100,29,0,0,0,United Kingdom
58970,,PixelFade,pixelfade,30,5,5,0,1450456,208751,290091,5,100,40,0,100,100,0,100,0,0,20,
32507,,VStep,vstep,30,1,1,0,1449284,1449284,1449284,0,0,0,0,0,100,0,0,0,0,0,Netherlands
14295,,Teotl Studios,teotl-studios,30,1,1,0,1446863,1446863,1446863,0,100,100,0,100,0,100,0,0,0,0,Sweden
23577,,Cat5Games,cat5games,30,1,1,0,1446583,1446583,1446583,0,100,0,100,0,100,0,0,0,0,0,
14437,,Event Horizon,event-horizon,30,2,2,0,1446487,723244,723244,2,50,0,0,0,0,50,100,0,0,0,Poland
23645,,N-Fusion Interactive,n-fusion-interactive,30,10,10,0,1445913,18597,144591,0,30,80,20,60,10,40,20,0,0,10,United States
10338,,Akaba Studio,akaba-studio,30,1,1,0,1445788,1445788,1445788,1,100,0,0,100,100,0,100,0,0,0,
28086,,Herobeat Studios,herobeat-studios,30,1,1,0,1445653,1445653,1445653,0,100,0,0,100,100,0,0,0,0,0,
64130,,Alexis Dean-Jones,alexis-dean-jones,30,1,1,0,1444432,1444432,1444432,0,100,0,0,100,0,0,100,0,0,0,
64132,,Madeline Berger,madeline-berger,30,1,1,0,1444432,1444432,1444432,0,100,0,0,100,0,0,100,0,0,0,
44256,,BearBoneStudio,bearbonestudio,30,1,1,0,1442703,1442703,1442703,1,100,0,0,100,0,0,100,0,0,0,Taiwan
25187,,MrCiastku,mrciastku,30,2,2,1,1441326,720663,720663,0,100,100,33,67,0,0,0,0,0,0,
10782,,Serellan LLC,serellan-llc,30,3,3,0,1441253,685264,480418,2,67,67,33,0,67,67,0,0,0,0,
43613,,Light Brick Studio,light-brick-studio,30,1,1,0,1440986,1440986,1440986,0,100,0,100,100,0,0,0,0,0,0,Denmark
7091,,Psyop,psyop,30,4,4,0,1438865,1400266,359716,2,75,0,100,25,25,0,0,0,0,0,
20445,,Sandstorm Studios Inc.,sandstorm-studios-inc,30,3,3,1,1438257,380706,479419,4,75,75,75,50,25,100,0,0,0,0,
27173,,Rejet,rejet,30,5,5,0,1437122,35208,287424,0,0,0,0,100,20,0,100,0,0,0,Japan
1007,,Love Conquers All Games,love-conquers-all-games,30,4,4,0,1436266,269678,359067,4,100,0,0,0,0,0,25,0,0,0,Canada
4073488,,EmadePlus,emadeplus,30,1,1,0,1436211,1436211,1436211,1,100,100,0,0,100,0,100,0,0,0,Japan
2354,,Thylacine Studios,thylacine-studios,30,6,6,0,1435029,172039,239172,0,83,0,17,0,0,33,83,0,0,0,
20184,,Bitten Toast Games Inc.,bitten-toast-games-inc,30,6,6,0,1433553,17015,238926,6,83,83,17,17,17,0,17,0,0,0,
20880,,Endless Loop Studios,endless-loop-studios,30,11,11,1,1433195,94686,130290,12,67,42,17,8,67,67,0,0,0,0,
1252,,Regista,regista,30,1,1,0,1430931,1430931,1430931,0,0,0,0,100,0,0,0,0,0,0,Japan
27282,,Yeti,yeti,30,1,1,0,1430931,1430931,1430931,0,0,0,0,100,0,0,0,0,0,0,
7115,,Aleksey Abramenko,aleksey-abramenko,30,1,1,0,1430296,1430296,1430296,1,100,100,0,0,0,0,0,0,0,0,
56110,,Road Studio S.A.,road-studio-s-a,30,1,1,1,1428278,1428278,1428278,0,100,100,50,100,100,0,0,0,100,0,Poland
187457,,Fallen Leaf,fallen-leaf,30,1,1,1,1427782,1427782,1427782,1,0,50,0,50,0,0,0,0,0,0,Poland
187458,,Black Drakkar Games,black-drakkar-games,30,1,1,1,1427782,1427782,1427782,0,0,50,0,50,0,0,0,0,0,0,Poland
6193614,,Shangshi Studio,shangshi-studio,30,1,1,1,1426841,1426841,1426841,2,100,100,50,100,0,50,100,0,0,0,
810000,,RavenSoft,ravensoft,30,1,1,0,1425594,1425594,1425594,0,0,100,0,0,0,0,0,0,0,0,
11799,,Amaterasu Software,amaterasu-software,30,13,13,0,1424181,14461,109552,13,85,31,38,62,8,0,54,0,0,0,
1713642,,Scopely,scopely,30,1,1,0,1423880,0,1423880,1,100,100,100,0,0,0,0,100,0,0,Spain
20502,,RocketPunch Games,rocketpunch-games,30,2,2,0,1423370,711685,711685,1,100,50,0,0,0,50,0,0,0,0,
40623,,Manic Mice,manic-mice,30,4,4,0,1422629,38578,355657,4,100,100,25,75,0,25,0,0,0,0,
23721,,Koboldgames,koboldgames,30,1,1,0,1422096,1422096,1422096,0,100,0,0,100,0,0,0,0,0,0,Switzerland
18930,,Signal Studios,signal-studios,30,5,5,0,1421729,571504,284346,2,20,100,60,0,60,80,20,0,0,0,
8543,,Aquiris Game Studio,aquiris-game-studio,30,1,1,0,1420419,0,1420419,1,100,100,100,0,0,0,0,0,0,0,Brazil
44562,,TFL Games,tfl-games,30,1,1,0,1419623,1419623,1419623,1,0,100,100,100,0,0,0,100,0,0,
2838,,Petoons Studio,petoons-studio,30,8,8,1,1419127,47326,177391,2,11,78,33,89,0,0,11,0,0,0,
47403,,Louis Rochette,louis-rochette,30,1,1,0,1419071,1419071,1419071,1,100,100,0,0,100,0,0,0,100,100,
26833,,Lunar Ray Games,lunar-ray-games,30,1,1,1,1417262,1417262,1417262,1,100,100,0,100,0,0,100,0,0,0,United States
4112126,,KillPixel Games,killpixel-games,30,1,1,1,1411695,1411695,1411695,1,0,100,0,0,0,0,0,0,0,0,
27256,,TickTock Games,ticktock-games,30,3,3,0,1411253,572001,470418,0,0,67,0,33,0,67,0,0,0,0,United Kingdom
29062,,Black Wing Foundation,black-wing-foundation,30,4,4,0,1411074,244672,352769,0,75,50,0,50,0,0,0,0,25,0,Ukraine
25906,,Hypnotic Ants,hypnotic-ants,30,4,4,5,1409280,108986,352320,0,56,44,56,44,78,0,11,0,0,0,
21748,,Walnut LLC,walnut-llc,30,4,4,1,1407846,200571,351962,5,100,100,20,80,40,0,0,20,0,0,
3111,,Studio Élan,studio-lan,30,6,6,7,1405987,188641,234331,11,46,0,100,8,0,0,0,0,0,0,
24806,,Wizarbox,wizarbox,30,2,2,0,1404452,702226,702226,0,0,50,50,50,0,0,50,0,0,0,France
15436,,Grid Sage Games,grid-sage-games,30,1,1,0,1404021,1404021,1404021,1,100,0,0,100,0,100,100,0,0,0,
28965,,OVERDRIVE,overdrive,30,4,4,0,1403611,130107,350903,0,0,0,25,100,0,0,0,0,0,0,Japan
33418,,Trinity Team,trinity-team,30,4,4,2,1403542,341751,350886,2,67,67,17,83,17,0,33,0,0,0,
2864,,Feperd Games,feperd-games,30,4,4,0,1403407,198531,350852,4,25,100,0,0,0,0,0,0,25,0,Brazil
24368,,Melos Han-Tani,melos-han-tani,30,5,5,2,1400818,228466,280164,0,100,43,0,100,0,0,43,0,0,0,
26551,,Marina Kittaka,marina-kittaka,30,4,4,1,1400818,228466,350205,0,100,60,0,100,0,0,40,0,0,0,
15390,,TB Games,tb-games,30,6,6,0,1398328,75706,233055,6,67,83,0,67,33,0,17,100,0,0,
5520566,,Notorious Studios,notorious-studios,30,1,1,0,1396843,1396843,1396843,1,0,100,0,0,0,0,100,0,0,0,
24557,,GrabTheGames Studios,grabthegames-studios,30,6,6,0,1394641,234126,232440,0,83,0,17,100,0,0,17,0,0,0,
5754,,Strange Matter Studios,strange-matter-studios,30,1,1,0,1394043,0,1394043,1,0,100,0,0,0,100,0,0,0,0,
27272,,Bedlam Games,bedlam-games,30,1,1,0,1386982,1386982,1386982,0,0,100,0,0,0,0,100,0,0,0,
24652,,Ice Flames,ice-flames,30,1,1,0,1385827,1385827,1385827,0,0,0,0,0,100,0,0,0,0,0,
2572,,Treasure,treasure,30,2,2,0,1384794,692397,692397,1,50,100,0,0,0,0,0,0,0,0,Japan
24248,,Fallen Flag Studio,fallen-flag-studio,30,1,1,0,1384151,1384151,1384151,0,100,100,0,100,0,0,100,0,0,0,United Kingdom
19843,,Nexile,nexile,30,2,2,0,1383843,691922,691922,2,100,100,0,100,0,0,50,0,0,0,
2535636,,Channel 3 Entertainment,channel-3-entertainment,30,1,1,0,1381807,1381807,1381807,0,100,0,0,0,100,100,0,0,0,0,Canada
28559,,"Fancy Bytes, Reactor",fancy-bytes-reactor,30,6,6,0,1381315,46145,230219,0,0,0,67,0,83,33,0,0,0,50,
30282,,Flying Oak Games,flying-oak-games,30,3,3,0,1379465,409832,459822,0,100,100,0,33,0,0,33,0,0,0,France
8467,,Whatboy Games,whatboy-games,30,2,2,0,1378619,689310,689310,1,100,0,0,0,50,100,100,0,0,0,
3679,,VaragtP,varagtp,30,8,8,2,1377747,122088,172218,10,100,70,100,20,30,0,30,0,10,10,
48882,,YiTi Games,yiti-games,30,2,2,0,1374744,687372,687372,0,100,0,0,50,0,0,0,0,0,0,China
10016,,Gaddy Games,gaddy-games,30,2,2,0,1373409,686705,686705,2,100,50,0,0,50,100,50,0,0,0,
21862,,Clarus Victoria,clarus-victoria,30,5,5,0,1369309,215585,273862,5,100,0,20,0,100,100,0,0,0,0,Russia
8110,,Burst2Flame Entertainment,burst2flame-entertainment,30,2,2,0,1369062,684531,684531,2,50,50,50,50,0,50,100,0,0,0,United States
15407,,Holy Warp,holy-warp,30,2,2,0,1369044,684522,684522,2,100,100,0,0,0,0,0,0,50,0,
293139,,Hakababunko,hakababunko,30,2,2,0,1365677,682839,682839,0,50,0,50,100,0,0,0,0,0,0,
44092,,SandCastles Studio,sandcastles-studio,30,1,1,1,1365557,1365557,1365557,1,100,100,100,50,0,0,0,0,0,0,Spain
37920,,Hiding Spot,hiding-spot,30,1,1,1,1365337,1365337,1365337,1,100,50,100,50,0,0,50,0,0,0,
2030441,,HornyDoge,hornydoge,30,1,1,0,1362665,1362665,1362665,0,100,0,0,0,0,0,100,0,0,0,
20874,,Volcanoid,volcanoid,30,1,1,0,1361600,1361600,1361600,1,100,100,0,100,100,0,0,0,0,0,
30093,,SDP Games,sdp-games,30,1,1,0,1360629,1360629,1360629,0,100,0,100,100,0,0,0,0,0,0,France
2455,,Mehsoft,mehsoft,30,6,6,0,1360469,31103,226745,6,83,50,17,67,17,0,0,0,17,0,Russia
9863,,Yak &amp; Co,yak-amp-co,30,2,2,0,1358891,679446,679446,0,100,0,50,100,0,0,0,0,0,0,
16222,,increpare games,increpare-games,30,4,4,0,1358714,54564,339679,4,100,50,25,0,0,0,0,0,0,0,
2103335,,Bolt Blaster Games,bolt-blaster-games,30,2,2,0,1358520,679260,679260,1,50,100,50,0,0,0,0,0,0,0,Belgium
2387,,Night Node,night-node,30,1,1,0,1357691,0,1357691,1,100,100,0,0,100,0,0,0,0,0,Sweden
31019,,Gogii Games,gogii-games,30,26,26,0,1356956,16208,52191,0,0,0,38,96,0,0,0,0,0,0,Canada
19089,,Convoy Games,convoy-games,30,2,2,0,1356247,678124,678124,1,100,100,0,100,0,50,100,0,0,0,Netherlands
291687,,Roboatino,roboatino,30,2,2,0,1355442,1355442,677721,0,50,0,0,0,0,100,100,0,0,0,
36800,,Asteroid Lab,asteroid-lab,30,2,2,0,1354379,1354379,677190,0,0,0,0,0,50,100,0,0,0,0,
20358,,Parabole,parabole,30,2,2,0,1353538,676769,676769,1,100,0,0,100,0,0,0,0,0,0,Canada
24560,,FibreTigre,fibretigre,30,3,3,0,1353022,523629,451007,0,67,0,0,67,33,67,33,0,0,0,
13272,,Ragged Games,ragged-games,30,1,1,1,1351181,1351181,1351181,2,100,50,50,50,100,0,0,0,0,0,
28734,,MS Games,ms-games,30,4,4,0,1350529,163149,337632,1,75,50,50,50,50,25,0,0,0,0,
47926,,GOOD BOYS,good-boys,30,1,1,0,1349922,1349922,1349922,0,100,100,100,0,0,0,0,0,100,0,
43674,,Overseer Games,overseer-games,30,2,2,0,1349611,674806,674806,2,0,0,0,0,100,100,0,0,0,0,
1721504,,Runeforge Game Studio,runeforge-game-studio,30,1,1,0,1348606,1348606,1348606,0,0,0,0,0,100,100,0,0,0,0,
7974,,Guy Godin,guy-godin,30,1,1,0,1346955,1346955,1346955,1,0,0,0,0,0,0,0,0,0,0,
1179,,Happy Broccoli Games,happy-broccoli-games,30,2,2,2,1344044,672022,672022,3,100,25,100,100,0,0,50,0,0,0,Germany
1635476,,ECC GAMES,ecc-games,30,1,1,1,1343898,1343898,1343898,1,0,50,0,0,100,0,0,0,100,50,Poland
1635583,,Fireplace Games,fireplace-games,30,1,1,0,1342796,1342796,1342796,1,100,100,0,100,0,0,0,0,0,0,France
47635,,YooGame,yoogame,30,2,2,1,1342738,671369,671369,3,100,0,100,0,100,0,100,0,0,0,
7953,,The Wandering Band LLC,the-wandering-band-llc,30,2,2,0,1342007,671004,671004,1,100,50,50,100,100,50,50,0,0,0,
45748,,樹懶叫工作室,-,30,9,9,1,1340614,149718,148957,0,90,0,100,0,80,30,60,0,0,0,
22602,,"Marauder Interactive, LLC",marauder-interactive-llc,30,1,1,0,1337268,1337268,1337268,1,100,100,0,0,100,0,0,0,0,0,United States
9555,,White Dog Games,white-dog-games,30,5,5,0,1336606,13564,267321,0,100,100,80,100,0,0,0,0,0,0,
33594,,Half Mermaid,half-mermaid,30,2,2,2,1335806,667903,667903,2,100,0,25,100,50,0,0,0,0,0,
8935,,Yangyang Mobile,yangyang-mobile,30,4,4,1,1334759,268618,333690,5,100,0,40,60,40,0,60,0,0,0,
8548,,Colibri Games,colibri-games,30,1,1,0,1333948,1333948,1333948,1,100,0,100,100,0,0,0,0,0,0,
55326,,RAYKA STUDIO,rayka-studio,30,2,2,0,1333404,666702,666702,2,100,0,50,100,50,100,100,0,0,0,
19863,,Badland Studio,badland-studio,30,1,1,0,1330456,1330456,1330456,1,100,100,0,0,100,0,0,0,0,0,
3980391,,BG Productions,bg-productions,30,3,3,0,1330063,7674,443354,3,100,67,0,100,0,0,0,0,0,0,
38504,,Farbworks,farbworks,30,1,1,0,1329709,1329709,1329709,0,0,0,100,100,0,100,0,0,0,0,
19857,,Laush Dmitriy Sergeevich,laush-dmitriy-sergeevich,30,151,151,0,1328509,1208,8798,3,98,8,81,10,11,1,0,0,4,1,
14260,,Spooky Doorway,spooky-doorway,30,2,2,1,1327942,663971,663971,1,67,0,67,100,0,0,0,0,0,0,
7055,,Astrolabe Interactive Inc.,astrolabe-interactive-inc,30,2,2,0,1325707,662854,662854,1,100,50,100,100,50,0,0,0,0,0,
22153,,Boss Baddie,boss-baddie,30,3,3,0,1325481,105484,441827,2,100,67,33,0,0,0,0,0,0,0,
8678061,,Koraku,koraku,30,1,1,0,1324020,1324020,1324020,0,100,0,100,100,0,0,0,0,0,0,
42409,,Paranoid Interactive,paranoid-interactive,30,1,1,0,1321841,1321841,1321841,0,0,0,0,0,100,100,0,0,0,0,
40908,,Pontypants,pontypants,30,2,2,0,1320511,660256,660256,2,50,100,0,50,0,0,0,0,0,50,Canada
32048,,Wormwood Studios,wormwood-studios,30,3,3,1,1320107,265255,440036,1,50,0,0,50,0,0,25,0,0,0,United States
29237,,Big Corporation,big-corporation,30,1,1,0,1319240,1319240,1319240,0,0,100,100,100,0,0,0,0,0,0,
4579,,Tinogames Inc.,tinogames-inc,30,1,1,1,1317429,1317429,1317429,2,100,50,50,50,0,100,50,0,0,0,
6642,,RewindApp,rewindapp,30,65,65,2,1316862,1591,20259,67,99,33,90,12,33,22,0,3,22,3,
224588,,Striped Panda Studios,striped-panda-studios,30,2,2,0,1316525,658263,658263,1,50,50,100,0,0,100,50,0,0,0,
19141,,Abyte Entertainment,abyte-entertainment,30,3,3,0,1316471,279215,438824,3,100,0,100,0,100,0,0,0,0,0,
7907,,KIRA,kira,30,3,3,0,1313432,93942,437811,1,33,67,0,33,0,0,0,0,0,0,
20066,,Slormite Studios,slormite-studios,30,1,1,0,1312692,1312692,1312692,1,100,100,0,100,0,0,100,0,0,0,
26713,,Shadow Planet Productions,shadow-planet-productions,30,1,1,0,1309194,1309194,1309194,0,100,100,0,100,0,0,0,0,0,0,
1770481,,Rayll Studios,rayll-studios,30,2,2,0,1308895,654448,654448,2,100,0,100,100,0,0,0,0,0,0,
1342,,Denurea Invest,denurea-invest,30,1,1,0,1307052,0,1307052,1,100,100,0,100,0,0,0,100,0,0,
24625,,ZeroBit Games,zerobit-games,30,5,5,1,1304780,256333,260956,0,83,17,67,0,50,33,17,0,0,0,
419,,Ripknot Systems,ripknot-systems,30,62,62,0,1303746,10500,21028,62,63,52,100,0,50,55,2,0,0,0,
853,,Cipher Prime Studios,cipher-prime-studios,30,4,4,0,1301912,154461,325478,4,100,25,75,0,0,0,0,0,0,0,United States
11211,,Royal Rudius Entertainment,royal-rudius-entertainment,30,1,1,0,1301576,1301576,1301576,1,0,100,0,0,0,0,0,0,0,0,
27694,,Easy Trigger Games,easy-trigger-games,30,1,1,0,1301274,1301274,1301274,0,100,100,0,0,0,0,0,0,0,0,Sweden
7629,,"YGGDRAZIL GROUP CO.,LTD",yggdrazil-group-co-ltd,30,1,1,0,1299769,1299769,1299769,1,100,0,0,100,0,0,0,0,0,0,
11419,,Jw,jw,30,5,5,0,1299241,150552,259848,2,80,60,40,60,0,0,0,0,20,0,
32934,,Kitty,kitty,30,3,3,0,1299190,286150,433063,0,100,67,33,100,0,0,0,0,33,0,
5790,,Sketchy Logic,sketchy-logic,30,1,1,0,1297591,1297591,1297591,1,100,0,0,100,0,0,0,0,0,0,United Kingdom
50229,,PUNKCAKE Delicieux,punkcake-delicieux,30,15,15,1,1294905,2871,86327,16,69,69,19,0,13,31,0,0,6,0,
4708,, Afterburner Studios,afterburner-studios,30,2,2,0,1294162,1294162,647081,0,100,100,0,50,0,0,100,0,0,0,
17382,,Playbrains,playbrains,30,2,2,0,1293497,646749,646749,2,100,50,50,50,0,0,0,0,0,0,Canada
26237,,Matrix,matrix,30,2,2,1,1292904,646452,646452,0,33,0,33,0,0,67,33,0,0,0,
7581,,KAIJYU-09,kaijyu-09,30,3,3,0,1292371,220693,430790,3,67,0,100,67,67,0,0,0,0,0,
152016,,Studio Drydock Pty Ltd,studio-drydock-pty-ltd,30,1,1,1,1291539,1291539,1291539,2,0,0,0,100,100,0,0,0,0,0,
43964,,Dogubomb,dogubomb,30,1,1,0,1290986,1290986,1290986,0,100,0,0,100,0,100,0,0,0,0,United States
30860,,Torus Games,torus-games,30,11,11,0,1289641,155148,117240,0,9,27,18,55,18,18,18,0,9,9,Australia
24772,,Lion game Lion,lion-game-lion,30,1,1,0,1288342,1288342,1288342,0,0,100,0,100,0,0,100,0,0,0,Croatia
35738,,White Star Studio,white-star-studio,30,2,2,2,1286241,643121,643121,2,75,25,50,25,50,75,25,0,0,0,
11194,,Falcon Development,falcon-development,30,2,2,0,1285718,642859,642859,2,100,0,50,0,100,0,100,0,0,0,
32560,,Bob,bob,30,2,2,0,1284880,642440,642440,0,100,100,0,100,100,100,100,0,0,0,
27636,,Lucid Games,lucid-games,30,1,1,0,1279946,1279946,1279946,0,0,100,0,0,0,0,0,0,0,0,United Kingdom
18813,,Lapovich Team,lapovich-team,30,2,2,0,1279664,639832,639832,1,100,50,50,0,50,50,0,0,0,0,
26309,,TOYBOX Inc.,toybox-inc,30,4,4,0,1279046,189738,319762,0,0,25,0,75,25,25,25,0,0,0,
136369,,Excellent Rectangle,excellent-rectangle,30,1,1,0,1278462,1278462,1278462,1,0,100,0,0,0,0,0,0,0,100,Canada
5640,,Vostok Games,vostok-games,30,2,2,0,1278210,0,639105,1,0,100,0,50,0,0,50,100,0,0,Ukraine
27956,,Smee,smee,30,6,6,0,1277891,161551,212982,0,0,0,83,67,50,0,0,0,0,0,
31947,,Straylight Entertainment,straylight-entertainment,30,1,1,0,1277485,1277485,1277485,0,0,0,0,0,0,100,0,0,0,0,
39096,,Grounding Inc.,grounding-inc,30,5,5,0,1277413,113386,255483,2,20,60,60,20,0,40,40,0,0,0,
28459,,Neversoft,neversoft,30,1,1,0,1276074,1276074,1276074,0,0,100,0,0,0,0,0,0,0,0,
2401,,Blind Mind Studios,blind-mind-studios,30,2,2,0,1275338,637669,637669,2,100,0,0,0,0,100,0,0,0,0,
7741,,TARO,taro,30,1,1,1,1273394,1273394,1273394,1,50,0,50,100,50,0,50,0,0,0,
32111,,historia Inc,historia-inc,30,7,7,0,1273092,165206,181870,5,0,57,43,29,0,0,29,0,14,14,Japan
27382,,Web Technology Corp.,web-technology-corp,30,1,1,0,1270407,1270407,1270407,0,0,0,0,0,0,0,0,0,0,0,
776,,Rodeo Games,rodeo-games,30,2,2,0,1270010,0,635005,1,0,50,0,50,0,100,100,0,0,0,United Kingdom
32491,,Italic Pig,italic-pig,30,1,1,0,1268225,1268225,1268225,0,100,0,100,100,100,0,100,0,0,0,
987,,Hesketh Studios Ltd,hesketh-studios-ltd,30,2,2,0,1267801,633901,633901,2,50,100,0,0,0,100,0,0,0,0,
22307,,Halcyon Winds,halcyon-winds,30,2,2,1,1266540,633270,633270,3,100,100,67,67,33,33,0,0,0,0,
38482,,doekuramori,doekuramori,30,2,2,0,1266037,633019,633019,2,100,100,50,0,0,0,0,0,0,0,Japan
1396661,,ZTEK Studio,ztek-studio,30,2,2,3,1265688,632844,632844,5,100,100,0,60,0,0,0,0,0,0,Germany
13631,,Polyslash,polyslash,30,4,4,3,1263811,215824,315953,2,43,29,43,43,57,29,0,0,0,0,
2576,,Orbcreation,orbcreation,30,1,1,0,1263233,0,1263233,1,100,0,0,0,100,0,0,100,100,100,Netherlands
28919,,"SAFARI GAMES Co., Ltd.",safari-games-co-ltd,30,2,2,0,1263160,631580,631580,1,0,0,0,0,0,50,0,0,50,0,
7719,,White_Rabbit_Games,white-rabbit-games,30,4,4,0,1261876,187765,315469,3,100,25,75,25,0,0,0,0,0,0,
2697,,Baked Games,baked-games,30,4,4,8,1261832,297979,315458,9,42,50,67,25,92,33,50,0,0,0,
15459,,Zojoi,zojoi,30,10,10,0,1259511,6650,125951,9,50,0,0,100,0,0,0,0,0,0,United States
2532,,DoubleThink Studio,doublethink-studio,30,1,1,0,1259337,1259337,1259337,0,100,0,100,0,100,100,100,0,0,0,
13394,,Joy Way,joy-way,30,6,6,3,1257680,120612,209613,9,67,78,44,67,22,11,11,22,0,44,
16968,,Faerin Games,faerin-games,30,2,2,0,1257418,628709,628709,2,100,0,50,100,100,0,0,0,0,0,
6931,,BlinkWorks Media,blinkworks-media,30,1,1,0,1257299,1257299,1257299,1,100,0,0,0,0,0,0,0,0,0,
34810,,Never Knows Best,never-knows-best,30,3,3,1,1256250,622709,418750,4,0,0,50,100,50,0,0,0,0,0,
29641,,"Smiling Buddha Games, LLC",smiling-buddha-games-llc,30,1,1,0,1255707,1255707,1255707,0,100,0,100,0,0,0,0,0,0,0,
29040,,1C:InoCo,1c-inoco,30,6,6,0,1255643,2982,209274,0,0,0,0,0,17,100,17,0,0,0,
41310,,Team Samoyed,team-samoyed,30,2,2,1,1255075,627538,627538,3,100,0,67,0,67,0,0,0,0,67,
19634,,Weird and Wry,weird-and-wry,30,3,3,0,1254321,290496,418107,3,67,0,0,0,100,33,33,0,0,0,
19830,,Luke Dodds,luke-dodds,30,1,1,0,1251773,0,1251773,1,0,0,0,100,100,100,0,0,0,0,
1757831,,Midnight Forge LTD,midnight-forge-ltd,30,1,1,1,1251773,0,1251773,2,50,0,0,100,50,50,0,0,0,0,
88766,,Action Square,action-square,30,2,2,1,1249660,1249660,624830,1,0,100,0,0,0,0,33,0,0,0,South Korea
18311,,Zoo Corporation,zoo-corporation,30,37,37,1,1248135,2832,33733,37,18,24,87,0,0,3,8,0,0,3,Japan
30980,,Can Explode,can-explode,30,1,1,0,1245676,1245676,1245676,0,0,0,0,100,0,100,0,0,0,0,
47086,,Frame Break,frame-break,30,1,1,0,1245174,1245174,1245174,1,100,0,100,100,100,0,0,0,0,0,Sweden
3601035,,Amplifier Studios,amplifier-studios,30,1,1,0,1245174,1245174,1245174,1,100,0,100,100,100,0,0,0,0,0,
42364,,High Brazil Studio,high-brazil-studio,30,1,1,0,1244836,1244836,1244836,1,100,100,0,100,100,100,0,100,0,0,
28832,,Buckshot Software,buckshot-software,30,2,2,1,1243581,621791,621791,0,67,100,0,33,33,0,0,0,0,33,
19730,,Maker製造機,maker,30,10,10,3,1240868,141262,124087,3,85,0,77,0,69,46,69,0,0,0,
11423,,Trickjump Games Ltd,trickjump-games-ltd,30,2,2,1,1240548,620274,620274,2,67,67,0,33,67,33,0,0,0,0,
17148,,BEHEMUTT,behemutt,30,3,3,0,1240396,620198,413465,1,100,33,33,67,67,67,33,0,0,0,
1515197,,Spellgarden Games,spellgarden-games,30,1,1,1,1240176,1240176,1240176,0,0,0,100,0,100,0,0,0,0,0,Germany
24865,,Yeti Trunk,yeti-trunk,30,2,2,0,1239021,619511,619511,0,100,100,0,100,0,0,100,0,0,0,
15797,,Unexpected,unexpected,30,5,5,0,1238841,68707,247768,3,100,40,80,40,40,20,0,0,0,0,France
12487,,Empty Clip Studios,empty-clip-studios,30,5,5,1,1237772,140808,247554,2,17,100,33,33,17,0,0,0,0,0,United States
27992,,Shieldbearer Studios,shieldbearer-studios,30,1,1,0,1237369,1237369,1237369,0,100,100,0,0,0,0,100,0,0,0,
27608,,CrazyBunch,crazybunch,30,4,4,1,1236958,262660,309240,0,40,20,20,60,20,20,0,0,0,0,Germany
11537,,Squeaky Wheel Studio Inc,squeaky-wheel-studio-inc,30,1,1,0,1235723,1235723,1235723,0,100,0,0,0,100,100,0,0,0,0,
53001,,AstralShift,astralshift,30,2,2,0,1233774,616887,616887,0,50,0,50,100,0,0,100,0,0,0,
24169,,Chimera Entertainment,chimera-entertainment,30,3,3,0,1232467,52612,410822,1,33,0,67,33,0,33,0,0,0,0,Germany
104,,Plethora Project,plethora-project,30,3,3,0,1231985,177849,410662,1,100,0,0,0,100,67,0,0,0,0,
1639395,,Dreamlit inc.,dreamlit-inc,30,1,1,0,1231831,1231831,1231831,1,0,100,100,100,0,0,100,0,0,0,
32376,,Southend,southend,30,1,1,0,1231395,1231395,1231395,0,0,100,0,0,0,0,0,0,0,0,
49429,,Minos Games,minos-games,30,6,6,0,1230771,208956,205129,0,67,0,0,0,100,100,0,0,0,100,
29055,,Bad Vices Games,bad-vices-games,30,4,4,0,1230121,170543,307530,3,75,25,75,50,75,0,0,0,0,0,
40963,,Aeternum Game Studios S.L,aeternum-game-studios-s-l,30,5,5,1,1229795,95177,245959,6,67,100,17,83,0,0,50,0,0,0,
40152,,Nikola Todorovic,nikola-todorovic,30,1,1,0,1229708,1229708,1229708,1,100,100,0,0,0,0,100,0,0,0,
16494,,Windwalk Games,windwalk-games,30,2,2,0,1228978,1228978,614489,1,100,100,50,0,0,0,50,0,0,0,
26269,,Gibier Games,gibier-games,30,2,2,0,1226682,613341,613341,1,100,100,100,0,50,0,0,0,0,0,
6937,,McMagic Productions,mcmagic-productions,30,2,2,0,1225612,612806,612806,2,100,0,50,50,100,50,50,0,0,0,
24159,,Warpzone Studios,warpzone-studios,30,1,1,0,1225447,1225447,1225447,0,100,0,0,100,100,100,100,0,0,0,Sweden
31295,,Ed Key and David Kanaga,ed-key-and-david-kanaga,30,1,1,0,1224110,1224110,1224110,0,100,0,100,100,0,0,0,0,0,0,
31081,,KO_OP,ko-op,30,3,3,0,1223932,140191,407977,2,100,0,67,100,0,0,0,0,0,0,Canada
33626,,"Screeps, LLC",screeps-llc,30,2,2,0,1223555,611778,611778,2,100,0,0,0,100,100,0,50,0,0,
24148,,Sobaka Studio,sobaka-studio,30,6,6,1,1221947,182958,203658,2,100,100,14,43,0,0,43,0,0,0,Russia
22770,,"Bit Kid, Inc.",bit-kid-inc,30,1,1,1,1221823,1221823,1221823,2,100,100,0,100,0,0,50,0,0,0,United States
3721,,Biart Company LLC,biart-company-llc,30,1,1,0,1220418,1220418,1220418,1,100,100,100,100,100,0,0,0,0,100,
23278,,iRacing,iracing,30,1,1,0,1219054,1219054,1219054,1,0,0,0,0,100,0,0,100,100,100,
36533,,MonteBearo,montebearo,30,1,1,0,1218812,1218812,1218812,0,0,0,0,0,0,100,100,0,0,0,
53420,,kouri,kouri,30,1,1,0,1216349,1216349,1216349,0,100,0,0,100,0,0,0,0,0,0,
8508,,Smilegate Entertainment,smilegate-entertainment,30,4,4,0,1215621,294849,303905,4,0,75,25,50,0,25,0,0,0,0,
102131,,RED BOON,red-boon,30,2,2,0,1213803,1213803,606902,2,50,0,0,50,0,50,50,0,0,0,
27444,,Matt Workman,matt-workman,30,3,3,0,1213311,154439,404437,0,0,0,0,0,100,0,0,0,0,0,
38788,,Pulsatrix Studios,pulsatrix-studios,30,1,1,1,1211802,1211802,1211802,0,50,0,0,50,0,0,0,0,0,0,
16674,,the Bratans,the-bratans,30,6,6,0,1211182,4887,201864,4,83,83,17,83,17,0,33,33,0,0,Russia
45504,,THE PARASIGHT,the-parasight,30,1,1,0,1210791,1210791,1210791,0,0,100,0,100,0,0,100,0,0,0,Poland
19619,,Switchblade Monkeys Entertainment,switchblade-monkeys-entertainment,30,1,1,0,1210236,1210236,1210236,1,100,100,0,0,0,0,0,0,0,0,
2997829,,Myco,myco,30,1,1,0,1210115,1210115,1210115,1,100,0,100,0,100,100,0,0,0,0,
14335,,Google,google,30,8,8,0,1208997,0,151125,8,0,0,50,50,13,0,0,0,0,0,United States
25239,,Luminous,luminous,30,3,3,2,1208832,546435,402944,1,80,20,80,0,0,100,0,0,0,0,
5505,,Devm Games,devm-games,30,4,4,1,1208616,116852,302154,3,80,80,40,20,80,0,0,0,40,0,Sweden
30688,,Bleakmill,bleakmill,30,1,1,1,1208499,1208499,1208499,0,100,100,0,100,0,0,0,0,0,0,Germany
40224,,DogHowl Games,doghowl-games,30,1,1,0,1208358,1208358,1208358,0,100,100,0,100,100,0,0,100,0,0,Ukraine
2052266,,Dee Dee Creations LLC,dee-dee-creations-llc,30,1,1,0,1208320,1208320,1208320,0,100,100,0,100,100,0,0,0,0,0,
16383,,Stitch Heads Entertainment,stitch-heads-entertainment,30,2,2,0,1207838,603919,603919,1,50,100,0,0,0,0,0,0,0,50,Netherlands
18631,,Nodding Heads Games,nodding-heads-games,30,2,2,0,1206479,1206479,603240,0,100,100,0,100,0,0,0,0,0,0,India
26294,,GameBoom VR,gameboom-vr,30,2,2,1,1206354,603177,603177,0,100,67,33,0,100,0,0,0,0,0,
22645,,"Orbus Online, LLC",orbus-online-llc,30,1,1,0,1205873,0,1205873,1,100,0,0,0,0,0,100,100,0,0,
358,,FIVE-BN GAMES,five-bn-games,30,34,34,0,1205707,11896,35462,33,0,0,91,97,3,0,0,0,0,0,Ukraine
25776,,Nerdook Productions,nerdook-productions,30,8,8,2,1205268,120421,150659,2,60,70,20,60,10,40,60,0,0,10,Malaysia
4073767,,蒸汽满满工作室,-,30,1,1,0,1204605,1204605,1204605,1,100,0,0,100,100,100,100,0,0,0,
23150,,"S2 Games, LLC",s2-games-llc,30,1,1,0,1202334,0,1202334,1,0,100,0,0,0,100,100,0,0,0,
23029,,Rockhopper Studios,rockhopper-studios,30,3,3,0,1201313,9210,400438,3,100,33,100,33,67,0,33,0,0,0,
13496,,Eutechnyx,eutechnyx,30,7,7,0,1199911,367141,171416,4,14,14,0,0,0,29,0,0,57,29,United Kingdom
27202,,Team Shifty,team-shifty,30,1,1,0,1199199,1199199,1199199,0,100,100,0,100,0,0,0,0,0,0,
25824,,JiangHu Studio,jianghu-studio,30,2,2,0,1199030,599515,599515,0,100,50,50,100,50,50,100,0,0,0,
10776,,Odd Time Studios,odd-time-studios,30,2,2,0,1197761,598881,598881,2,100,50,100,50,50,0,50,0,0,0,
49121,,DNA ARMY GAMING,dna-army-gaming,30,13,13,0,1197021,0,92079,13,100,0,8,0,100,0,0,0,0,0,
24736,,Skyhook Games,skyhook-games,30,1,1,0,1196632,1196632,1196632,0,0,0,0,0,100,0,0,0,0,0,
26626,,Radiation Blue,radiation-blue,30,1,1,0,1195740,1195740,1195740,0,100,100,0,100,100,0,100,0,0,0,Germany
18795,,Puppet Combo,puppet-combo,30,3,3,1,1193860,491821,397953,4,75,75,0,75,25,0,0,0,0,0,
1493614,,Joshua Nuernberger,joshua-nuernberger,30,1,1,0,1191842,1191842,1191842,0,100,0,0,100,0,0,0,0,0,0,
20461,,Sandbox Interactive GmbH,sandbox-interactive-gmbh,30,1,1,0,1191838,0,1191838,1,0,0,0,0,0,0,100,100,0,0,
30882,,Pencil Test Studios,pencil-test-studios,30,1,1,0,1191069,1191069,1191069,0,100,0,0,100,0,0,0,0,0,0,
9386,,Impact Gameworks,impact-gameworks,30,2,2,0,1190585,595293,595293,2,50,0,0,0,0,0,100,0,0,0,
32703,,"Moss Co., Ltd.",moss-co-ltd,30,6,6,0,1189517,93666,198253,1,17,100,17,0,0,0,0,0,0,0,Japan
15559,,Aperture Tag Team,aperture-tag-team,30,1,1,0,1188551,1188551,1188551,1,100,100,100,100,0,0,0,0,0,0,
6151,,Infinitap Games,infinitap-games,30,1,1,0,1187773,1187773,1187773,1,100,100,0,100,0,0,0,0,0,0,
30472,,Granzella Inc.,granzella-inc,30,2,2,1,1187451,593726,593726,0,0,100,0,33,0,0,0,0,0,0,
292999,,Lowbirth Games,lowbirth-games,30,1,1,0,1186798,1186798,1186798,1,100,0,0,100,0,0,0,0,0,0,Canada
9407,,The Voxel Agents,the-voxel-agents,30,1,1,0,1186008,1186008,1186008,1,100,0,0,100,0,0,0,0,0,0,Australia
24167,,Peachy Keen Games,peachy-keen-games,30,1,1,0,1185421,1185421,1185421,0,100,0,100,0,100,0,100,0,0,0,
31048,,Baggy Cat Ltd,baggy-cat-ltd,30,2,2,0,1185070,592535,592535,1,100,50,0,50,0,100,100,0,0,0,United Kingdom
24145,,Fury Software,fury-software,30,8,8,1,1184308,128393,148039,0,0,0,0,0,11,100,0,0,0,0,
9516,,PINIX,pinix,30,2,2,1,1183530,591765,591765,3,100,33,0,0,0,67,0,0,0,0,
10156,,Fishing Planet LLC,fishing-planet-llc,30,2,2,1,1183090,1183090,591545,2,0,33,33,33,100,33,0,67,0,67,
6737407,,蠑螈,-,30,1,1,0,1182219,1182219,1182219,1,0,0,0,0,0,0,100,0,0,0,
673,,Alda Games,alda-games,30,6,6,0,1181836,309208,196973,6,67,83,50,33,0,17,33,0,0,0,Czech Republic
12113,,VRWERX,vrwerx,30,1,1,0,1179946,1179946,1179946,1,0,0,0,100,0,0,100,0,0,0,
14391,,ActaLogic,actalogic,30,8,8,1,1179839,153611,147480,2,11,56,33,33,67,44,0,11,0,0,Slovenia
29032,,Terminal Reality,terminal-reality,30,7,7,1,1179654,156834,168522,1,0,88,0,25,13,13,13,0,0,0,United States
26704,,Ninetail,ninetail,30,5,5,0,1178194,110201,235639,0,0,20,0,80,40,60,100,0,0,0,
17736,,Creative Storm Entertainment,creative-storm-entertainment,30,8,8,2,1178011,107303,147251,6,50,10,10,0,60,60,60,0,0,30,
28762,,Pixel Titans,pixel-titans,30,1,1,0,1177761,1177761,1177761,0,100,100,0,0,0,0,0,0,0,0,United States
23698,,Twirlbound,twirlbound,30,1,1,1,1177106,1177106,1177106,0,100,100,0,100,50,0,50,0,0,0,Netherlands
19022,,David Wehle,david-wehle,30,2,2,1,1175887,587944,587944,3,67,0,0,100,33,0,0,0,0,0,
7817,,Sos Sosowski,sos-sosowski,30,4,4,0,1173563,151387,293391,3,100,25,25,50,25,0,0,0,0,0,
29411,,Big Boat Interactive,big-boat-interactive,30,9,9,1,1173391,1440,130377,0,0,60,20,20,50,30,0,0,0,10,
409,,PixelCount Studios,pixelcount-studios,30,1,1,0,1170743,1170743,1170743,1,100,0,0,100,100,0,100,0,0,0,United Kingdom
692,,Maverick Games,maverick-games,30,1,1,0,1170605,1170605,1170605,1,100,0,0,100,0,100,100,0,0,0,
16122,,Perfectly Paranormal,perfectly-paranormal,30,3,3,0,1169590,123985,389863,0,100,0,0,100,0,0,0,0,0,0,Norway
15212,,Game Hunters,game-hunters,30,2,2,1,1169572,1169572,584786,1,0,67,0,0,67,0,0,0,0,0,
30914,,Stage Clear Studios,stage-clear-studios,30,5,5,1,1168238,22964,233648,0,50,33,67,33,0,17,17,0,0,17,Spain
14410,,Arachnid Games,arachnid-games,30,2,2,0,1167507,583754,583754,1,100,100,0,50,0,0,50,0,0,0,United States
32044,,Zoom Out Games,zoom-out-games,30,18,18,0,1166442,6407,64802,0,33,6,89,56,0,100,0,0,0,0,
33005,,HeroCraft PC,herocraft-pc,30,2,2,0,1163364,255104,581682,2,0,50,0,0,0,100,50,0,0,0,
1397394,,Anders Grube Jensen,anders-grube-jensen,30,1,1,0,1163157,1163157,1163157,0,100,100,0,100,0,0,0,0,0,0,
22065,,G2,g2,30,2,2,0,1161845,580923,580923,1,100,100,100,100,0,0,50,0,0,0,
21285,,RPGVideo,rpgvideo,30,6,6,0,1159301,255611,193217,1,100,0,0,50,0,0,100,0,0,0,
27788,,"ESQUADRA,inc.",esquadra-inc,30,25,25,3,1159194,14134,46368,0,21,32,21,39,7,25,43,0,0,0,
49932,,LostOneTeam,lostoneteam,30,1,1,0,1158270,1158270,1158270,1,100,100,0,0,0,0,0,0,0,0,
3920,,Lion's Shade,lion-s-shade,30,2,2,0,1156545,578273,578273,2,100,50,0,50,50,50,50,0,0,0,Ukraine
11096,,AurumDust,aurumdust,30,3,3,1,1155993,577997,385331,4,100,0,0,25,0,100,25,25,0,0,
3554,,Indomitus Games,indomitus-games,30,2,2,0,1155249,577625,577625,1,100,100,0,50,0,0,50,0,0,50,Italy
23730,,Trinket Studios,trinket-studios,30,1,1,1,1155146,1155146,1155146,1,100,50,0,100,0,0,100,0,0,0,United States
28333,,Cyanide Montreal,cyanide-montreal,30,1,1,0,1154637,1154637,1154637,0,0,0,0,0,0,100,0,0,0,0,
17028,,Omeda Studios,omeda-studios,30,1,1,0,1151866,0,1151866,1,0,100,0,0,0,100,0,0,0,0,
12564,,Perilous Orbit,perilous-orbit,30,2,2,0,1151176,575588,575588,2,100,0,100,0,100,100,0,0,0,100,
28736,,White Owls Inc.,white-owls-inc,30,3,3,1,1150943,278563,383648,1,75,75,0,50,0,0,50,0,0,0,Japan
14899,,Coilworks,coilworks,30,2,2,1,1149270,1019482,574635,2,100,100,0,33,0,0,0,0,33,0,Sweden
29066,,Dreampainters,dreampainters,30,1,1,0,1149038,1149038,1149038,0,100,0,0,100,0,0,0,0,0,0,
38617,,Raccoons Studio,raccoons-studio,30,3,3,1,1146347,1128,382116,4,25,75,50,50,25,0,25,0,0,0,
2269,,Anatoliy Loginovskikh,anatoliy-loginovskikh,30,37,37,2,1146305,9428,30981,35,100,5,95,85,5,3,0,0,0,0,
11263,,BeautiFun Games,beautifun-games,30,4,4,0,1145832,67663,286458,4,100,25,25,100,0,25,25,0,0,0,Spain
292566,,Lee Williams,lee-williams,30,2,2,0,1144782,572391,572391,0,100,50,0,100,0,0,50,0,0,0,
1052964,,ZELENIUK,zeleniuk,30,7,7,2,1143196,496,163314,9,100,44,67,11,0,0,11,0,11,0,
26964,,Magnus Games Studio,magnus-games-studio,30,1,1,1,1141551,1141551,1141551,0,50,100,0,100,50,0,100,0,0,0,
19757,,Frostkeep Studios,frostkeep-studios,30,1,1,0,1140023,0,1140023,1,100,100,0,100,0,0,100,100,0,0,United States
6367,,Pillow Fight,pillow-fight,30,5,5,1,1139109,155253,227822,6,67,0,50,33,0,0,0,0,0,0,
10233,,Majic Jungle,majic-jungle,30,1,1,0,1138208,1138208,1138208,1,100,0,0,0,100,100,0,0,0,0,
15073,,Heliocentric Studios,heliocentric-studios,30,3,3,0,1138177,10089,379392,2,100,100,0,33,0,0,67,0,0,0,
25543,,sen,sen,30,2,2,0,1136546,568273,568273,0,100,0,50,100,0,0,0,0,0,0,
3189,,Eden Industries,eden-industries,30,5,5,0,1135203,83903,227041,1,40,20,20,40,40,60,60,0,0,0,
19195,,Mr. Pink,mr-pink,30,5,5,2,1134691,93942,226938,2,57,100,0,71,14,0,29,0,14,0,Russia
20680,,Michael Todd Games,michael-todd-games,30,4,4,0,1134587,143383,283647,1,100,50,0,0,25,0,0,0,0,0,
3680,,DDDimanN,dddimann,30,1,1,0,1133033,1133033,1133033,1,100,100,0,100,0,0,0,0,0,0,
1045,,Asteristic Game Studio,asteristic-game-studio,30,5,5,0,1131958,15085,226392,3,100,60,100,100,0,0,20,0,0,0,Brazil
52262,,HeartBeat Plus,heartbeat-plus,30,7,7,0,1131862,131042,161695,7,100,0,100,100,0,0,100,0,0,0,
18507,,Masterbrain Bytes,masterbrain-bytes,30,1,1,0,1128627,1128627,1128627,1,100,0,100,0,100,0,0,0,0,0,Germany
26054,,onebitbeyond,onebitbeyond,30,1,1,0,1128044,1128044,1128044,0,100,100,0,100,0,0,100,0,0,0,United Kingdom
30607,,Exato Games Studio,exato-games-studio,30,1,1,0,1126888,1126888,1126888,0,100,100,0,0,0,0,0,0,0,0,
32097,,Polygon Treehouse,polygon-treehouse,30,2,2,0,1126112,563056,563056,0,100,0,50,100,0,0,0,0,0,0,United Kingdom
1279945,,Us:track,us-track,30,1,1,0,1125287,1125287,1125287,0,0,0,100,100,0,0,0,0,0,0,
8827,,Excalibur,excalibur,30,5,5,0,1124086,77801,224817,0,60,0,40,0,100,20,0,0,0,0,
4464,,Albino Moose Games,albino-moose-games,30,1,1,1,1120197,1120197,1120197,2,50,100,0,50,0,0,0,0,0,0,United States
28290,,STORIA,storia,30,9,9,1,1119864,43315,124429,0,90,0,60,40,10,10,20,0,0,0,
17697,,Носков Сергей,-,30,3,3,1,1119740,127495,373247,4,100,25,0,75,25,0,0,0,0,0,
28623,,E-Studio,e-studio,30,2,2,0,1119374,559687,559687,0,100,100,0,50,0,0,0,0,0,0,
56380,,Two Horizons,two-horizons,30,1,1,6,1118783,1118783,1118783,1,100,29,100,57,100,0,0,0,0,0,
31538,,btf,btf,30,4,4,3,1118140,20061,279535,4,71,14,29,86,0,0,0,0,0,0,Germany
25684,,Gabe Cuzzillo,gabe-cuzzillo,30,1,1,1,1117610,1117610,1117610,0,100,100,50,50,0,0,0,0,0,0,United States
1640428,,Maxi Boch,maxi-boch,30,1,1,1,1117610,1117610,1117610,0,100,100,50,50,0,0,0,0,0,0,
189016,,Icetesy,icetesy,30,2,2,0,1117285,558643,558643,2,100,0,0,0,0,0,0,0,0,0,
30099,,Browny Application,browny-application,30,2,2,0,1115879,557940,557940,1,100,100,0,50,0,0,0,0,0,0,
5739,,Carbon Studio,carbon-studio,30,5,5,0,1115733,183681,223147,3,20,80,0,100,0,0,0,0,0,0,
12121,,Hitbox Team,hitbox-team,30,1,1,0,1115541,1115541,1115541,0,100,100,0,0,0,0,0,0,0,0,United States
4173,,Trion Worlds,trion-worlds,30,4,4,0,1114546,0,278637,4,0,25,0,25,0,50,25,50,0,0,United States
45604,,Retro Forge,retro-forge,30,1,1,0,1109669,1109669,1109669,0,0,100,0,100,0,0,0,0,0,0,
15963,,Tortuga Team,tortuga-team,30,6,6,1,1109004,155801,184834,6,71,14,43,86,0,86,100,0,0,0,Russia
31406,,Anthony Septim,anthony-septim,30,2,2,0,1106867,553434,553434,0,100,0,100,100,0,0,0,0,0,0,
6554084,,Bandai Namco Amusement Lab Inc.,bandai-namco-amusement-lab-inc,30,1,1,0,1105809,1105809,1105809,0,0,0,100,0,0,0,0,0,0,0,
46826,,POLLARD STUDIO LLC,pollard-studio-llc,30,1,1,0,1105015,1105015,1105015,0,100,0,0,100,0,0,100,0,0,0,
17872,,TreeFortress Games,treefortress-games,30,3,3,0,1102280,424071,367427,3,100,100,33,67,0,33,33,0,33,33,
13880,,LAN - GAMES LTD,lan-games-ltd,30,5,5,0,1100960,6041,220192,5,80,20,100,20,20,100,0,20,20,0,
31558,,Still Running,still-running,30,4,4,0,1100029,231906,275007,0,100,100,0,50,0,0,25,0,0,0,Finland
11604,,Coldwild Games,coldwild-games,30,9,9,1,1099513,25956,122168,10,70,20,40,20,10,60,40,0,0,0,Latvia
940119,,UnknownX,unknownx,30,1,1,2,1099044,1099044,1099044,0,67,33,33,33,0,33,67,0,0,0,
26781,,Dualtail,dualtail,30,3,3,0,1099010,293406,366337,0,0,0,0,100,67,100,100,0,0,0,
25059,,House On Fire,house-on-fire,30,1,1,0,1098791,1098791,1098791,0,100,0,100,100,0,0,0,0,0,0,
31607,,Upstream Arcade,upstream-arcade,30,3,3,0,1098588,549294,366196,0,100,100,0,67,0,0,0,0,0,0,United Kingdom
17067,,L3O Interactive,l3o-interactive,30,1,1,0,1098378,1098378,1098378,1,100,0,0,100,100,100,0,0,0,0,
14675,,Majorariatto,majorariatto,30,7,7,0,1098273,204581,156896,7,100,57,71,29,0,0,0,0,0,14,Spain
3197,,Studio Bean,studio-bean,30,5,5,0,1098175,83054,219635,4,100,80,40,40,0,0,0,20,0,20,United States
32818,,The Wild Gentlemen,the-wild-gentlemen,30,3,3,3,1097124,140594,365708,2,100,33,17,67,17,17,17,0,0,0,Hungary
18560,,3DClouds,3dclouds,30,12,12,1,1095796,57179,91316,2,38,77,23,46,0,0,15,8,69,31,
1660715,,Deep Root Interactive,deep-root-interactive,30,8,8,0,1095744,36092,136968,8,75,63,0,13,0,0,13,0,0,0,
26797,,14° East,14-east,30,1,1,0,1094016,1094016,1094016,0,0,0,0,0,0,100,0,0,0,0,
49947,,ところにょり,-,30,2,2,1,1093937,546969,546969,1,67,67,67,100,0,0,0,0,0,0,
1633981,,Clapperheads,clapperheads,30,3,3,2,1092262,1092262,364087,5,60,0,0,80,20,0,0,20,0,0,
52764,,GirlGames,girlgames,30,12,12,0,1091094,82174,90925,12,100,0,100,0,100,0,100,0,0,0,
31992,,illuCalab,illucalab,30,7,7,1,1090616,125971,155802,0,88,25,25,50,38,25,25,0,13,0,Japan
33868,,Blingame,blingame,30,1,1,0,1090350,1090350,1090350,0,100,100,0,100,0,0,0,0,0,0,
25162,,Wulo Games,wulo-games,30,2,2,1,1090295,545148,545148,1,100,67,33,0,0,0,0,0,0,0,
17507,,Studio Saizensen,studio-saizensen,30,11,11,0,1090148,115366,99104,1,27,100,0,18,0,9,18,0,0,0,
30975,,PiedPipers Team,piedpipers-team,30,1,1,0,1089316,1089316,1089316,0,100,100,100,100,100,100,100,0,0,0,South Korea
23765,,Smile,smile,30,3,3,0,1089044,455909,363015,0,33,0,33,100,0,0,0,0,0,0,
2431975,,游鲤化龙工作室,-,30,1,1,0,1087828,1087828,1087828,0,100,100,0,100,0,0,100,0,0,0,
22508,,"HeR Interactive, Inc.",her-interactive-inc,30,3,3,0,1087540,504437,362513,1,0,0,0,100,0,0,0,0,0,0,
38786,,Stove Studio,stove-studio,30,2,2,0,1084879,542440,542440,0,100,0,0,0,0,100,0,0,0,0,
30666,,Twistplay,twistplay,30,6,6,0,1084142,2514,180690,0,33,0,50,33,0,17,50,0,0,0,United Kingdom
4415057,,Ouadi Huard,ouadi-huard,30,1,1,0,1083558,1083558,1083558,0,0,100,100,0,0,100,100,0,0,0,
7640,,Spotted Kiwi Interactive,spotted-kiwi-interactive,30,1,1,0,1083431,0,1083431,1,100,100,0,100,100,100,0,100,0,0,New Zealand
1935270,,TRIP,trip,30,1,1,0,1082144,1082144,1082144,0,100,0,100,100,100,0,0,0,0,0,
290735,,North Modding Company AB,north-modding-company-ab,30,1,1,0,1082112,1082112,1082112,1,0,0,100,100,100,100,0,0,0,0,
6641,,M2H,m2h,30,3,3,0,1081111,419808,360370,3,100,100,100,0,33,0,0,0,67,0,Netherlands
1053359,,Unwound Games,unwound-games,30,1,1,0,1080779,1080779,1080779,0,100,0,100,0,100,0,0,0,0,0,United States
1635951,,Bad Ridge Games,bad-ridge-games,30,1,1,0,1080511,1080511,1080511,0,0,0,0,0,100,0,100,0,0,0,
16306,,K Bros Games,k-bros-games,30,4,4,0,1080423,311175,270106,4,75,0,50,0,50,25,0,0,0,0,
16955,,Permadeath,permadeath,30,1,1,0,1079286,1079286,1079286,1,100,100,0,100,0,0,100,0,0,0,France
23974,,Mind Over Matter Studios,mind-over-matter-studios,30,2,2,0,1078558,539279,539279,0,0,0,0,0,0,100,100,0,0,0,
2434,,BlackSpot Entertainment,blackspot-entertainment,30,1,1,0,1077515,0,1077515,1,100,100,0,0,0,0,0,100,0,0,
23111,,"Tilted Mill Entertainment, Inc.",tilted-mill-entertainment-inc,30,5,5,0,1077323,200212,215465,4,0,0,0,0,60,100,20,0,0,0,
4366,,Frogdice,frogdice,30,3,3,0,1074919,513169,358306,3,100,0,67,100,0,67,100,33,0,0,
14867,,Zillion Whales,zillion-whales,30,3,3,0,1074712,404068,358237,1,100,100,33,33,0,100,0,0,0,0,Russia
7335,,Element Studios,element-studios,30,3,3,0,1074151,285270,358050,3,100,0,0,0,0,100,0,0,0,0,
29670,,Glacicle,glacicle,30,1,1,0,1073902,1073902,1073902,0,100,0,0,0,0,100,0,0,0,0,
33901,,Roost Games,roost-games,30,1,1,1,1072906,1072906,1072906,1,100,0,50,50,100,50,0,0,0,0,
31546,,Elixir Studios,elixir-studios,30,1,1,0,1072105,1072105,1072105,0,0,0,0,0,0,100,0,0,0,0,
22359,,Loiste Interactive,loiste-interactive,30,2,2,0,1071553,535777,535777,2,100,0,0,50,0,0,50,0,0,0,Finland
8989,,Echo Entertainment,echo-entertainment,30,1,1,0,1069292,1069292,1069292,1,100,100,0,0,0,100,0,0,0,0,
27911,,Experience,experience,30,5,5,0,1068719,152870,213744,0,0,0,0,60,0,0,40,0,0,0,
1640741,,Microbird Games,microbird-games,30,1,1,0,1067336,1067336,1067336,0,100,100,0,100,0,0,100,0,0,0,
10117,,Team HalfBeard,team-halfbeard,30,3,3,0,1065443,532722,355148,1,100,0,100,100,67,0,0,0,0,0,
25838,,Studio 8,studio-8,30,2,2,0,1064850,0,532425,0,0,0,0,0,0,0,100,100,0,0,
28884,,Paintbucket Games,paintbucket-games,30,3,3,0,1063601,335753,354534,1,100,0,0,100,100,67,0,0,0,0,Germany
131668,,Saber Porto Ltd.,saber-porto-ltd,30,1,1,0,1063449,1063449,1063449,0,0,0,0,0,0,0,0,0,100,0,
52683,,AliothStudio,aliothstudio,30,1,1,0,1063131,1063131,1063131,1,100,0,0,100,0,100,100,0,0,0,
27270,,PlayMagic,playmagic,30,1,1,0,1062600,1062600,1062600,0,0,100,0,0,0,0,0,0,0,0,Malta
18765,,Ellada Games,ellada-games,30,1,1,0,1061760,1061760,1061760,1,100,100,0,100,100,0,100,0,0,0,
50450,,Leap Studio,leap-studio,30,1,1,2,1061404,1061404,1061404,2,67,67,33,67,0,0,67,0,0,0,
6107,,VRkiwi,vrkiwi,30,5,5,0,1060940,19904,212188,5,40,80,60,80,20,0,0,0,0,0,
1637673,,YGGDRAZIL GROUP PUBLIC COMPANY LIMITED,yggdrazil-group-public-company-limited,30,3,3,0,1059600,0,353200,0,100,100,33,0,0,67,0,0,0,0,
31983,,Banana King | 台灣香蕉王,banana-king,30,10,10,5,1058095,121020,105810,0,13,0,87,0,67,13,87,0,0,0,
18360,,Fireblade Software,fireblade-software,30,2,2,0,1057500,528750,528750,2,100,50,0,50,0,100,50,0,0,0,United Kingdom
7252,,Phaser Lock Interactive,phaser-lock-interactive,30,4,4,0,1054355,242415,263589,4,25,50,25,25,50,50,0,0,0,0,
376588,,"TendoGames Co., Ltd.",tendogames-co-ltd,30,1,1,0,1053462,1053462,1053462,1,100,100,0,100,0,0,0,0,0,0,
25474,,EXAMU Inc.,examu-inc,30,1,1,0,1053060,1053060,1053060,0,0,100,0,0,0,0,0,0,0,0,
13469,,SkyGoblin,skygoblin,30,4,4,0,1053009,293251,263252,3,100,25,0,75,0,25,0,0,0,0,Sweden
26829,,Muzzy Lane Software,muzzy-lane-software,30,3,3,0,1052966,475760,350989,0,67,0,0,0,100,100,0,0,0,0,
18902,,Akabaka,akabaka,30,4,4,1,1052704,304077,263176,1,100,20,0,20,60,20,80,0,0,0,Germany
309,,Zeboyd Digital Entertainment LLC,zeboyd-digital-entertainment-llc,30,5,5,1,1051678,193486,210336,6,67,0,0,0,0,0,100,0,0,0,
44917,,Team WIBY,team-wiby,30,1,1,0,1051097,1051097,1051097,0,100,100,0,100,0,0,0,100,0,0,
37964,,Hide Games,hide-games,30,3,3,3,1050622,231785,350207,6,100,0,50,17,17,83,100,0,0,0,
3480,,Racing Bros,racing-bros,30,35,35,1,1050434,2360,30012,0,100,53,28,8,42,3,0,0,0,6,
25443,,Tunnel Vision Games,tunnel-vision-games,30,2,2,0,1048422,1048422,524211,1,100,0,0,100,0,0,0,0,0,0,
15121,,Vertical Robot,vertical-robot,30,2,2,0,1048329,524165,524165,2,100,50,0,100,0,0,0,0,0,0,
14193,,Funktronic Labs,funktronic-labs,30,6,6,0,1048268,62391,174711,6,67,83,17,67,33,50,17,0,0,17,United States
57615,,AneaGames,aneagames,30,5,5,0,1047806,4214,209561,5,80,60,40,80,80,20,20,20,40,20,
23827,,"ILINX, Inc.",ilinx-inc,30,1,1,0,1047416,1047416,1047416,0,0,100,0,0,0,0,0,0,0,0,
15555,,Stuck In Attic,stuck-in-attic,30,1,1,1,1046734,1046734,1046734,2,100,0,0,100,0,0,0,0,0,0,Romania
44369,,Artur Smiarowski,artur-smiarowski,30,2,2,0,1046383,523192,523192,2,100,0,0,50,0,50,100,0,0,0,
52881,,h.a.n.d.,h-a-n-d,30,1,1,0,1046052,1046052,1046052,0,0,100,0,0,0,0,100,0,0,0,
27563,,拾英工作室,-,30,1,1,0,1045555,1045555,1045555,0,100,0,0,100,0,0,100,0,0,0,
18805,,Lamina Studios,lamina-studios,30,2,2,0,1042680,521340,521340,1,100,100,0,50,0,0,50,0,0,0,
41695,,Halberd Studios,halberd-studios,30,1,1,1,1038927,1038927,1038927,0,100,100,0,100,0,0,0,0,0,0,Mexico
11866,,WMY Studio,wmy-studio,30,1,1,0,1037841,1037841,1037841,1,100,0,100,100,0,0,0,0,0,0,
2592106,,Breaker Games,breaker-games,30,2,2,0,1037617,1037617,518809,2,100,100,50,50,0,100,0,0,0,0,
43278,,"Atmos Games, LLC",atmos-games-llc,30,2,2,2,1036313,518157,518157,1,100,50,75,100,0,0,25,0,0,0,
13188,,Akupara Games,akupara-games,30,3,3,0,1036147,19931,345382,3,67,0,0,100,0,0,67,0,0,0,
2432212,,ARTcelerator,artcelerator,30,1,1,0,1035368,1035368,1035368,0,100,0,100,0,0,0,100,0,0,0,
3444586,,Dramatic Labs,dramatic-labs,30,1,1,0,1035172,1035172,1035172,0,0,0,0,100,0,0,0,0,0,0,
32374,,Tomasz Wacławek,tomasz-wac-awek,30,1,1,0,1034443,1034443,1034443,0,100,100,0,0,0,0,0,0,0,0,
187282,,Emberstorm Entertainment,emberstorm-entertainment,30,1,1,0,1033751,1033751,1033751,0,100,0,100,100,0,0,100,0,0,0,Germany
36034,,Mighty Coconut,mighty-coconut,30,1,1,0,1032036,1032036,1032036,1,100,0,100,0,0,0,0,0,0,100,
6056,,nornware AB,nornware-ab,30,3,3,0,1031990,720,343997,3,100,100,33,0,0,0,0,0,0,0,Sweden
186175,,烟水寒工作室,-,30,1,1,0,1031886,1031886,1031886,1,100,0,0,100,100,0,100,0,0,0,
14695,,Whale Rock Games,whale-rock-games,30,22,22,1,1029689,14257,46804,23,100,78,52,87,30,39,26,30,13,17,Ukraine
33068,,Super Evil Megacorp,super-evil-megacorp,30,2,2,0,1029463,1029463,514732,2,50,50,0,50,0,100,50,0,0,0,United States
11110,,Psytec Games Ltd,psytec-games-ltd,30,3,3,1,1028583,303221,342861,4,75,50,0,100,0,0,0,0,0,0,
12823,,Digerati Distribution,digerati-distribution,30,1,1,0,1028519,1028519,1028519,0,100,100,0,0,0,0,100,0,0,0,United States
51262,,Square One Games Inc.,square-one-games-inc,30,2,2,0,1028084,514042,514042,0,0,100,0,0,0,0,100,0,0,0,Canada
13494,,Stas Shostak,stas-shostak,30,5,5,2,1027989,58823,205598,6,100,86,14,57,14,14,0,0,14,0,
11072,,NetEase Games,netease-games,30,16,16,3,1027428,0,64214,18,5,58,16,47,21,53,47,63,5,0,China
24791,,Zenith Blue,zenith-blue,30,1,1,0,1027136,1027136,1027136,0,100,100,0,0,0,0,0,0,0,0,
12088,,Alawar Entertainment,alawar-entertainment,30,26,26,0,1025852,12060,39456,0,42,0,100,35,62,73,0,0,0,0,Russia
264305,,Moon Punch Studio,moon-punch-studio,30,1,1,0,1025081,1025081,1025081,0,0,0,0,100,100,0,100,0,0,0,
20710,,BKOM Studios,bkom-studios,30,7,7,1,1024600,66757,146371,5,63,63,13,75,0,25,63,0,0,0,Canada
5370,,yeo,yeo,30,3,3,0,1024456,384619,341485,3,100,100,0,100,0,0,67,0,0,0,
23882,,MK Studios,mk-studios,30,1,1,0,1024166,1024166,1024166,0,100,0,100,0,100,0,0,0,0,0,
23316,,5pb,5pb,30,8,8,0,1023380,176317,127923,2,13,13,0,50,0,0,25,0,0,0,
35088,,Jacob Dzwinel,jacob-dzwinel,30,1,1,0,1023225,1023225,1023225,0,100,100,0,0,0,0,0,0,0,0,Poland
50056,,Bold Spirit Game Studio,bold-spirit-game-studio,30,1,1,2,1020624,1020624,1020624,3,100,100,0,100,0,0,0,0,0,0,
32419,,The Odd Gentlemen,the-odd-gentlemen,30,2,2,0,1020192,467567,510096,0,50,0,0,100,0,0,0,0,0,0,United States
9022,,Panda Indie Studio,panda-indie-studio,30,12,12,0,1018071,2350,84839,6,100,92,25,17,8,0,0,0,0,0,
1828,,Dogenzaka Lab,dogenzaka-lab,30,10,10,0,1015996,52112,101600,10,0,0,0,100,0,0,0,0,0,0,
24779,,IonFx,ionfx,30,2,2,0,1015106,1015106,507553,0,100,50,50,50,0,0,0,0,0,0,United States
29694,,Kylotonn,kylotonn,30,2,2,0,1014995,507498,507498,0,0,50,0,0,0,0,0,0,50,0,
19626,,Labyrinthine,labyrinthine,30,6,6,0,1014789,139967,169132,0,100,50,0,100,0,33,100,0,0,0,
22015,,DoubleMoose Games,doublemoose-games,30,2,2,1,1014760,507380,507380,1,100,67,0,100,67,0,0,0,0,0,Sweden
36610,,K-Project,k-project,30,2,2,0,1014715,507358,507358,0,50,0,0,50,0,100,50,0,0,0,
19113,,Ivanovich Games,ivanovich-games,30,16,16,1,1014307,15623,63394,17,82,59,65,35,76,18,0,6,41,35,
1575881,,Lateralis Heavy Industries,lateralis-heavy-industries,30,3,3,0,1013714,31076,337905,2,33,100,0,33,33,0,0,0,0,0,
33022,,Jukio,jukio,30,2,2,0,1013040,506520,506520,0,100,50,50,100,0,0,0,0,50,0,
33023,,Dom,dom,30,2,2,0,1013040,506520,506520,0,100,50,50,100,0,0,0,0,50,0,
5776243,,Idea Fabrik PLC,idea-fabrik-plc,30,1,1,0,1012730,0,1012730,0,100,0,0,0,0,0,100,100,0,0,
21145,,Phanom Games,phanom-games,30,3,3,0,1012411,8064,337470,3,67,67,33,67,0,33,0,33,0,0,
23348,,TAITO CORP.,taito-corp,30,7,7,0,1011774,88767,144539,7,0,100,0,0,0,0,0,0,0,0,
28117,,Original Fire Games,original-fire-games,30,2,2,0,1011561,505781,505781,1,100,100,50,0,50,0,0,0,100,100,
26886,,ChAIR Entertainment,chair-entertainment,30,1,1,0,1008305,1008305,1008305,0,0,100,0,0,0,0,0,0,0,0,
41446,,Dope Games,dope-games,30,1,1,0,1008216,1008216,1008216,0,0,0,0,0,100,100,0,0,0,0,
940675,,ProX,prox,30,1,1,0,1007951,0,1007951,1,100,0,100,100,0,0,0,0,0,0,
292565,,Paul Hart,paul-hart,30,1,1,0,1007927,1007927,1007927,0,100,0,0,100,0,0,100,0,0,0,
26778,,Cape Guy Ltd,cape-guy-ltd,30,1,1,0,1007401,1007401,1007401,0,100,0,0,100,0,100,0,0,0,0,
941141,,Wabbaboy,wabbaboy,30,1,1,1,1006362,1006362,1006362,1,0,100,0,100,0,0,50,0,0,0,
11098,,BINGOBELL,bingobell,30,3,3,1,1006027,503014,335342,4,75,100,0,100,0,0,75,0,0,0,
24970,,LongYou Game Studio,longyou-game-studio,30,2,2,1,1004952,1004952,502476,1,67,0,0,0,100,100,0,0,0,0,
3482,,Kodo Linija,kodo-linija,30,4,4,0,1004734,109557,251184,3,100,50,25,0,75,25,50,0,50,50,
1533,,Hamsters Gaming,hamsters-gaming,30,7,7,1,1003693,92338,143385,8,88,0,25,13,75,88,13,13,0,0,
36930,,ROBI Studios,robi-studios,30,2,2,1,1003443,1003443,501722,1,67,67,0,33,0,0,0,0,0,0,
4250,,Kyy Games,kyy-games,30,6,6,0,1003310,473681,167218,1,50,0,0,33,33,83,67,0,0,0,Finland
23903,,Primula,primula,30,6,6,0,1002864,115323,167144,0,0,0,0,100,0,0,0,0,0,0,
7849765,,Nacon Studio Ghent,nacon-studio-ghent,30,2,2,1,1002801,501401,501401,0,0,33,0,67,100,33,0,0,0,67,
189983,,NOW PRODUCTION,now-production,30,2,2,0,1002261,501131,501131,0,0,100,100,50,0,0,0,0,0,0,Japan
16455,,White Paper Games,white-paper-games,30,3,3,0,1001746,301650,333915,1,67,0,0,100,0,0,0,0,0,0,United Kingdom
16261,,SGTTB_Studios,sgttb-studios,30,1,1,0,1001669,1001669,1001669,1,0,100,0,100,0,0,0,100,0,0,
21160,,Three Fields Entertainment,three-fields-entertainment,30,4,4,1,1001608,61460,250402,2,60,80,0,0,20,0,0,0,60,20,United Kingdom
19453,,RLR Training Inc,rlr-training-inc,30,2,2,0,1000172,500086,500086,0,0,0,100,100,100,100,100,0,0,0,
184190,,BattleBrew Productions,battlebrew-productions,30,1,1,1,999025,999025,999025,1,100,50,100,100,50,0,50,0,0,0,Singapore
28978,,Driven Arts,driven-arts,30,1,1,0,998440,998440,998440,0,100,100,0,0,0,0,0,0,0,0,United States
4211,,Last Level,last-level,30,2,2,0,998218,998218,499109,1,50,100,0,50,50,0,0,50,50,0,
30548,,Serious Sim,serious-sim,30,2,2,3,997551,498776,498776,1,100,20,20,20,60,80,20,0,20,0,
9622,,Tale of Tales,tale-of-tales,30,7,7,0,995270,136589,142181,6,100,14,57,43,57,0,0,0,0,0,Belgium
4065079,,Robin Ward,robin-ward,30,1,1,0,993751,993751,993751,0,0,0,0,100,0,0,0,0,0,0,
15105,,Candymakers,candymakers,30,1,1,0,993415,993415,993415,1,100,100,0,100,100,0,0,0,0,0,
25341,,Crazy Moo Games,crazy-moo-games,30,1,1,0,993348,993348,993348,0,100,100,100,0,0,0,0,0,0,0,
46459,,Passion Republic Games,passion-republic-games,30,1,1,0,992778,992778,992778,1,100,100,100,0,0,0,0,0,0,0,Malaysia
6059357,,Everscape Games,everscape-games,30,1,1,0,991758,991758,991758,0,100,0,0,100,0,0,0,0,0,0,
17600,,Tap It Games,tap-it-games,30,2,2,0,991600,495800,495800,0,0,0,100,100,0,0,0,0,0,0,Poland
36218,,Cape Cosmic,cape-cosmic,30,1,1,1,991164,991164,991164,2,50,100,0,100,0,0,50,0,0,0,
719977,,CMGE,cmge,30,1,1,0,990531,990531,990531,0,0,0,100,0,0,100,0,0,0,0,
29848,,永恆艾莉絲工坊,-,30,6,6,0,990186,141831,165031,0,83,0,67,83,50,50,100,0,0,0,
21507,,Jadon Barnes,jadon-barnes,30,1,1,1,989459,989459,989459,0,100,100,0,50,100,0,0,0,0,0,
16454,,Pingfang Games,pingfang-games,30,1,1,0,988967,988967,988967,1,100,0,100,100,100,0,100,0,0,0,
40089,,Mateusz Skutnik,mateusz-skutnik,30,2,2,1,988463,494232,494232,3,100,0,0,100,0,0,0,0,0,0,Poland
27394,,HONEY∞PARADE GAMES,honey-parade-games,30,1,1,0,988423,988423,988423,0,0,100,0,0,0,0,0,0,0,0,
5488453,,Studio Plane Toast,studio-plane-toast,30,1,1,0,987163,987163,987163,0,100,0,100,100,0,0,0,0,0,0,
921,,Spider Nest Games,spider-nest-games,30,1,1,0,986898,986898,986898,1,100,0,0,0,0,100,0,0,0,0,
6566,,Room710Games,room710games,30,6,6,0,986678,73370,164446,6,33,100,17,100,17,0,0,33,0,0,
14885,,Master Indie,master-indie,30,2,2,0,985417,492709,492709,2,100,100,50,50,100,0,0,0,0,50,
254,,Hitcents,hitcents,30,4,4,0,984636,248347,246159,4,100,25,100,75,0,25,0,0,0,0,United States
7305,,OhNoo Studio,ohnoo-studio,30,2,2,1,982667,491334,491334,3,100,0,100,100,0,0,0,0,0,0,Poland
14002,,Hosted Games,hosted-games,30,114,114,9,982055,2725,8615,123,100,9,33,82,2,1,99,0,0,0,
2326,,Narrator,narrator,30,10,10,1,980519,34737,98052,5,82,0,55,64,9,0,9,0,0,0,
7296,,Rhino Games,rhino-games,30,1,1,1,979598,979598,979598,2,100,50,0,100,100,0,100,0,0,0,
6509,,Rubycone,rubycone,30,2,2,0,979581,489791,489791,2,100,100,0,50,0,0,0,0,0,0,
49519,,L7team,l7team,30,3,3,0,979244,202574,326415,3,100,0,33,67,0,0,100,0,0,0,
20441,,David Kaleta,david-kaleta,30,2,2,0,978757,489379,489379,2,0,50,0,0,0,50,50,0,0,0,
1523,,Valsar,valsar,30,2,2,1,976605,488303,488303,3,67,33,0,0,0,100,0,0,0,0,
7007,,IndieGala,indiegala,30,5,5,0,975406,67561,195081,5,100,100,20,60,20,0,0,0,0,0,Italy
11676,,Isto Inc.,isto-inc,30,2,2,0,974073,487037,487037,2,0,50,0,100,50,50,0,0,50,0,Canada
44520,,Octogames,octogames,30,44,44,3,973611,21326,22128,47,34,40,74,70,49,2,17,0,2,0,
24327,,Blackfire,blackfire,30,1,1,0,972415,972415,972415,0,100,0,100,0,0,100,100,0,0,0,
7833,,Dead Shark Triplepunch,dead-shark-triplepunch,30,1,1,0,971613,0,971613,1,100,100,0,0,0,0,0,0,0,100,
9260,,Craneballs,craneballs,30,1,1,0,970130,0,970130,1,100,100,0,100,100,0,0,0,0,0,Czech Republic
4612,,Grey Alien Games,grey-alien-games,30,9,9,1,970115,38775,107791,9,50,0,70,0,10,30,20,0,0,0,United Kingdom
17452,,Untame,untame,30,1,1,0,969280,969280,969280,1,100,100,0,100,0,0,0,0,0,0,United States
55406,,Domesticated Ant Games,domesticated-ant-games,30,1,1,0,968394,968394,968394,0,100,100,0,0,0,0,0,0,0,0,Finland
2441,,Laura Shigihara,laura-shigihara,30,2,2,0,967844,483922,483922,2,100,0,0,100,0,0,100,0,0,0,
5520086,,Bokeh Game Studio lnc.,bokeh-game-studio-lnc,30,1,1,0,966648,966648,966648,1,0,100,0,100,0,0,0,0,0,0,
1396327,,Jozef Pavelka,jozef-pavelka,30,1,1,0,966584,966584,966584,0,100,0,0,0,0,0,100,0,0,0,Czech Republic
5750227,,Vlado Ganaj,vlado-ganaj,30,1,1,0,966584,966584,966584,0,100,0,0,0,0,0,100,0,0,0,
790427,,Action Square(STUDIO HG),action-square-studio-hg,30,2,2,1,965638,482819,482819,0,67,100,33,33,0,0,33,0,0,0,
29288,,大好网,-,30,2,2,0,965394,482697,482697,0,50,0,50,50,100,50,0,0,0,0,
19671,,Atomic Fabrik,atomic-fabrik,30,79,79,1,964743,9607,12212,76,100,34,83,70,99,38,1,0,41,54,
31847,,Waygetter Electronics,waygetter-electronics,30,1,1,0,963781,963781,963781,0,100,100,0,0,0,0,0,0,0,0,
779,,Konsordo,konsordo,30,3,3,0,963561,17509,321187,3,100,100,0,100,33,0,0,0,0,0,
3869824,,One More Time,one-more-time,30,2,2,1,962832,962832,481416,2,67,0,100,0,100,0,0,33,0,0,
31563,,Artisan Studios,artisan-studios,30,2,2,1,961288,480644,480644,1,33,67,0,67,0,0,100,0,0,0,France
25803,,白露社,-,30,6,6,1,960720,164328,160120,2,100,0,100,86,86,0,71,0,0,0,
4385519,,Terletski Games,terletski-games,30,2,2,0,960509,480255,480255,2,100,50,50,50,50,0,50,0,0,0,Russia
28614,,Chaos Industries,chaos-industries,30,1,1,0,959247,959247,959247,0,0,0,0,0,0,100,0,0,0,0,
29275,,Paul Fisch,paul-fisch,30,1,1,0,959012,959012,959012,0,100,100,100,0,0,0,0,0,0,0,
4035,,Sinkhole Studio,sinkhole-studio,30,4,4,1,958489,63599,239622,5,20,0,20,20,40,60,0,0,0,0,
2165015,,Chowbie,chowbie,30,2,2,0,958296,479148,479148,2,50,100,0,0,0,0,50,0,0,0,
40416,,Triangle Factory,triangle-factory,30,2,2,1,957318,906785,478659,3,0,100,0,0,0,0,0,0,0,0,Belgium
504624,,Nankidai,nankidai,30,1,1,0,956956,956956,956956,0,100,0,0,100,0,0,0,0,0,0,Japan
25264,,Clymenia,clymenia,30,3,3,0,956104,159854,318701,0,100,0,0,0,0,0,100,0,0,0,
29339,,Acido Cinza,acido-cinza,30,1,1,0,956018,956018,956018,0,100,100,0,0,0,0,0,0,0,0,
611305,,TetraScope,tetrascope,30,1,1,0,955728,955728,955728,0,100,0,100,100,0,0,0,0,0,0,
22493,,"CINEMAX, s.r.o.",cinemax-s-r-o,30,4,4,0,954459,449292,238615,4,25,0,25,0,0,0,0,0,0,0,Czech Republic
13892,,BrashMonkey,brashmonkey,30,1,1,0,954456,954456,954456,1,0,0,0,0,0,0,0,0,0,0,
45749,,sloth gamer,sloth-gamer,30,6,6,0,953839,155754,158973,0,83,0,100,0,83,33,50,0,0,0,China
29731,,Yippee Entertainment,yippee-entertainment,30,2,2,0,953737,476869,476869,0,0,0,0,0,50,50,0,0,0,50,United Kingdom
26568,,Explosm Games,explosm-games,30,1,1,0,952302,0,952302,0,100,100,0,0,0,0,0,100,0,0,
2860570,,Tinymice Entertainment,tinymice-entertainment,30,2,2,1,951803,475902,475902,0,100,0,100,33,67,100,67,0,0,0,
15707,,Unusualsoft,unusualsoft,30,5,5,1,950680,3824,190136,6,50,33,17,0,0,0,0,0,0,50,
45936,,Terad Games,terad-games,30,1,1,0,950038,950038,950038,1,100,100,100,100,100,100,0,0,0,0,
9004,,Oxeye Game Studio,oxeye-game-studio,30,3,3,0,950026,461197,316675,1,100,67,0,33,0,33,0,0,0,0,Sweden
29524,,Headfirst Productions,headfirst-productions,30,1,1,0,949589,949589,949589,0,0,0,0,0,0,0,0,0,0,0,United Kingdom
3103,,Rasul Mono,rasul-mono,30,4,4,1,949524,6057,237381,1,100,100,0,100,0,0,0,0,0,0,
20031,,ChaosForge,chaosforge,30,1,1,1,948952,948952,948952,1,100,0,0,0,0,100,100,0,0,0,Poland
49367,,Blaze Worlds,blaze-worlds,30,1,1,0,948805,948805,948805,1,0,100,0,0,0,0,0,0,0,0,
16259,,2 Zombie Games,2-zombie-games,30,1,1,1,948629,948629,948629,1,50,100,0,100,0,0,100,0,0,0,
29336,,Alan Zucconi,alan-zucconi,30,2,2,0,947438,473719,473719,0,100,50,50,50,50,0,0,0,0,0,
4710,,Santa Ragione,santa-ragione,30,5,5,0,947407,219282,189481,5,80,20,0,60,0,0,0,0,0,0,Italy
50231,,宇镇（Yu Zhen）,yu-zhen,30,1,1,1,947003,947003,947003,1,0,100,0,100,0,0,100,0,0,0,
33291,,Kinelco &amp; Lone Elk Creative,kinelco-amp-lone-elk-creative,30,1,1,0,946912,946912,946912,0,100,0,0,0,0,0,0,0,0,100,
142419,,Dillon Earle,dillon-earle,30,1,1,0,946267,946267,946267,0,100,0,100,0,100,0,0,0,0,100,
3830,,G1 Playground,g1-playground,30,5,5,1,945257,54555,189051,4,67,83,50,17,0,33,33,0,0,17,
3886,,Every Single Soldier,every-single-soldier,30,6,6,4,944882,144710,157480,7,20,0,0,0,30,70,0,0,0,0,
28769,,Dlala Studios,dlala-studios,30,2,2,1,943878,471939,471939,0,33,67,33,67,0,0,0,0,0,0,United Kingdom
1636,,Screaming Bee,screaming-bee,30,4,4,0,943202,6339,235801,4,0,0,0,0,0,0,0,0,0,0,
94093,,Skirmish Mode Games,skirmish-mode-games,30,1,1,0,942962,942962,942962,0,100,100,0,0,0,100,0,0,0,0,
8432,,Happinet,happinet,30,2,2,0,942101,928496,471051,2,0,50,0,50,0,50,50,0,0,0,
18723,,Subvert Games,subvert-games,30,1,1,0,940903,0,940903,1,100,100,100,0,0,100,0,100,100,0,
33276,,Polygon Moon,polygon-moon,30,1,1,0,940903,0,940903,1,100,100,100,0,0,100,0,100,100,0,
44151,,Flux Games,flux-games,30,4,4,0,940197,141545,235049,1,25,75,50,75,0,25,0,0,0,0,Brazil
24422,,Poni-Pachet SY,poni-pachet-sy,30,1,1,0,939774,939774,939774,0,0,0,0,100,0,0,0,0,0,0,
32473,,devotid,devotid,30,3,3,0,938121,93166,312707,0,100,67,67,33,100,0,0,0,67,67,
4168,,Cobra Mobile,cobra-mobile,30,7,7,0,938086,74210,134012,4,71,29,71,29,0,29,0,0,0,0,United Kingdom
4326,,Mighty Rocket Studio,mighty-rocket-studio,30,1,1,0,938043,938043,938043,0,100,100,0,0,0,0,0,0,0,0,France
24282,,Simula Games,simula-games,30,1,1,0,937787,937787,937787,0,0,0,100,0,100,100,0,0,0,0,
1117234,,High North Studios AS,high-north-studios-as,30,2,2,0,937472,937472,468736,0,100,0,0,0,0,0,100,0,0,0,
3266368,,Sparrow Night,sparrow-night,30,1,1,0,937356,937356,937356,0,0,0,0,0,100,100,0,0,0,0,Netherlands
188409,,Laps Games,laps-games,30,1,1,0,937324,937324,937324,0,0,0,0,0,0,100,0,0,0,0,Turkey
26541,,Grace Bruxner,grace-bruxner,30,3,3,0,937005,204544,312335,0,100,0,100,100,0,0,0,0,0,0,Australia
1642316,,KOTAKE CREATE,kotake-create,30,3,3,1,936725,181032,312242,3,100,25,0,100,75,0,0,0,0,0,Japan
24747,,Jasper Byrne,jasper-byrne,30,1,1,0,936711,936711,936711,0,100,100,0,100,100,0,100,0,0,0,
5328143,,Gizmo Garden,gizmo-garden,30,1,1,0,936285,936285,936285,0,100,0,100,100,100,0,100,0,0,0,United Kingdom
38321,,Scythe Dev Team,scythe-dev-team,30,6,6,1,935515,139185,155919,0,71,100,14,86,43,0,0,0,0,0,
6091,,Real Dynamics,real-dynamics,30,1,1,0,935446,935446,935446,1,100,100,0,0,100,0,0,0,100,100,
29078,,HL-Galgame,hl-galgame,30,1,1,0,933482,933482,933482,0,100,0,100,100,0,0,0,0,0,0,
25715,,Sekerin Productions,sekerin-productions,30,2,2,0,933441,466721,466721,0,100,50,0,0,0,100,0,0,0,0,
47630,,Stratera Games,stratera-games,30,5,5,1,932377,139188,186475,5,67,0,83,50,33,50,33,0,0,0,Turkey
32446,,Woodland Games,woodland-games,30,3,3,2,931060,465530,310353,0,80,20,0,20,100,40,0,0,0,20,Poland
162,,YETU GAME,yetu-game,30,4,4,0,930778,66210,232695,3,100,0,100,75,25,0,25,0,0,0,
28072,,David Moralejo Sánchez,david-moralejo-s-nchez,30,6,6,1,930521,84272,155087,0,71,29,29,100,29,29,57,0,0,0,
19076,,Blackjard Softworks,blackjard-softworks,30,2,2,0,929924,464962,464962,1,100,100,0,100,50,0,50,0,0,0,
6230,,Back to Basics Gaming,back-to-basics-gaming,30,4,4,0,929010,199799,232253,4,100,25,75,25,0,0,25,0,0,0,
11500,,Spacelight Studio,spacelight-studio,30,2,2,0,928418,834614,464209,2,100,0,0,100,0,0,100,0,0,0,
4385520,,RIKANIMATION,rikanimation,30,1,1,1,928326,928326,928326,1,100,0,100,50,50,0,0,0,0,0,Russia
20016,,CBE software,cbe-software,30,4,4,0,927228,80926,231807,3,100,0,0,75,0,0,0,0,0,0,Czech Republic
21806,,Delve Interactive,delve-interactive,30,2,2,0,926930,463465,463465,1,100,50,100,100,50,50,50,0,0,0,United Kingdom
7942,,System Erasure,system-erasure,30,2,2,0,925798,462899,462899,2,100,50,0,50,0,0,0,0,0,0,Finland
31770,,Gyroscope Games,gyroscope-games,30,2,2,0,925755,462878,462878,0,0,50,0,0,0,50,0,0,0,0,
12239,,Wolf &amp; Wood Interactive Ltd,wolf-amp-wood-interactive-ltd,30,5,5,0,925619,86686,185124,0,80,60,20,100,100,20,0,0,0,0,
2999412,,Tensori,tensori,30,1,1,0,925432,925432,925432,1,0,0,0,100,0,0,0,0,0,0,Finland
17852,,ProGames Studio,progames-studio,30,1,1,0,925029,925029,925029,1,0,100,0,0,0,0,0,0,0,0,
51409,,Bear in the Night,bear-in-the-night,30,3,3,1,924643,226751,308214,4,100,0,100,100,0,0,0,0,0,0,
1168236,,Hotloop,hotloop,30,2,2,0,923673,923673,461837,2,100,0,0,100,0,100,100,0,0,0,Canada
26790,,Big Finish Games,big-finish-games,30,1,1,0,922046,922046,922046,1,100,0,0,100,0,0,0,0,0,0,United States
12124,,StarWraith 3D Games LLC,starwraith-3d-games-llc,30,2,2,0,921900,460950,460950,2,100,50,0,0,100,0,0,0,0,0,
25301,,doinksoft,doinksoft,30,3,3,0,921647,273165,307216,0,67,100,33,100,0,0,0,0,0,33,
23511,,Grumpyface Studios,grumpyface-studios,30,3,3,1,921426,18619,307142,2,50,50,25,50,0,50,50,0,0,0,United States
14572,,KHB-Soft,khb-soft,30,7,7,1,920950,18872,131564,5,100,75,50,38,13,0,0,0,0,0,Russia
32536,,Moppin,moppin,30,1,1,0,920665,920665,920665,0,100,100,0,100,0,0,0,0,0,0,Japan
5892,,Breakfall,breakfall,30,3,3,0,920218,43380,306739,3,100,67,100,67,0,0,0,0,0,33,Canada
39467,,Bitrich.info,bitrich-info,30,2,2,0,919733,919733,459867,2,100,0,100,0,100,50,0,0,0,0,Cyprus
52300,,Lizardry,lizardry,30,2,2,0,919120,459560,459560,0,100,0,100,100,50,0,0,0,0,0,
4607,,Grynsoft,grynsoft,30,2,2,0,917904,458952,458952,2,100,100,0,100,0,0,50,0,0,0,
1396598,,Blind Squirrel Entertainment,blind-squirrel-entertainment,30,1,1,0,917662,917662,917662,0,0,100,100,0,0,0,0,0,0,0,
90763,,AEXLAB,aexlab,30,1,1,0,917639,0,917639,1,0,100,100,0,0,100,0,0,0,0,
184345,,灵煦工作室,-,30,1,1,1,917056,917056,917056,1,100,0,0,100,0,0,100,0,0,0,
30514,,5 Bits Games,5-bits-games,30,1,1,1,916976,916976,916976,1,100,100,0,0,0,0,0,0,0,0,France
161,,Urnique Studio,urnique-studio,30,1,1,1,915757,915757,915757,2,100,0,0,50,0,100,0,0,0,0,Thailand
5496,,Ripstone,ripstone,30,3,3,0,915544,228474,305181,3,100,0,100,0,100,100,0,0,0,100,
12004,,Moral Anxiety Studio,moral-anxiety-studio,30,4,4,0,914901,17283,228725,1,75,0,25,100,25,25,50,0,0,0,Poland
22979,,calme,calme,30,2,2,0,914469,457235,457235,0,100,0,100,0,0,0,0,0,0,0,
3043,,Camel 101,camel-101,30,5,5,1,914423,128471,182885,4,50,50,0,50,17,50,0,0,0,0,United States
26698,,Snowhound Games,snowhound-games,30,2,2,0,914409,457205,457205,0,50,0,0,0,50,100,50,0,0,0,Finland
19320,,yeswecamp,yeswecamp,30,3,3,0,913853,67424,304618,3,100,100,67,33,0,100,0,0,0,0,
12285,,Mousechief,mousechief,30,3,3,0,913102,193892,304367,3,100,0,100,33,33,33,33,0,0,0,
11162,,Vanimals,vanimals,30,2,2,0,913036,456518,456518,2,100,50,0,100,0,0,0,0,0,0,
8611,,GameChanger Studio,gamechanger-studio,30,5,5,1,911444,108073,182289,3,100,17,33,50,67,33,0,0,0,0,Indonesia
342,,CE-Asia,ce-asia,30,1,1,0,911348,0,911348,1,100,100,0,0,0,0,0,0,0,100,
3135815,,Ant.Karlov Games,ant-karlov-games,30,1,1,1,910832,910832,910832,2,100,100,0,100,0,0,0,0,0,0,
31545,,Pixelated Milk,pixelated-milk,30,2,2,1,910115,354812,455058,2,100,0,0,0,33,33,100,0,0,0,
25679,,Art in Heart,art-in-heart,30,2,2,0,910087,455044,455044,0,100,50,0,0,0,0,0,0,0,0,Sweden
12509,,Fallen Tree Games Ltd,fallen-tree-games-ltd,30,7,7,1,907310,24980,129616,3,100,25,13,25,13,13,0,0,0,0,
244888,,Square Glade Games,square-glade-games,30,2,2,1,907288,907288,453644,1,33,0,0,100,100,0,67,0,0,0,Netherlands
24330,,Mono Studio,mono-studio,30,1,1,0,906474,906474,906474,0,100,100,0,0,0,0,100,0,0,0,
17681,,Koalabs,koalabs,30,5,5,0,906271,15559,181254,1,20,0,0,40,40,0,0,0,0,0,
22107,,Loren Lemcke,loren-lemcke,30,3,3,0,905230,244555,301743,3,67,67,0,33,0,0,0,0,0,33,Finland
1073832,,caiys,caiys,30,8,8,1,905172,60933,113147,0,100,67,11,33,0,0,22,0,0,0,
22536,,"Urvogel Games, LLC",urvogel-games-llc,30,1,1,0,905109,905109,905109,1,100,0,0,0,100,0,0,0,0,0,
6027,,Above and Beyond Technologies,above-and-beyond-technologies,30,1,1,0,904361,904361,904361,1,100,100,0,0,0,0,100,0,0,0,
26258,,Denis Esie,denis-esie,30,2,2,0,903899,451950,451950,1,100,100,0,100,0,0,0,0,0,0,
33250,,HeroLabs,herolabs,30,5,5,0,903517,222993,180703,5,40,20,20,20,20,40,40,0,0,0,
188137,,UNDEAD BATTERY,undead-battery,30,1,1,0,903103,903103,903103,1,100,0,0,0,100,0,0,0,100,100,
25416,,Crafty Studios,crafty-studios,30,4,4,0,902133,272046,225533,0,75,0,0,50,50,25,50,0,0,0,Austria
12830,,Steel Sky Productions,steel-sky-productions,30,1,1,0,902021,902021,902021,1,0,0,100,0,0,100,0,0,0,0,
5788,,QUICKTEQUILA,quicktequila,30,5,5,1,900005,17250,180001,3,100,83,17,17,0,0,0,0,0,0,
5151,,Ed Del Castillo,ed-del-castillo,30,1,1,0,899927,899927,899927,1,0,100,0,0,0,100,0,0,0,0,
15145,,b-alive gmbh,b-alive-gmbh,30,15,15,0,898859,11343,59924,15,100,0,100,0,100,87,7,0,0,0,
8916,,CGE Digital,cge-digital,30,2,2,1,898233,449117,449117,3,100,0,33,0,0,67,0,0,0,0,
49340,,Creepy Brothers,creepy-brothers,30,8,8,1,897228,100760,112154,9,100,11,22,78,22,22,0,0,0,0,Russia
29841,,Joshua Skelton,joshua-skelton,30,1,1,0,897104,897104,897104,0,100,100,0,100,0,0,100,0,0,0,
32589,,Chad Cuddigan,chad-cuddigan,30,1,1,0,897104,897104,897104,0,100,100,0,100,0,0,100,0,0,0,
35612,,Callback,callback,30,2,2,1,895664,447832,447832,2,33,67,0,67,0,33,0,0,0,0,
45476,,Smilegate RPG,smilegate-rpg,30,1,1,0,895592,0,895592,0,0,100,0,100,0,0,100,100,0,0,
49269,,Take IT Studio!,take-it-studio,30,5,5,1,895523,3074,179105,4,83,17,50,67,83,0,0,0,0,0,
27575,,Cuve Games,cuve-games,30,2,2,0,895412,447706,447706,0,0,0,0,0,0,0,100,0,0,0,
13803,,blueteak,blueteak,30,3,3,0,893676,329873,297892,0,100,100,100,0,67,0,0,0,33,0,
14826,,The Station,the-station,30,1,1,1,893503,893503,893503,0,50,0,50,0,100,100,0,0,0,0,
5851,,JDM4iK Games,jdm4ik-games,30,3,3,0,893395,86858,297798,0,67,100,33,0,100,0,0,67,100,100,
49153,,GAMEPULSE 游戏脉冲,gamepulse,30,2,2,0,892397,892397,446199,2,50,100,0,100,0,0,50,0,0,0,
12062,,Krita Team,krita-team,30,1,1,0,891735,891735,891735,1,0,0,0,0,0,0,0,0,0,0,
1166261,,Stage Games Inc.,stage-games-inc,30,1,1,0,891542,891542,891542,0,0,0,0,0,100,100,0,0,0,0,
30691,,U-Secret Studio,u-secret-studio,30,2,2,1,891240,445620,445620,2,100,33,33,100,33,33,67,0,0,0,
28495,,Andrew Morrish,andrew-morrish,30,3,3,0,890991,210384,296997,0,67,67,67,33,33,0,33,0,0,0,
29160,,Coffee Powered Machine,coffee-powered-machine,30,1,1,0,890441,890441,890441,0,100,100,0,0,0,100,0,0,0,0,Argentina
1088310,,Michele Pirovano,michele-pirovano,30,1,1,0,890441,890441,890441,1,100,0,0,0,100,100,0,0,0,0,
13673,,Grip Digital,grip-digital,30,2,2,0,890069,804682,445035,1,100,100,50,50,0,0,0,0,0,0,Czech Republic
37562,,Gamesforgames,gamesforgames,30,85,85,2,888656,4383,10455,86,32,68,90,78,83,62,21,1,13,71,
9349,,Merixgames,merixgames,30,1,1,0,888269,888269,888269,1,100,100,0,0,0,0,0,0,0,100,
563783,,Mighty Eyes,mighty-eyes,30,1,1,1,888174,888174,888174,2,0,100,0,100,0,0,0,0,0,0,
21544,,Studio Evil,studio-evil,30,5,5,0,887591,203015,177518,4,80,60,20,40,20,0,20,0,0,0,Italy
35639,,TeamSuneat,teamsuneat,30,2,2,0,887233,443617,443617,0,100,100,0,0,0,0,50,0,0,0,
27151,,Chara-ani Corporation,chara-ani-corporation,30,1,1,0,886890,886890,886890,0,0,0,0,0,0,100,100,0,0,0,
4993,,Chainsawesome Games,chainsawesome-games,30,5,5,0,886208,108062,177242,5,40,100,0,0,0,0,0,0,0,0,Canada
1563,,Big Fat Simulations Inc.,big-fat-simulations-inc,30,5,5,0,885268,197777,177054,5,0,0,20,100,20,0,0,0,0,0,
48704,,SomeHumbleOnion,somehumbleonion,30,1,1,0,884693,884693,884693,0,100,0,100,100,0,0,100,0,0,0,
32250,,Interactive Fate,interactive-fate,30,3,3,0,884551,64438,294850,1,100,67,67,33,67,33,67,0,0,0,
2173,,Lost Pilgrims Studio,lost-pilgrims-studio,30,2,2,0,883961,883961,441981,0,100,0,0,0,0,100,100,0,0,0,Hungary
50955,,U.Ground Game Studio,u-ground-game-studio,30,1,1,0,883587,0,883587,0,0,0,0,0,100,100,0,0,0,0,
32904,,Stonewheat &amp; Sons,stonewheat-amp-sons,30,1,1,0,883297,883297,883297,0,100,0,100,0,0,0,0,0,0,0,
44035,,VR HOT,vr-hot,30,1,1,0,881438,881438,881438,1,0,0,100,0,100,0,0,0,0,0,
46841,,Dark Point Games,dark-point-games,30,2,2,0,879690,439845,439845,2,50,100,0,50,0,0,50,0,0,0,
504763,,Team Tetrapod,team-tetrapod,30,3,3,0,878991,44370,292997,3,67,0,0,100,67,33,0,0,0,0,
23553,,Towerfag,towerfag,30,1,1,0,878598,878598,878598,0,100,100,0,100,0,0,100,0,0,0,
30177,,Rob Howland,rob-howland,30,1,1,0,877756,877756,877756,0,100,0,100,0,100,100,0,0,0,0,
1350,,Flix Interactive,flix-interactive,30,1,1,0,877455,0,877455,1,100,100,0,100,0,100,0,0,0,0,
39940,,9FingerGames,9fingergames,30,5,5,0,877300,93778,175460,3,40,60,60,20,40,40,20,0,0,0,United Kingdom
12472,,Blazing Stick,blazing-stick,30,2,2,0,876609,438305,438305,1,100,100,50,0,0,0,0,0,0,0,
6855,,Soldak Entertainment,soldak-entertainment,30,7,7,0,875460,92251,125066,7,100,86,0,0,0,14,100,0,0,0,United States
1395356,,Ben Reber,ben-reber,30,1,1,1,875287,875287,875287,2,0,0,100,0,100,0,0,0,0,0,
30751,,Elder Games,elder-games,30,6,6,0,875167,151599,145861,0,83,67,0,17,0,50,33,0,0,0,Hungary
5898611,,KAFI,kafi,30,1,1,0,874850,874850,874850,1,100,100,0,0,0,0,0,0,0,0,
34435,,樂磚Joy Brick,joy-brick,30,3,3,0,874498,230384,291499,1,100,67,67,0,33,0,33,0,33,0,
10421,,Triangle Studios,triangle-studios,30,6,6,0,874069,62746,145678,1,83,83,17,67,0,0,17,0,33,0,Netherlands
31520,,Night Light Interactive,night-light-interactive,30,1,1,0,870971,870971,870971,0,100,0,0,100,0,0,0,0,0,0,United States
37682,,That Fish,that-fish,30,3,3,0,870838,847912,290279,2,100,67,33,100,0,0,0,0,0,0,
37683,,That Other Fish,that-other-fish,30,3,3,0,870838,847912,290279,2,100,67,33,100,0,0,0,0,0,0,
11465,,Aardman Animations,aardman-animations,30,2,2,0,870023,435012,435012,0,50,50,100,100,0,0,0,0,0,0,
11634,,SONNORI Corp,sonnori-corp,30,2,2,0,869018,434509,434509,1,50,100,0,100,0,0,0,0,0,0,
32296,,Whiskeybarrel Studios,whiskeybarrel-studios,30,9,9,1,868522,28709,96502,0,20,20,20,70,0,60,90,0,0,0,Australia
30384,,Egor Magurin,egor-magurin,30,8,8,6,868471,7091,108559,0,93,14,50,14,36,21,7,0,0,0,
31679,,Tenco,tenco,30,2,2,0,867805,433903,433903,0,0,0,50,50,50,100,50,0,0,0,
13484,,Bleank,bleank,30,1,1,0,867700,867700,867700,1,0,0,0,0,0,0,0,0,0,0,
26589,,Martin Ivanov,martin-ivanov,30,1,1,0,867434,867434,867434,0,0,0,0,0,0,100,0,0,0,0,
14528,,SilentFuture,silentfuture,30,5,5,1,867340,9647,173468,4,83,0,67,0,50,0,0,0,17,17,Germany
17140,,Daring Touch,daring-touch,30,5,5,3,867210,51057,173442,7,50,0,0,100,0,0,0,0,0,0,Italy
31204,,Laplacian,laplacian,30,4,4,0,866593,382078,216648,1,0,0,50,75,0,0,25,0,0,0,
10441,,Rafael Burgos,rafael-burgos,30,1,1,0,866239,866239,866239,1,100,100,0,0,0,0,100,0,0,0,
3266937,,Darya Noghani,darya-noghani,30,1,1,0,865266,865266,865266,1,100,0,0,100,0,0,100,0,0,0,
7059,,Double W,double-w,30,6,6,0,864930,105807,144155,0,50,50,100,17,0,0,33,0,0,0,
12482,,Animu Game,animu-game,30,3,3,0,864691,254060,288230,3,100,100,100,100,33,0,67,0,0,0,
41748,,BoRoBoRoGame,boroborogame,30,2,2,1,864244,432122,432122,1,100,0,33,100,0,67,67,0,0,0,
21827,,Crazy Goat Games,crazy-goat-games,30,4,4,2,863939,217874,215985,2,33,17,33,17,50,67,50,0,0,0,Poland
58158,,Perfect Day Studio,perfect-day-studio,30,2,2,0,863820,431910,431910,2,100,0,50,100,100,50,100,0,0,0,China
9892,,Dan Walters,dan-walters,30,2,2,0,862387,431194,431194,2,100,0,100,50,0,50,0,0,0,0,
1161,,Quantum Phoenix Studio,quantum-phoenix-studio,30,1,1,0,861754,861754,861754,1,100,100,0,100,0,0,0,0,0,0,
23962,,Artem Lynev,artem-lynev,30,1,1,0,861754,861754,861754,0,100,100,0,100,0,0,0,0,0,0,
27706,,Michail Romanov,michail-romanov,30,1,1,0,861754,861754,861754,0,100,100,0,100,0,0,0,0,0,0,
29315,,Bogdan Rozymny,bogdan-rozymny,30,1,1,0,861754,861754,861754,0,100,100,0,100,0,0,0,0,0,0,
31448,,Artur Samoylenko,artur-samoylenko,30,1,1,0,861754,861754,861754,0,100,100,0,100,0,0,0,0,0,0,
24053,,Evgeniy Yudin,evgeniy-yudin,30,1,1,0,861410,861410,861410,0,100,100,0,100,0,0,0,0,0,0,
24825,,Ruslan Viter,ruslan-viter,30,1,1,0,861410,861410,861410,0,100,100,0,100,0,0,0,0,0,0,
27647,,Alexzander Protasenya,alexzander-protasenya,30,1,1,0,861410,861410,861410,0,100,100,0,100,0,0,0,0,0,0,
27827,,Tribe Tea,tribe-tea,30,1,1,0,861410,861410,861410,0,100,100,0,100,0,0,0,0,0,0,
15711,,Fabraz,fabraz,30,8,8,1,860878,20257,107610,2,89,78,0,89,11,0,0,0,0,0,United States
16403,,Curve Studios,curve-studios,30,3,3,0,860747,308936,286916,0,100,100,33,33,0,0,0,0,0,0,United Kingdom
31444,,Usurpator AB,usurpator-ab,30,1,1,0,860740,860740,860740,0,0,0,0,0,100,0,0,0,0,0,
6104,,Going Loud Studios,going-loud-studios,30,2,2,0,859709,429855,429855,2,50,0,50,0,0,0,0,0,0,0,
10602,,Big Blue Bubble,big-blue-bubble,30,5,5,0,858958,165198,171792,4,40,20,20,40,20,20,0,0,0,0,Canada
8285,,The Drone Racing League,the-drone-racing-league,30,1,1,0,858821,858821,858821,1,100,100,0,0,100,0,0,0,100,100,
30606,,JoWooD Vienna,jowood-vienna,30,1,1,0,858428,0,858428,0,0,0,100,100,0,0,0,0,0,0,
33454,,Sealost Interactive LLC,sealost-interactive-llc,30,1,1,0,857481,857481,857481,1,0,100,0,0,0,0,0,0,0,100,
47650,,Metronomik,metronomik,30,1,1,0,857138,857138,857138,0,100,100,0,100,0,0,100,0,0,0,Malaysia
86129,,Airstrafe Interactive,airstrafe-interactive,30,1,1,0,856954,856954,856954,1,100,100,100,100,100,0,100,0,0,0,United States
187247,,SomethingExtra,somethingextra,30,1,1,0,856163,856163,856163,1,100,0,100,100,0,0,0,0,0,0,
5083,,Secret Base,secret-base,30,4,4,0,856004,117404,214001,2,75,100,50,75,0,0,0,0,0,0,Singapore
9955,,AsicxArt,asicxart,30,6,6,0,855845,151424,142641,1,100,0,83,100,0,0,83,0,0,0,
32420,,Reality Twist GmbH,reality-twist-gmbh,30,3,3,0,855603,151284,285201,0,0,33,0,33,100,0,0,0,0,0,
32305,,Tuna,tuna,30,1,1,0,854893,854893,854893,0,100,0,0,0,0,100,0,0,0,0,
33568,,Rudolf Kremers &amp; Alex May,rudolf-kremers-amp-alex-may,30,1,1,0,854893,854893,854893,0,100,0,0,0,0,100,0,0,0,0,
504294,,Parallel Studio,parallel-studio,30,3,3,0,854833,6137,284944,2,100,0,0,100,0,0,0,0,0,0,France
53892,,A44 Games,a44-games,30,1,1,0,854793,854793,854793,0,0,100,0,100,0,0,100,0,0,0,
291826,,Classy Lemon,classy-lemon,30,3,3,0,854338,427169,284779,3,67,0,67,33,67,0,0,0,0,0,
7966,,Ritual Entertainment,ritual-entertainment,30,4,4,1,853976,158087,213494,1,0,100,0,0,0,0,0,0,0,0,United States
19331,,Voxel Tycoon,voxel-tycoon,30,1,1,0,853158,853158,853158,1,100,0,0,0,100,100,0,0,0,0,
19565,,HyperSloth,hypersloth,30,1,1,0,852242,852242,852242,1,100,0,0,100,0,0,0,0,0,0,United Kingdom
1395731,,Embers,embers,30,2,2,1,852118,426059,426059,1,100,100,33,100,0,0,0,0,0,0,
30766,,Technocrat Games,technocrat-games,30,1,1,0,851962,851962,851962,0,100,0,0,100,0,0,0,0,0,0,
32294,,Allgraf,allgraf,30,1,1,0,851394,851394,851394,0,100,100,0,100,0,0,0,0,0,0,
13842,,Freejam,freejam,30,5,5,0,851380,0,170276,5,100,80,0,20,80,0,40,80,0,20,
21595,,HandyGames,handygames,30,12,12,0,851293,15311,70941,12,42,42,42,8,42,50,8,0,0,17,Germany
17480,,Orthogonal Games,orthogonal-games,30,2,2,0,850983,425492,425492,1,100,50,50,100,50,0,0,0,0,0,United States
14621,,Kloonigames,kloonigames,30,1,1,0,850424,850424,850424,1,100,0,100,0,0,0,0,0,0,0,Finland
1771191,,ReficGames,reficgames,30,1,1,0,849857,849857,849857,1,100,0,0,0,0,100,0,0,0,0,
20153,,Stegosoft Games,stegosoft-games,30,2,2,0,849759,424880,424880,0,100,100,50,100,0,0,100,0,0,0,United States
109124,,Acclaim Studios Teesside,acclaim-studios-teesside,30,3,3,0,849347,359526,283116,0,0,67,0,33,0,0,0,0,33,0,
180,,Image Space Incorporated,image-space-incorporated,30,1,1,0,848882,848882,848882,1,0,0,0,0,100,0,0,0,100,100,
47414,,Devcats,devcats,30,10,10,4,848343,65774,84834,13,50,0,93,29,0,0,7,0,0,0,
18979,,Sierra,sierra,30,7,7,0,848225,94047,121175,0,0,14,0,86,14,0,0,0,0,0,
17758,,TapBlaze,tapblaze,30,1,1,0,847391,847391,847391,1,100,0,100,0,100,0,0,0,0,0,
30244,,The Mustard Corporation,the-mustard-corporation,30,1,1,0,847321,847321,847321,0,0,0,100,0,100,100,0,0,0,0,
4893,,Cloak and Dagger Games,cloak-and-dagger-games,30,6,6,0,846869,18694,141145,5,0,0,0,100,0,0,17,0,0,0,
16179,,Steppe Hare Studio,steppe-hare-studio,30,10,10,0,846364,71747,84636,10,90,50,10,70,10,0,10,0,0,0,
16520,,TERNOX,ternox,30,7,7,3,845746,129898,120821,10,100,40,30,60,20,10,20,0,0,0,Ukraine
7589,,Jonas Tyroller,jonas-tyroller,30,1,1,0,845519,845519,845519,1,100,100,0,100,100,0,0,0,0,0,
32316,,Little Jade Productions,little-jade-productions,30,1,1,0,845026,845026,845026,0,0,0,0,100,0,0,0,0,0,0,
43734,,Milkfactory,milkfactory,30,3,3,0,844086,252652,281362,0,0,0,100,100,0,0,0,0,0,0,
25902,,Yunjeong Yun,yunjeong-yun,30,1,1,0,844022,844022,844022,0,0,0,0,0,100,0,0,0,0,0,
26060,,Hyein Go,hyein-go,30,1,1,0,844022,844022,844022,0,0,0,0,0,100,0,0,0,0,0,
27598,,Minsu Ock,minsu-ock,30,1,1,0,844022,844022,844022,0,0,0,0,0,100,0,0,0,0,0,
16673,,Tower Five,tower-five,30,2,2,0,842820,421410,421410,1,50,50,50,0,0,100,0,0,0,0,
10249,,Thibaud Michaud,thibaud-michaud,30,1,1,0,840785,840785,840785,1,100,0,0,0,100,100,0,0,0,0,
504845,,Apex Studio,apex-studio,30,1,1,0,840584,840584,840584,1,100,0,0,0,100,0,0,0,100,0,
5466,,Pinkerton Road Studio,pinkerton-road-studio,30,1,1,0,840281,840281,840281,1,0,0,0,100,0,0,0,0,0,0,United States
18419,,System 3,system-3,30,4,4,0,839707,89786,209927,4,25,0,0,0,100,50,0,0,0,0,
30512,,Sumo Digital Ltd,sumo-digital-ltd,30,2,2,0,839326,419663,419663,0,100,50,50,50,0,0,0,0,50,0,
8056,,Charyb Games,charyb-games,30,3,3,0,838711,278328,279570,3,100,100,67,67,0,67,0,33,0,0,
63683,,Evil Boobs Cult,evil-boobs-cult,30,4,4,2,838654,192699,209664,6,17,83,33,17,67,17,0,0,0,0,
38157,,Piccolo Studio,piccolo-studio,30,1,1,0,837892,837892,837892,0,100,0,0,100,0,0,0,0,0,0,Spain
16932,,Andy Sztark,andy-sztark,30,2,2,0,837732,418866,418866,2,50,0,50,0,100,100,0,0,0,0,
27315,,The Collective,the-collective,30,1,1,0,837552,837552,837552,0,0,100,0,100,0,0,0,0,0,0,United States
1053302,,KIDFansClub,kidfansclub,30,1,1,0,835316,835316,835316,0,0,0,0,100,0,0,0,0,0,0,
46828,,Slid studio,slid-studio,30,1,1,0,834788,834788,834788,1,0,0,0,100,0,0,0,0,0,0,
2024,,Shovsoft,shovsoft,30,1,1,0,834371,834371,834371,1,100,0,0,0,100,0,0,0,0,0,
41841,,hinyari9,hinyari9,30,2,2,0,834139,417070,417070,2,100,100,0,0,0,0,0,0,0,0,
38008,,Studio Amateur,studio-amateur,30,4,4,1,834055,93666,208514,5,100,0,80,0,40,100,0,0,0,0,
18127,,DVloper,dvloper,30,3,3,0,832979,162327,277660,3,100,0,0,100,0,0,0,0,0,0,Sweden
1638767,,BeryMery,berymery,30,2,2,0,832357,832357,416179,0,100,50,0,100,0,0,0,0,0,0,
45516,,Ambertail Games,ambertail-games,30,1,1,0,831984,831984,831984,0,100,0,100,100,100,0,100,0,0,0,
7441,,Onyx Lute,onyx-lute,30,3,3,0,831865,326722,277288,3,100,0,100,0,0,0,0,0,0,0,
112308,,Anuman Interactive / Microids,anuman-interactive-microids,30,1,1,0,831477,831477,831477,1,0,0,0,0,100,0,0,0,0,0,
14298,,HexWar Games,hexwar-games,30,40,40,1,831359,6204,20784,3,0,0,0,0,0,100,0,0,0,0,United Kingdom
12333,,Elliptic Games,elliptic-games,30,1,1,0,830997,830997,830997,1,100,100,0,0,0,0,0,0,0,0,
16556,,Dmytry Lavrov,dmytry-lavrov,30,2,2,0,830475,415238,415238,2,100,100,50,0,50,0,0,0,0,0,
20656,,jorgen games Ltd,jorgen-games-ltd,30,2,2,0,828461,414231,414231,2,100,100,0,0,100,0,0,0,50,50,
13657,,Titans,titans,30,1,1,0,828328,0,828328,1,100,100,0,100,0,0,100,100,0,0,
296395,,Kioop,kioop,30,1,1,0,828281,828281,828281,1,100,100,0,100,0,0,100,0,0,0,
17819,,Gua,gua,30,4,4,0,827336,131342,206834,4,75,100,0,100,0,0,0,0,0,0,
31958,,Entertainment Forge,entertainment-forge,30,5,5,0,827310,9164,165462,0,100,0,20,40,40,40,0,0,0,0,Serbia
88694,,Oliver Josh,oliver-josh,30,1,1,0,827105,827105,827105,0,100,100,0,0,100,0,0,0,0,0,
26103,,VIS - Visual Imagination Software,vis-visual-imagination-software,30,1,1,0,825513,825513,825513,0,0,100,0,0,100,0,0,0,0,0,
1653484,,Balti Calarasi,balti-calarasi,30,21,21,0,825001,1868,39286,0,100,24,76,90,95,14,5,0,43,48,
3160,,Studio Nanafushi,studio-nanafushi,30,3,3,0,824998,1632,274999,3,100,33,67,67,0,0,33,0,0,33,
32114,,Junction Point,junction-point,30,1,1,1,824464,824464,824464,0,0,100,0,100,0,0,0,0,0,0,
14599,,Hollow Ponds,hollow-ponds,30,5,5,0,824292,158634,164858,1,100,0,60,80,20,0,20,0,0,0,United Kingdom
24764,,Uroboros Games,uroboros-games,30,1,1,0,824128,824128,824128,0,100,0,0,100,100,100,100,0,0,0,Russia
51021,,Otterside Games,otterside-games,30,3,3,0,824077,174720,274692,0,33,67,0,100,0,33,33,0,0,0,
20127,,Neko Climax Studios,neko-climax-studios,30,5,5,1,823950,0,164790,6,100,100,100,0,0,0,17,0,0,0,
22329,,encurio,encurio,30,1,1,0,823357,823357,823357,1,100,100,0,0,0,0,100,100,0,0,
21986,,Agharta Studio,agharta-studio,30,1,1,0,823273,823273,823273,1,100,100,0,0,0,0,0,0,0,100,France
29655,,Proteus Studios,proteus-studios,30,1,1,0,822694,822694,822694,0,100,0,0,0,0,0,100,0,0,0,
123390,,PT.farm Inc.,pt-farm-inc,30,1,1,0,822076,0,822076,1,0,0,0,0,0,0,100,0,0,0,
123391,,"Imperium42®, LLC",imperium42-llc,30,1,1,0,822076,0,822076,0,0,0,0,0,0,0,100,0,0,0,
41067,,GameFormatic S.A.,gameformatic-s-a,30,11,11,5,821370,70814,74670,0,38,13,38,6,81,13,0,0,25,13,
185644,,Moonlab Studio,moonlab-studio,30,1,1,1,820685,820685,820685,0,50,0,50,50,50,0,0,0,0,0,
18115,,Kyle Pulver,kyle-pulver,30,1,1,0,820245,820245,820245,1,100,0,0,100,0,0,0,0,0,0,
4798,,2SD,2sd,30,4,4,0,819857,944,204964,2,100,0,100,0,100,0,0,0,0,0,
4771,,FitXR,fitxr,30,1,1,0,818632,818632,818632,1,100,100,100,0,0,0,0,0,0,100,
6989,,Studio Pixel Punk,studio-pixel-punk,30,1,1,1,817020,817020,817020,1,100,100,0,100,0,0,100,0,0,0,Brazil
14851,,Glumberland,glumberland,30,1,1,0,815644,815644,815644,1,100,0,100,100,100,0,100,0,0,0,United States
18799,,ULTRA ULTRA,ultra-ultra,30,1,1,0,814528,814528,814528,1,100,100,0,100,0,0,0,0,0,0,Denmark
4073679,,Reflector Entertainment Ltd.,reflector-entertainment-ltd,30,1,1,0,814288,814288,814288,0,0,100,0,100,0,0,0,0,0,0,
13893,,Battlecruiser Games,battlecruiser-games,30,5,5,2,813860,187101,162772,3,100,0,0,43,0,100,0,0,0,0,
37666,,Libra Heart,libra-heart,30,3,3,0,813677,285644,271226,0,0,100,0,100,0,0,100,0,0,0,
1637297,,Purple Moss Collectors,purple-moss-collectors,30,1,1,0,812850,812850,812850,0,100,0,100,0,0,100,100,0,0,0,New Zealand
40222,,ARTillery,artillery,30,2,2,0,812640,406320,406320,0,100,50,50,50,0,0,50,0,0,0,
29638,,YS Net,ys-net,30,2,2,0,812628,406314,406314,0,50,100,0,100,0,0,0,0,0,0,Japan
18831,,N4bA,n4ba,30,4,4,0,812616,166516,203154,4,100,0,0,75,0,0,0,0,0,0,
23544,,IguanaBee,iguanabee,30,7,7,0,812449,114989,116064,1,57,71,29,43,0,0,0,0,0,43,Chile
26996,,Miel,miel,30,56,56,0,811950,10526,14499,0,0,0,100,2,0,0,0,0,0,0,
13627,,Sólfar Studios,s-lfar-studios,30,2,2,0,811915,405958,405958,2,50,50,0,0,50,0,0,0,0,0,
30354,,George Mandell,george-mandell,30,1,1,1,811841,811841,811841,0,50,100,0,0,0,0,0,0,0,0,
398047,,Hanabi Fuusen,hanabi-fuusen,30,1,1,1,811539,811539,811539,0,100,0,100,100,50,100,100,0,0,0,
7178,,LevenLiu,levenliu,30,1,1,1,811534,811534,811534,1,100,50,0,0,50,50,50,0,0,0,
29949,,Nosebleed Interactive,nosebleed-interactive,30,3,3,0,810741,46064,270247,0,100,33,67,67,33,0,0,0,0,0,United Kingdom
19107,,EightyEightGames,eightyeightgames,30,3,3,0,810405,248865,270135,3,100,67,100,33,33,33,67,0,0,0,United Kingdom
2703673,,Stonext Games,stonext-games,30,1,1,0,809881,809881,809881,1,100,0,0,0,100,0,0,0,0,0,
17812,,Virtual Racing Industries Ltd.,virtual-racing-industries-ltd,30,1,1,0,809851,809851,809851,1,100,100,100,0,100,0,0,0,100,100,
40297,,Skrollcat Studio,skrollcat-studio,30,1,1,0,809688,809688,809688,0,0,100,100,100,0,0,0,0,0,0,
33466,,Calappa Games,calappa-games,30,4,4,0,809088,198751,202272,0,100,100,0,0,0,0,0,0,0,50,
14785,,Raw Lion Workshop,raw-lion-workshop,30,4,4,0,808516,1266,202129,4,100,0,75,75,50,0,0,0,0,0,
7074849,,RANELA GAMES,ranela-games,30,1,1,0,808134,808134,808134,1,100,0,100,0,100,0,0,0,0,0,
10862,,Ballistic Interactive,ballistic-interactive,30,1,1,0,807740,807740,807740,1,100,100,0,100,0,0,100,0,0,0,Australia
22332,,AXC GAMES,axc-games,30,1,1,0,806875,0,806875,1,100,100,0,0,0,0,0,0,0,0,
31568,,Eugene Radaev,eugene-radaev,30,1,1,0,806861,806861,806861,0,100,0,0,0,100,0,0,0,0,0,
31428,,Limbic Entertainment GmbH,limbic-entertainment-gmbh,30,1,1,0,805955,0,805955,0,0,100,0,100,0,0,0,0,0,0,
9904,,Razzart Visual,razzart-visual,30,5,5,3,805919,176440,161184,7,88,0,100,0,13,0,0,0,0,0,United States
31227,,Naelstrof,naelstrof,30,3,3,0,805340,136497,268447,1,100,67,33,33,33,0,33,0,0,0,
25866,,Somi Lee,somi-lee,30,1,1,0,805238,805238,805238,0,0,0,0,0,100,0,0,0,0,0,
23350,,"Pentadimensional Games, SL",pentadimensional-games-sl,30,2,2,0,805121,402561,402561,2,50,100,0,50,0,0,0,0,0,0,Spain
29428,,Chance Agency,chance-agency,30,1,1,0,804015,804015,804015,0,100,0,0,100,0,0,100,0,0,0,United States
5520070,,Ivy Road,ivy-road,30,1,1,0,803843,803843,803843,0,100,0,0,100,100,0,0,0,0,0,
28847,,GUTS Department,guts-department,30,1,1,0,802658,802658,802658,0,100,100,0,100,0,100,100,0,0,0,United States
13101,,Foundry,foundry,30,2,2,0,802188,0,401094,2,0,0,0,0,0,0,0,0,0,0,
27374,,iMel Inc.,imel-inc,30,5,5,0,801672,134111,160334,0,80,0,20,100,0,0,0,0,0,0,
41636,,Oppai Games,oppai-games,30,2,2,0,801307,801307,400654,2,0,0,0,50,50,0,0,0,0,0,
44429,,YellowDuckWorks,yellowduckworks,30,4,4,0,801060,90371,200265,4,100,50,100,50,50,0,100,0,0,0,
31153,,Grasshopper Manufacture,grasshopper-manufacture,30,1,1,0,800550,800550,800550,0,0,100,0,0,0,0,0,0,0,0,Japan
30647,,AKATSUKI-WORKS,akatsuki-works,30,3,3,0,800024,244509,266675,0,0,0,67,100,0,0,0,0,0,0,
12290,,Magic Notion Ltd,magic-notion-ltd,30,2,2,1,798915,399458,399458,3,100,0,100,0,100,0,0,0,0,0,
55296,,BeXide Inc.,bexide-inc,30,6,6,2,798365,116503,133061,5,50,13,88,25,0,13,25,0,0,0,
6160,,Recoil Games,recoil-games,30,1,1,0,798065,0,798065,0,100,100,100,0,0,0,0,0,0,0,Finland
20567,,Firebrand Games,firebrand-games,30,3,3,0,797923,603660,265974,0,33,67,0,0,0,33,0,0,67,33,United Kingdom
16868,,Fading Club,fading-club,30,5,5,0,797918,76127,159584,5,80,40,0,100,20,0,60,0,0,20,
39691,,Barance Studio,barance-studio,30,3,3,0,797180,225115,265727,1,67,0,0,33,100,33,67,0,0,0,
18148,,Cakewalk,cakewalk,30,8,8,0,795730,0,99466,8,0,0,0,0,0,0,0,0,0,0,
31316,,Access Games,access-games,30,1,1,0,795605,795605,795605,0,100,0,100,100,0,0,0,0,0,0,Japan
2116,,Pixeljam,pixeljam,30,10,10,2,795407,68826,79541,12,100,75,0,0,0,0,0,0,25,8,United States
16573,,SquarePlay Games,squareplay-games,30,2,2,1,795364,397682,397682,1,67,67,0,67,100,0,0,0,0,0,
6190,,Kerim Kumbasar,kerim-kumbasar,30,7,7,1,795300,3555,113614,8,100,88,75,100,25,25,0,0,13,13,
27930,,Eric Chahi,eric-chahi,30,1,1,0,795282,795282,795282,0,0,100,0,100,0,0,0,0,0,0,
7327,,SimBin ,simbin,30,3,3,0,795274,342259,265091,3,0,0,0,0,0,0,0,0,100,0,Sweden
4348,,Infinite Dreams,infinite-dreams,30,4,4,0,795044,181394,198761,4,100,75,50,0,0,0,0,0,0,25,Poland
32702,,Mario von Rickenbach,mario-von-rickenbach,30,6,6,0,794094,99428,132349,0,100,0,67,50,0,0,0,0,33,0,
21560,,Pixelsplit,pixelsplit,30,5,5,1,793927,89569,158785,3,100,33,67,50,17,33,0,0,0,0,Germany
10518,,Geography of Robots,geography-of-robots,30,1,1,1,793180,793180,793180,1,50,0,0,100,0,0,0,0,0,0,
1527303,,Noxfall Studios,noxfall-studios,30,2,2,0,791988,395994,395994,2,50,100,100,50,0,50,50,0,0,0,
25025,,scriptwelder,scriptwelder,30,3,3,1,790468,69018,263489,0,100,0,0,100,0,0,0,0,0,0,
35083,,ellraiser,ellraiser,30,2,2,2,790393,395197,395197,0,0,25,75,0,50,25,25,0,0,0,
35085,,TNgineers,tngineers,30,2,2,0,790393,395197,395197,0,0,0,100,0,50,0,0,0,0,0,
38899,,Final Strike Games,final-strike-games,30,1,1,0,789822,0,789822,0,0,100,0,0,0,0,0,0,0,100,
12737,,Gamera Interactive,gamera-interactive,30,7,7,1,788490,8008,112641,6,100,38,50,38,25,25,25,0,0,0,Italy
12942,,Thomas Biskup,thomas-biskup,30,2,2,0,788409,394205,394205,0,100,0,0,50,0,100,100,0,0,0,
25604,,Lucas Dieguez,lucas-dieguez,30,2,2,0,788409,394205,394205,0,100,0,0,50,0,100,100,0,0,0,
29099,,Jochen Terstiege,jochen-terstiege,30,2,2,0,788409,394205,394205,0,100,0,0,50,0,100,100,0,0,0,
29910,,Krzysztof Dycha,krzysztof-dycha,30,2,2,0,788409,394205,394205,0,100,0,0,50,0,100,100,0,0,0,
32754,,10th Art Studio,10th-art-studio,30,2,2,0,788065,394033,394033,0,100,0,0,100,0,0,0,0,0,0,Italy
27767,,Rémi Forcadell,r-mi-forcadell,30,1,1,0,787946,787946,787946,0,100,100,100,100,0,0,0,0,0,0,
27831,,Calum Bowen,calum-bowen,30,1,1,0,787946,787946,787946,0,100,100,100,100,0,0,0,0,0,0,
28947,,Arnaud De Bock,arnaud-de-bock,30,1,1,0,787946,787946,787946,0,100,100,100,100,0,0,0,0,0,0,
5509,,Pixel Gangsta Studio,pixel-gangsta-studio,30,1,1,0,787813,787813,787813,1,100,0,0,0,100,100,100,0,0,0,
26383,,Gryzor87,gryzor87,30,2,2,0,784226,392113,392113,0,100,100,0,50,0,0,0,0,0,0,
30463,,Locomalito,locomalito,30,2,2,0,784226,392113,392113,0,100,100,0,50,0,0,0,0,0,0,Spain
13521,,Retro Affect,retro-affect,30,1,1,0,783906,783906,783906,1,100,0,100,100,0,0,0,0,0,0,
3988428,,Biggus Diccus Games,biggus-diccus-games,30,2,2,1,783471,391736,391736,3,100,100,0,100,100,0,100,0,0,0,
9057,,Numinous Games,numinous-games,30,2,2,0,783015,391508,391508,1,100,0,50,100,0,0,0,0,0,0,United States
24680,,Errol Bucy,errol-bucy,30,2,2,0,782721,782721,391361,0,100,100,0,100,0,0,0,0,0,0,
30887,,George Eracleous,george-eracleous,30,2,2,0,782721,782721,391361,0,100,100,0,100,0,0,0,0,0,0,
612168,,TUTGame,tutgame,30,3,3,2,782541,268472,260847,0,40,0,0,40,20,0,60,0,0,0,
11607,,Missing Digit,missing-digit,30,1,1,0,782010,782010,782010,1,100,0,0,0,100,0,0,0,100,0,
46869,,YUZUSOFTSOUR,yuzusoftsour,30,1,1,0,781934,781934,781934,0,0,0,100,100,0,0,0,0,0,0,
6544,,Prospect Games,prospect-games,30,2,2,1,781888,390944,390944,2,67,100,33,33,0,0,0,0,0,0,United Kingdom
10689,,Factus Games,factus-games,30,3,3,0,781779,182517,260593,3,100,0,0,0,100,100,0,0,0,0,
5318,,Five Studios Interactive,five-studios-interactive,30,1,1,0,781210,781210,781210,1,100,100,0,0,100,0,0,0,100,100,Austria
25144,,Flow Combine,flow-combine,30,1,1,0,780313,780313,780313,0,100,0,0,0,0,100,0,0,0,0,
729,,SC Jogos,sc-jogos,30,18,18,0,779187,22369,43288,18,100,6,89,6,11,39,0,0,56,6,Brazil
43665,,1M Bits Horde,1m-bits-horde,30,1,1,1,779076,779076,779076,0,100,100,50,100,100,50,100,0,0,0,Brazil
25230,,T3 Entertainment,t3-entertainment,30,4,4,0,779057,20910,194764,0,0,75,25,25,0,25,25,25,0,0,
9899,,Megastorm Games,megastorm-games,30,2,2,0,778426,389213,389213,2,100,100,0,0,0,0,0,0,0,0,
1648547,,Naval Warfare Simulations,naval-warfare-simulations,30,1,1,0,778348,778348,778348,0,0,0,0,0,100,100,0,0,0,0,
20010,,Cranky Watermelon,cranky-watermelon,30,1,1,0,776842,776842,776842,1,100,100,100,0,0,0,0,0,0,0,
8120,,Space Bullet Dynamics Corporation,space-bullet-dynamics-corporation,30,2,2,0,776831,388416,388416,2,100,100,0,0,50,50,0,0,0,0,Canada
37790,,Not a Sailor Studios,not-a-sailor-studios,30,1,1,1,776738,776738,776738,2,100,0,50,50,50,0,50,0,0,0,
4041,,Extend Studio,extend-studio,30,3,3,0,776665,80789,258888,1,100,100,0,0,0,33,0,0,0,0,
504695,,奇门互娱,-,30,1,1,0,776535,776535,776535,0,100,0,0,100,0,100,100,0,0,0,
8604,,Katapult,katapult,30,3,3,0,776260,960,258753,1,100,67,33,100,0,0,0,0,0,0,
3057,,Shark Punch,shark-punch,30,1,1,0,775643,775643,775643,1,100,100,0,0,0,100,0,0,0,0,Finland
14103,,Osaris Games,osaris-games,30,5,5,0,775228,136847,155046,3,100,40,0,40,80,60,0,0,0,0,
18471,,Sleepy Duck,sleepy-duck,30,3,3,0,774611,217995,258204,0,100,0,0,100,0,67,100,0,0,0,
24679,,Alan Hazelden,alan-hazelden,30,3,3,0,774163,298994,258054,0,100,0,0,0,0,0,0,0,0,0,United Kingdom
36652,,BenStar,benstar,30,1,1,0,773905,773905,773905,0,100,100,0,100,0,0,100,0,0,0,
38957,,Quadfix Games,quadfix-games,30,3,3,1,773810,223624,257937,4,100,0,75,0,100,0,0,0,0,0,
1747,,Kunpo Games,kunpo-games,30,2,2,0,773124,386562,386562,2,50,0,0,0,0,50,50,0,0,0,
3972678,,Cometsoft Inc.,cometsoft-inc,30,2,2,0,773093,386547,386547,0,50,0,50,0,100,0,0,0,0,0,
26131,,Theresa Duringer,theresa-duringer,30,1,1,0,773008,773008,773008,0,100,100,0,100,0,100,0,0,0,0,
27999,,Pete Andstadt,pete-andstadt,30,1,1,0,773008,773008,773008,0,100,100,0,100,0,100,0,0,0,0,
35676,,DigiTales Interactive,digitales-interactive,30,3,3,0,771231,385616,257077,0,100,0,0,100,0,0,0,0,0,0,
38006,,CodeParade,codeparade,30,2,2,0,770920,385460,385460,2,100,0,50,50,0,0,0,0,0,0,
26409,,Massive Miniteam,massive-miniteam,30,5,5,0,770866,24142,154173,0,60,40,40,60,20,40,0,0,0,0,Germany
2164791,,LeiYun Games,leiyun-games,30,2,2,1,770069,770069,385035,0,67,0,33,33,100,67,100,0,0,0,
31387,,A Sharp,a-sharp,30,3,3,0,769886,166615,256629,0,0,0,0,33,67,100,67,0,0,0,
30534,,Mr. Podunkian,mr-podunkian,30,1,1,1,767487,767487,767487,1,100,50,50,0,50,0,100,0,0,0,
1109408,,黑袍BlackRobe,blackrobe,30,2,2,0,767052,383526,383526,0,100,0,50,50,100,100,50,0,0,0,
5130,,Chris Hecker,chris-hecker,30,1,1,0,766521,766521,766521,1,100,100,0,0,100,100,0,0,0,0,
32100,,John Cimino,john-cimino,30,1,1,0,766521,766521,766521,0,100,100,0,0,100,100,0,0,0,0,
28428,,Darkmatter Games,darkmatter-games,30,2,2,1,766385,383193,383193,2,67,100,0,67,0,67,0,0,0,0,
27473,,KTX Software,ktx-software,30,3,3,0,766320,17532,255440,0,100,67,0,33,0,0,0,0,0,0,
105722,,爱玩工作室,-,30,1,1,0,765184,0,765184,1,0,100,0,100,0,0,100,100,0,0,
32072,,PanicBarn,panicbarn,30,3,3,0,764882,148189,254961,0,0,33,0,100,100,0,100,0,0,33,
4559,,Fast Travel Games,fast-travel-games,30,7,7,0,764814,66372,109259,6,29,57,14,86,0,0,14,0,0,0,Sweden
11940,,ELF,elf,30,4,4,1,764432,63442,191108,2,20,0,40,40,20,40,0,0,0,0,
3577,,DragonSnow,dragonsnow,30,1,1,1,764093,764093,764093,2,100,0,0,100,0,0,100,0,0,0,
49954,,Team Soda,team-soda,30,2,2,1,763809,763809,381905,1,67,100,0,33,0,0,33,0,0,0,
437799,,游戏养家工作室,-,30,5,5,1,763403,241815,152681,1,83,0,100,50,50,100,67,0,0,0,
18950,,Power Up to Maximum,power-up-to-maximum,30,4,4,0,762388,48618,190597,4,100,100,25,75,50,0,50,0,0,0,
16230,,Mad Mimic,mad-mimic,30,6,6,0,762164,77366,127027,4,83,83,67,33,50,50,0,0,0,0,
32623,,Idol FX,idol-fx,30,2,2,0,762159,381080,381080,0,0,100,0,50,0,0,0,0,0,0,Sweden
22410,,Double Stallion,double-stallion,30,3,3,1,761946,66491,253982,3,75,100,0,50,0,0,25,0,0,0,
11453,,Liens,liens,30,3,3,0,761716,84613,253905,3,100,100,0,67,67,0,33,0,0,0,
3522171,,Goblobin,goblobin,30,1,1,0,761521,761521,761521,1,100,0,100,0,100,100,0,0,0,0,
27986,,JellySnow Studio,jellysnow-studio,30,1,1,2,761059,761059,761059,2,100,67,67,67,0,33,33,0,0,0,
34157,,Lychee Game Labs,lychee-game-labs,30,1,1,1,760553,760553,760553,1,50,50,0,50,0,50,0,0,0,0,
31744,,Steel Monkeys,steel-monkeys,30,2,2,0,760511,380256,380256,0,50,100,0,50,0,0,50,0,50,0,
43750,,idoz &amp; phops,idoz-amp-phops,30,1,1,0,759368,759368,759368,0,0,100,0,100,0,0,0,0,0,0,
4533533,,Yellow Brick Games,yellow-brick-games,30,1,1,0,759169,759169,759169,1,0,100,0,100,0,0,0,0,0,0,Canada
170,,18Light Game Ltd.,18light-game-ltd,30,3,3,0,758537,312239,252846,2,100,100,0,67,0,0,33,0,0,0,China
290679,,Quick nail Aristocrat,quick-nail-aristocrat,30,1,1,0,758474,758474,758474,0,100,0,0,100,0,0,100,0,0,0,
5468,,RosePortal Games,roseportal-games,30,5,5,1,756557,53250,151311,1,100,0,50,100,0,33,100,0,0,0,
774221,,Talia bob Mair,talia-bob-mair,30,4,4,1,756450,378225,189113,0,100,80,60,80,20,20,20,0,20,0,
26457,,Giant Monkey Robot,giant-monkey-robot,30,1,1,0,755939,755939,755939,0,100,100,0,0,0,100,0,0,100,0,
24608,,RigidBody,rigidbody,30,3,3,0,755878,240,251959,0,67,33,33,0,67,67,0,0,33,0,
31963,,XYLA Entertainment,xyla-entertainment,30,1,1,0,755359,755359,755359,0,100,100,0,0,0,0,0,0,100,0,
2390,,Little Rock Games,little-rock-games,30,1,1,0,754947,754947,754947,0,100,0,100,0,100,0,0,0,0,0,United States
2436,,TALLBOYS,tallboys,30,1,1,2,754768,0,754768,2,100,100,0,67,0,0,0,33,0,0,
32378,,Black Sea Studios Ltd,black-sea-studios-ltd,30,1,1,0,754593,754593,754593,0,0,0,0,0,0,100,0,0,0,0,
40245,,Frog Vibes,frog-vibes,30,2,2,1,753749,376875,376875,2,67,33,0,33,0,0,67,0,0,0,
50184,,Broken Spear Inc.,broken-spear-inc,30,1,1,0,753461,753461,753461,0,100,0,0,0,0,100,100,0,0,0,Canada
31378,,Eden Games,eden-games,30,4,4,0,753300,133819,188325,1,0,25,0,25,0,0,0,0,75,0,France
7714,,SmileBoom Co.Ltd.,smileboom-co-ltd,30,1,1,0,752615,752615,752615,1,0,0,0,0,0,0,0,0,0,0,
2704029,,Claymore Game Studios,claymore-game-studios,30,1,1,0,752250,752250,752250,0,0,0,0,0,0,100,0,0,0,0,
35159,,Bamtang Games,bamtang-games,30,5,5,0,751219,131573,150244,0,0,40,20,0,0,0,0,0,60,20,Peru
11845,,Skunkape Games,skunkape-games,30,3,3,0,750990,175043,250330,3,100,0,0,100,0,0,0,0,0,0,
7057,,Alternative Software Ltd.,alternative-software-ltd,30,17,17,0,750733,38420,44161,17,18,35,35,6,71,41,0,0,0,76,
24915,,O-TWO inc.,o-two-inc,30,8,8,0,749982,14303,93748,2,75,100,88,13,0,0,0,0,0,0,
26303,,Eidos Studio Hungary,eidos-studio-hungary,20,1,1,0,749866,0,749866,0,0,100,0,0,0,100,0,0,0,0,
50094,,Bellular Studios,bellular-studios,30,1,1,0,749744,749744,749744,0,100,0,0,100,100,100,100,0,0,0,Ireland
29778,,Moonrise Interactive,moonrise-interactive,30,2,2,0,749084,374542,374542,0,0,0,100,100,0,0,0,0,0,0,Poland
46434,,Nicolás Delgado,nicol-s-delgado,30,2,2,0,748840,748840,374420,0,100,100,100,100,0,50,50,0,0,0,
31244,,The Dreamers Guild,the-dreamers-guild,30,2,2,0,748592,374296,374296,0,0,0,50,100,0,0,0,0,0,0,
4174,,Grease Monkey Games,grease-monkey-games,30,2,2,0,748555,95958,374278,2,0,50,0,0,50,0,0,0,100,50,
23737,,PopTop,poptop,30,3,3,0,748065,160808,249355,0,0,0,0,0,0,100,0,0,0,0,
3870112,,4rtisans,4rtisans,30,1,1,0,747899,747899,747899,0,0,0,0,0,0,100,0,0,0,0,
32202,,Flametorch,flametorch,30,1,1,0,746535,746535,746535,0,100,0,0,0,0,100,0,0,0,0,
38275,,Garage Heathen,garage-heathen,30,3,3,2,746142,62642,248714,4,100,0,40,40,40,0,40,0,0,0,
13107,,Pirate Software,pirate-software,30,2,2,1,745978,372989,372989,3,100,100,0,33,0,0,33,0,0,0,
10006,,Kluge Interactive,kluge-interactive,30,1,1,1,745434,745434,745434,2,50,100,50,0,0,0,0,0,0,0,United States
39951,,Beetlewing,beetlewing,30,1,1,1,744647,744647,744647,2,0,0,0,0,0,100,0,0,0,0,
40354,,Visai Games,visai-games,30,1,1,0,744470,744470,744470,1,100,0,100,100,100,0,0,0,0,0,Canada
25982,,X1 Software,x1-software,30,1,1,0,743888,743888,743888,0,0,100,0,0,100,100,0,0,0,0,
30386,,AWAR,awar,30,1,1,0,743888,743888,743888,0,0,100,0,0,100,100,0,0,0,0,
11369,,nWay Inc.,nway-inc,30,1,1,0,743492,743492,743492,1,0,100,0,0,0,0,0,0,0,0,
1197,,Noumenon Games,noumenon-games,30,3,3,0,743123,287783,247708,3,100,0,33,0,0,0,0,0,33,0,Sweden
29006,,"Vicious Cycle Software, Inc.",vicious-cycle-software-inc,30,1,1,0,743071,743071,743071,0,0,100,0,0,0,0,0,0,0,0,
26146,,Dim Bulb Games,dim-bulb-games,30,3,3,0,743049,371525,247683,1,67,0,0,67,33,0,33,0,0,0,United States
2203,,GATO STUDIO,gato-studio,30,4,4,1,742769,185675,185692,5,100,40,0,80,0,20,20,0,0,0,
6547,,BlackTale Games,blacktale-games,30,2,2,0,742369,371185,371185,2,0,100,0,0,100,0,0,0,0,0,
186715,,turbolento games,turbolento-games,30,1,1,3,742146,742146,742146,4,0,0,100,25,75,0,25,0,25,0,
44589,,"Asobism.Co.,Ltd",asobism-co-ltd,30,2,2,2,740813,370407,370407,4,50,25,25,25,100,75,50,0,0,25,
29471,,Whirlpool,whirlpool,30,14,14,0,740344,16320,52882,0,57,29,100,43,21,0,0,0,0,0,
1053191,,tinyBuild Riga,tinybuild-riga,30,2,2,0,740080,370040,370040,0,100,100,0,50,100,0,0,50,50,50,Latvia
55109,,"Systemsoft beta, Inc.",systemsoft-beta-inc,30,9,9,1,739936,0,82215,4,0,10,50,20,30,40,10,0,0,0,
11314,,Angry Mob Games,angry-mob-games,30,3,3,0,739804,301609,246601,3,100,100,67,33,0,0,33,0,0,0,Romania
22041,,DEVGRU-P,devgru-p,30,2,2,0,739216,369608,369608,2,100,0,50,100,50,0,100,0,0,0,
2772232,,Night Signal Entertainment,night-signal-entertainment,30,2,2,2,739054,369527,369527,4,100,0,75,0,75,0,0,0,0,0,United States
8760,,Simon Fredholm,simon-fredholm,30,3,3,0,737907,368954,245969,2,100,33,0,100,0,0,0,0,0,0,
28003,,Great War Team,great-war-team,30,1,1,0,737229,737229,737229,0,0,100,0,0,0,100,0,0,0,0,
28057,,@CarlosGameDev,carlosgamedev,30,3,3,1,737165,52757,245722,2,100,50,25,100,0,25,0,0,0,0,
25720,,Games Distillery s.r.o.,games-distillery-s-r-o,30,1,1,0,736975,736975,736975,0,0,100,0,0,0,100,0,0,0,0,
29594,,Flump Studios,flump-studios,30,5,5,0,736173,92848,147235,0,100,40,0,0,0,0,0,0,0,0,
830170,,JoySpark Games,joyspark-games,30,1,1,1,735445,735445,735445,2,100,0,100,0,100,0,0,0,0,0,
23954,,PERFECT PARALLEL,perfect-parallel,30,1,1,0,735034,735034,735034,0,100,0,0,0,100,100,0,0,0,100,
50582,,axilirate,axilirate,30,4,4,0,734868,733885,183717,2,100,25,75,25,0,75,50,0,0,0,
49362,,Incuvo,incuvo,30,2,2,0,734573,367287,367287,1,50,100,0,100,50,0,0,0,0,0,
9374,,Piece of Cake studios,piece-of-cake-studios,30,3,3,0,734463,367232,244821,3,33,100,0,100,0,0,0,0,0,0,France
31647,,Victor Solodilov,victor-solodilov,30,3,3,0,732272,73689,244091,0,100,33,67,67,0,0,0,0,0,0,
32592,,Denis Novikov,denis-novikov,30,3,3,0,732272,73689,244091,0,100,33,67,67,0,0,0,0,0,0,
1664,,The Quadsphere,the-quadsphere,30,2,2,0,732109,366055,366055,2,100,50,0,0,50,50,50,0,0,0,
28850,,Singlecore,singlecore,30,1,1,0,732049,732049,732049,0,100,100,0,100,0,0,0,0,0,0,
11941,,IKINAGAMES,ikinagames,30,12,12,3,731935,4511,60995,12,53,40,60,40,7,20,20,0,0,0,
1254,,padendon,padendon,30,1,1,0,731563,731563,731563,1,100,100,100,100,0,0,100,0,0,0,
6788,,Fraoula,fraoula,30,1,1,0,730017,730017,730017,1,100,100,0,0,0,0,0,0,0,0,Slovenia
15011,,Nick Kestle,nick-kestle,30,1,1,0,730013,730013,730013,1,100,0,100,0,100,0,0,0,0,0,
25490,,FX Bilodeau,fx-bilodeau,30,1,1,0,729473,729473,729473,0,100,0,0,0,100,0,0,0,0,0,
31511,,Erica Lahaie,erica-lahaie,30,1,1,0,729473,729473,729473,0,100,0,0,0,100,0,0,0,0,0,
32416,,Tanya Short,tanya-short,30,1,1,0,729473,729473,729473,0,100,0,0,0,100,0,0,0,0,0,
32691,,Jongwoo Kim,jongwoo-kim,30,1,1,0,729473,729473,729473,0,100,0,0,0,100,0,0,0,0,0,
27666,,Variable State,variable-state,30,2,2,1,729361,364681,364681,1,67,33,33,67,0,0,0,0,0,0,United Kingdom
31907,,SpaceCan,spacecan,30,1,1,0,728688,728688,728688,0,100,100,100,100,0,0,100,0,0,0,
1642352,,Innervoid Interactive,innervoid-interactive,30,4,4,0,728686,138898,182172,0,0,0,0,0,25,0,75,0,0,0,
2373,,Robot Loves Kitty,robot-loves-kitty,30,3,3,0,727923,363962,242641,2,100,33,33,33,0,0,67,33,0,0,United States
29297,,GAME FREAK inc.,game-freak-inc,30,3,3,0,727889,343644,242630,1,33,67,0,67,0,0,33,0,0,0,
11796,,MicroProse Software,microprose-software,30,7,7,2,727536,53553,103934,9,11,78,22,22,89,67,11,0,0,0,
14846,,Spaceboy Games,spaceboy-games,30,1,1,0,727464,727464,727464,1,100,100,0,0,0,0,0,0,0,100,
101606,,AQUIRIS,aquiris,30,1,1,0,727015,727015,727015,1,100,100,100,0,0,0,0,0,100,100,
1180,,Sole Survivor Games,sole-survivor-games,30,1,1,0,726854,726854,726854,0,100,0,100,0,100,100,0,0,0,0,
12797,,Cristian Manolachi,cristian-manolachi,30,52,52,0,726314,9096,13968,48,100,38,85,73,98,40,0,0,44,56,
4738,,The Binary Mill,the-binary-mill,30,6,6,0,725590,108583,120932,4,67,50,33,17,33,17,0,0,50,17,
3244,,Futuretown,futuretown,30,4,4,0,725278,0,181320,4,50,50,50,0,0,0,0,0,0,50,
24529,,Another Story,another-story,30,1,1,0,725129,725129,725129,0,100,0,0,100,0,0,100,0,0,0,
27135,,Robomodo,robomodo,30,1,1,0,724959,0,724959,0,0,0,0,0,0,0,0,0,0,100,United States
32245,,"NetherRealm Studios, High Voltage",netherrealm-studios-high-voltage,30,1,1,0,724864,0,724864,0,0,100,0,0,0,0,0,0,0,0,
15217,,AlphaSoft LLC,alphasoft-llc,30,1,1,0,724763,0,724763,1,100,100,0,0,0,0,100,100,0,0,
24823,,GrisGris,grisgris,30,2,2,0,723991,361996,361996,0,100,0,0,50,0,0,100,0,0,0,
4568,,Enplex Games LLC,enplex-games-llc,30,1,1,0,723619,0,723619,1,100,100,0,100,0,0,0,0,0,0,
16348,,Anduo Games,anduo-games,30,2,2,1,722870,361435,361435,3,67,0,33,67,0,0,67,0,0,0,
24830,,Digital Melody,digital-melody,30,13,13,0,722278,11761,55560,0,92,77,92,8,8,0,0,0,8,15,
29541,,Blue Giraffe,blue-giraffe,30,5,5,0,721335,83693,144267,0,100,0,100,100,60,20,0,0,0,0,Netherlands
13279,,Sharkbomb Studios,sharkbomb-studios,30,1,1,0,721046,721046,721046,0,100,0,0,0,0,100,100,0,0,0,Germany
19615,,AO2Game,ao2game,30,1,1,0,720705,720705,720705,1,100,0,0,100,0,0,0,0,0,0,
21329,,Andrew Willman,andrew-willman,30,2,2,0,720019,360010,360010,2,100,50,0,50,0,50,50,0,0,0,
23797,,Lizsoft,lizsoft,30,2,2,0,720017,360009,360009,1,100,100,0,0,0,0,100,0,0,0,Japan
1394853,,The Water Museum,the-water-museum,30,2,2,1,719566,359783,359783,2,67,0,33,100,100,33,0,0,0,0,
12863,,Lucky Pause,lucky-pause,30,1,1,0,719439,719439,719439,1,100,0,0,100,0,0,0,0,0,0,
38934,,Cyberframe Studios,cyberframe-studios,30,2,2,0,719414,359707,359707,0,50,0,100,50,50,0,0,0,0,0,
20061,,Unbound Creations,unbound-creations,30,8,8,0,719339,99113,89917,8,100,63,50,100,38,0,13,0,0,0,
21417,,Blind Bird,blind-bird,30,1,1,0,718797,718797,718797,1,100,100,0,100,0,0,0,0,0,0,
24023,,Lucky Mountain Games,lucky-mountain-games,30,1,1,1,718240,718240,718240,1,100,100,0,0,0,0,0,0,50,0,
5520278,,Firewalk Studios,firewalk-studios,30,1,1,0,717899,0,717899,0,0,100,0,0,0,0,0,0,0,0,United States
4263097,,cockydoody,cockydoody,30,1,1,1,717364,717364,717364,0,100,50,0,50,50,0,0,0,0,0,
4313198,,abmarnie,abmarnie,30,1,1,0,717364,717364,717364,0,100,0,0,100,100,0,0,0,0,0,
4313199,,Cameron Ginex,cameron-ginex,30,1,1,0,717364,717364,717364,0,100,0,0,100,100,0,0,0,0,0,
38279,,Lance Games,lance-games,30,4,4,3,716575,154733,179144,6,100,29,86,14,57,14,14,0,0,0,Turkey
25880,,Smoking WOLF,smoking-wolf,30,1,1,0,716377,716377,716377,0,100,0,0,0,0,0,100,0,0,0,
23578,,Michael Frei,michael-frei,30,3,3,0,714900,119661,238300,0,100,0,100,100,0,0,0,0,33,0,
44712,,Fourexo Entertainment,fourexo-entertainment,30,1,1,1,714175,714175,714175,1,50,50,0,0,50,50,0,0,0,0,
5657,,Lil Hentai Games,lil-hentai-games,30,9,9,0,713993,79991,79333,9,22,11,100,0,22,0,100,0,0,0,
52656,,Madison Karrh,madison-karrh,30,3,3,0,713915,356958,237972,3,100,0,67,100,0,0,0,0,0,0,
25613,,Organic 2 Digital Studio,organic-2-digital-studio,30,2,2,0,713606,356803,356803,0,0,0,100,100,0,0,0,0,0,0,
2652229,,à la mode games,la-mode-games,30,1,1,0,713069,713069,713069,0,100,100,0,100,0,0,0,0,0,0,
20393,,Fancy Fish Games,fancy-fish-games,30,8,8,0,712685,41034,89086,8,100,0,0,100,0,13,63,0,0,0,
24650,,Super Mega Team,super-mega-team,30,2,2,0,712290,356145,356145,0,100,100,0,50,0,0,0,0,0,0,
1279837,,Engine Software,engine-software,30,2,2,0,711678,355839,355839,0,0,50,50,50,0,50,0,0,0,0,Netherlands
26208,,FarmerGnome,farmergnome,30,1,1,0,710706,710706,710706,0,100,100,0,0,0,0,0,0,0,0,
29124,,Flying Squirrel Entertainment,flying-squirrel-entertainment,30,1,1,1,710422,710422,710422,2,100,100,0,0,100,50,50,100,0,0,Netherlands
23144,,"GameTomo Co., Ltd.",gametomo-co-ltd,30,2,2,0,710102,355051,355051,2,100,100,0,0,0,0,0,0,0,0,
31196,,GameCrafterTeam,gamecrafterteam,30,2,2,0,710102,355051,355051,0,100,100,0,0,0,0,0,0,0,0,
12074,,PLAYISM,playism,30,1,1,0,709463,709463,709463,0,0,0,0,100,0,0,0,0,0,0,Japan
1438,,GlassesCatGames,glassescatgames,30,1,1,1,709417,709417,709417,2,100,100,0,100,0,0,0,0,0,0,
4251,,Krealit,krealit,30,3,3,0,708033,216670,236011,3,100,67,0,67,0,0,67,0,0,0,
23824,,Estelion,estelion,30,1,1,0,708019,708019,708019,0,100,0,0,100,0,100,0,0,0,0,
3381344,,Gentleman Rat Studios,gentleman-rat-studios,30,1,1,0,707858,707858,707858,0,100,0,0,100,100,0,0,0,0,0,
2115786,,5PM STUDIO,5pm-studio,30,1,1,0,707771,707771,707771,1,100,0,0,0,100,100,0,0,0,0,France
3161148,,tox² interactive GmbH,tox-interactive-gmbh,30,2,2,0,707721,353861,353861,0,0,0,50,0,100,50,0,0,0,0,
9533,,#workshop,workshop,30,3,3,0,707316,261311,235772,0,100,0,100,100,0,0,0,0,0,0,
23880,,Pantumaca Barcelona,pantumaca-barcelona,30,2,2,0,707095,353548,353548,0,100,0,50,100,0,50,0,0,0,0,Spain
22839,,"Laser Guided Games, LLC",laser-guided-games-llc,30,2,2,1,706340,353170,353170,3,33,67,0,33,0,33,33,0,0,0,
7778704,,Mountain and Sea Studio,mountain-and-sea-studio,30,2,2,1,706318,353159,353159,3,67,0,100,67,67,67,100,0,0,0,
3706,,Erik Svedäng,erik-sved-ng,30,3,3,0,705704,35388,235235,0,100,0,0,67,0,33,33,0,0,0,
18209,,Студия 221,221,30,3,3,1,705010,117681,235003,3,50,100,0,100,0,0,50,0,0,0,
29938,,Simon Roth,simon-roth,30,1,1,0,704957,704957,704957,0,100,0,0,0,100,100,0,0,0,0,
31277,,Atum Software,atum-software,30,3,3,0,704890,210454,234963,0,100,33,33,67,0,0,0,0,0,0,
23306,,"I-Novae Studios, LLC",i-novae-studios-llc,30,1,1,0,704810,704810,704810,1,100,100,0,0,100,0,0,100,0,0,
18984,,Wanin International,wanin-international,30,3,3,0,704668,93233,234889,2,0,100,0,100,0,0,67,0,0,0,
9363,,DarkSun Studio,darksun-studio,30,3,3,0,704438,12805,234813,1,100,33,67,33,0,33,0,0,33,0,
39359,,Furlough Games,furlough-games,30,7,7,5,704121,128799,100589,5,100,0,100,50,50,67,25,0,0,0,
27139,,Press Play,press-play,30,3,3,0,703140,326223,234380,0,33,33,33,33,0,0,0,0,0,0,Denmark
6940403,,KARMAGAME HK LIMITED,karmagame-hk-limited,30,3,3,1,702602,232067,234201,0,50,0,25,100,100,25,75,0,0,0,
15775,,sebagamesdev,sebagamesdev,30,1,1,0,702461,702461,702461,1,100,100,0,0,0,0,0,0,0,0,
7224,,Pirozhok Studio,pirozhok-studio,30,2,2,0,701681,350841,350841,1,100,0,0,50,100,50,50,0,0,0,
2830,,ArcaneRaise,arcaneraise,30,1,1,0,701541,701541,701541,0,100,0,100,100,0,100,100,0,0,0,
25857,,Adventure Planning Service,adventure-planning-service,30,2,2,0,701253,131520,350627,0,100,100,0,0,0,0,0,0,0,0,
28687,,YOTSUBANE,yotsubane,30,2,2,0,701253,131520,350627,0,100,100,0,0,0,0,0,0,0,0,
22321,,Axis Game Factory LLC,axis-game-factory-llc,30,1,1,0,700765,700765,700765,1,0,0,0,0,0,0,0,0,0,0,
12327,,Human Head Studios,human-head-studios,30,4,4,0,700608,350304,175152,1,25,100,0,25,0,0,25,25,0,0,United States
18493,,A Jolly Corpse,a-jolly-corpse,30,2,2,0,700395,350198,350198,1,100,50,0,100,0,0,0,0,0,0,Japan
1563131,,Rubeki Games,rubeki-games,30,2,2,1,699319,349660,349660,3,100,67,0,100,0,0,0,0,0,0,
50244,,World 2 Studio,world-2-studio,30,1,1,0,699295,699295,699295,1,0,0,0,100,100,0,100,0,0,0,
6136,,Lovely Games,lovely-games,30,37,37,6,699205,13904,18897,38,44,7,100,5,23,19,23,0,0,0,
10040,,Zeno Rogue,zeno-rogue,30,3,3,1,698121,71812,232707,3,75,25,0,25,0,50,50,0,25,0,
7954,,Dreadbit,dreadbit,30,2,2,0,697770,348885,348885,1,50,50,0,0,0,50,50,0,0,0,
48715,,ln404,ln404,30,3,3,1,697534,39288,232511,2,100,50,0,75,0,0,0,0,0,0,
4494,,Glass Bottom Games,glass-bottom-games,30,4,4,0,697151,181342,174288,4,100,75,25,25,25,0,25,0,50,25,United States
32474,,Haggard Games,haggard-games,30,3,3,0,697102,210361,232367,0,0,100,0,67,0,0,0,0,0,0,Russia
24402,,Falling Star Games,falling-star-games,30,1,1,0,696871,696871,696871,0,100,0,100,100,0,0,0,0,0,0,
10082,,NeuronHaze,neuronhaze,30,1,1,0,696615,0,696615,1,100,100,0,0,0,0,100,100,0,0,
8209,,Blue Wizard Digital,blue-wizard-digital,30,6,6,0,696600,15819,116100,6,100,33,67,17,17,67,17,0,0,0,Canada
7506020,,HammerFire Interactive,hammerfire-interactive,30,1,1,0,695691,695691,695691,0,0,100,0,0,100,0,0,0,0,0,
16515,,2DArray,2darray,30,2,2,0,695563,347782,347782,1,100,50,0,50,0,50,0,0,50,0,
42421,,Mantaliss,mantaliss,30,1,1,0,695333,695333,695333,1,0,100,0,0,0,0,0,0,0,0,
16331,,Pilgway,pilgway,30,1,1,0,695325,0,695325,1,0,0,0,0,0,0,0,0,0,0,
151341,,PUMPKIM,pumpkim,30,7,7,1,694973,23891,99282,7,75,38,13,88,38,0,0,0,13,0,
10773,,FJRD Interactive,fjrd-interactive,30,1,1,0,694664,694664,694664,1,100,0,0,100,100,0,0,0,0,0,Sweden
3898584,,白雨工作室,-,30,2,2,0,693341,693341,346671,2,100,0,50,0,100,100,100,0,0,0,
25329,,Tomas Sala,tomas-sala,30,2,2,0,692179,346090,346090,0,100,50,50,50,100,50,50,0,0,0,Netherlands
13645,,Pyromancers.com,pyromancers-com,30,1,1,0,691897,691897,691897,1,0,0,0,0,0,0,0,0,0,0,
13530,,bumblebee,bumblebee,30,9,9,0,691525,49972,76836,1,67,0,67,11,56,44,11,0,0,22,
43861,,Jeminie Interactive,jeminie-interactive,30,1,1,0,691387,691387,691387,1,100,0,0,0,100,0,0,0,0,0,
16857,,Pantera Entertainment,pantera-entertainment,30,2,2,0,690812,345406,345406,2,100,0,50,0,100,0,0,0,0,0,
38499,,Manekoware,manekoware,30,3,3,0,690679,80802,230226,2,100,67,67,33,100,0,0,0,0,0,United States
3589283,,NWO Wars Team,nwo-wars-team,30,1,1,0,690141,690141,690141,1,100,100,0,0,0,0,0,0,0,0,
138575,,侠客工作室,-,30,1,1,0,690021,690021,690021,1,0,0,100,0,0,100,100,0,0,0,
40478,,NIPPON CULTURAL BROADCASTING EXTEND INC.,nippon-cultural-broadcasting-extend-inc,30,1,1,1,689851,689851,689851,0,0,0,50,50,50,0,0,0,0,0,
23994,,Lantern Studio,lantern-studio,30,2,2,0,689726,344863,344863,1,100,50,100,50,0,0,0,0,0,0,China
24479,,Dynamic Media Triad,dynamic-media-triad,30,2,2,0,689444,344722,344722,0,100,50,0,100,0,0,0,0,0,0,
42939,,Brave Lamb Studio S.A.,brave-lamb-studio-s-a,30,1,1,1,689403,689403,689403,0,0,50,0,0,0,50,0,0,0,0,
32821,,Animation Arts,animation-arts,30,7,7,0,689266,88294,98467,2,29,0,14,100,0,0,0,0,0,0,Germany
31326,,Cherrymochi,cherrymochi,30,1,1,1,688699,688699,688699,0,0,0,0,50,0,0,50,0,0,0,
39896,,Studio Koba,studio-koba,30,1,1,1,688343,688343,688343,1,50,50,0,50,0,0,0,0,0,0,
48857,,Notovia,notovia,30,9,9,0,688258,77716,76473,9,100,0,0,22,11,11,0,0,0,0,
10918,,Die Gute Fabrik,die-gute-fabrik,30,3,3,0,687943,324230,229314,2,100,0,0,67,0,0,0,0,0,33,Denmark
45097,,BlackLight,blacklight,30,2,2,1,687830,687830,343915,2,100,33,67,33,0,33,0,0,0,0,
19003,,Redwood,redwood,30,1,1,0,687792,687792,687792,1,100,0,0,0,100,100,0,0,0,0,
10785,,ARTE France,arte-france,30,11,11,1,686918,28034,62447,9,100,17,58,75,17,8,0,0,0,0,France
51908,,Gentle Giant,gentle-giant,30,1,1,0,686281,686281,686281,1,100,100,0,0,0,0,0,0,0,0,
8352,,Ironsun Studios,ironsun-studios,30,3,3,0,686279,14235,228760,1,33,100,67,0,0,0,33,0,0,0,
720300,,Humble Mill,humble-mill,30,1,1,0,686105,686105,686105,0,100,100,0,100,0,0,100,0,0,0,
1706,,Douze Dixièmes,douze-dixi-mes,30,1,1,1,685634,685634,685634,0,100,0,0,50,0,0,0,0,0,0,
61614,,Beethoven and Dinosaur,beethoven-and-dinosaur,30,1,1,1,685461,685461,685461,0,100,50,0,100,0,0,0,0,0,0,
12218,,Tiger Style,tiger-style,30,2,2,0,685387,342694,342694,2,100,100,0,100,0,0,0,0,0,0,United States
243439,,Spoonful Of Wonder,spoonful-of-wonder,30,1,1,0,684779,684779,684779,1,100,0,0,100,0,0,0,0,0,0,Australia
5679,,Preapp Partners,preapp-partners,30,3,3,0,684102,73043,228034,1,0,0,0,33,33,100,67,0,0,0,Japan
5144384,,Bolingogames,bolingogames,30,1,1,0,683778,683778,683778,1,100,0,0,100,100,100,100,0,0,0,
33279,,IntoXicate Studios,intoxicate-studios,30,3,3,0,683424,0,227808,0,67,100,0,100,0,0,0,0,0,0,
26472,,HeX,hex,30,3,3,0,682497,341249,227499,1,100,67,33,33,67,0,0,0,0,0,
3588263,,Alawar Casual,alawar-casual,30,27,27,1,682187,4241,25266,28,64,0,100,86,7,50,0,0,0,0,
10755,,Halfbus,halfbus,30,1,1,0,682161,682161,682161,1,100,0,0,0,100,100,0,0,0,0,Belarus
24387,,Rail Slave Games,rail-slave-games,30,8,8,0,681690,21429,85211,0,100,50,38,75,25,25,38,13,0,0,
9926,,Carlsen Games,carlsen-games,30,2,2,0,681120,340560,340560,1,100,100,0,0,0,0,0,0,0,0,
2602,,Graybeard Games,graybeard-games,30,1,1,0,680768,680768,680768,0,100,100,0,0,0,0,100,0,0,0,United States
19641,,Nepos Games,nepos-games,30,1,1,1,680549,680549,680549,2,50,0,0,0,100,100,0,0,0,0,
2756,,Limasse Five,limasse-five,30,2,2,0,680515,19654,340258,2,100,0,0,100,0,0,0,0,0,0,France
33300,,Bullets,bullets,30,4,4,0,679888,159965,169972,0,0,25,0,0,0,0,75,0,0,0,
6144,,Rsupport Inc.,rsupport-inc,30,3,3,0,679643,93875,226548,3,0,0,0,0,0,0,0,0,0,0,
54818,,Headware Games,headware-games,30,3,3,0,679439,152101,226480,1,100,0,0,100,0,0,0,0,0,0,
4692732,,一品阁,-,30,2,2,0,679431,679431,339716,0,50,100,0,100,100,0,0,0,0,0,
6227251,,Londer Software,londer-software,30,1,1,0,679032,679032,679032,1,100,100,0,100,0,0,0,0,0,0,Turkey
4496,,SmallBü,smallb,30,1,1,0,678088,678088,678088,1,100,0,0,0,0,0,0,0,0,0,
770891,,Starlike Inc.,starlike-inc,30,1,1,1,677917,677917,677917,0,50,100,100,0,0,0,0,0,0,0,
23671,,Alligator Pit,alligator-pit,30,1,1,0,677591,677591,677591,0,100,100,0,0,0,0,0,0,0,0,
4442,,Nordic Trolls,nordic-trolls,30,1,1,1,676885,676885,676885,1,50,50,0,100,0,0,50,0,0,0,
11995,,Loading Home,loading-home,30,2,2,0,676461,338231,338231,2,100,0,0,50,50,0,0,50,0,0,Spain
16767,,Crescent Moon Games,crescent-moon-games,30,4,4,2,676396,101343,169099,5,100,67,17,83,0,0,17,0,0,0,United States
49415,,Abylight Barcelona,abylight-barcelona,30,3,3,1,675671,337836,225224,0,75,0,0,0,75,100,0,0,0,0,
29750,,Allicorn Games,allicorn-games,30,1,1,0,674282,674282,674282,0,100,100,0,0,0,0,0,0,0,0,
28951,,Cabbage Soft,cabbage-soft,30,3,3,0,673652,163314,224551,0,33,0,33,67,0,0,0,0,0,0,Japan
7207,,Carlos Coronado,carlos-coronado,30,4,4,0,673201,114663,168300,3,100,50,25,100,25,0,0,0,0,0,
50761,,"Xobermon, LLC",xobermon-llc,30,1,1,0,673000,673000,673000,1,100,100,0,0,100,100,100,0,0,0,
37205,,MP2 Games,mp2-games,30,2,2,0,672144,336072,336072,0,100,100,0,0,0,0,0,0,0,0,Denmark
31901,,UndeadScout,undeadscout,30,1,1,0,672124,672124,672124,0,100,100,0,100,0,0,0,0,0,0,Poland
184256,,Robot Teddy,robot-teddy,30,2,2,0,671734,335867,335867,0,0,50,100,50,0,0,0,0,0,0,
1641516,,Evening Star,evening-star,30,1,1,0,670107,670107,670107,0,100,0,0,100,0,0,0,0,0,0,United States
28382,,Lab42,lab42,30,2,2,0,669050,334525,334525,0,50,50,0,50,50,0,0,0,0,50,
27019,,Tobias Sjögren,tobias-sj-gren,30,1,1,0,668800,668800,668800,0,100,0,0,100,0,0,100,0,0,0,
27077,,El Huervo / Niklas Åkerblad,el-huervo-niklas-kerblad,30,1,1,0,668800,668800,668800,0,100,0,0,100,0,0,100,0,0,0,
30326,,Johannes Gotlén,johannes-gotl-n,30,1,1,0,668800,668800,668800,0,100,0,0,100,0,0,100,0,0,0,
33521,,Oscar &quot;Ratvader&quot; Rydelius,oscar-quot-ratvader-quot-rydelius,30,1,1,0,668800,668800,668800,0,100,0,0,100,0,0,100,0,0,0,
6808,,Subatomic Studios LLC,subatomic-studios-llc,30,2,2,0,668764,334382,334382,2,50,50,100,0,0,100,0,0,0,0,
30645,,Blackpixel Studio,blackpixel-studio,30,2,2,0,668764,334382,334382,0,100,50,50,100,50,0,50,0,0,0,
8850,,Invictus Games Ltd.,invictus-games-ltd,30,9,9,0,668752,14858,74306,5,44,44,22,0,33,0,0,11,44,11,
15549,,Origin8 Technologies Ltd,origin8-technologies-ltd,30,2,2,0,668626,334313,334313,1,50,0,0,0,50,100,0,0,0,0,
36907,,Jo-Mei Games,jo-mei-games,30,1,1,0,668380,668380,668380,0,0,0,0,100,0,0,0,0,0,0,Germany
8580,,Rad Codex,rad-codex,30,5,5,0,668285,45434,133657,5,100,20,0,60,0,80,80,0,0,0,
45004,,Olydri Games,olydri-games,30,1,1,0,668192,668192,668192,0,100,0,0,100,0,0,100,0,0,0,United Kingdom
11212,,BlueGiant Interactive,bluegiant-interactive,30,2,2,0,668133,334067,334067,2,100,100,0,0,0,100,0,0,0,0,India
37206,,TwistedScarlett60,twistedscarlett60,30,5,5,0,667797,77926,133559,5,100,0,60,0,40,0,60,0,0,0,
7768,,Matthew VanDevander,matthew-vandevander,30,1,1,0,667789,667789,667789,1,100,0,0,100,0,0,0,0,0,0,
9755,,Frogames,frogames,30,5,5,0,667630,8111,133526,4,80,20,60,0,0,20,40,0,20,0,France
17903,,Dark Energy Digital Ltd.,dark-energy-digital-ltd,30,1,1,0,667102,667102,667102,1,100,100,0,100,0,100,0,0,0,0,
25918,,Skyshine Games,skyshine-games,30,1,1,0,667000,0,667000,0,100,100,0,0,0,100,0,0,0,0,United States
8588634,,Drive Beyond Horizons,drive-beyond-horizons,30,1,1,0,666908,666908,666908,0,100,100,100,100,100,0,0,0,100,0,
23337,,Flatcoon,flatcoon,30,3,3,0,666739,321055,222246,2,67,67,0,100,33,67,33,0,0,0,
13196,,ARIKA,arika,30,2,2,0,666395,333198,333198,2,0,100,50,0,0,0,0,0,0,0,Japan
5557,,Milky Tea Studios,milky-tea-studios,30,3,3,0,666264,87499,222088,2,67,100,100,33,0,33,0,0,33,33,United Kingdom
30388,,oneoreight,oneoreight,30,2,2,1,666261,333131,333131,1,100,67,0,0,33,33,33,0,0,0,Japan
39237,,Team EARTHWARS,team-earthwars,30,2,2,0,666261,333131,333131,0,100,100,0,0,0,0,50,0,0,0,
7631,,Scarecrow Studio,scarecrow-studio,30,2,2,0,666227,333114,333114,1,100,50,50,50,0,0,50,0,0,0,Spain
1653209,,Adolf Games,adolf-games,30,5,5,0,665668,32609,133134,5,60,80,40,80,40,0,0,0,0,0,
27554,,Torched Hill,torched-hill,30,2,2,0,664879,332440,332440,0,100,100,0,50,0,0,0,0,50,0,
13224,,TrisPix Studio,trispix-studio,30,1,1,0,664801,664801,664801,1,100,100,0,0,0,0,0,0,0,0,
25631,,Pastagames,pastagames,30,4,4,0,664063,244724,166016,0,50,100,25,0,0,0,0,50,0,0,France
24205,,Kilted Camel,kilted-camel,30,2,2,0,664006,332003,332003,0,100,0,0,0,0,100,0,0,0,0,
32951,,Davigo Studio,davigo-studio,30,1,1,0,663728,663728,663728,1,100,100,0,0,0,0,0,0,0,0,
38654,,Gasket Games,gasket-games,30,1,1,0,663718,663718,663718,0,0,0,0,0,0,100,0,0,0,0,
10965,,H5DEV Games,h5dev-games,30,2,2,0,661536,330768,330768,1,100,0,0,100,50,0,50,0,0,0,
36267,,Z Studio,z-studio,30,1,1,0,661518,661518,661518,0,100,0,0,100,0,100,100,0,0,0,
1699987,,『風林火山』工作室,-,30,1,1,0,661503,0,661503,0,100,100,0,100,0,0,0,100,0,0,
50040,,Wanba Studio,wanba-studio,30,2,2,0,660966,330483,330483,1,100,100,50,0,0,0,0,0,0,0,
37979,,Emberfish Games,emberfish-games,30,1,1,0,660651,660651,660651,1,100,0,0,0,0,100,0,0,0,0,
5926,,Twisted Pixel Games,twisted-pixel-games,30,3,3,0,660620,210193,220207,1,67,100,33,33,0,0,0,0,33,0,
9915,,Flat Earth Games,flat-earth-games,30,3,3,0,660478,266007,220159,2,100,33,0,33,67,67,33,0,0,0,Australia
6447,,Raptor Claw Games,raptor-claw-games,30,8,8,1,660087,50002,82511,8,100,0,33,0,100,67,22,0,0,11,Sweden
12783,,MiniBoss,miniboss,30,1,1,0,659815,659815,659815,0,100,100,0,100,0,0,0,0,0,0,
20779,,Red Redemption,red-redemption,30,1,1,0,659269,659269,659269,0,100,0,100,0,100,100,0,0,0,0,
44828,,岛叶游戏,-,30,2,2,0,659168,329584,329584,1,100,50,0,100,0,0,50,0,0,0,
20457,,Sparkypants Studios LLC,sparkypants-studios-llc,30,2,2,0,658736,0,329368,1,0,50,0,0,0,50,0,0,0,0,United States
2293,,Stately Snail,stately-snail,30,7,7,0,657820,34886,93974,7,100,57,14,71,0,0,14,0,0,0,Russia
31816,,Bibiki,bibiki,30,8,8,0,656876,5219,82110,0,100,88,38,63,0,13,13,0,0,0,
7250,,Neko Entertainment,neko-entertainment,30,2,2,0,656691,328346,328346,2,100,50,50,50,50,0,0,0,0,0,France
3659,,VARSAV Game Studios,varsav-game-studios,30,2,2,3,655553,327777,327777,3,40,40,60,80,40,0,20,0,0,0,Poland
10536,,Vivid Games S.A.,vivid-games-s-a,30,2,2,0,655508,327754,327754,2,0,50,0,0,0,0,0,0,0,50,
30625,,Dani Navarro,dani-navarro,30,1,1,0,654338,654338,654338,0,100,0,0,100,0,100,0,0,0,0,
30950,,Luka Nieto,luka-nieto,30,1,1,0,654338,654338,654338,0,100,0,0,100,0,100,0,0,0,0,
24447,,"IGGYMOB Co.,Ltd",iggymob-co-ltd,30,3,3,0,654048,7076,218016,0,0,100,0,33,33,33,0,0,0,0,
15789,,ebi-hime,ebi-hime,30,41,41,9,653588,8975,15941,47,86,0,64,14,18,0,4,0,0,0,
23848,,PolyAmorous,polyamorous,30,1,1,0,653549,653549,653549,0,100,0,0,100,0,0,0,0,0,0,Poland
1150,,Nitro Games ,nitro-games,30,4,4,1,653490,74608,163373,4,0,20,40,20,0,60,0,0,0,0,Finland
10617,,Poppermost Productions,poppermost-productions,30,1,1,0,652992,0,652992,0,100,0,100,0,100,0,0,0,0,100,Sweden
25268,,WastedStudios,wastedstudios,30,1,1,0,652992,0,652992,0,100,0,100,0,100,0,0,0,0,100,
32148,,shinachiku-castella,shinachiku-castella,30,3,3,0,652853,117239,217618,0,100,0,33,33,0,0,100,0,0,0,
30927,,DESTINYbit,destinybit,30,2,2,1,652812,411409,326406,1,33,0,0,0,0,100,33,0,0,0,Italy
9282,,Obscurasoft,obscurasoft,30,1,1,0,652720,652720,652720,1,100,0,100,0,100,0,0,0,0,0,
375,,Escalation Studios,escalation-studios,30,1,1,0,652695,652695,652695,0,100,0,100,100,0,0,0,0,0,0,United States
749,,Copybugpaste,copybugpaste,30,2,2,0,651989,325995,325995,2,100,100,0,100,50,0,0,0,50,50,
8070542,,Aftabi Games,aftabi-games,30,1,1,1,651974,651974,651974,1,100,0,100,0,100,0,50,0,0,0,
32247,,SnowFlame,snowflame,30,4,4,0,651882,74643,162971,0,100,50,100,0,0,0,0,0,0,0,
228112,,survivance,survivance,30,1,1,0,651800,0,651800,0,0,100,100,100,0,100,100,100,100,100,
12940,,"24Frame,inc.",24frame-inc,30,6,6,0,651577,162035,108596,5,83,50,33,17,0,0,50,0,0,0,
27546,,Palindrome Interactive,palindrome-interactive,30,2,2,0,651458,325729,325729,1,50,50,0,50,0,100,100,0,0,0,Sweden
3135931,,Weappy Wholesome,weappy-wholesome,30,1,1,0,651094,651094,651094,0,0,0,0,0,100,100,0,0,0,0,
44710,,Alchemist Interactive,alchemist-interactive,30,5,5,0,650595,134996,130119,0,100,60,100,80,60,0,60,0,0,0,
26936,,Metamorphosis Games,metamorphosis-games,30,1,1,0,650495,650495,650495,0,100,100,0,100,0,0,100,0,0,0,United States
24466,,Maccima Games,maccima-games,30,1,1,2,650228,650228,650228,1,67,67,67,0,33,33,0,0,0,0,
19451,,Sad Panda Studios,sad-panda-studios,30,3,3,1,650014,650014,216671,4,100,0,50,25,75,50,0,0,0,0,
121474,,Quantum Phoenix Bucharest,quantum-phoenix-bucharest,30,1,1,0,649028,649028,649028,1,100,100,0,100,0,0,0,0,0,0,
4595,,Borealys Games,borealys-games,30,1,1,1,648128,648128,648128,2,50,100,0,100,0,0,50,0,0,0,
28104,,Megadev,megadev,30,1,1,0,647867,647867,647867,0,100,100,0,0,0,0,0,0,0,0,
47337,,Monkey-With-a-Bomb,monkey-with-a-bomb,30,2,2,0,647699,377211,323850,2,0,100,0,100,0,0,0,0,0,0,
22288,,Arrowiz,arrowiz,30,4,4,0,647170,76643,161793,1,75,25,50,25,0,0,50,0,0,25,
7965,,Corroding Games,corroding-games,30,1,1,0,647089,647089,647089,1,100,0,0,0,0,100,0,0,0,0,
2531,,Zoink Games,zoink-games,30,4,4,0,646807,266586,161702,3,75,75,0,75,0,0,0,0,0,0,Sweden
21328,,Gun Media,gun-media,20,1,1,0,646554,646554,646554,0,100,100,0,0,0,100,100,0,0,0,
13641,,DMM GAMES,dmm-games,30,2,2,0,646132,323066,323066,1,0,0,0,50,100,50,0,0,0,0,Japan
34271,,hako life,hako-life,30,1,1,1,645491,645491,645491,0,50,50,0,100,0,0,0,0,0,0,
34272,,hako 生活,hako,30,1,1,1,645491,645491,645491,0,50,50,0,100,0,0,0,0,0,0,
1372,,Oracle and Bone,oracle-and-bone,30,1,1,0,645485,645485,645485,1,100,0,100,0,0,0,0,0,0,0,
22166,,东方幕华祭制作组,-,30,1,1,1,645103,645103,645103,2,100,0,0,0,0,0,0,0,0,0,
8198564,,念念而忘(Indelible Studio),indelible-studio,30,1,1,0,644551,644551,644551,1,0,0,100,0,100,0,0,0,0,0,
47340,,Rebel Act Studios,rebel-act-studios,30,1,1,0,644085,644085,644085,0,0,100,0,0,0,0,100,0,0,0,Spain
47341,,Fire Falcom,fire-falcom,30,1,1,0,644085,644085,644085,0,0,100,0,0,0,0,100,0,0,0,
16185,,ioneo,ioneo,30,1,1,0,643235,643235,643235,1,100,0,100,0,100,100,100,0,0,0,
26507,,Franek,franek,30,2,2,0,642564,321282,321282,0,100,100,0,0,0,50,0,0,0,0,
14150,,Storm in a Teacup,storm-in-a-teacup,30,4,4,1,642336,87207,160584,2,100,20,0,80,0,0,0,0,0,0,Italy
19271,,Verlumino Studios LLC,verlumino-studios-llc,30,1,1,0,642044,642044,642044,1,100,0,0,0,100,100,0,0,0,0,
25567,,Ardi Studio,ardi-studio,30,3,3,0,641878,0,213959,0,100,67,100,67,33,0,0,0,0,0,
15923,,Eric Thullen,eric-thullen,30,1,1,0,641270,641270,641270,1,100,100,0,100,0,0,100,0,0,0,
31321,,No Strike,no-strike,30,4,4,0,641180,93607,160295,0,50,0,100,75,0,0,0,0,0,0,
39298,,不秋草游戏工作室(Bamboo Games),bamboo-games,30,1,1,0,641069,641069,641069,0,100,0,0,0,0,100,100,0,0,0,
24261,,"Idea Factory, Compile Heart",idea-factory-compile-heart,30,1,1,0,640927,640927,640927,0,0,100,0,100,0,0,100,0,0,0,
8781,,Finite Reflection Studios,finite-reflection-studios,30,6,6,0,640737,12538,106790,4,100,67,17,83,17,17,50,0,0,0,
40932,,Grizzly Gamer,grizzly-gamer,30,1,1,1,640180,640180,640180,2,50,0,100,0,0,0,50,0,0,0,
24782,,Tiger and Squid,tiger-and-squid,30,1,1,0,639898,0,639898,0,100,0,0,100,0,0,0,0,0,0,Netherlands
2463,,INDIECN,indiecn,30,2,2,0,639666,319833,319833,2,100,0,50,100,50,0,100,0,0,0,
30267,,Zima Software,zima-software,30,6,6,1,639243,40530,106541,6,86,0,57,100,0,0,14,0,0,0,Czech Republic
1664190,,"Metalcat Interactive Co.,Ltd",metalcat-interactive-co-ltd,30,1,1,0,638860,638860,638860,1,100,100,0,100,100,0,100,0,0,0,
227240,,Kupaa Games,kupaa-games,30,1,1,0,638712,638712,638712,0,0,0,100,0,100,0,0,0,0,0,
33012,,McLeodGaming,mcleodgaming,30,3,3,0,638434,319217,212811,3,100,100,0,33,0,67,0,0,0,0,
5802,,Workroom7,workroom7,30,12,12,0,638373,1692,53198,0,8,0,100,0,75,100,0,0,0,0,
47149,,Odencat,odencat,30,4,4,1,637781,135478,159445,5,100,0,60,100,0,0,60,0,0,20,Japan
9142,,Degica,degica,30,4,4,0,637305,601597,159326,4,0,25,0,0,25,0,25,0,0,0,Japan
19851,,Radiangames,radiangames,30,4,4,3,636759,10320,159190,5,29,86,14,29,14,14,14,0,14,0,
42039,,Silent Bear Studio,silent-bear-studio,30,1,1,0,636386,636386,636386,0,0,0,0,0,100,0,0,0,0,100,
292229,,Shining Games,shining-games,30,1,1,0,636386,636386,636386,0,0,0,0,0,100,0,0,0,0,100,
15566,,Drift Physics Crew,drift-physics-crew,30,2,2,0,636139,318070,318070,2,0,0,0,0,100,0,0,0,100,100,
31159,,NEKO WORK H,neko-work-h,30,1,1,0,636100,636100,636100,0,100,0,100,0,0,0,0,0,0,0,Japan
39486,,Team Fray,team-fray,30,1,1,0,635769,635769,635769,0,100,100,0,100,0,0,0,0,0,0,
24063,,Marc Cuva,marc-cuva,30,1,1,0,635431,635431,635431,0,100,0,100,100,0,0,0,0,0,0,
26354,,Jon Tiburzi,jon-tiburzi,30,1,1,0,635431,635431,635431,0,100,0,100,100,0,0,0,0,0,0,
30784,,Philip Gibbons,philip-gibbons,30,1,1,0,635431,635431,635431,0,100,0,100,100,0,0,0,0,0,0,
33462,,Bevibel Harvey,bevibel-harvey,30,1,1,0,635431,635431,635431,0,100,0,100,100,0,0,0,0,0,0,
5641,,Full Control,full-control,30,1,1,0,635289,635289,635289,1,100,0,0,0,0,100,100,0,0,0,Denmark
1396318,,POLYMORPH,polymorph,30,1,1,0,635049,635049,635049,0,100,0,0,100,0,0,100,0,0,0,North Korea
38653,,Sernur.tech,sernur-tech,30,1,1,1,634858,634858,634858,0,50,50,50,0,50,50,100,0,0,0,
23704,,Serious Brew,serious-brew,30,1,1,0,634714,634714,634714,0,100,100,100,100,0,0,0,0,0,0,Netherlands
184541,,Melbot Studios,melbot-studios,30,2,2,0,633901,316951,316951,0,0,50,0,100,0,0,0,0,0,0,
27293,,Slow Bros,slow-bros,30,1,1,0,633872,633872,633872,0,100,0,100,100,0,0,0,0,0,0,
7774,,peakvox,peakvox,30,6,6,0,633394,6303,105566,0,100,100,100,0,0,0,0,0,0,0,
24632,,comcept Inc.,comcept-inc,30,1,1,0,633307,633307,633307,0,0,100,0,100,0,0,0,0,0,0,
7187,,Overflow,overflow,30,8,8,1,633208,81453,79151,6,78,78,0,56,11,0,11,0,0,0,
11615,,Outerminds Inc.,outerminds-inc,30,2,2,0,631935,315968,315968,2,100,100,0,100,0,0,0,0,0,0,
25740,,Evil Empire,evil-empire,30,1,1,1,631855,631855,631855,1,50,50,0,100,0,0,0,0,0,0,France
30070,,TORaIKI,toraiki,30,2,2,0,631846,315923,315923,0,100,0,0,100,0,0,100,0,0,0,Japan
46157,,Hekate,hekate,30,1,1,0,631661,631661,631661,0,0,100,0,100,0,0,0,0,0,0,Germany
7611415,,MogDogBlog Productions,mogdogblog-productions,30,1,1,0,631375,631375,631375,1,0,0,0,0,0,100,0,0,0,0,
12286,,The Archotek Project Team,the-archotek-project-team,30,1,1,0,630675,630675,630675,1,100,0,100,0,100,100,0,0,0,0,
2101,,Pixelnest Studio,pixelnest-studio,30,3,3,0,629515,10051,209838,0,100,67,67,33,0,0,0,0,0,0,France
7715295,,Atooi,atooi,30,3,3,0,629203,196657,209734,3,67,100,0,33,0,0,0,0,0,0,
186721,,Moonless Formless,moonless-formless,30,1,1,1,629133,629133,629133,1,50,100,0,50,0,0,100,0,0,0,
12599,,Afterburn,afterburn,30,3,3,1,628816,129910,209605,4,100,0,100,0,0,25,0,0,0,50,Poland
10478,,Damian Schloter,damian-schloter,30,1,1,0,628794,628794,628794,1,100,100,0,0,0,0,100,0,0,0,
5704,,Mardonpol Inc.,mardonpol-inc,30,3,3,0,628737,128713,209579,2,67,33,100,33,33,33,0,0,33,0,Canada
5520558,,Skydance Games,skydance-games,30,1,1,0,628662,628662,628662,1,0,100,0,100,0,0,0,0,0,0,
37326,,Ares Dragonis,ares-dragonis,30,3,3,0,628655,75673,209552,1,67,100,0,100,0,0,0,0,0,0,
47636,,Drastic Games,drastic-games,30,1,1,0,628374,628374,628374,0,0,100,0,100,0,0,0,0,0,0,United States
22957,,"Wevr, Inc.",wevr-inc,30,4,4,0,628196,75225,157049,3,75,0,100,100,75,0,0,0,0,0,
39725,,Ninth Exodus,ninth-exodus,30,1,1,0,627877,627877,627877,0,100,100,0,0,100,0,100,0,0,0,
37421,,Catchweight Studio,catchweight-studio,30,1,1,0,627762,627762,627762,0,100,100,0,100,0,0,0,0,0,0,
1360063,,Jordan Mochi,jordan-mochi,30,1,1,0,627762,627762,627762,0,100,100,0,100,0,0,0,0,0,0,
12657,,Alkemi,alkemi,30,4,4,0,627576,87484,156894,2,75,75,25,25,0,0,25,0,0,0,France
24045,,OtherSide Entertainment,otherside-entertainment,30,1,1,1,627388,627388,627388,0,50,100,0,50,0,0,50,0,0,0,United States
2296051,,Max Cahill,max-cahill,30,1,1,0,627223,627223,627223,0,100,100,0,0,0,100,0,0,0,0,
4041644,,Fáyer,f-yer,30,1,1,1,627223,627223,627223,1,100,50,50,0,0,50,0,0,0,0,
6102,,PHL Collective,phl-collective,30,7,7,0,626808,74429,89544,1,14,71,14,71,0,0,0,0,0,14,United States
10497,,Sunlight Games,sunlight-games,30,10,10,0,626750,22743,62675,10,70,10,20,40,40,80,0,0,0,0,
30684,,Klace,klace,30,4,4,1,626579,153309,156645,4,100,0,40,100,60,0,80,0,0,0,
25075,,Rotatipyra,rotatipyra,30,2,2,0,625642,312821,312821,0,100,50,50,0,100,50,0,0,0,0,
4112,,Glowstick Entertainment,glowstick-entertainment,30,4,4,0,625613,300850,156403,4,100,100,50,50,0,25,25,0,0,0,
6478,,New Star Games Ltd,new-star-games-ltd,30,3,3,0,624459,130073,208153,1,100,33,0,0,33,0,0,0,67,67,
23054,,"Revival Productions, LLC",revival-productions-llc,30,2,2,0,624177,624177,312089,2,0,100,0,0,0,0,0,0,0,0,
18488,,CITY CONNECTION,city-connection,30,32,32,6,623996,15112,19500,36,0,89,3,3,5,0,8,0,0,0,
4978,,Electric Hat Games LLC.,electric-hat-games-llc,30,2,2,0,623713,620113,311857,2,50,100,0,50,0,0,0,0,50,0,
31908,,Most Wanted Entertainment,most-wanted-entertainment,30,3,3,0,623566,230313,207855,0,33,67,33,0,0,67,0,0,0,0,
10788,,Real Welders,real-welders,30,1,1,0,622079,622079,622079,1,0,0,0,0,100,100,0,0,0,0,
6191,,Mastiff,mastiff,30,1,1,0,621621,621621,621621,1,100,100,0,100,0,0,100,0,0,0,United States
388,,Table 9 Studio,table-9-studio,30,2,2,0,621346,621346,310673,1,50,0,0,50,0,100,100,0,0,0,
830206,,QI Games,qi-games,30,1,1,0,621213,621213,621213,1,100,100,0,0,100,0,100,0,0,0,
8341,,2 Dawn Studios,2-dawn-studios,30,1,1,0,621155,0,621155,1,100,100,0,0,0,0,0,0,0,0,
187467,,Microids Studio Lyon,microids-studio-lyon,30,1,1,1,620578,620578,620578,0,0,50,0,100,50,0,0,0,0,0,
920,,Umix Studios,umix-studios,30,11,11,0,620353,70430,56396,6,45,0,0,0,91,64,0,0,0,100,
31214,,Rebelia Games,rebelia-games,30,2,2,0,620346,620346,310173,0,50,0,0,0,100,50,0,0,0,0,Poland
25308,,Beard Envy,beard-envy,30,2,2,0,620311,310156,310156,0,100,0,0,0,50,50,0,0,0,0,United Kingdom
4562,,VitruviusVR,vitruviusvr,30,3,3,0,619937,277810,206646,3,0,67,0,100,0,0,100,0,0,0,
32779,,Mantis Games,mantis-games,30,2,2,0,619042,309521,309521,0,100,50,100,0,0,0,0,0,0,0,
21585,,IV Productions,iv-productions,30,11,11,1,618650,19748,56241,8,58,17,33,58,25,25,8,0,0,8,
23046,,"Bit Planet Games, LLC",bit-planet-games-llc,30,6,6,0,618431,71451,103072,6,50,67,0,50,83,17,0,0,0,0,
23154,,"Alzan Studios, LLC",alzan-studios-llc,30,3,3,0,618083,10871,206028,3,100,67,33,0,33,0,0,0,0,67,
31552,,EXAMU,examu,30,1,1,0,617530,617530,617530,0,0,100,0,0,0,0,0,0,0,0,Japan
27196,,Furious Bee Limited,furious-bee-limited,30,1,1,0,617376,617376,617376,0,100,0,0,100,100,0,0,0,0,0,
16068,,Red Fox,red-fox,30,1,1,0,617291,617291,617291,1,0,100,0,0,100,0,0,0,0,0,
7810,,b-alive,b-alive,30,3,3,0,616756,203371,205585,1,33,33,0,0,67,67,0,0,0,0,Germany
21049,,Momentum Games,momentum-games,30,12,12,0,616500,9828,51375,12,100,17,92,58,42,8,0,0,0,0,
5676568,,StunForge,stunforge,30,2,2,0,616048,616048,308024,0,100,0,50,0,0,100,50,0,0,0,Germany
40780,,MadCow S.r.l.,madcow-s-r-l,30,1,1,0,615784,615784,615784,1,100,0,0,0,100,0,0,100,100,100,
41208,,Littlefield Studio,littlefield-studio,30,2,2,0,615393,307697,307697,0,100,0,100,100,0,0,0,0,0,0,
41140,,Play2Chill S.A.,play2chill-s-a,30,3,3,2,615305,307653,205102,4,80,0,60,0,80,20,20,0,60,40,
26828,,HakJak,hakjak,30,1,1,1,615100,615100,615100,0,100,100,100,50,50,0,50,0,50,0,
89,,Juggernaut Games,juggernaut-games,30,2,2,0,615030,307515,307515,2,100,0,0,100,0,0,100,0,0,0,
20722,,Qooc Software,qooc-software,30,1,1,0,614750,614750,614750,1,100,100,0,0,0,0,0,0,0,0,
17522,,SoftWeir Inc.,softweir-inc,30,1,1,0,614165,614165,614165,1,0,0,0,0,0,0,0,0,0,0,
32142,,EasyWays Team,easyways-team,30,3,3,0,612861,3166,204287,0,100,67,0,0,100,0,0,0,0,0,
38264,,Hoochoo Game Studios,hoochoo-game-studios,30,4,4,0,612427,26912,153107,4,50,50,25,0,50,100,0,0,0,0,
32300,,Picogram,picogram,30,1,1,0,612184,612184,612184,0,100,0,0,100,0,0,100,0,0,0,United States
31549,,Hipster Whale,hipster-whale,30,1,1,0,610097,610097,610097,0,0,100,0,0,0,0,0,0,0,0,Australia
45460,,Stray Bombay,stray-bombay,30,1,1,0,610027,610027,610027,1,100,100,0,0,0,0,0,0,0,0,
25667,,Codebyfire,codebyfire,30,1,1,0,609680,609680,609680,0,100,0,0,0,0,100,0,0,0,0,
33954,,TechnoBrain,technobrain,30,2,2,0,609384,304692,304692,2,0,0,50,0,100,100,0,0,0,0,Japan
10625,,DeXP,dexp,30,3,3,0,609247,304624,203082,3,100,0,100,33,67,0,0,0,0,0,
1432855,,Space Onigiri Game LLC,space-onigiri-game-llc,30,2,2,0,608870,304435,304435,2,100,100,0,50,0,50,0,0,0,0,
20793,,NukGames,nukgames,30,11,11,2,608335,21174,55303,13,92,77,77,38,0,8,0,0,23,0,
44,,D3Publisher,d3publisher,30,1,1,0,608281,608281,608281,1,0,100,0,0,0,0,0,0,0,0,Japan
14357,,Enlight Software Limited ,enlight-software-limited,30,8,8,0,607351,39242,75919,8,38,13,38,0,75,100,0,0,0,0,United Kingdom
4399,,DigitalEZ,digitalez,30,5,5,0,607088,138253,121418,5,100,20,100,80,0,0,20,0,0,0,
31657,,Circle Poison,circle-poison,30,4,4,1,606954,136251,151739,0,60,0,0,20,0,0,100,0,0,0,
28886,,KENZsoft,kenzsoft,30,3,3,0,606876,115522,202292,0,100,0,100,0,0,0,0,0,0,0,
25777,,4Head Studios,4head-studios,30,4,4,0,606272,116120,151568,0,0,0,0,25,75,75,0,0,0,0,
234,,David Williamson,david-williamson,30,2,2,0,605368,604872,302684,2,100,50,50,0,0,0,50,0,0,0,
24156,,△○□× (Miwashiba),miwashiba,30,3,3,1,605248,124123,201749,0,100,0,50,75,0,0,25,0,0,0,
38232,,V1 Interactive,v1-interactive,30,1,1,0,604514,604514,604514,0,0,100,0,100,0,0,0,0,0,0,United States
33627,,Draknek &amp; Friends,draknek-amp-friends,30,2,2,0,604440,302220,302220,0,100,0,100,50,0,50,0,0,0,0,
46291,,Fantasize Games,fantasize-games,30,4,4,0,604346,136383,151087,1,75,75,100,0,25,25,100,0,0,0,
26430,,Split Polygon,split-polygon,30,1,1,0,603249,603249,603249,0,100,100,0,0,100,0,0,0,0,0,
26650,,JERA,jera,30,1,1,0,603216,603216,603216,0,0,100,0,100,0,0,100,0,0,0,
2876,,D'Avekki Studios Ltd,d-avekki-studios-ltd,30,4,4,1,602934,143581,150734,4,80,0,20,80,40,0,0,0,0,0,
20415,,Mantisco,mantisco,30,1,1,0,602823,0,602823,1,0,100,0,100,0,100,100,100,0,0,
33633,,PixelHive,pixelhive,30,1,1,0,602590,602590,602590,0,100,100,100,100,0,0,0,0,0,0,
18645,,Dominique Grieshofer,dominique-grieshofer,30,2,2,0,602506,301253,301253,2,100,50,100,50,0,0,0,0,0,0,
1637488,,BlankMediaGames LLC,blankmediagames-llc,30,1,1,0,601829,0,601829,0,0,100,100,0,0,100,100,0,0,0,
42775,,Alcedo Games,alcedo-games,30,9,9,3,601380,1890,66820,12,67,42,50,33,17,8,0,0,0,0,
24108,,Computer Artworks,computer-artworks,30,2,2,0,601299,300650,300650,0,0,100,0,50,0,50,0,0,0,0,
52601,,Alejandro Hernández Ferrero,alejandro-hern-ndez-ferrero,30,1,1,0,601285,601285,601285,1,100,0,0,0,100,100,0,0,0,0,
7019,,D3DGear Technologies,d3dgear-technologies,30,1,1,0,601151,601151,601151,1,0,0,0,0,0,0,0,0,0,0,
32425,,TOYBOX,toybox,30,2,2,0,599510,299755,299755,0,0,0,0,100,0,0,0,0,0,0,Japan
32985,,Iron Wolf Studio S.A.,iron-wolf-studio-s-a,30,2,2,5,599289,599289,299645,5,71,71,0,71,43,14,0,0,0,0,
26989,,Team Fusion Simulations,team-fusion-simulations,30,1,1,0,599227,599227,599227,0,0,0,0,0,100,0,0,0,0,0,
7992066,,1010 Games,1010-games,30,1,1,0,598738,598738,598738,1,100,100,0,100,0,0,0,0,0,0,
33952,,Twin Hearts,twin-hearts,30,1,1,0,598555,598555,598555,0,0,100,0,100,0,0,100,0,0,0,
48445,,FC Maker,fc-maker,30,6,6,0,598461,80775,99744,6,100,0,100,100,0,100,100,0,0,0,
1903,,Top Hat Studios Inc,top-hat-studios-inc,30,1,1,1,598417,598417,598417,2,100,100,50,0,0,0,0,0,0,0,United States
23729,,GAME ARTS,game-arts,30,1,1,0,598008,598008,598008,0,0,0,0,100,0,0,100,0,0,0,Japan
22760,,Alister Software,alister-software,30,3,3,0,597748,291370,199249,1,100,0,67,0,0,33,0,0,0,0,
31458,,Sinister Systems,sinister-systems,30,1,1,0,597304,597304,597304,0,100,0,100,100,100,0,100,0,0,0,
2860984,,Devoured Studios,devoured-studios,30,1,1,0,596870,596870,596870,0,0,100,0,0,0,0,100,0,0,0,
13124,,Brawsome,brawsome,30,3,3,0,596456,212334,198819,3,100,0,67,100,0,0,0,0,0,0,
1521946,,new dev,new-dev,30,2,2,0,596256,298128,298128,2,100,50,100,100,100,50,0,0,50,100,
1575,,Snowcastle Games,snowcastle-games,30,3,3,2,596228,298114,198743,4,80,40,0,100,20,40,80,0,0,0,Norway
27582,,Vivid Games,vivid-games,30,3,3,0,595997,851,198666,0,33,33,67,33,67,0,0,0,0,67,Poland
37922,,MeanAstronauts,meanastronauts,30,3,3,3,595933,297967,198644,2,67,67,0,67,17,50,50,0,0,0,
24635,,LEAP Game Studios,leap-game-studios,30,4,4,3,595875,283364,148969,2,100,29,43,71,14,14,29,0,0,0,Peru
32997,,惊叹号游戏工作室,-,30,1,1,0,595654,595654,595654,0,100,0,100,0,100,0,0,0,0,100,
28527,,Bitmap Brothers,bitmap-brothers,30,1,1,0,594666,594666,594666,0,100,100,0,0,0,0,0,0,0,100,
5390,,Cotton Game,cotton-game,30,14,14,7,594633,23150,42474,19,100,5,67,81,0,19,19,0,0,0,China
37301,,Draconia Dev Team,draconia-dev-team,30,1,1,0,594404,594404,594404,1,100,0,100,0,100,0,100,0,0,0,
15996,,Touz,touz,30,1,1,0,594238,594238,594238,1,100,100,0,100,0,0,0,0,0,0,
46057,,Jumpship,jumpship,30,1,1,0,594000,594000,594000,1,0,0,0,100,0,0,0,0,0,0,United Kingdom
41493,,The Droplet Studio,the-droplet-studio,30,1,1,1,593987,593987,593987,0,50,0,100,0,100,0,50,0,0,0,
29546,,Cracked Heads Games,cracked-heads-games,30,1,1,0,593768,593768,593768,0,100,0,0,100,0,0,0,0,0,0,
12694,,Neognosis,neognosis,30,1,1,0,591747,591747,591747,1,100,100,0,0,0,0,0,0,100,0,
9262,,Warfare Studios,warfare-studios,30,34,34,0,591122,7124,17386,22,100,12,91,100,6,41,100,0,0,0,
30986,,KANAWO,kanawo,30,1,1,2,590857,590857,590857,0,100,33,33,100,67,0,100,0,0,0,
9464,,DIGIDICED,digidiced,30,13,13,1,590682,35416,45437,10,86,0,86,0,0,93,0,0,0,0,
3925,,Natsume Inc.,natsume-inc,30,4,4,0,589450,69750,147363,4,0,50,25,75,50,0,100,0,0,50,United States
32295,,Richard Hogg,richard-hogg,30,5,5,0,589215,150239,117843,0,100,0,80,80,20,0,0,0,0,0,United Kingdom
4192,,Strategy First,strategy-first,30,8,8,0,589091,33661,73636,8,0,25,0,0,0,88,0,0,13,0,Canada
2161,,MagdalenaTeam,magdalenateam,30,1,1,0,588801,588801,588801,0,100,0,0,100,0,0,0,0,0,0,
5385264,,Lyra Creative,lyra-creative,30,1,1,0,588647,588647,588647,1,100,0,0,100,100,100,0,0,0,0,
24247,,Antagonist,antagonist,30,1,1,0,588645,588645,588645,0,100,0,0,100,0,0,0,0,0,0,Norway
28321,,Sarepta studio,sarepta-studio,30,3,3,1,588234,162233,196078,1,75,0,25,50,50,0,50,0,0,0,Norway
1470749,,MAETH,maeth,30,1,1,0,588198,588198,588198,0,100,100,0,0,0,0,0,0,0,0,
9567,,Iteration 11,iteration-11,30,2,2,1,587961,293981,293981,3,100,100,0,67,100,67,33,0,0,0,
36888,,MirthalGames,mirthalgames,30,1,1,0,587843,587843,587843,0,100,0,0,100,0,0,100,0,0,0,
17371,,Spaces of Play UG,spaces-of-play-ug,30,2,2,0,587207,293604,293604,2,100,50,0,50,0,50,0,0,0,0,
23532,,Eurocom,eurocom,30,9,9,0,586964,156294,65218,0,0,78,0,56,0,0,11,0,0,22,
9339,,Flyleap Studios Pty. Ltd.,flyleap-studios-pty-ltd,30,1,1,0,586749,0,586749,1,100,100,0,0,0,0,100,0,0,0,
24512,,Fummy,fummy,30,1,1,0,586357,586357,586357,0,100,0,100,100,0,0,100,0,0,0,
16292,,Childish Things,childish-things,30,4,4,0,586032,153488,146508,0,0,0,0,0,75,0,0,0,0,100,United Kingdom
21474,,Hendrik Felix Pohl,hendrik-felix-pohl,30,1,1,0,585693,585693,585693,1,100,100,100,100,0,0,0,0,0,0,
3968980,,MuYan Studio,muyan-studio,30,1,1,0,585677,585677,585677,0,100,0,100,0,100,0,100,0,0,0,China
20942,,Phantom Compass,phantom-compass,30,3,3,1,585291,245157,195097,4,100,50,50,25,0,0,50,0,0,0,Canada
15210,,Pixelsplit Simulations,pixelsplit-simulations,30,3,3,0,585275,89569,195092,3,33,0,67,0,100,33,0,0,0,0,
16394,,Atlant Games ltd,atlant-games-ltd,30,1,1,0,585164,0,585164,1,100,100,0,100,0,0,100,100,0,0,
22062,,SoftPlanet,softplanet,30,1,1,0,585070,0,585070,1,0,0,0,0,100,0,0,0,100,100,Poland
37665,,pixelteishoku,pixelteishoku,30,2,2,0,584465,292233,292233,0,0,100,0,100,0,0,100,0,0,0,
43998,,Entropy Digital Entertainment,entropy-digital-entertainment,30,16,16,0,584354,35118,36522,16,13,0,88,38,25,6,56,0,0,6,
3874,,OnSkull Games,onskull-games,30,11,11,2,584159,54380,53105,13,77,23,77,92,8,0,0,0,0,8,
30003,,Ceri Williams,ceri-williams,30,1,1,0,584012,584012,584012,0,100,0,100,100,0,0,0,0,0,0,
47829,,Adamvision Studios,adamvision-studios,30,20,20,0,583157,13493,29158,12,60,95,70,0,0,0,0,0,0,0,Canada
10650,,Parallel Circles,parallel-circles,30,2,2,1,582697,291349,291349,1,67,100,33,33,0,0,0,0,0,33,United Kingdom
184071,,MonsterBox,monsterbox,30,1,1,1,582682,582682,582682,1,50,50,50,50,50,0,50,0,0,0,United States
2117,,Fully Involved Game Studios,fully-involved-game-studios,30,1,1,0,582509,582509,582509,0,100,100,100,0,100,0,0,0,0,0,
41517,,Balancing Monkey Games,balancing-monkey-games,30,1,1,1,581573,581573,581573,0,50,0,50,0,100,100,0,0,0,0,New Zealand
823,,Cubical Drift,cubical-drift,30,1,1,0,581234,0,581234,1,100,0,0,100,0,0,100,0,0,0,France
32511,,HEXADRIVE Inc.,hexadrive-inc,30,3,3,1,580931,290466,193644,3,25,100,0,50,0,25,25,0,0,0,
34592,,Mopeful Games,mopeful-games,30,1,1,0,580841,580841,580841,0,100,100,0,100,0,0,0,0,0,0,Finland
12191,,Drone Champions AG,drone-champions-ag,30,1,1,0,580374,580374,580374,0,0,100,0,100,100,0,0,0,100,100,
12550,,Darkling Room,darkling-room,30,7,7,3,580238,52530,82891,3,80,10,10,100,10,0,0,0,0,0,United Kingdom
27240,,Darjeeling,darjeeling,30,2,2,1,580158,290079,290079,0,100,0,67,100,33,0,0,0,0,0,
28961,,Crypton Future Media,crypton-future-media,30,3,3,0,579326,208670,193109,0,0,33,67,33,0,0,0,0,0,0,Japan
19713,,Broken Arms Games,broken-arms-games,30,3,3,2,579199,277373,193066,5,80,20,40,20,60,80,20,0,0,0,Italy
186518,,Brass Token,brass-token,30,1,1,0,579153,579153,579153,0,0,100,0,100,0,0,0,0,0,0,Canada
4692478,,Balas Games,balas-games,30,2,2,0,578144,578144,289072,0,100,0,100,0,100,0,0,0,0,0,
29129,,Pentacle,pentacle,30,2,2,0,577872,577872,288936,0,100,100,100,100,100,0,0,0,0,0,
26006,,Fragment Production Ltd.,fragment-production-ltd,30,3,3,0,577525,288763,192508,0,0,0,0,0,100,67,0,0,0,0,
21473,,Oriolus Software GmbH,oriolus-software-gmbh,30,3,3,0,577494,1177,192498,3,100,0,67,0,33,0,0,0,0,0,Germany
31209,,Utopian World of Sandwiches,utopian-world-of-sandwiches,30,2,2,0,576824,288412,288412,1,50,100,50,0,0,0,0,0,0,0,
37317,,rAsk,rask,30,1,1,1,575995,575995,575995,0,50,0,50,100,0,0,0,0,0,0,
30810,,Black Shell Games,black-shell-games,30,2,2,0,575832,487350,287916,0,100,100,100,50,0,50,50,0,0,0,United States
24689,,Lee Sang,lee-sang,30,1,1,0,575756,575756,575756,0,100,0,0,0,0,0,100,0,0,0,
28250,,Team Sorcerobe,team-sorcerobe,30,1,1,0,575404,575404,575404,0,100,100,0,100,0,0,100,0,0,0,
1052579,,VaMP He,vamp-he,30,2,2,0,575349,575349,287675,0,100,100,100,100,0,0,0,0,0,0,
5676644,,Studio Gobo,studio-gobo,30,1,1,0,574936,574936,574936,0,0,100,0,100,0,0,0,0,0,0,United Kingdom
2999635,,U0U Games,u0u-games,30,1,1,0,574755,574755,574755,0,100,0,0,0,100,0,0,0,0,0,
28499,,TeaForTwo,teafortwo,30,1,1,0,574612,574612,574612,0,100,0,0,0,100,100,0,0,0,0,
11660,,Peace &amp; Love Games,peace-amp-love-games,30,2,2,0,573996,286998,286998,0,100,0,100,50,0,0,0,0,0,0,
27059,,FLIPFLOPs,flipflops,30,2,2,0,573983,286992,286992,0,100,0,0,0,50,100,50,0,0,0,
6387524,,Fridus,fridus,30,1,1,1,573932,573932,573932,0,50,0,0,0,50,100,0,0,0,0,
5741990,,无忧传媒,-,30,1,1,0,573499,573499,573499,1,100,0,0,100,100,100,100,0,0,0,
29215,,Enigami,enigami,30,1,1,0,573356,573356,573356,0,100,100,0,100,0,0,100,0,0,0,France
44440,,Tako Boy Studios LLC,tako-boy-studios-llc,30,1,1,0,573246,573246,573246,0,100,0,0,100,0,100,100,0,0,0,
3320110,,CINEMAX GAMES,cinemax-games,30,7,7,0,573180,58907,81883,7,86,0,43,14,0,0,43,0,14,0,
9065,,DEADBIT,deadbit,30,2,2,0,572551,286276,286276,1,100,50,100,0,0,0,0,0,0,0,
40442,,Giant Flame,giant-flame,30,1,1,0,572530,572530,572530,0,100,100,0,0,0,100,0,0,0,0,
1637182,,Archmage Labs,archmage-labs,30,1,1,1,571619,571619,571619,0,100,100,100,0,0,0,100,0,0,0,
34241,,T19 Games,t19-games,30,1,1,0,571576,571576,571576,0,100,100,0,0,0,0,0,0,0,0,
41728,,OverDrift Crew,overdrift-crew,30,1,1,0,571033,571033,571033,1,0,0,0,0,100,0,0,100,100,100,
8651,,articy Software,articy-software,30,3,3,0,570119,280839,190040,3,0,0,0,0,0,0,0,0,0,0,
42233,,Cyborn B.V.,cyborn-b-v,30,1,1,0,569873,569873,569873,1,0,100,0,100,0,0,0,0,0,0,
8049,,PixelMouse,pixelmouse,30,3,3,0,569454,257350,189818,3,100,100,100,100,0,0,0,0,0,0,
39019,,IzanagiGames,izanagigames,30,5,5,1,569020,49851,113804,6,0,67,0,100,0,0,17,0,0,0,
23728,,Wild Factor,wild-factor,30,2,2,0,568365,284183,284183,0,100,50,0,0,50,100,0,0,0,0,France
1638707,,Galaxy Grove,galaxy-grove,30,1,1,1,568207,568207,568207,0,100,0,50,0,100,100,0,0,0,0,Netherlands
4005,,Adventurepro Games LLC,adventurepro-games-llc,30,2,2,0,568017,284009,284009,2,50,0,0,100,0,50,50,0,0,0,United States
1640148,,Doot,doot,30,2,2,1,567889,283945,283945,0,100,33,100,0,67,67,33,0,0,0,
14637,,Kiddy,kiddy,30,23,23,0,567685,2953,24682,23,100,83,30,78,87,0,0,0,22,26,
10018,,Curious Panda Games,curious-panda-games,30,2,2,0,567401,283701,283701,1,100,50,50,50,0,50,50,0,0,0,
21219,,Sassybot,sassybot,30,2,2,1,567162,283581,283581,3,100,0,100,0,67,33,0,0,0,0,Netherlands
32199,,Old Moon,old-moon,30,1,1,0,566537,566537,566537,0,100,100,0,100,0,0,100,0,0,0,
10605,,Multiverse,multiverse,30,2,2,1,566207,566207,283104,3,100,33,0,100,33,33,33,0,0,0,
16889,,Restory Studio,restory-studio,30,2,2,0,565485,282743,282743,2,100,100,0,100,0,0,100,0,0,0,
33922,,Gamecraft Studios,gamecraft-studios,30,7,7,2,565305,8320,80758,4,78,78,11,56,11,22,33,0,0,0,Brazil
5403685,,The Nameless Epic,the-nameless-epic,30,1,1,0,565060,565060,565060,0,100,0,0,100,0,100,100,0,0,0,
5909,,Visual Entertainment And Technologies,visual-entertainment-and-technologies,30,1,1,0,564681,564681,564681,1,100,0,0,0,100,100,0,0,0,0,
17505,,Meridian4,meridian4,30,5,5,0,564575,114914,112915,4,100,80,40,40,0,60,0,0,0,0,Canada
4842375,,DiatomicStudios,diatomicstudios,30,2,2,0,564500,282250,282250,2,50,100,50,0,0,0,0,0,0,0,
5250,,Wonderstruck,wonderstruck,30,1,1,0,564499,564499,564499,0,100,100,100,0,0,0,0,0,0,0,
8366,,Big Way Games,big-way-games,30,4,4,0,564484,96744,141121,3,100,100,0,75,0,0,25,0,0,0,United States
17356,,Ruffleneck,ruffleneck,30,1,1,0,564484,564484,564484,1,0,100,0,100,0,0,100,0,0,0,
24936,,Drathek,drathek,30,1,1,0,564484,564484,564484,0,0,100,0,100,0,0,100,0,0,0,
82616,,Hare,hare,30,1,1,1,564484,564484,564484,1,50,100,50,50,50,50,50,0,0,0,
6899162,,ArchaeologyGames,archaeologygames,30,12,12,0,563513,53039,46959,12,100,100,100,100,100,100,100,0,100,92,
14924,,Iridium Studios,iridium-studios,30,2,2,0,563290,281645,281645,1,100,0,0,0,0,50,50,0,0,0,United States
28795,,Leslaw Sliwko,leslaw-sliwko,30,8,8,0,562987,52374,70373,0,100,0,0,13,0,100,100,0,0,0,
9613,,Threaks,threaks,30,4,4,1,562482,22128,140621,3,80,80,60,40,0,20,20,0,0,0,Germany
29376,,Paul Cuisset,paul-cuisset,30,3,3,0,562211,103091,187404,0,33,67,0,100,0,0,0,0,0,0,
5494,,Traega Entertainment,traega-entertainment,30,2,2,1,561946,280973,280973,3,0,100,0,67,0,33,33,0,0,0,United States
7377,,Evil Bite,evil-bite,30,1,1,0,561614,561614,561614,1,100,0,0,0,100,100,0,0,0,0,
14070,,Devespresso Games,devespresso-games,30,3,3,0,561126,221696,187042,1,100,0,0,100,0,0,33,0,0,0,South Korea
24242,,hyperboreanGames,hyperboreangames,30,3,3,0,560913,199156,186971,0,100,33,100,33,67,0,0,0,0,0,
45730,,Squid Shock Studios,squid-shock-studios,30,1,1,0,560771,560771,560771,0,100,100,0,100,0,0,0,0,0,0,
141689,,Christopher Stair,christopher-stair,30,1,1,0,560771,560771,560771,0,100,100,0,100,0,0,0,0,0,0,
141690,,Trevor Youngquist,trevor-youngquist,30,1,1,0,560771,560771,560771,0,100,100,0,100,0,0,0,0,0,0,
26406,,Kamichichi,kamichichi,30,4,4,0,560256,135032,140064,0,75,0,25,25,0,0,100,0,0,0,Japan
43586,,JanduSoft,jandusoft,30,9,9,1,559982,19760,62220,10,90,40,50,80,30,0,20,0,0,0,Spain
13663,,Proximity Games,proximity-games,30,7,7,0,559892,5345,79985,7,100,29,14,86,0,14,14,0,0,0,
10835,,Stegalosaurus Game Development,stegalosaurus-game-development,30,47,47,1,559845,219,11912,48,100,4,63,81,8,17,25,0,0,2,
44086,,Black Eyed Priest,black-eyed-priest,30,3,3,0,559736,211994,186579,0,33,100,0,0,0,0,0,0,0,0,
44087,,Henry Hoare,henry-hoare,30,3,3,0,559736,211994,186579,0,33,100,0,0,0,0,0,0,0,0,
32842,,Aarne &quot;MekaSkull&quot; Hunziker,aarne-quot-mekaskull-quot-hunziker,30,1,1,0,559671,559671,559671,0,100,100,0,0,0,0,0,0,0,0,
13265,,Route 59,route-59,30,1,1,0,558642,558642,558642,1,100,0,0,0,0,0,0,0,0,0,Australia
12039,,Dingo Games,dingo-games,30,4,4,0,558480,141388,139620,4,100,100,100,75,0,0,0,0,0,0,
36456,,Dynamight Studios,dynamight-studios,30,1,1,0,558388,0,558388,1,0,100,0,0,0,0,100,100,0,0,
1396475,,Gentle Troll Entertainment,gentle-troll-entertainment,30,1,1,0,558298,558298,558298,1,100,0,100,100,0,0,0,0,0,0,
44125,,Ernestas Norvaišas,ernestas-norvai-as,30,1,1,0,558231,558231,558231,0,100,0,0,0,100,100,0,0,0,0,
4221,,InnerspaceVR,innerspacevr,30,6,6,0,558181,75485,93030,3,50,17,50,83,0,0,0,0,0,0,
5918664,,Lucid11 Interactive,lucid11-interactive,30,1,1,0,557759,557759,557759,0,0,100,100,0,100,0,0,0,0,0,Turkey
24574,,GD Studio,gd-studio,30,3,3,1,557685,23059,185895,0,75,50,75,25,25,25,0,0,0,0,
19454,,Satur Entertainment,satur-entertainment,30,10,10,0,557046,13933,55705,10,90,90,100,40,60,50,60,10,0,0,
9828,,ImageCode,imagecode,30,3,3,1,556264,22229,185421,2,25,25,0,0,75,0,0,0,75,0,
25248,,Juggler Games,juggler-games,30,3,3,1,556153,149475,185384,0,50,25,25,50,25,75,50,0,0,0,
5787548,,Retrovibe Games,retrovibe-games,30,1,1,0,555303,0,555303,0,100,0,0,0,0,0,100,0,0,0,
184964,,Tengsten,tengsten,30,1,1,0,555047,555047,555047,0,100,0,0,100,0,0,100,0,0,0,
956,,Fair Games Studio,fair-games-studio,30,7,7,1,554468,69209,79210,3,75,75,0,75,13,0,38,38,0,0,Russia
1633804,,Quatech,quatech,30,1,1,2,554382,554382,554382,2,33,67,33,0,67,0,0,0,0,33,
20386,,Retro Army Limited,retro-army-limited,30,6,6,0,554031,82751,92339,0,100,83,33,17,0,17,17,0,0,0,
3368,,Mad Vulture Games,mad-vulture-games,30,3,3,1,553347,3623,184449,3,50,50,50,0,0,25,25,0,0,0,
44050,,Diamondhenge Entertainment,diamondhenge-entertainment,30,2,2,0,553242,276621,276621,2,50,50,50,0,0,0,0,0,0,0,
22853,,"Fatbot Games, s. r. o.",fatbot-games-s-r-o,30,3,3,0,552999,105058,184333,3,100,100,0,67,0,0,67,0,0,0,Slovakia
60805,,Super Pixel Games,super-pixel-games,30,2,2,0,552747,276374,276374,2,100,100,0,0,100,100,0,0,0,100,
32018,,8A studio,8a-studio,30,1,1,0,552685,552685,552685,0,100,0,100,100,100,0,100,0,0,0,
29650,,Whoop Group,whoop-group,30,1,1,0,552666,552666,552666,0,100,0,0,0,100,0,0,0,100,0,United Kingdom
43751,,GuruGuru,guruguru,30,1,1,0,552573,552573,552573,0,100,100,0,0,0,0,0,0,0,0,
3136127,,Blibloop,blibloop,30,1,1,0,552230,552230,552230,0,100,0,100,0,100,100,0,0,0,0,
6554471,,Zakku,zakku,30,1,1,2,552230,552230,552230,1,100,0,67,0,100,100,33,0,0,0,
52317,,ALPHAWING Inc.,alphawing-inc,30,2,2,0,552108,276054,276054,0,100,100,0,0,0,0,0,0,0,0,
50041,,Stray Kite Studios,stray-kite-studios,30,1,1,1,552031,552031,552031,1,50,100,0,100,0,50,50,0,0,0,
13499,,Beatshapers,beatshapers,30,3,3,1,552010,8340,184003,2,75,50,50,0,25,0,0,0,0,0,Ukraine
187339,,GreenGuy,greenguy,30,1,1,0,551534,551534,551534,1,100,0,0,0,0,100,100,0,0,0,
3462,,GFX47,gfx47,30,4,4,1,551380,275690,137845,5,100,40,0,0,100,100,0,0,0,0,France
46117,,BanzaiProject,banzaiproject,30,21,21,0,551377,21693,26256,21,48,5,95,29,86,0,43,0,5,5,American Samoa
23659,,Zeal Game Studio,zeal-game-studio,30,1,1,0,551349,551349,551349,0,0,0,100,0,0,100,0,0,0,0,Sweden
20027,,Svajūnas Žemaitis,svaj-nas-emaitis,30,1,1,0,551325,551325,551325,1,100,100,0,0,0,0,0,0,0,0,
10034,,Blyts,blyts,30,6,6,0,550607,33917,91768,6,100,0,50,100,0,0,0,0,0,0,Argentina
49027,,Lewdlab,lewdlab,30,2,2,0,550540,275270,275270,2,100,0,100,0,50,0,50,0,0,0,
8477,,ThinMatrix,thinmatrix,30,1,1,0,549891,549891,549891,1,100,0,100,0,100,0,0,0,0,0,
9603,,Praxis Games,praxis-games,30,1,1,0,549679,549679,549679,1,100,0,0,0,0,100,0,0,0,0,
22628,,"Q Switched Productions, LLC",q-switched-productions-llc,30,2,2,0,549615,274808,274808,2,0,0,0,0,100,100,0,0,0,0,
28963,,Bacon Bandit Games,bacon-bandit-games,30,3,3,1,549399,329896,183133,0,50,0,100,0,50,0,0,0,0,0,
4009182,,Bside Studio,bside-studio,30,12,12,0,549269,0,45772,12,100,0,100,0,0,0,0,0,0,8,
10786,,Legend Studio,legend-studio,30,5,5,1,548640,151928,109728,6,100,83,17,83,33,33,50,0,0,0,
31665,,Ascaron Entertainment ltd.,ascaron-entertainment-ltd,30,4,4,0,548630,146634,137158,0,0,25,0,0,50,75,25,0,0,0,
27124,,G3 Community Patch Team,g3-community-patch-team,30,1,1,0,547339,547339,547339,0,0,0,0,0,0,0,100,0,0,0,
28019,,Trine Studios,trine-studios,30,1,1,0,547339,547339,547339,0,0,0,0,0,0,0,100,0,0,0,
27393,,SnöBox Studio,sn-box-studio,30,1,1,0,547182,547182,547182,0,100,0,0,100,0,0,100,0,0,0,
21037,,Ctrl Alt Ninja Ltd.,ctrl-alt-ninja-ltd,30,1,1,0,547062,547062,547062,1,100,0,0,100,0,100,0,0,0,0,
21710,,Rockodile,rockodile,30,2,2,0,546595,273298,273298,1,50,0,50,50,50,0,0,0,0,0,Finland
7278,,ACE MADDOX,ace-maddox,30,1,1,0,546469,546469,546469,1,100,100,100,100,100,0,0,0,0,0,Sweden
18746,,Fishcow Studio,fishcow-studio,30,3,3,0,546451,269496,182150,0,100,67,0,100,0,0,67,0,0,0,Slovakia
38311,,Goodgame Studios,goodgame-studios,30,1,1,0,545989,545989,545989,1,0,0,100,100,100,0,100,0,0,0,Germany
8344,,Sundae Month,sundae-month,30,3,3,0,545911,216818,181970,0,100,33,67,67,33,0,67,0,0,0,
19748,,HideChara,hidechara,30,3,3,0,545763,121008,181921,1,100,33,33,33,0,100,33,0,0,0,
2405,,Maciej Kuzianik,maciej-kuzianik,30,1,1,0,544847,544847,544847,1,0,0,0,0,100,0,0,0,0,0,
25092,,Vestaria Project,vestaria-project,30,2,2,0,544609,272305,272305,0,0,0,0,0,100,100,100,0,0,0,
20467,,Phr00t's Software,phr00t-s-software,30,15,15,0,544077,8446,36272,15,100,87,13,7,7,7,47,0,13,0,
30661,,Shining Gate Software,shining-gate-software,30,1,1,0,543966,543966,543966,0,100,0,0,100,0,0,0,0,0,0,Sweden
6465,,Progorion,progorion,30,2,2,0,543950,271975,271975,2,100,0,50,0,50,50,0,0,0,0,
20924,,Screwfly Studios,screwfly-studios,30,5,5,0,543228,115533,108646,4,100,0,0,0,40,100,100,0,0,0,Australia
12133,,Beatnik Games,beatnik-games,30,1,1,0,543155,0,543155,1,100,100,0,0,0,0,0,0,0,0,United Kingdom
3894349,,René Rother,ren-rother,30,1,1,0,543058,543058,543058,0,100,100,0,0,0,100,0,0,0,0,Germany
23625,,AndrewMD5,andrewmd5,30,1,1,0,542808,542808,542808,0,0,0,0,0,0,0,0,0,0,0,
32163,,Codeusa,codeusa,30,1,1,0,542808,542808,542808,0,0,0,0,0,0,0,0,0,0,0,
11923,,Shorebound Studios,shorebound-studios,30,6,6,0,542726,53536,90454,6,100,50,50,33,0,0,0,0,0,0,
10603,,Absolut Soft LLC,absolut-soft-llc,30,1,1,0,542638,0,542638,1,0,100,0,0,0,0,0,100,0,0,
45759,,GrapeOcean Technologies,grapeocean-technologies,30,1,1,0,542625,542625,542625,1,100,0,0,0,0,0,100,0,0,0,
830103,,Ulfsire,ulfsire,30,1,1,1,542372,542372,542372,0,50,0,0,0,0,50,100,0,0,0,
78274,,Nexcentric Games,nexcentric-games,30,1,1,0,541914,541914,541914,1,100,0,0,0,100,100,0,0,0,0,
39968,,Minakata Dynamics,minakata-dynamics,30,1,1,1,541849,541849,541849,1,0,0,0,0,100,100,0,0,0,0,Japan
26437,,Cleveland Mark Blakemore,cleveland-mark-blakemore,30,1,1,0,541688,541688,541688,0,100,0,0,100,0,0,100,0,0,0,
26519,,Feral Cat Den,feral-cat-den,30,1,1,1,541550,541550,541550,0,50,0,0,100,0,0,0,0,0,0,United States
42566,,Balcony Softworks,balcony-softworks,30,2,2,0,541436,270718,270718,1,100,0,0,50,0,100,100,0,0,0,
4527,,Ankama Games,ankama-games,30,1,1,0,541324,541324,541324,1,100,100,0,100,0,0,0,0,0,0,
4129,,DYA Games,dya-games,30,5,5,0,540733,128693,108147,5,100,80,20,100,0,0,0,0,0,0,
6796,,Solecismic Software,solecismic-software,30,3,3,0,540139,189856,180046,3,67,0,0,0,67,33,0,0,0,100,
6269,,Totem Entertainment,totem-entertainment,30,1,1,0,540016,540016,540016,1,100,0,0,0,100,0,0,0,0,0,
44943,,Orgesta Inc.,orgesta-inc,30,6,6,0,539950,93313,89992,0,50,50,67,67,0,0,0,0,0,0,
1770286,,DesperateMeasures,desperatemeasures,30,2,2,0,539933,269967,269967,2,100,50,50,50,50,0,0,0,0,50,
28603,,Gamestar,gamestar,30,4,4,2,539310,138951,134828,4,67,67,50,67,0,33,17,17,0,0,
186100,,Team Woll,team-woll,30,1,1,0,539307,539307,539307,0,100,0,100,100,0,0,0,0,0,0,
1638282,,Teneke Kafalar,teneke-kafalar,30,2,2,1,539217,539217,269609,3,67,0,33,33,0,100,67,33,0,0,
22209,,Geoff 'Zag' Keene,geoff-zag-keene,30,2,2,0,538709,457267,269355,1,100,50,0,0,0,100,0,0,0,0,
21459,,Mystic Box,mystic-box,30,1,1,0,538586,538586,538586,1,100,0,0,100,0,0,100,0,0,0,
26229,,Duck,duck,30,3,3,0,538210,180123,179403,0,100,33,67,33,0,33,0,0,0,0,
1876,,MythoLogic Interactive,mythologic-interactive,30,1,1,0,538170,538170,538170,1,100,100,0,0,0,0,0,0,0,0,Sweden
24304,,Black Flag Studios,black-flag-studios,30,4,4,0,538088,34446,134522,3,50,50,0,0,0,25,0,0,0,0,
669,,Martian Rex,martian-rex,30,1,1,0,536969,536969,536969,1,100,0,100,100,0,0,100,0,0,0,
23626,,standardcombo,standardcombo,30,1,1,0,536969,536969,536969,0,100,0,100,100,0,0,100,0,0,0,
13797,,Camouflaj,camouflaj,30,2,2,0,536879,0,268440,2,50,100,0,100,0,0,0,0,0,0,United States
3491,,Elf Games,elf-games,30,3,3,0,535728,267864,178576,1,100,0,33,100,0,0,0,0,0,0,Italy
16761,,Andrealphus Games,andrealphus-games,30,5,5,0,535637,22580,107127,4,20,0,100,0,20,0,0,0,0,0,
17257,,Wenkly Studio Sp. z o.o.,wenkly-studio-sp-z-o-o,30,7,7,1,535024,25484,76432,7,100,63,0,63,38,25,25,0,0,0,
17824,,FLARB LLC,flarb-llc,30,2,2,0,534572,267286,267286,2,100,100,0,0,0,0,0,0,0,0,
31880,,WIZNWAR,wiznwar,30,2,2,0,534572,267286,267286,0,100,100,0,0,0,0,0,0,0,0,United States
7831,,Lost Decade Games,lost-decade-games,30,3,3,0,534288,267144,178096,3,100,100,0,0,33,0,67,0,0,0,
49204,,Przemysław Hadała,przemys-aw-hada-a,30,1,1,0,533801,533801,533801,1,100,0,0,0,100,0,0,0,100,0,
5144457,,Netmarble Neo,netmarble-neo,30,1,1,1,533786,533786,533786,0,0,100,0,50,0,0,100,0,0,0,
26506,,Angels Blue Digital Entertainment,angels-blue-digital-entertainment,30,5,5,0,533235,101326,106647,0,100,20,100,80,0,0,40,0,0,0,
8015,,Ian Campbell,ian-campbell,30,2,2,0,532710,266355,266355,2,100,100,0,0,0,0,0,0,0,0,
53996,,Black Mermaid,black-mermaid,30,1,1,0,532640,532640,532640,0,100,100,0,0,0,0,0,0,0,0,
29060,,Star Maid Games,star-maid-games,30,3,3,0,532536,266268,177512,0,100,0,33,0,0,0,0,0,0,0,United States
3839,,Rhinotales,rhinotales,30,1,1,0,532498,532498,532498,1,100,0,0,100,0,0,0,0,0,0,
48548,,Save All Studio,save-all-studio,30,2,2,1,532382,532382,266191,2,100,0,0,0,100,0,0,0,0,0,
36157,,M. games,m-games,30,3,3,0,532349,432,177450,3,33,67,0,0,0,33,33,0,0,0,
31482,,Electric Succubi,electric-succubi,30,1,1,0,532267,532267,532267,1,0,0,0,0,100,100,100,0,0,0,
28970,,Replay Studios,replay-studios,30,2,2,0,531732,265866,265866,0,0,100,0,0,0,0,0,0,0,0,Germany
11351,,Zodiacus Games,zodiacus-games,30,3,3,0,531186,6819,177062,3,100,0,100,0,33,0,0,0,0,0,
12854,,SpaceOwl Games,spaceowl-games,30,3,3,1,531101,265551,177034,4,50,100,25,0,25,50,0,0,0,0,
8798,,Application Systems Heidelberg,application-systems-heidelberg,30,5,5,2,530792,113043,106158,7,57,0,29,71,0,29,0,0,0,0,Germany
22120,,Joe Richardson,joe-richardson,30,4,4,0,529974,155793,132494,4,100,0,0,100,0,0,0,0,0,0,
19761,,InterAction studios,interaction-studios,30,6,6,0,529620,123003,88270,6,100,100,100,0,0,0,0,17,0,0,Greece
23774,,kaleidoscube,kaleidoscube,30,1,1,1,529419,529419,529419,0,50,50,0,100,0,50,0,0,0,0,
30516,,Enter Skies,enter-skies,30,1,1,0,528518,528518,528518,0,100,100,100,100,0,0,100,0,0,0,
1641709,,ALcot,alcot,30,1,1,0,528142,528142,528142,0,0,0,100,100,0,0,0,0,0,0,
5581,,COWCAT,cowcat,30,4,4,0,527645,263823,131911,4,100,50,25,100,0,0,50,0,0,0,
31810,,dreamfeel,dreamfeel,30,2,2,0,527619,527619,263810,0,100,0,100,0,0,0,0,0,0,0,Ireland
29328,,cpmilan,cpmilan,30,1,1,0,527565,527565,527565,0,100,100,0,100,0,0,100,0,0,0,
720209,,ponett,ponett,30,1,1,0,527534,527534,527534,1,100,0,0,0,0,0,100,0,0,0,
339,,8Floor	,8floor,30,35,35,0,527271,360,15065,35,9,3,100,9,0,9,0,0,0,0,United Kingdom
29832,,Action Squad Studios,action-squad-studios,30,2,2,0,527264,263632,263632,1,50,50,0,100,0,100,50,0,0,0,Finland
4506,,Piko Interactive LLC,piko-interactive-llc,30,3,3,0,527208,96711,175736,2,0,67,0,67,0,0,0,0,33,0,
20892,,LudoCraft Ltd.,ludocraft-ltd,30,1,1,0,526981,0,526981,1,100,100,0,0,0,100,100,0,0,0,Finland
51615,,DriftyGames,driftygames,30,1,1,1,525992,525992,525992,2,100,0,0,0,0,0,100,0,0,0,
915516,,Rhombico Games,rhombico-games,30,3,3,1,525759,159256,175253,2,75,25,0,0,75,75,0,0,0,0,Denmark
1641485,,KIKI GAMES,kiki-games,30,6,6,1,525688,121753,87615,7,86,14,71,0,86,0,0,0,29,14,Turkey
32264,,MyDearest Inc.,mydearest-inc,30,7,7,0,525390,26548,75056,3,14,29,29,86,57,0,0,0,0,0,
36406,,Madnetic Games,madnetic-games,30,2,2,6,525196,525196,262598,6,75,63,75,100,100,38,50,0,0,25,
202126,,Neomateria Games GmbH,neomateria-games-gmbh,30,3,3,0,525168,191306,175056,3,100,33,33,0,67,67,67,0,0,0,
42927,,Pet Project Games,pet-project-games,30,1,1,0,524969,524969,524969,0,0,100,0,0,0,0,0,0,0,0,
23566,,Paweł Mogiła,pawe-mogi-a,30,1,1,0,524594,524594,524594,0,100,100,0,100,0,0,0,0,0,0,
19642,,JForce Games,jforce-games,30,1,1,1,524388,524388,524388,2,50,100,50,0,0,0,0,0,0,0,United States
30440,,ASTRO PORT,astro-port,30,12,12,0,524382,14534,43699,0,92,100,8,0,0,0,0,0,0,0,
453376,,Shape Shop,shape-shop,30,1,1,0,524096,524096,524096,1,100,0,0,0,100,0,0,0,0,0,Australia
1779,,Nicholas Rizzo,nicholas-rizzo,30,7,7,1,523909,10752,74844,8,88,75,13,13,38,88,25,0,0,0,
20826,,Nitrome,nitrome,30,4,4,0,523823,38257,130956,3,100,100,50,100,0,25,0,0,0,0,United Kingdom
29059,,Tomoaki Sugeno,tomoaki-sugeno,30,1,1,0,523704,523704,523704,0,100,100,100,0,0,0,0,0,0,0,
32534,,Fineway Studios,fineway-studios,30,1,1,0,523574,523574,523574,0,100,0,100,100,0,0,0,0,0,0,Czech Republic
6439,,Bevan McKechnie,bevan-mckechnie,30,1,1,0,523566,523566,523566,0,100,100,0,0,0,0,0,0,0,0,
23981,,Gentlymad,gentlymad,30,1,1,0,523385,523385,523385,0,100,0,0,0,0,0,0,0,0,0,Germany
2178,,Dreamworlds,dreamworlds,30,2,2,0,522666,261333,261333,0,100,100,0,50,0,0,0,0,0,0,
33552,,Beau Blyth,beau-blyth,30,2,2,0,522263,261132,261132,0,100,100,0,50,0,0,0,0,0,0,
29709,,Invent4 Entertainment,invent4-entertainment,30,3,3,1,521373,154628,173791,1,100,50,75,0,25,25,0,0,0,0,
720228,,BunFan Games LLC,bunfan-games-llc,30,1,1,0,521221,521221,521221,1,100,0,100,0,0,0,0,0,0,0,
11747,,Owlet,owlet,30,1,1,0,521220,521220,521220,1,100,100,0,100,100,0,100,100,0,0,
24217,,ADELTA,adelta,30,3,3,0,521116,79966,173705,0,33,0,33,100,0,0,0,0,0,0,Japan
1639525,,KAI GRAPHICS INC.,kai-graphics-inc,30,1,1,0,521012,521012,521012,0,0,100,0,0,0,0,100,0,0,0,
37819,,Dylan White,dylan-white,30,2,2,0,520583,260292,260292,2,100,0,0,0,0,100,100,0,0,0,
662456,,"faxdoc, happysquared, sunnydaze",faxdoc-happysquared-sunnydaze,30,1,1,0,520420,520420,520420,0,100,100,0,0,0,0,0,0,0,0,
46101,,Kela van der Deijl,kela-van-der-deijl,30,1,1,0,519755,519755,519755,0,100,0,0,100,0,0,0,0,0,0,
90119,,Jagex Ltd,jagex-ltd,30,3,3,0,519667,519667,173222,3,0,33,0,67,0,0,100,67,0,0,
22030,,Kodera Software,kodera-software,30,1,1,0,519654,519654,519654,1,100,100,0,0,100,0,0,0,0,0,
17639,,Kindred Games,kindred-games,30,1,1,1,519586,519586,519586,2,100,0,100,100,50,0,100,0,0,0,
18937,,LimboLane,limbolane,30,2,2,0,519387,519387,259694,2,100,0,100,50,0,0,0,0,0,0,
22487,,"Acceleroto, Inc.",acceleroto-inc,30,2,2,0,519256,259628,259628,2,0,50,0,0,0,0,0,0,50,0,
3918,,Active Gaming Media Inc.,active-gaming-media-inc,30,3,3,0,519072,150852,173024,1,33,67,33,67,0,0,0,0,0,0,
544954,,Nupu Neko Dev,nupu-neko-dev,30,3,3,2,518658,259329,172886,5,0,0,0,100,20,0,20,0,0,0,
17236,,Binogure Studio,binogure-studio,30,3,3,0,518655,2154,172885,3,67,33,100,33,67,67,0,33,0,0,France
17106,,Pipeworks Studios,pipeworks-studios,30,3,3,0,518473,0,172824,1,33,0,67,0,33,100,0,33,0,0,United States
32626,,Sushee,sushee,30,2,2,0,517921,258961,258961,0,50,50,0,50,0,50,0,0,0,0,France
17311,,Alessandro Roberti,alessandro-roberti,30,2,2,0,517739,258870,258870,2,100,0,0,0,50,0,100,0,0,0,
23803,,Polar Motion,polar-motion,30,1,1,1,517716,517716,517716,0,50,0,0,0,100,100,0,0,0,0,
27078,,Carsten Hölscher,carsten-h-lscher,30,1,1,0,517414,517414,517414,0,0,0,100,0,100,0,0,0,0,0,
2770,,HE SAW,he-saw,30,1,1,0,517372,517372,517372,1,0,100,0,0,0,0,0,0,0,0,
18636,,Osmose Studio,osmose-studio,30,2,2,1,517274,258637,258637,2,67,0,67,0,0,67,33,0,0,33,
11094,,Black Shell Media,black-shell-media,30,1,1,0,517244,517244,517244,0,100,100,100,100,0,100,100,0,0,0,United States
28935,,Nano Games sp. z o.o.,nano-games-sp-z-o-o,30,1,1,0,517110,517110,517110,0,0,0,100,0,100,0,0,0,0,0,Poland
14479,,Flying Cafe for Semianimals,flying-cafe-for-semianimals,30,1,1,0,517093,517093,517093,1,100,0,0,100,0,0,0,0,0,0,
43712,,Covenant.dev,covenant-dev,30,1,1,1,516637,516637,516637,1,100,50,0,100,50,50,0,0,0,0,Poland
45637,,Why485,why485,30,1,1,0,516486,516486,516486,0,0,100,0,0,100,0,0,0,0,0,
32009,,Grey Dog Software,grey-dog-software,30,6,6,0,515702,90972,85950,0,0,0,0,0,83,17,17,0,0,83,
31179,,Geniaware Srl,geniaware-srl,30,1,1,0,515670,515670,515670,0,100,0,0,0,100,100,0,0,0,100,
43755,,Rebound CG,rebound-cg,30,4,4,0,515574,134254,128894,4,75,0,0,0,100,100,0,0,50,100,
1222164,,Happy Monster Studio,happy-monster-studio,30,2,2,0,515570,257785,257785,0,50,50,50,0,0,0,0,0,0,50,Taiwan
5289,,AZAMATIKA,azamatika,30,6,6,0,515314,53070,85886,6,100,17,100,0,17,0,0,0,0,0,Russia
43926,,Honor Games,honor-games,30,7,7,6,514945,69577,73564,13,100,85,15,92,23,8,38,8,0,8,Kazakhstan
133670,,AG SOFT,ag-soft,30,2,2,0,514827,59459,257414,2,0,0,0,0,100,100,0,0,0,100,
30299,,"YGGDRAZIL GROUP PUBLIC CO., LTD.",yggdrazil-group-public-co-ltd,30,1,1,0,514716,514716,514716,0,100,100,0,100,0,0,0,0,0,0,
9681,,Exkee,exkee,30,3,3,1,514713,22723,171571,2,50,25,75,0,25,25,0,0,0,25,France
29497,,Storybird,storybird,30,3,3,0,514314,180671,171438,0,100,67,0,67,0,0,33,0,0,0,
2246,,Date Nighto,date-nighto,30,2,2,0,514313,257157,257157,2,100,0,50,50,0,0,0,0,0,0,
4588426,,BirdIsland/PortaPlay,birdisland-portaplay,30,2,2,0,513875,256938,256938,0,50,0,50,50,0,50,50,0,0,0,
1267,,Born Ready Games,born-ready-games,30,1,1,0,513844,513844,513844,1,100,100,0,0,0,0,0,0,0,0,United Kingdom
185174,,PROPHECY GAMES,prophecy-games,30,2,2,2,513739,513739,256870,4,0,100,0,0,0,0,0,0,0,25,United States
10122,,Big Fat Alien,big-fat-alien,30,2,2,0,513091,0,256546,1,100,50,0,100,0,50,50,0,0,0,
34270,,Casper Croes,casper-croes,30,1,1,0,512742,512742,512742,1,100,100,0,100,0,0,0,0,0,0,
4992926,,莓夜工作室,-,30,1,1,0,512417,512417,512417,1,100,0,0,100,0,0,100,0,0,0,
4010691,,Navegante,navegante,30,1,1,0,512284,512284,512284,0,100,100,0,100,0,0,0,0,0,0,
16585,,Bongfish GmbH,bongfish-gmbh,30,1,1,0,512174,512174,512174,1,0,100,0,0,0,0,0,0,100,0,
25026,,O.T.K Games,o-t-k-games,30,1,1,1,511454,511454,511454,0,100,100,0,100,50,0,100,0,0,0,
16593,,Rootless Studio,rootless-studio,30,1,1,0,511449,511449,511449,0,100,100,0,100,0,0,0,0,0,0,
31299,,Waffle,waffle,30,11,11,0,511257,42528,46478,0,45,18,27,100,9,0,18,0,0,0,
1733,,Alien Pixel Studios,alien-pixel-studios,30,3,3,0,510541,255271,170180,3,100,0,33,33,0,0,33,0,0,0,Romania
184210,,Anneka Tran,anneka-tran,30,1,1,0,510135,510135,510135,1,100,0,100,0,0,0,0,0,0,0,United Kingdom
10113,,Departure Interactive,departure-interactive,30,3,3,1,509885,126796,169962,4,100,50,75,100,100,0,100,0,0,0,
6050254,,紳士吉娃,-,30,2,2,0,509364,254682,254682,0,100,0,100,0,50,0,50,0,0,0,
46287,,Studio Ginkgo,studio-ginkgo,30,3,3,0,508714,182291,169571,3,100,33,67,67,33,33,67,0,0,0,
50677,,天津芸芸科技有限公司,-,30,1,1,0,508672,508672,508672,1,100,0,0,100,100,100,100,0,0,0,
30011,,Alex Piola,alex-piola,30,1,1,0,508628,0,508628,0,100,100,0,0,100,0,0,0,0,0,
27770,,SukeraSparo,sukerasparo,30,2,2,1,508587,254294,254294,0,67,0,0,100,0,0,0,0,0,0,Japan
2920,,RAZAR s.r.o.,razar-s-r-o,30,1,1,0,508578,508578,508578,1,100,0,0,100,100,0,0,0,0,0,
14600,,Tbjbu2,tbjbu2,30,13,13,8,508119,38714,39086,19,95,95,81,90,95,33,33,5,0,0,
31919,,ThroughLine Games,throughline-games,30,1,1,1,507998,507998,507998,0,100,100,50,100,0,0,50,0,0,0,Denmark
18250,,Vector Unit,vector-unit,30,4,4,0,507764,143005,126941,4,50,50,0,0,25,0,0,0,75,25,United States
2336,,trasnatech,trasnatech,30,1,1,0,507403,507403,507403,1,0,0,0,0,100,0,0,0,100,100,
15700,,Epiphany Games,epiphany-games,30,5,5,0,507205,32468,101441,1,80,60,0,20,20,40,40,0,0,0,Australia
2479,,Ionized Studios,ionized-studios,30,2,2,0,506959,506959,253480,2,100,100,0,0,100,0,0,0,0,0,
12897,,Polished Games,polished-games,30,2,2,0,506732,253366,253366,2,100,100,0,50,50,0,50,0,0,0,Poland
10956,,NVYVE® Studios,nvyve-studios,30,2,2,0,506712,253356,253356,2,100,100,0,50,0,0,0,0,0,0,
10164,,Trebuchet,trebuchet,30,3,3,1,506423,169151,168808,3,75,25,0,25,75,0,0,0,0,0,
1755788,,Nominia,nominia,30,1,1,0,506205,506205,506205,1,100,100,0,0,0,100,100,0,0,0,
2033732,,Cat Shine,cat-shine,30,1,1,0,505831,505831,505831,0,100,100,0,100,0,0,100,0,0,0,
14665,,Melancholia Studio,melancholia-studio,30,2,2,0,505695,252848,252848,1,100,100,0,50,0,50,50,0,0,0,
2997797,,Seikou Soft.,seikou-soft,30,1,1,0,505630,505630,505630,0,0,0,0,0,100,0,0,0,0,0,
5524332,,Eyad Alshafei,eyad-alshafei,30,1,1,0,505541,505541,505541,0,0,0,0,0,100,0,0,0,0,0,
15355,,The Secret Games Company,the-secret-games-company,30,3,3,0,505504,239974,168501,1,67,0,0,33,67,100,33,0,0,0,United Kingdom
38792,,Succubus Diary,succubus-diary,30,1,1,0,505185,505185,505185,0,100,0,0,0,0,0,100,0,0,0,Japan
24177,,Team6 game studios,team6-game-studios,30,5,5,0,504938,52740,100988,0,0,0,0,0,0,0,0,0,100,0,Netherlands
49510,,AKEL,akel,30,2,2,0,504370,504370,252185,0,100,0,0,0,100,0,0,0,0,0,France
290897,,Jun Takahashi,jun-takahashi,30,1,1,0,503483,503483,503483,1,0,0,0,0,0,0,100,0,0,0,
24256,,Gremlin Interactive,gremlin-interactive,30,17,17,0,502424,2625,29554,0,0,53,6,24,18,12,0,0,12,41,United Kingdom
23710,,BlueEagle Productions,blueeagle-productions,30,7,7,1,501615,14667,71659,0,88,100,13,63,13,0,13,0,0,0,
753,,MAGES,mages,30,2,2,1,501440,250720,250720,1,0,0,33,100,0,0,67,0,0,0,
8117,,Moonlit S.A.,moonlit-s-a,30,2,2,1,500855,250428,250428,1,67,33,67,0,67,0,0,0,0,0,
25847,,Digital Arrow,digital-arrow,30,2,2,0,500777,250389,250389,0,50,50,0,0,50,0,50,0,50,0,Serbia
23142,,"Games by Robert, LLC",games-by-robert-llc,30,1,1,0,500618,500618,500618,1,100,0,0,0,0,100,0,0,0,0,
5492542,,Nostalgames,nostalgames,30,4,4,1,500041,107793,125010,5,100,0,0,0,100,100,0,0,0,0,
25603,,Cosmo D,cosmo-d,30,3,3,0,499977,249989,166659,0,100,0,33,100,0,0,0,0,0,0,
34852,,Orca Layout,orca-layout,30,1,1,1,499813,499813,499813,1,100,0,0,50,0,0,50,0,0,0,
23586,,Wazen,wazen,30,1,1,1,499239,499239,499239,0,100,100,0,50,0,0,0,0,0,0,Japan
22731,,"Hassey Enterprises, Inc.",hassey-enterprises-inc,30,4,4,0,499048,452747,124762,4,100,50,25,25,0,50,0,25,0,0,
504873,,"ONGAKUKAN Co.,Ltd.",ongakukan-co-ltd,30,1,1,0,498441,498441,498441,0,0,0,0,0,100,0,0,0,0,0,
28651,,FCG,fcg,30,1,1,0,498189,498189,498189,0,100,0,100,0,0,100,0,0,0,0,
29813,,Beyond-Limits-Games,beyond-limits-games,30,1,1,0,498189,498189,498189,0,100,0,100,0,0,100,0,0,0,0,
2569950,,Denzone Games,denzone-games,30,1,1,0,497540,497540,497540,1,0,0,100,0,100,0,0,0,0,0,
22385,,Moondrop,moondrop,30,2,2,0,497522,248761,248761,1,100,0,50,100,0,0,0,0,0,0,Norway
33458,,Japanime Digital,japanime-digital,30,2,2,0,497167,248584,248584,0,100,0,50,0,50,100,50,0,0,0,
32454,,AZ-Art Development Studio,az-art-development-studio,30,1,1,0,497094,497094,497094,0,0,100,100,100,0,0,0,0,0,0,
2285,,Hidden Fields,hidden-fields,30,1,1,0,496999,496999,496999,0,100,100,0,100,0,0,0,0,0,0,
22382,,Huge Calf Studios,huge-calf-studios,30,3,3,0,496549,248275,165516,1,67,33,67,0,67,0,0,0,33,67,
24212,,Luna2 Studio,luna2-studio,30,2,2,0,496170,496170,248085,0,100,0,0,100,0,0,0,0,0,0,
13976,,Puuba,puuba,30,3,3,0,496091,83743,165364,2,100,100,0,0,0,0,67,0,0,0,United States
293032,,Gravity Lagoon,gravity-lagoon,30,3,3,0,495972,495972,165324,0,100,100,67,100,67,0,67,0,0,33,
25568,,We're Five Games,we-re-five-games,30,3,3,1,495848,247924,165283,0,100,100,50,75,50,0,0,0,25,0,United States
1336,,Artery Games,artery-games,30,2,2,1,495761,247881,247881,3,100,67,33,0,0,0,0,0,0,0,
746,,SimonCreative,simoncreative,30,6,6,0,495678,44017,82613,6,83,0,67,17,17,17,17,0,0,0,
50325,,FunGi,fungi,30,1,1,0,495057,495057,495057,0,100,0,0,0,100,100,0,0,0,0,
19592,,Team L.U.R.Id Glow,team-l-u-r-id-glow,30,1,1,0,494256,494256,494256,1,100,0,100,0,100,100,0,0,0,0,
4641,,Indiecode Games,indiecode-games,30,6,6,0,494113,0,82352,6,50,33,33,50,50,0,0,0,0,17,
18497,,Eclipse Games,eclipse-games,30,7,7,0,494096,36783,70585,5,100,43,14,14,0,0,0,0,43,43,Spain
1362,,Low Magic Studios,low-magic-studios,30,1,1,0,493706,493706,493706,1,100,0,100,100,0,100,100,0,0,0,
18217,,Wayward Prophet,wayward-prophet,30,2,2,0,492903,246452,246452,2,100,0,100,50,50,0,50,0,0,0,United States
29839,,Ganbarion,ganbarion,30,1,1,0,492812,492812,492812,0,0,100,0,100,0,0,0,0,0,0,Japan
42734,,Pirates Of The Digital Sea,pirates-of-the-digital-sea,30,20,20,0,492786,22616,24639,20,45,40,75,55,85,10,10,0,0,10,
10528,,Forceight,forceight,30,5,5,0,492645,54759,98529,5,80,80,60,0,80,0,0,0,20,20,
8487,,Cornered Rat Software,cornered-rat-software,30,1,1,1,492552,0,492552,0,100,100,50,0,100,50,50,50,0,0,
3052,,Silden,silden,30,6,6,0,492521,235551,82087,1,17,33,0,0,67,0,0,0,33,0,Poland
26785,,Shiny Entertainment,shiny-entertainment,30,5,5,0,492434,100007,98487,0,0,80,0,60,0,20,0,0,0,0,United States
9321,,Tunnel Vision Studio,tunnel-vision-studio,30,3,3,2,491921,9952,163974,4,60,80,40,60,60,20,0,0,0,0,
35284,,Melonsoda Soft,melonsoda-soft,30,1,1,0,491318,491318,491318,1,100,100,100,0,0,0,0,0,0,0,
25095,,Red Entertainment,red-entertainment,30,2,2,0,491273,245637,245637,0,0,0,0,100,0,0,0,0,0,0,Japan
29718,,SMAC Games,smac-games,30,1,1,0,491065,491065,491065,0,100,100,0,100,0,0,0,0,0,0,
19299,,Damian Sommer,damian-sommer,30,1,1,0,491021,491021,491021,1,100,0,0,0,0,0,100,0,0,0,
28834,,Emily Carroll,emily-carroll,30,1,1,0,491021,491021,491021,0,100,0,0,0,0,0,100,0,0,0,
31095,,Rogue Entertainment,rogue-entertainment,30,3,3,0,490918,403905,163639,0,0,100,0,0,0,0,33,0,0,0,United States
9122,,Turbo Pixel Studios,turbo-pixel-studios,30,1,1,0,490585,490585,490585,1,100,100,0,0,0,0,0,0,0,0,
31781,,Waterlily Games,waterlily-games,30,2,2,0,490509,245255,245255,0,0,0,100,100,0,0,0,0,0,0,
940074,,Dustfade,dustfade,30,1,1,0,490003,490003,490003,1,0,100,0,0,0,0,0,0,0,0,
44546,,YeMuNetWork,yemunetwork,30,1,1,0,489773,489773,489773,0,100,100,0,100,0,0,0,0,0,0,
7659,,Playwood Project,playwood-project,30,1,1,1,489488,489488,489488,1,50,0,0,0,0,100,100,0,0,0,Denmark
23987,,Future Games,future-games,30,1,1,0,488875,488875,488875,0,0,0,0,100,0,0,0,0,0,0,Czech Republic
26130,,Unknown Identity,unknown-identity,30,1,1,0,488875,488875,488875,0,0,0,0,100,0,0,0,0,0,0,
23884,,Stormregion,stormregion,30,4,4,0,488618,113322,122155,0,0,0,0,0,75,100,0,0,0,0,
5342,,Rocketeer Games Studio LLC,rocketeer-games-studio-llc,30,5,5,1,488304,488304,97661,6,100,100,67,17,50,0,0,0,0,0,
13932,,Damian Kubiak,damian-kubiak,30,1,1,0,488246,488246,488246,1,100,100,0,0,0,0,0,0,0,0,
12178,,Seaven Studio,seaven-studio,30,3,3,0,487858,169754,162619,1,100,67,67,0,0,0,0,0,0,0,France
29680,,Ankake Spa,ankake-spa,30,2,2,0,487716,243858,243858,0,50,100,0,50,0,0,100,0,0,0,Japan
27543,,Grey Wolf Entertainment,grey-wolf-entertainment,30,2,2,1,487084,243542,243542,0,100,33,0,33,0,67,33,0,0,0,
44313,,Atomic Elbow,atomic-elbow,30,3,3,0,486654,243027,162218,3,100,33,67,33,33,0,33,0,0,0,Sweden
41990,,TipsWorks,tipsworks,30,1,1,0,486560,486560,486560,0,0,100,0,100,0,0,100,0,0,0,
26287,,Rage Software,rage-software,30,10,10,0,485798,4383,48580,0,10,60,10,10,0,20,0,0,30,20,United Kingdom
9652,,KADOKAWA CORPORATION,kadokawa-corporation,30,6,6,0,485766,74501,80961,0,50,83,33,17,0,0,17,0,0,0,Japan
12493,,Hexdraw,hexdraw,30,2,2,0,485519,242760,242760,0,100,50,0,0,100,100,0,0,0,0,
31353,,Happy Ray Games,happy-ray-games,30,1,1,0,485377,485377,485377,0,100,0,0,0,0,0,100,0,0,0,
8739,,Apogee Software,apogee-software,30,5,5,0,484776,32346,96955,0,0,100,0,0,0,0,0,0,0,0,United States
30912,,makaroll,makaroll,30,2,2,0,484355,242178,242178,0,100,0,0,0,0,100,0,0,0,0,
1640773,,Different Sense Games,different-sense-games,30,1,1,0,484195,484195,484195,0,100,0,0,100,0,0,100,0,0,0,
35747,,INDICAVA INTERACTIVE,indicava-interactive,30,1,1,0,484072,484072,484072,1,100,0,0,0,100,100,100,0,0,0,
10281,,Freaking Games,freaking-games,30,1,1,1,483819,483819,483819,1,100,0,100,0,100,50,0,0,0,0,
43833,,So Far So Good,so-far-so-good,30,1,1,0,483496,483496,483496,1,100,0,100,0,0,0,0,0,0,0,
18932,,2Awesome Studio,2awesome-studio,30,4,4,1,483431,35446,120858,1,100,100,20,20,0,0,0,0,0,0,Spain
8351,,Erotes studio,erotes-studio,30,5,5,1,483205,20940,96641,6,100,0,17,100,0,0,0,0,0,0,
6527,,Pixel Forest Games,pixel-forest-games,30,1,1,2,483134,483134,483134,3,100,33,67,33,100,0,0,0,0,0,
26908,,On Target Simulations,on-target-simulations,30,2,2,0,483118,241559,241559,0,0,0,0,0,0,100,0,0,0,0,
3870675,,柚元(上海)文化传媒有限公司,-,30,1,1,0,483117,483117,483117,1,100,0,100,0,100,0,100,0,0,0,
19875,,Endroad,endroad,30,2,2,0,483086,241543,241543,1,50,100,0,100,0,0,0,0,0,0,
10084,,Timesymmetry,timesymmetry,30,1,1,1,482540,482540,482540,1,100,50,0,0,50,50,0,0,0,0,
43568,,Revolution Industry,revolution-industry,30,1,1,0,482398,482398,482398,0,0,100,0,100,100,100,100,0,0,0,
69038,,SOFTSTAR TECHNOLOGY(BEIJING),softstar-technology-beijing,30,4,4,0,482379,81592,120595,1,0,0,0,0,0,0,100,0,0,0,
1091,,Strelka Games,strelka-games,30,4,4,1,481960,114601,120490,2,100,20,80,40,40,20,0,0,40,80,
38938,,STUDIO N9,studio-n9,30,2,2,0,481453,240727,240727,0,50,50,50,50,0,50,50,0,0,0,
297708,,YYZ,yyz,30,1,1,0,481391,481391,481391,0,100,0,100,0,100,100,0,0,0,0,
3761,,ZackBellGames,zackbellgames,30,1,1,0,481326,481326,481326,1,100,100,0,100,0,0,0,0,0,0,
42263,,DreamWay Games,dreamway-games,30,3,3,0,481218,240609,160406,0,33,33,33,0,100,67,0,0,0,0,
31474,,Pulsetense Games,pulsetense-games,30,1,1,0,480654,0,480654,0,100,0,0,100,0,0,0,0,0,0,
3777,,Immersive VR Education Ltd.,immersive-vr-education-ltd,30,7,7,0,480480,87664,68640,7,14,29,0,43,71,0,0,0,0,0,
32708,,NanaWind,nanawind,30,2,2,0,480293,240147,240147,0,0,0,100,100,0,0,0,0,0,0,
1397350,,Bitfall Studios,bitfall-studios,30,1,1,0,479282,479282,479282,0,100,0,100,0,100,100,0,0,0,0,Germany
6387313,,The Stranger,the-stranger,30,1,1,0,478972,478972,478972,1,100,0,0,0,100,100,0,0,0,0,
25411,,GRIN,grin,30,2,2,0,478387,478387,239194,0,50,100,0,50,0,0,0,0,0,0,Sweden
30192,,Team ARCANA,team-arcana,30,2,2,1,478360,239180,239180,1,0,100,0,0,0,0,0,0,0,0,Japan
48705,,Crater Studios,crater-studios,30,2,2,1,478290,478290,239145,3,33,67,33,33,33,0,67,0,33,0,
1639762,,Absolutely Games,absolutely-games,30,1,1,1,478002,478002,478002,1,50,0,50,0,50,100,50,0,0,0,United Kingdom
13374,,Black Lime Studio,black-lime-studio,30,8,8,0,477986,47440,59748,8,75,63,38,0,0,25,0,0,0,0,
15080,,Retrific,retrific,30,4,4,0,477651,40924,119413,3,100,75,100,25,0,0,25,0,50,25,Germany
23992,,doublesix,doublesix,30,1,1,0,477570,477570,477570,0,0,100,0,0,0,0,0,0,0,0,
24115,,Skilltree Studios,skilltree-studios,30,1,1,0,477177,477177,477177,0,0,0,0,0,100,100,0,0,0,0,
31052,,Moonana,moonana,30,6,6,1,476841,23350,79474,4,86,14,0,29,0,14,86,0,0,0,
29247,,Bit Loom Games,bit-loom-games,30,1,1,0,476787,476787,476787,0,100,0,100,100,0,0,0,0,0,0,
26447,,Cranberry Production,cranberry-production,30,3,3,0,476740,186300,158913,0,0,0,0,100,0,0,0,0,0,0,
5146334,,ComCODE,comcode,30,1,1,0,476670,476670,476670,1,100,0,0,0,100,0,100,100,0,0,
1060513,,MVR,mvr,30,1,1,0,476337,476337,476337,1,0,100,0,100,0,0,100,0,0,0,
39621,,StarryStarry,starrystarry,30,1,1,0,476114,476114,476114,0,100,0,0,100,0,0,0,0,0,0,China
8290281,,Ivan Venturi Productions,ivan-venturi-productions,30,1,1,0,475523,475523,475523,0,100,0,0,0,100,100,0,0,0,0,
7441015,,Earn Alliance,earn-alliance,30,1,1,0,475444,475444,475444,1,100,100,0,100,0,0,0,100,0,0,Singapore
7711195,,Renderer Game Studios,renderer-game-studios,30,1,1,0,475444,475444,475444,0,100,100,0,100,0,0,0,100,0,0,
8319,,Triple Rush Games,triple-rush-games,30,2,2,0,474902,237451,237451,2,100,50,50,0,50,0,0,50,0,0,
3436,,Treexy,treexy,30,1,1,0,474883,0,474883,1,100,0,0,0,0,0,0,0,0,0,
29548,,Ashdar Games,ashdar-games,30,1,1,0,474849,474849,474849,0,100,0,0,0,0,100,0,0,0,0,
2402,,RandomSpin,randomspin,30,14,14,1,474838,1499,33917,15,47,40,40,7,27,0,0,0,7,7,
32566,,Last BeNeVoLeNcE,last-benevolence,30,1,1,1,474503,474503,474503,0,100,100,50,100,0,0,100,0,0,0,
9839,,Key17 Games,key17-games,30,2,2,0,474420,473041,237210,1,50,50,50,0,0,0,100,0,0,0,
4740,,Blender Games,blender-games,30,80,80,1,474262,772,5928,81,100,4,100,88,85,86,0,0,0,0,
25042,,Bad Yolk Games,bad-yolk-games,30,1,1,0,474216,474216,474216,0,0,0,0,0,100,0,0,0,0,0,
34429,,Noto Muteki,noto-muteki,30,2,2,0,474000,237000,237000,2,100,100,50,0,0,0,0,0,0,0,
42420,,Glee-Cheese Studio,glee-cheese-studio,30,2,2,0,473573,236787,236787,0,50,0,100,50,0,0,0,0,0,0,
27297,,Gojira,gojira,30,1,1,0,473455,473455,473455,0,100,0,100,100,0,0,0,0,0,0,Portugal
17198,,Super Punk Games,super-punk-games,30,1,1,0,473110,0,473110,1,100,100,0,100,100,100,0,0,0,0,United Kingdom
10693,,SilverBlade,silverblade,30,5,5,0,473032,1656,94606,3,80,0,40,40,20,40,80,0,0,0,China
4676,,Kerberos Productions Inc.,kerberos-productions-inc,30,4,4,0,472622,119273,118156,3,75,50,25,0,0,75,25,0,0,0,
25093,,LABS Works,labs-works,30,1,1,1,472356,472356,472356,0,50,100,50,100,0,0,0,0,0,0,
30083,,Cinopt Studios,cinopt-studios,30,1,1,0,472301,472301,472301,0,100,0,0,0,0,0,0,0,0,0,
32200,,Level 91 Entertainment,level-91-entertainment,30,2,2,0,472123,472123,236062,0,50,0,0,0,0,0,0,0,100,0,
23800,,CookieByte Entertainment,cookiebyte-entertainment,30,1,1,0,472099,472099,472099,0,100,0,0,0,0,100,0,0,0,0,Israel
19134,,EJRGames,ejrgames,30,10,10,2,471903,2430,47190,11,100,33,42,58,8,25,25,0,0,0,Poland
504548,,Noname Studios,noname-studios,30,1,1,0,471810,471810,471810,0,0,100,0,100,0,100,100,0,0,0,
20681,,Fractal Phase,fractal-phase,30,2,2,0,471646,235823,235823,2,100,50,50,0,100,0,0,0,0,0,Canada
3399,,LLC Blini Games,llc-blini-games,30,5,5,0,471615,70979,94323,2,100,100,0,60,0,0,80,0,0,0,
24913,,Balio Studio,balio-studio,30,9,9,0,471568,11711,52396,0,0,56,56,89,11,0,0,0,0,22,Belgium
38387,,Moonfire Entertainment,moonfire-entertainment,30,1,1,0,471321,471321,471321,1,100,100,0,100,100,0,0,0,0,0,
11545,,Nemesys Games,nemesys-games,30,4,4,1,471015,82875,117754,5,80,0,60,0,20,0,0,0,20,0,Hungary
30600,,tensun3d,tensun3d,30,3,3,0,470905,228139,156968,0,100,100,0,33,0,0,100,0,0,0,
7067,,phime studio LLC,phime-studio-llc,30,8,8,0,469690,60561,58711,8,88,50,63,38,0,0,0,0,0,0,
25513,,Mazjojo Productions,mazjojo-productions,30,1,1,0,469366,469366,469366,0,100,0,100,0,100,0,0,0,0,0,
15644,,Reason Generator Inc.,reason-generator-inc,30,1,1,0,469120,469120,469120,1,100,0,0,0,100,0,100,0,0,0,
49619,,Dark One!,dark-one,30,4,4,0,469020,117165,117255,0,0,0,0,100,25,0,0,0,0,0,Japan
76306,,4Fishing,4fishing,30,1,1,0,468928,468928,468928,0,100,0,0,100,100,0,0,0,0,0,
36341,,Turquoise Revival Games,turquoise-revival-games,30,11,11,0,468613,75025,42601,2,100,18,36,18,82,55,18,0,0,0,
32741,,Cape Copenhagen,cape-copenhagen,30,1,1,0,468379,468379,468379,0,0,0,0,0,100,0,0,0,0,0,
21759,,DANG!,dang,30,1,1,1,468258,468258,468258,1,100,50,0,0,50,0,0,0,0,0,
30693,,"Gunpowder Games, Inc.",gunpowder-games-inc,30,1,1,0,468248,0,468248,0,100,100,0,100,100,100,0,100,0,0,
3979634,,Tideturners,tideturners,30,1,1,2,468248,0,468248,2,33,100,67,67,67,33,0,33,0,0,
523,,FOAM Entertainment,foam-entertainment,30,1,1,0,468079,0,468079,1,100,0,100,0,0,0,0,0,100,0,
36143,,Steelpan Interactive,steelpan-interactive,30,1,1,0,467936,467936,467936,1,100,100,0,0,0,0,0,0,100,100,
45934,,Galactic Workshop,galactic-workshop,30,2,2,0,467829,467829,233915,2,100,50,100,50,100,0,0,0,0,0,
13630,,HFTGames,hftgames,30,13,13,0,467818,20136,35986,13,8,0,100,23,54,0,15,0,0,0,
6070,,Lightning Man Media,lightning-man-media,30,3,3,0,467684,38848,155895,3,67,0,0,67,0,33,0,0,0,0,
8671,,Sweet Dog Studios,sweet-dog-studios,30,1,1,0,467410,467410,467410,1,100,100,100,100,0,0,100,0,0,0,
8152,,Glob Games Studio,glob-games-studio,30,3,3,5,467261,233631,155754,4,88,50,13,38,88,0,0,0,0,0,
1926,, HongShou Studio,hongshou-studio,30,2,2,0,466656,233328,233328,1,100,0,0,50,0,50,0,0,0,0,
23531,,Fourattic,fourattic,30,1,1,0,466135,466135,466135,0,100,100,0,100,0,0,0,0,0,0,Spain
24240,,Zeppelin Studio,zeppelin-studio,30,1,1,0,466103,466103,466103,0,100,100,0,100,0,0,0,0,0,0,Austria
10239,,Poppy Works,poppy-works,30,3,3,0,465458,204944,155153,0,0,33,0,0,0,0,67,0,0,0,United States
20099,,Celeris,celeris,30,2,2,0,465180,465180,232590,2,0,0,0,0,0,0,0,0,0,100,United States
186202,,Parallel Portal,parallel-portal,30,1,1,0,464910,464910,464910,0,100,100,100,100,0,0,100,0,0,0,
28509,,Visustella,visustella,30,1,1,1,464879,464879,464879,0,50,0,50,100,0,0,100,0,0,0,
29423,,The Bitfather,the-bitfather,30,1,1,1,464786,464786,464786,0,100,50,0,50,0,0,100,0,0,0,Germany
807112,,Giant Grey,giant-grey,30,1,1,0,464775,464775,464775,1,100,0,0,0,0,100,0,0,0,0,
31165,,中子星游戏研究所,-,30,2,2,1,464179,352613,232090,0,100,0,0,33,0,100,67,0,0,0,
95,,Blindflug Studios AG,blindflug-studios-ag,30,4,4,1,463884,44666,115971,5,80,60,20,20,40,60,0,0,0,0,
6548224,,Mistwalker Corporation,mistwalker-corporation,30,1,1,0,463422,463422,463422,0,0,0,0,0,0,0,100,0,0,0,
7294,,EnsenaSoft,ensenasoft,30,40,40,0,463302,11841,11583,40,25,23,93,15,10,15,0,0,3,3,Mexico
27970,,Tim Conkling,tim-conkling,30,1,1,0,463178,463178,463178,0,100,0,0,0,0,100,0,0,0,0,
12686,,White Cat,white-cat,30,2,2,0,462379,231190,231190,2,100,0,0,100,50,0,50,0,0,0,
2296021,,穴居液体 Cave Liquid,cave-liquid,30,2,2,1,462177,231089,231089,3,100,33,67,33,100,0,67,0,0,0,
4044,,Arcen Games,arcen-games,30,1,1,0,462070,462070,462070,0,0,0,0,0,100,100,100,0,0,0,United States
24032,,Wooden Monkeys,wooden-monkeys,30,3,3,0,461755,230878,153918,0,33,0,0,100,100,33,0,0,0,0,
50067,,Aniya Games Studio,aniya-games-studio,30,2,2,0,461432,461432,230716,0,100,0,100,100,100,50,100,0,0,0,
9692,,Pixbits,pixbits,30,2,2,0,461113,230557,230557,2,50,50,0,50,50,50,0,0,0,0,
48675,,Sonic Powered,sonic-powered,30,1,1,0,461006,461006,461006,0,0,100,0,0,100,100,0,0,0,0,Japan
188179,,Subcult Joint LTD,subcult-joint-ltd,30,1,1,0,460868,460868,460868,0,100,100,0,100,0,0,100,0,0,0,
27012,,Happy Tuesday,happy-tuesday,30,1,1,0,460610,460610,460610,0,100,100,0,0,0,100,100,0,0,0,
37256,,Better Than Life,better-than-life,30,2,2,0,460138,460138,230069,1,100,0,100,50,50,0,0,0,50,50,
8016,,Ackk Studios,ackk-studios,30,3,3,0,459843,378436,153281,1,100,33,0,33,0,0,100,0,0,0,United States
26748,,Cavedog Entertainment,cavedog-entertainment,30,1,1,0,458985,458985,458985,0,0,0,0,0,0,100,0,0,0,0,United States
24853,,Planet Alpha ApS,planet-alpha-aps,30,1,1,0,458655,458655,458655,0,100,100,0,100,0,0,0,0,0,0,Denmark
28664,,Svarog Studios,svarog-studios,30,3,3,0,458083,199156,152694,0,100,100,100,0,33,0,0,0,0,0,
53951,,Coin Crew Games,coin-crew-games,30,1,1,0,457369,457369,457369,0,0,0,0,100,0,0,0,0,0,0,
24925,,Richard Keene,richard-keene,30,1,1,0,457267,457267,457267,0,100,0,0,0,0,100,0,0,0,0,
27551,,Quadro Delta,quadro-delta,30,1,1,0,457264,457264,457264,0,100,100,0,100,100,0,100,0,0,0,
9477,,Khor Chin Heong,khor-chin-heong,30,2,2,1,457181,228591,228591,3,100,67,0,33,100,0,33,0,0,0,
2999265,,newobject,newobject,30,1,1,0,457096,457096,457096,0,100,0,100,0,0,100,0,0,0,0,
28095,,parade,parade,30,3,3,0,457053,148764,152351,0,100,0,0,33,0,0,0,0,0,0,
53682,,HeartCoreDev,heartcoredev,30,3,3,1,457031,80467,152344,3,100,0,100,25,75,0,25,0,0,0,
4237610,,Falling Saints,falling-saints,30,1,1,0,456952,456952,456952,1,100,100,100,0,100,0,0,0,100,0,
4860,,Terror Dog Studio,terror-dog-studio,30,4,4,0,456672,66167,114168,4,75,50,100,100,0,100,0,0,0,0,
29973,,Akiragoya,akiragoya,30,3,3,0,456589,15640,152196,0,100,100,67,0,0,0,0,0,0,0,Japan
20143,,Checkmaty,checkmaty,30,2,2,0,456446,228223,228223,2,100,100,0,50,0,50,0,0,0,0,
10840,,Atomic Wolf,atomic-wolf,30,5,5,1,456271,83825,91254,2,83,83,17,50,17,33,17,0,0,0,
22896,,"Honor Code, Inc.",honor-code-inc,30,1,1,0,456031,456031,456031,1,100,0,0,100,0,0,0,0,0,0,
21989,,Doomster Entertainment,doomster-entertainment,30,6,6,1,455250,85575,75875,7,100,14,43,43,0,0,14,0,0,14,
11580,,Batholith Entertainment,batholith-entertainment,30,4,4,0,454998,93835,113750,3,100,25,75,25,50,100,100,0,0,0,
16804,,Tequilabyte Studio,tequilabyte-studio,30,2,2,0,454778,227389,227389,1,100,100,0,100,50,0,0,0,0,0,
21430,,Dischan Media,dischan-media,30,4,4,0,454620,101690,113655,3,75,25,75,50,0,0,25,0,0,0,
15452,,Bulbware,bulbware,30,1,1,3,454483,454483,454483,4,75,50,0,100,0,0,0,0,0,0,
143382,,SOFTSTAR TECHNOLOGY(SHANGHAI),softstar-technology-shanghai,30,3,3,0,454364,84302,151455,0,0,0,0,0,0,0,100,0,0,0,
16732,,Gambit Games Studio,gambit-games-studio,30,1,1,3,454075,454075,454075,0,50,25,25,50,25,75,0,0,0,0,Poland
3444788,,FooxiedGames,fooxiedgames,30,1,1,0,453982,453982,453982,1,100,100,100,100,0,0,0,0,0,0,
38323,,Torple Dook,torple-dook,30,5,5,0,453763,86138,90753,0,60,80,0,60,0,0,20,0,0,0,
15709,,Bit2Good Ug,bit2good-ug,30,2,2,0,453244,0,226622,2,100,100,100,50,0,0,0,0,50,0,
4301,,Nawia Games,nawia-games,30,3,3,0,453054,163672,151018,1,100,67,67,33,0,33,0,0,0,0,Poland
1634001,,Estoty,estoty,30,5,5,0,452866,3571,90573,0,0,100,20,60,20,0,0,0,0,0,
54540,,Big Z Studios Inc.,big-z-studios-inc,30,1,1,0,452701,452701,452701,0,0,100,0,0,0,0,0,0,0,0,
4334,,DNVR Prod,dnvr-prod,30,1,1,0,452683,452683,452683,1,100,0,100,0,0,0,0,0,100,0,
27437,,Sproing,sproing,30,6,6,0,452004,40559,75334,0,0,0,67,0,100,33,17,0,0,33,
23540,,Texic,texic,30,2,2,0,451834,225917,225917,0,50,0,100,100,0,0,50,0,0,0,
12681,,TenkLabs,tenklabs,30,1,1,0,451677,451677,451677,1,0,0,0,0,0,0,0,0,0,0,
39813,,Main Tank Software,main-tank-software,30,1,1,0,451513,451513,451513,0,100,0,0,0,100,100,0,0,0,0,
29258,,Gamexel Studio,gamexel-studio,30,1,1,0,451499,451499,451499,0,100,0,0,100,100,100,100,0,0,0,
39638,,Undergrad Steve,undergrad-steve,30,2,2,0,451280,451280,225640,2,100,0,100,100,0,0,0,0,0,0,
30676,,Centauri Production,centauri-production,30,5,5,0,450724,116145,90145,0,20,20,20,60,0,0,0,0,0,0,Czech Republic
185225,,Chi Entertainment Corp.,chi-entertainment-corp,30,1,1,0,449412,449412,449412,1,100,100,0,100,0,0,100,0,0,0,
1806,,Smudged Cat Games Ltd,smudged-cat-games-ltd,30,3,3,0,449270,85124,149757,3,100,0,0,0,0,0,0,0,0,0,
13019,,Tiny Mold,tiny-mold,30,1,1,2,449242,449242,449242,3,100,67,0,100,0,0,33,0,0,0,Slovenia
12748,,Homegrown Games,homegrown-games,30,3,3,2,449159,214118,149720,0,80,60,20,80,0,20,20,0,0,0,
293034,,Panik Arcade,panik-arcade,30,1,1,1,449146,449146,449146,1,50,50,0,50,0,50,0,0,0,0,Italy
40630,,STEREO GAMES S.A.,stereo-games-s-a,30,2,2,3,448749,448749,224375,1,80,20,20,0,100,80,0,0,20,20,
12791,,IR Studio,ir-studio,30,74,74,0,448410,689,6060,74,88,1,99,0,0,0,0,0,0,0,
7828482,,SUPERLOU,superlou,30,1,1,0,448297,448297,448297,1,100,100,0,100,0,0,0,0,0,0,
940748,,SinginGiant,singingiant,30,2,2,0,447890,223945,223945,2,100,100,50,0,0,0,50,0,0,0,Turkey
18919,,Kinto Games LLC,kinto-games-llc,30,4,4,0,447833,23396,111958,4,100,100,0,100,0,0,75,25,0,0,
29914,,"TABOT, inc.",tabot-inc,30,1,1,0,447791,447791,447791,0,0,0,100,100,100,0,100,0,0,0,Japan
29437,,Colin Northway with art by Thomas Shahan,colin-northway-with-art-by-thomas-shahan,30,1,1,0,446928,446928,446928,0,100,100,100,100,100,0,0,0,0,0,
17512,,Stolen Couch Games,stolen-couch-games,30,3,3,0,446862,191827,148954,3,100,0,100,33,67,33,33,0,0,0,
26076,,Happy Volcano,happy-volcano,30,2,2,1,446827,223414,223414,0,67,33,0,33,33,0,0,0,33,33,Belgium
20916,,Gaugepunk Games,gaugepunk-games,30,3,3,0,446795,11356,148932,3,67,0,100,67,33,0,0,0,0,0,New Zealand
17584,,Skeleton Crew Studios,skeleton-crew-studios,30,2,2,0,446787,223394,223394,1,100,50,100,100,0,50,0,0,0,0,
26041,,Desert Fox,desert-fox,30,9,9,1,446365,7831,49596,8,100,0,10,100,0,0,0,0,0,0,
12411,,BeardedBrothers.Games,beardedbrothers-games,30,4,4,2,446350,222175,111588,6,17,17,17,0,67,33,50,0,17,0,Poland
894,,Immortal Hand Studios,immortal-hand-studios,30,2,2,0,445732,222866,222866,1,100,100,0,100,100,50,100,50,0,0,
36983,,Soaring Pixels Games,soaring-pixels-games,30,1,1,0,445573,445573,445573,1,100,100,0,100,100,0,0,0,0,0,
24744,,Locked Door Puzzle,locked-door-puzzle,30,4,4,0,445492,79130,111373,0,75,0,0,75,25,0,0,0,0,0,
1296,,Neverworks Games,neverworks-games,30,2,2,1,445161,222581,222581,3,100,33,33,0,0,33,67,0,0,0,United States
30447,,Kazuya,kazuya,30,2,2,0,444948,430321,222474,0,100,100,0,50,0,0,100,0,0,0,
25348,,WindThunder Studio,windthunder-studio,30,3,3,0,444935,215904,148312,0,33,33,0,67,0,0,100,33,0,0,
17502,,Green Sauce Games,green-sauce-games,30,19,19,0,444707,3216,23406,17,95,5,100,32,0,5,0,0,0,5,Brazil
10977,,Sapphire Dragon Productions,sapphire-dragon-productions,30,15,15,1,444651,15018,29643,16,75,0,81,63,69,0,6,0,0,0,
29201,,Layopi Games,layopi-games,30,1,1,0,444296,444296,444296,0,100,100,0,100,0,0,0,0,0,0,Poland
30126,,Explosm,explosm,30,1,1,0,444025,444025,444025,0,100,0,100,100,0,0,0,0,0,0,
7020,,OMNIDREAM CREATIONS,omnidream-creations,30,4,4,0,443958,93229,110990,4,100,75,0,0,0,25,0,0,0,0,
6347,,Wolverine Studios,wolverine-studios,30,37,37,0,443870,11880,11996,35,95,0,0,0,100,81,0,0,0,97,
70577,,BancyCo,bancyco,30,4,4,0,443377,13750,110844,4,75,50,0,100,25,0,0,0,0,0,Canada
469,,ROSEVERTE,roseverte,30,12,12,0,443373,24565,36948,12,100,0,92,100,50,0,0,0,0,0,Japan
38371,,ARZEST Corp.,arzest-corp,30,1,1,0,442809,442809,442809,0,0,100,0,0,0,0,0,0,0,0,
2221,,ARS GOETIA,ars-goetia,30,2,2,0,442785,221393,221393,1,100,0,50,100,0,50,100,0,0,0,
38810,,Lunheim Studios,lunheim-studios,30,3,3,1,442438,221219,147479,2,50,0,25,0,100,75,0,25,0,0,
4073613,,Tann,tann,30,1,1,0,442358,442358,442358,1,100,0,100,0,0,100,100,0,0,0,
1287,,Sundew Studios,sundew-studios,30,2,2,0,442116,221058,221058,2,100,0,0,50,50,0,0,0,0,0,
5698,,Kitsune Games,kitsune-games,30,3,3,1,441839,93538,147280,4,100,50,50,75,25,50,25,0,0,0,
1740,,Jacob Janerka,jacob-janerka,30,1,1,1,441827,441827,441827,1,100,0,0,100,0,0,0,0,0,0,
46919,,Virgula Leal,virgula-leal,30,3,3,0,441383,220692,147128,0,100,0,33,0,67,0,33,0,0,0,
324403,,Stonebrick Studios,stonebrick-studios,30,1,1,0,441375,441375,441375,1,100,0,0,100,0,0,0,0,0,0,
26923,,Jerzie,jerzie,30,1,1,0,441367,441367,441367,0,0,0,100,100,0,100,0,0,0,0,
31690,,Caipirinha Games,caipirinha-games,30,11,11,0,440368,25304,40033,0,9,18,73,27,55,0,9,0,9,9,Germany
51912,,Strategy Game Studio,strategy-game-studio,30,18,18,2,439646,9254,24425,0,0,0,0,0,35,100,0,0,0,0,
2725916,,Limited Run Games,limited-run-games,30,5,5,3,439301,57956,87860,3,0,88,0,75,0,0,0,0,0,0,
25362,,Liquid Entertainment,liquid-entertainment,30,2,2,0,439173,123509,219587,0,50,50,0,0,0,50,50,0,0,0,United States
27312,,Ignatus Zuk and Gonzalo Villagomez,ignatus-zuk-and-gonzalo-villagomez,30,1,1,0,439045,439045,439045,0,100,100,0,0,0,0,0,0,0,0,
13579,,Ovid Works,ovid-works,30,4,4,0,438723,40414,109681,2,75,75,0,75,50,0,0,0,0,0,
941197,,Balloon Studios,balloon-studios,30,1,1,0,438582,438582,438582,0,0,0,0,100,0,0,0,0,0,0,United Kingdom
185541,,Twisted Corridor,twisted-corridor,30,1,1,0,438328,438328,438328,1,100,100,0,0,0,0,0,0,0,0,
7504,,Flox Studios,flox-studios,30,4,4,1,438216,105464,109554,5,40,60,20,20,40,40,20,0,0,0,
29545,,Kiro'o Games,kiro-o-games,30,1,1,0,437842,437842,437842,0,100,0,0,0,0,0,100,0,0,0,Cameroon
13547,,Unlok,unlok,30,1,1,0,437638,437638,437638,1,100,0,0,100,100,0,100,0,0,0,Canada
15514,,The Deep End Games,the-deep-end-games,30,2,2,0,437558,218779,218779,1,100,50,0,100,0,0,50,0,0,0,United States
8044,,Specialbit Studio,specialbit-studio,30,7,7,1,437494,39603,62499,8,100,0,63,88,0,0,0,0,0,0,
648,,Caustic Reality,caustic-reality,30,1,1,0,437218,437218,437218,1,100,0,0,100,0,0,0,0,0,0,Australia
28883,,Teku Studios,teku-studios,30,1,1,0,436748,436748,436748,0,100,0,0,100,0,0,0,0,0,0,Spain
43733,,上海润梦网络科技有限公司,-,30,1,1,0,436598,436598,436598,0,0,100,0,100,0,0,100,100,0,0,
225335,,心流工作室（Heart Stream Studio）,heart-stream-studio,30,2,2,0,436547,218274,218274,2,100,0,100,50,50,0,50,0,0,0,
26467,,Ominux Games,ominux-games,30,1,1,0,436047,436047,436047,0,100,0,0,0,100,100,0,0,0,0,
11719,,BulatHard,bulathard,30,5,5,0,435882,1715,87176,5,100,20,100,20,0,0,0,0,0,40,
32075,,AHEARTFULOFGAMES,aheartfulofgames,30,4,4,0,435786,61609,108947,1,25,100,0,100,0,0,0,0,0,0,Spain
24073,,Sami Maaranen (creator),sami-maaranen-creator,30,1,1,0,435768,435768,435768,0,100,0,0,0,100,100,100,0,0,0,
30566,,Erkka Lehmus (co-designer),erkka-lehmus-co-designer,30,1,1,0,435768,435768,435768,0,100,0,0,0,100,100,100,0,0,0,
293000,,Thunderoak Interactive,thunderoak-interactive,30,1,1,0,435203,435203,435203,1,0,0,0,0,0,100,100,0,0,0,Netherlands
25482,,Benjamin Davis,benjamin-davis,30,2,2,0,435009,217505,217505,0,100,0,0,0,0,0,0,0,0,0,
1052404,,Ondrej Homola,ondrej-homola,30,1,1,0,434621,434621,434621,1,100,0,0,0,0,100,0,0,0,0,
20152,,BlueLine Games,blueline-games,30,6,6,0,434443,80365,72407,6,100,0,83,0,0,100,0,0,0,0,
6684,,Pyrodactyl,pyrodactyl,30,3,3,0,434073,120881,144691,3,100,67,0,33,0,0,100,0,0,0,
11507,,Headup,headup,30,2,2,0,434067,217034,217034,2,100,50,50,50,0,0,50,0,0,0,
9140860,,大聪明工作室,-,30,1,1,0,433374,433374,433374,0,100,0,0,100,0,0,100,0,0,0,
32728,,Mission Critical Studios,mission-critical-studios,30,4,4,0,432245,1440,108061,1,100,75,25,25,25,0,0,0,0,0,
30531,,Altar Games,altar-games,30,3,3,0,432141,102721,144047,0,100,0,33,0,0,67,0,0,0,0,Czech Republic
4059537,,Eric Rodríguez,eric-rodr-guez,30,1,1,0,431811,431811,431811,0,100,0,100,0,100,0,100,0,0,0,
940773,,ichbinhamma,ichbinhamma,30,1,1,0,431806,431806,431806,1,100,0,100,100,0,100,100,0,0,0,
28652,,I-Inferno,i-inferno,30,1,1,0,431324,431324,431324,0,100,0,0,0,100,0,0,0,0,0,
40970,,Bobby Two Hands,bobby-two-hands,30,2,2,0,431247,215624,215624,1,0,0,0,0,100,100,0,0,0,0,
11016,,Brogames,brogames,30,1,1,0,431065,431065,431065,0,100,100,100,0,0,0,0,0,0,0,
18477,,Rocket Flair Studios,rocket-flair-studios,30,1,1,1,431015,431015,431015,0,100,50,50,50,100,100,0,0,0,0,
25098,,INTERMARUM,intermarum,30,3,3,0,430192,111365,143397,1,67,0,0,0,100,67,0,0,0,0,
1395269,,Bleem.Net,bleem-net,30,1,1,0,430185,430185,430185,0,0,0,0,100,0,0,0,0,0,0,
29717,,Louis Rigaud,louis-rigaud,30,1,1,1,429702,429702,429702,1,100,50,0,0,0,50,50,0,0,0,
43773,,Rotorist Workshop,rotorist-workshop,30,1,1,0,429528,429528,429528,1,100,100,0,100,0,0,100,0,0,0,
940553,,game54 Software,game54-software,30,3,3,0,429455,148768,143152,0,0,0,0,0,100,100,0,0,0,100,
184219,,Digital Reef Games,digital-reef-games,30,1,1,0,429184,429184,429184,0,0,0,0,0,100,100,0,0,0,0,
8485,,D-Dub Software,d-dub-software,30,2,2,0,428609,214305,214305,2,100,100,0,100,100,0,50,0,0,0,
23731,,LANTERN ROOMS,lantern-rooms,30,1,1,0,427661,427661,427661,0,0,0,0,100,0,0,0,0,0,0,
37434,,Honestly Games,honestly-games,30,1,1,0,427491,427491,427491,0,100,0,0,0,100,100,0,0,0,0,
28157,,So Romantic,so-romantic,30,2,2,0,426930,426930,213465,0,100,0,0,100,0,0,100,0,0,0,
5179,,Hypersect,hypersect,30,1,1,0,426831,426831,426831,1,100,100,100,0,0,100,0,0,0,0,
30527,,Synset,synset,30,1,1,0,426520,426520,426520,0,100,100,0,0,0,0,0,0,0,0,
27034,,it Matters Games,it-matters-games,30,5,5,1,426453,6312,85291,1,33,0,50,33,67,17,0,0,0,0,Germany
18630,,Baba Yaga Games,baba-yaga-games,30,4,4,0,425837,181068,106459,3,100,25,75,75,0,0,0,0,0,0,Russia
16430,,MAD Virtual Reality Studio,mad-virtual-reality-studio,30,1,1,0,425289,425289,425289,1,100,100,0,100,0,0,0,0,0,0,
26718,,The Bitmap Brothers,the-bitmap-brothers,30,1,1,0,425241,425241,425241,0,0,100,0,0,0,0,0,0,0,0,United Kingdom
12950,,Perverteer Games,perverteer-games,30,2,2,1,425234,212617,212617,3,100,0,100,100,0,0,0,0,0,0,
4561,,Jannik Nickel,jannik-nickel,30,1,1,1,425079,425079,425079,2,100,100,50,0,50,50,0,0,0,0,
39020,,Too Kyo Games,too-kyo-games,30,2,2,1,424726,212363,212363,0,0,33,0,100,33,0,33,0,0,0,Japan
37820,,Mischief,mischief,30,1,1,0,424437,424437,424437,1,100,0,0,100,0,0,0,0,0,0,
25175,,Faravid Interactive,faravid-interactive,30,3,3,0,424407,177105,141469,1,67,0,0,100,0,0,33,0,0,0,Sweden
406020,,Twin Sails Interactive,twin-sails-interactive,30,3,3,0,424404,149634,141468,3,0,0,33,33,0,67,33,0,0,0,France
48583,,Siris Pendrake,siris-pendrake,30,1,1,1,424109,424109,424109,2,100,100,0,50,0,0,0,0,0,0,
14794,,Three Gates,three-gates,30,2,2,0,423714,788,211857,1,100,50,50,50,0,0,50,0,0,0,Sweden
7849675,,Hole in the Sleeve Game Studios,hole-in-the-sleeve-game-studios,30,1,1,0,423409,423409,423409,1,100,100,0,100,100,0,0,0,0,100,
33280,,Duplex Systems,duplex-systems,30,1,1,0,423208,0,423208,0,100,100,0,100,100,0,100,100,0,0,
91306,,FunZone Games,funzone-games,30,1,1,0,423116,423116,423116,0,100,100,0,100,0,0,0,0,0,0,
6868,,Y Press Games,y-press-games,30,18,18,8,422920,13926,23496,26,38,31,38,0,62,4,0,0,0,0,
24280,,Slak Games,slak-games,30,1,1,0,422787,422787,422787,0,100,100,0,100,0,0,0,0,0,0,France
18802,,灰烬天国,-,30,4,4,0,422068,56118,105517,4,75,0,75,25,0,25,0,0,0,0,
2793,,eXtreme Studios,extreme-studios,30,2,2,0,422060,211030,211030,2,50,0,50,50,50,0,0,0,0,0,
1660534,,ATICO,atico,30,2,2,0,421344,421344,210672,0,100,0,50,50,0,100,100,0,0,0,
45713,,Rayll,rayll,30,3,3,0,421329,210665,140443,3,100,0,100,100,0,0,0,0,0,0,
28288,,St. Michael's Girls School,st-michael-s-girls-school,30,1,1,0,421233,421233,421233,0,0,0,0,100,0,0,0,0,0,0,
3372,,Little Cloud Games,little-cloud-games,30,2,2,0,421227,210614,210614,2,100,100,0,0,50,0,0,0,0,0,
14480,,Walaber Entertainment LLC,walaber-entertainment-llc,30,3,3,1,421222,154401,140407,4,50,75,0,0,75,0,0,0,50,25,
5938724,,Sergey Pershakov,sergey-pershakov,30,1,1,0,421068,421068,421068,1,100,0,0,0,100,100,0,0,0,0,
25974,,Anima Project,anima-project,30,2,2,1,420992,210496,210496,0,33,100,0,100,0,0,100,0,0,0,Spain
19555,,NewGen,newgen,30,4,4,1,420934,210397,105234,3,100,60,80,0,0,20,0,0,0,0,
35337,,mc2games,mc2games,30,9,9,3,420741,42636,46749,12,83,8,67,58,17,42,8,0,0,8,Spain
38871,,First Phoenix Studio,first-phoenix-studio,30,1,1,0,420499,0,420499,0,100,100,0,100,0,100,100,100,0,0,
2626,,Silver Lemur Games,silver-lemur-games,30,5,5,0,420216,56507,84043,5,40,0,0,0,40,60,40,0,0,0,Poland
3677,,Peak Angle Team,peak-angle-team,30,1,1,0,419380,419380,419380,0,0,0,0,0,100,0,0,100,100,100,
8160,,Marmoset LLC,marmoset-llc,30,2,2,0,419307,419307,209654,2,0,0,0,0,0,0,0,0,0,0,
14486,,Transolar Games,transolar-games,30,2,2,0,418998,209499,209499,2,100,0,50,100,0,0,100,0,0,0,
3096,,QuickSave,quicksave,30,12,12,0,418768,4973,34897,2,100,50,8,83,0,0,33,0,0,0,
30989,,Ex Nihilo,ex-nihilo,30,2,2,0,418586,209293,209293,0,100,50,100,100,0,50,0,0,0,0,
47699,,DUT Studio,dut-studio,30,1,1,0,418540,418540,418540,1,100,0,100,100,0,0,0,0,0,0,Vietnam
28765,,ArtePiazza,artepiazza,30,2,2,0,418243,209122,209122,0,0,0,0,0,0,0,100,0,0,0,Japan
8951,,Vidas Salavejus,vidas-salavejus,30,31,31,3,418217,2766,13491,30,94,35,15,26,3,3,3,0,0,3,
1321,,candyrocketstudio,candyrocketstudio,30,1,1,0,418168,0,418168,1,100,100,0,0,0,0,0,0,0,0,
9392,,PhillyGames,phillygames,30,2,2,0,418136,209068,209068,2,100,0,0,0,0,0,0,0,0,0,
28551,,Zelart,zelart,30,2,2,0,418084,418084,209042,0,100,100,0,100,0,0,100,0,0,0,
28775,,The Balance Inc,the-balance-inc,30,1,1,0,417127,0,417127,0,100,100,0,0,0,0,0,0,0,0,
45989,,Basti Games,basti-games,30,1,1,2,417035,417035,417035,3,67,100,0,67,0,0,0,0,0,0,
3959,,Grab Games,grab-games,30,4,4,0,416975,14381,104244,3,0,50,0,0,0,25,0,0,0,25,
599,,Awfully Nice Studios,awfully-nice-studios,30,1,1,0,416488,416488,416488,1,100,100,0,0,0,0,0,0,0,0,Austria
11252,,Valhalla Cats,valhalla-cats,30,2,2,0,416398,208199,208199,2,100,0,0,50,0,0,0,0,0,0,Spain
5277,,Misultin Studios,misultin-studios,30,1,1,0,416328,416328,416328,0,100,100,0,0,100,100,0,0,0,0,
6469,,RYM GAMES,rym-games,30,1,1,0,416322,416322,416322,1,100,100,0,100,0,0,0,0,0,0,Morocco
1067,,Hajime Doujin Circle,hajime-doujin-circle,30,6,6,0,416067,57658,69345,6,100,67,17,0,0,0,0,0,0,0,
15192,,Sirlin Games,sirlin-games,30,5,5,0,415826,42821,83165,4,100,20,20,0,0,80,0,0,0,20,United States
25328,,Bug Inventors,bug-inventors,30,1,1,0,415546,415546,415546,1,0,100,100,100,0,100,100,0,0,0,
1473373,,Cydream,cydream,30,2,2,0,415330,207665,207665,2,50,100,0,50,50,0,0,0,0,0,China
24490,,ToonTRAXX Studios,toontraxx-studios,30,2,2,0,415301,207651,207651,0,50,50,50,50,0,0,0,0,0,0,
15029,,GAMES FOR HUMANS,games-for-humans,30,3,3,1,415013,200414,138338,4,100,100,100,0,0,25,0,0,0,25,
38916,,Tin Can Studio,tin-can-studio,30,1,1,1,414576,414576,414576,2,100,50,0,50,50,50,0,0,0,0,
47291,,Caramel-Mocha Studio,caramel-mocha-studio,30,1,1,0,414134,414134,414134,0,100,0,0,0,0,0,0,0,0,0,
37278,,the last evil wizard,the-last-evil-wizard,30,1,1,1,413623,413623,413623,0,0,0,0,100,0,0,0,0,0,0,
7094,,Reky Studios,reky-studios,30,3,3,1,413294,172496,137765,4,50,0,50,50,50,25,50,0,0,0,
3985344,,Helios Studio,helios-studio,30,1,1,0,412899,412899,412899,1,100,100,0,0,100,100,0,0,0,0,France
1635978,,Hilltop Studios,hilltop-studios,30,1,1,0,412518,412518,412518,0,100,0,100,100,0,0,0,0,0,0,
12667,,Ratloop Games Canada,ratloop-games-canada,30,3,3,0,412471,0,137490,2,100,100,0,33,0,67,0,0,33,0,
32155,,猫跑工作室,-,30,1,1,0,412403,412403,412403,0,100,0,0,100,100,100,0,0,0,0,
30905,,DARK STAR,dark-star,30,1,1,0,412183,412183,412183,0,100,100,0,0,0,0,0,0,0,0,
14620,,Elden Pixels,elden-pixels,30,3,3,1,411811,190259,137270,4,100,50,0,75,0,0,0,0,0,0,Sweden
14722,,Robot Invader,robot-invader,30,4,4,1,411794,16211,102949,5,100,0,20,80,0,0,0,0,0,0,
42003,,Studio Centurion,studio-centurion,30,1,1,0,411716,411716,411716,1,0,0,0,0,0,100,0,0,0,0,
1634723,,蓬莱飞鱼工作室,-,30,1,1,0,411565,411565,411565,1,100,0,100,100,100,100,100,0,0,0,
24703,,Heavy Sheep,heavy-sheep,30,6,6,1,411457,3304,68576,4,57,57,71,29,0,0,14,0,14,0,
33608,,Atorcoppe Games,atorcoppe-games,30,1,1,0,411166,411166,411166,1,100,0,0,0,100,100,100,0,0,0,
41162,,Orc Chop Games,orc-chop-games,30,1,1,0,410755,410755,410755,1,100,0,0,0,0,100,100,0,0,0,
5453,,Black Sheep studio,black-sheep-studio,30,3,3,0,409929,20442,136643,1,33,0,33,0,33,33,0,0,0,33,
18454,,Gattai Games,gattai-games,30,3,3,1,409567,46230,136522,4,100,100,25,75,100,25,25,0,0,0,Singapore
21439,,sakevisual,sakevisual,30,4,4,0,409292,2450,102323,4,100,0,0,75,25,0,0,0,0,0,
1641449,,Cozy Cabin Studios,cozy-cabin-studios,30,2,2,0,409012,204506,204506,2,100,100,100,0,0,0,0,0,0,0,United States
20819,,Redlock Studio,redlock-studio,30,2,2,0,408856,204428,204428,2,100,50,0,100,0,0,50,0,0,0,France
18158,,Mografi,mografi,30,1,1,0,408794,408794,408794,1,100,100,100,100,0,0,0,0,0,0,United States
33428,,Dune Clockidy,dune-clockidy,30,2,2,0,408550,204275,204275,2,100,50,0,100,0,0,50,0,0,0,
9017,,Kaigan Games OÜ,kaigan-games-o,30,3,3,0,408540,204270,136180,2,100,0,33,100,67,0,0,0,0,0,
7621,,Infamous Quests,infamous-quests,30,2,2,0,408108,204054,204054,1,100,0,0,100,0,0,50,0,0,0,
1590,,Conifer Games,conifer-games,30,1,1,0,408008,408008,408008,1,100,0,0,0,0,100,0,0,0,0,
5985547,,AFOG,afog,30,4,4,0,407614,88297,101904,3,75,25,100,75,75,0,50,0,0,0,
26315,,Reward Hunters,reward-hunters,30,1,1,0,407393,407393,407393,0,100,100,0,0,0,0,0,100,0,0,
8003,,Notorious Games,notorious-games,30,1,1,0,407223,407223,407223,1,100,0,0,0,0,0,100,100,0,0,
19250,,Binge Gaming OU,binge-gaming-ou,30,2,2,0,407143,203572,203572,2,0,50,0,0,50,100,0,0,0,0,
8984,,J.Bowman,j-bowman,30,3,3,0,406821,149318,135607,1,100,100,33,0,0,0,0,0,0,0,
8443,,Flying Mollusk,flying-mollusk,30,1,1,0,406671,406671,406671,1,100,0,0,100,0,0,0,0,0,0,United States
27089,,Platine Dispositif,platine-dispositif,30,4,4,0,406563,0,101641,0,100,100,0,25,0,0,0,0,0,0,
1639489,,TopHouse Studio,tophouse-studio,30,4,4,4,406526,79982,101632,0,50,0,100,100,25,0,75,0,0,0,
9553,,Patagoniart,patagoniart,30,5,5,0,406256,6154,81251,5,60,60,80,40,60,40,0,20,0,0,
27852,,Manalith Studios,manalith-studios,30,2,2,0,406055,203028,203028,0,100,50,0,0,0,50,50,0,0,0,Brazil
2760,,Artless Games,artless-games,30,7,7,1,405880,45288,57983,8,75,0,38,0,13,13,0,0,0,0,
31567,,Black Train,black-train,30,3,3,0,405781,103539,135260,0,67,0,0,33,0,0,100,0,0,0,
20005,,rokaplay,rokaplay,30,10,10,0,405684,31875,40568,10,60,10,100,20,10,40,0,0,0,0,
39720,,iMel,imel,30,15,15,1,405681,19192,27045,10,88,0,19,94,0,0,0,0,0,0,
47793,,可布和常常诶,-,30,2,2,0,405212,202606,202606,2,100,0,50,0,0,100,50,0,0,0,
27755,,Dreams Uncorporated,dreams-uncorporated,30,2,2,1,405024,202512,202512,1,0,67,0,67,0,0,67,0,0,0,Colombia
21876,,ByteRockers' Games,byterockers-games,30,7,7,2,404529,9652,57790,8,100,67,22,44,11,44,0,0,0,11,Germany
8830,,VirusSea,virussea,30,2,2,0,404408,202204,202204,2,100,0,100,50,0,100,50,0,0,0,
29609,,Yonder,yonder,30,5,5,2,404355,36996,80871,0,100,29,71,29,0,0,0,0,14,43,Italy
1635118,,Metric Empire,metric-empire,30,1,1,0,404122,404122,404122,1,0,100,0,0,0,0,0,0,0,0,
30036,,Creat Studios,creat-studios,30,1,1,0,404068,404068,404068,0,100,100,0,0,0,100,0,0,0,0,Russia
26433,,Worst Girls Games,worst-girls-games,30,2,2,0,404009,202005,202005,0,100,0,50,50,0,0,0,0,0,0,
41927,,Hillcrest Games Inc.,hillcrest-games-inc,30,1,1,1,403852,403852,403852,1,50,100,0,50,0,0,0,0,0,0,
6786446,,Xefier Games,xefier-games,30,1,1,0,403852,403852,403852,1,0,100,0,0,0,0,0,0,0,0,
1282750,,Retroware,retroware,30,3,3,1,403798,42656,134599,4,75,75,50,50,0,25,0,0,0,0,
11480,,Lesley Dodd,lesley-dodd,30,2,2,0,403772,201886,201886,1,100,0,0,50,50,0,100,0,0,0,
30936,,Fugitive Games,fugitive-games,30,1,1,0,403532,403532,403532,0,100,100,0,100,100,100,0,0,0,0,
104674,,Serious Bros.,serious-bros,30,1,1,0,403329,403329,403329,1,100,0,0,0,100,100,0,0,0,0,
3342,,CleanWaterSoft,cleanwatersoft,30,3,3,0,402921,0,134307,3,100,67,0,33,0,0,33,0,0,0,
4292,,Insane Dreamers,insane-dreamers,30,7,7,2,402290,10201,57470,9,67,33,33,22,44,44,22,0,0,11,Italy
32126,,I-deal Games,i-deal-games,30,3,3,0,402168,1709,134056,2,67,67,0,0,0,33,33,0,0,0,
31873,,Appci Inc.,appci-inc,30,2,2,0,402140,201070,201070,0,0,0,50,50,50,0,50,0,0,0,
43675,,Demagog Studio,demagog-studio,30,3,3,0,401885,134687,133962,0,67,33,67,67,0,0,0,0,0,33,
1528,,Ben 'Yahtzee' Croshaw,ben-yahtzee-croshaw,30,3,3,0,401858,84419,133953,2,33,33,0,67,0,0,0,0,0,0,
185676,,Enjoy Studio S.A.,enjoy-studio-s-a,30,3,3,3,401842,369306,133947,2,83,33,67,67,67,33,33,0,0,0,
42354,,Habupain,habupain,30,2,2,0,401597,200799,200799,2,0,100,50,100,50,0,0,0,0,0,
36088,,Mooneaters,mooneaters,30,1,1,1,401579,401579,401579,0,100,0,100,100,0,0,0,0,0,0,
22299,,Night Node Software,night-node-software,30,2,2,0,401227,0,200614,2,50,50,0,0,0,50,0,0,0,50,
31382,,Lazy 8 Studios,lazy-8-studios,30,1,1,0,401158,401158,401158,0,100,0,100,0,0,0,0,0,0,0,United States
17548,,Playito.com,playito-com,30,5,5,1,400989,104623,80198,6,100,67,100,0,33,17,33,17,0,17,
29764,,RainDance LX,raindance-lx,30,1,1,0,400776,400776,400776,0,100,100,0,100,0,0,0,0,0,0,Portugal
7660,,WolfgangIs,wolfgangis,30,2,2,1,400484,200242,200242,3,100,67,33,100,100,33,33,0,0,0,
38332,,Wayward Preacher,wayward-preacher,30,4,4,0,400324,90040,100081,0,50,100,0,75,0,0,0,0,0,0,
23209,,"LRDGames, Inc.",lrdgames-inc,30,4,4,0,399980,110271,99995,2,100,25,0,25,100,100,0,0,0,0,United States
18707,,WhitePeach,whitepeach,30,3,3,0,399486,76612,133162,3,100,100,33,67,0,33,100,0,0,0,
2427573,,Math Tide,math-tide,30,1,1,0,399335,399335,399335,0,100,0,0,100,0,100,100,0,0,0,China
32601,,La Moutarde,la-moutarde,30,2,2,0,399294,199647,199647,0,100,50,0,100,0,0,50,0,0,0,France
16884,,FourbitFriday,fourbitfriday,30,1,1,0,398680,398680,398680,1,100,100,0,0,0,0,100,0,0,0,
29251,,SYCK,syck,30,1,1,0,398400,398400,398400,0,0,100,0,100,0,0,100,0,0,0,
24760,,UNKNOWN GAMES,unknown-games,30,3,3,0,397657,51362,132552,1,0,100,0,0,0,33,0,0,0,0,
16025,,ChessBase GmbH,chessbase-gmbh,30,10,10,0,397483,34944,39748,10,0,0,0,10,0,100,0,0,0,10,
504714,,BA-KU,ba-ku,30,2,2,0,397244,198622,198622,1,50,0,50,100,0,0,0,0,0,0,
7370,,Crian Soft,crian-soft,30,4,4,3,397001,101753,99250,6,100,100,29,43,0,0,43,0,0,14,
43381,,Anomaly Games,anomaly-games,30,1,1,0,396712,396712,396712,1,100,0,0,0,100,100,0,0,0,0,
25885,,Whole Hog Games,whole-hog-games,30,1,1,0,396379,396379,396379,0,100,0,100,100,0,0,0,0,0,0,United States
19203,,Deer Dream Studios,deer-dream-studios,30,3,3,0,396321,198161,132107,3,100,0,100,67,0,0,0,0,0,0,
42287,,Loser/s,loser-s,30,2,2,0,396280,198140,198140,0,100,0,0,50,0,0,100,0,0,0,Japan
25418,,Dr. Kimberly Voll,dr-kimberly-voll,30,1,1,0,396255,396255,396255,0,100,100,100,0,0,100,0,0,0,100,
32151,,Loren Bednar,loren-bednar,30,1,1,0,396255,396255,396255,0,100,100,100,0,0,100,0,0,0,100,
32780,,Lindsay Jorgensen,lindsay-jorgensen,30,1,1,0,396255,396255,396255,0,100,100,100,0,0,100,0,0,0,100,
1640022,,嘉兴黑曜石,-,30,1,1,0,396081,396081,396081,0,100,0,0,100,0,0,100,0,0,0,
8881,,Appnori Inc.,appnori-inc,30,10,10,0,395816,4650,39582,10,60,30,90,0,80,10,0,0,0,90,
24355,,Nolan Cunningham,nolan-cunningham,30,1,1,0,395226,395226,395226,0,0,0,0,0,100,0,0,0,0,0,
27463,,Onomis,onomis,30,1,1,0,395226,395226,395226,0,0,0,0,0,100,0,0,0,0,0,
28671,,Andrew Bates,andrew-bates,30,1,1,0,395226,395226,395226,0,0,0,0,0,100,0,0,0,0,0,
29196,,Craig Bentick,craig-bentick,30,1,1,0,395226,395226,395226,0,0,0,0,0,100,0,0,0,0,0,
946,,Wessel Stoop,wessel-stoop,30,1,1,0,395171,395171,395171,1,0,0,0,0,100,0,0,0,0,0,
9608,,Yaza Games,yaza-games,30,1,1,1,395133,395133,395133,1,100,0,50,0,50,50,0,0,0,0,Poland
26463,,exagongames,exagongames,30,2,2,0,395063,197532,197532,0,50,100,50,0,0,50,0,50,0,0,
24629,,U-ROOM,u-room,30,2,2,0,394905,197453,197453,0,100,0,0,50,0,0,100,0,0,0,
8701964,,TDGame Studio,tdgame-studio,30,1,1,1,394902,394902,394902,1,100,0,50,0,0,0,100,0,0,0,
2201604,,Lorenzo Entertainment,lorenzo-entertainment,30,4,4,0,394676,12965,98669,4,100,100,0,75,0,0,25,25,0,0,
4190,,Nowhere Studios,nowhere-studios,30,2,2,1,394609,197305,197305,1,100,33,0,100,33,33,67,0,0,0,Turkey
26691,,Dark Water Studios Ltd,dark-water-studios-ltd,30,1,1,0,393988,393988,393988,0,100,100,0,0,0,0,0,0,0,0,
38558,,Gamecom Team,gamecom-team,30,3,3,1,393964,8855,131321,1,75,50,0,100,0,0,0,0,0,0,
40832,,JUKKAKU GAMES,jukkaku-games,30,1,1,0,393787,393787,393787,0,100,0,0,100,0,0,100,0,0,0,
7575,,Play Spirit Limited,play-spirit-limited,30,4,4,0,393658,22804,98415,4,100,0,100,0,50,50,25,0,0,0,Singapore
3684,,Torrunt,torrunt,30,1,1,0,393544,393544,393544,1,100,100,0,100,0,0,0,0,0,0,
7464,,Artax Games,artax-games,30,3,3,1,393537,815,131179,2,50,75,0,75,0,0,0,0,0,0,Spain
20463,,The Munky,the-munky,30,2,2,0,393272,196636,196636,2,100,50,0,0,0,0,0,0,0,0,United States
9903,,Egidijus Bachur,egidijus-bachur,30,3,3,0,393064,393064,131021,1,100,100,0,100,33,0,0,0,0,0,
3570,,Avalon Digital,avalon-digital,30,8,8,1,392533,36278,49067,8,33,0,0,0,44,100,0,0,0,0,
1081,,Romenics,romenics,30,2,2,0,392012,196006,196006,1,100,50,0,50,100,50,50,0,0,0,
26388,,Artaani,artaani,30,2,2,0,392012,196006,196006,0,100,50,0,50,100,50,50,0,0,0,
8385,,サン電子／SUNSOFT,sunsoft,30,7,7,1,391963,10968,55995,6,13,63,38,38,13,25,0,0,0,0,
10020,,Lions Crayons Games,lions-crayons-games,30,1,1,0,391924,391924,391924,1,100,0,0,0,0,100,100,0,0,0,
720274,,Licorice ehf,licorice-ehf,30,2,2,0,391895,206380,195948,1,50,0,0,0,100,0,0,0,0,0,
34933,,Max Mraz,max-mraz,30,1,1,0,391785,391785,391785,0,100,100,0,100,0,0,100,0,0,0,United States
16418,,Hexage,hexage,30,5,5,0,391363,21249,78273,5,100,60,20,0,20,40,40,0,0,0,Czech Republic
19473,,Cinemaware,cinemaware,30,2,2,0,391201,0,195601,0,0,100,0,0,100,50,0,0,0,50,
336481,,Digital Dreams Entertainment,digital-dreams-entertainment,30,3,3,0,390739,78777,130246,3,67,100,67,33,0,0,0,0,0,100,
21808,,Dreamloop Games,dreamloop-games,30,4,4,0,390733,80640,97683,1,75,25,0,50,0,0,0,0,0,0,Finland
27451,,Sir-Tech Canada,sir-tech-canada,30,1,1,0,390620,390620,390620,0,0,0,0,100,0,0,100,0,0,0,Canada
18405,,Pera Games,pera-games,30,2,2,0,390561,390561,195281,1,100,50,0,0,0,50,50,0,0,0,Turkey
41096,,Romantic Room,romantic-room,30,19,19,0,390362,18167,20545,19,32,37,95,84,84,0,16,0,0,0,
292184,,Befun Studio,befun-studio,30,1,1,0,390326,390326,390326,0,100,0,0,100,0,100,100,0,0,0,
1517412,,Taboo Tales 💘,taboo-tales,30,6,6,6,390219,64821,65037,12,17,25,50,92,33,8,75,0,0,0,
6452,,3Dflow SRL,3dflow-srl,30,1,1,0,390145,390145,390145,1,0,0,0,0,0,0,0,0,0,0,
1642001,,Ice BEAM,ice-beam,30,1,1,0,389613,389613,389613,0,100,100,100,0,0,0,0,0,100,0,
31624,,Mad Orange,mad-orange,30,1,1,0,389588,389588,389588,0,100,0,0,100,0,0,0,0,0,0,
3140134,,Cicada Games,cicada-games,30,2,2,0,389557,194779,194779,2,100,0,50,50,0,50,0,0,0,0,
25497,,Symmetric Games,symmetric-games,30,1,1,0,389396,389396,389396,0,100,100,0,100,100,0,0,0,0,0,United States
5804,,Bigfingers,bigfingers,30,1,1,0,389386,389386,389386,1,100,0,0,0,0,100,100,0,0,0,
18783,,Ludochip,ludochip,30,1,1,0,389370,389370,389370,1,100,100,0,0,0,100,0,0,0,0,
16433,,Big Kitty Games,big-kitty-games,30,1,1,0,389304,389304,389304,1,100,0,0,100,0,0,100,0,0,0,
26885,,Puzzling Dream,puzzling-dream,30,2,2,0,389253,194627,194627,0,100,100,0,100,0,0,0,0,0,0,Poland
7323,,AYGames,aygames,30,1,1,0,389222,389222,389222,0,100,0,0,100,0,100,100,0,0,0,Russia
21241,,Walter Machado,walter-machado,30,23,23,0,388866,5420,16907,23,96,91,26,9,9,0,0,0,4,0,
59114,,Zan_HedonDev,zan-hedondev,30,1,1,0,388624,388624,388624,1,100,100,0,100,0,0,100,0,0,0,
1278088,,Coach Apps,coach-apps,30,1,1,0,388369,388369,388369,1,0,0,0,0,100,100,0,0,0,100,
17776,,Axyos Games,axyos-games,30,10,10,1,388205,9285,38821,9,73,55,100,36,55,27,9,18,9,9,
1595,,Studio Monolith,studio-monolith,30,1,1,0,387686,387686,387686,1,100,100,100,0,100,0,0,0,100,0,
24692,,Sonalysts,sonalysts,30,4,4,0,387566,74386,96892,0,0,0,0,0,0,100,0,0,0,0,United States
5556,,Bigosaur,bigosaur,30,9,9,2,387416,7525,43046,9,91,18,27,27,36,36,0,0,0,18,
12351,,Green Lava Studios,green-lava-studios,30,9,9,0,387375,9119,43042,7,67,44,33,22,56,0,0,0,0,0,
13564,,energy milk,energy-milk,30,3,3,0,387334,14252,129111,3,100,100,33,100,0,0,0,0,0,0,
26473,,ASa Project,asa-project,30,3,3,1,387129,131727,129043,0,25,0,50,50,25,0,25,0,0,0,Japan
31777,,Phigames,phigames,30,2,2,0,387110,193555,193555,0,100,100,0,100,0,0,50,0,0,0,United Kingdom
1400902,,RealityBeholder,realitybeholder,30,1,1,0,387023,387023,387023,1,100,100,100,0,0,0,0,0,0,0,
31674,,Stephane Valverde,stephane-valverde,30,4,4,1,386687,33777,96672,0,100,40,40,20,0,0,60,0,0,0,
1395121,,a1esska,a1esska,30,4,4,3,386519,70119,96630,7,100,0,0,57,43,0,0,0,0,0,
1770963,,Notex,notex,30,4,4,2,386519,70119,96630,6,100,0,0,50,33,0,0,0,0,0,
17290,,Mehan Games,mehan-games,30,2,2,0,386485,193243,193243,2,100,0,50,50,100,50,50,0,0,0,
7903,,Kiwiforge,kiwiforge,30,1,1,1,386471,386471,386471,1,100,100,0,0,0,0,0,0,100,0,
22491,,Timothy Vincent,timothy-vincent,30,1,1,1,386471,386471,386471,1,100,100,50,50,0,0,0,0,100,0,
12465,,Weixi Studio,weixi-studio,30,2,2,0,386190,193095,193095,1,100,0,50,100,50,50,0,0,0,0,
32428,,Venus Noire,venus-noire,30,1,1,0,386049,386049,386049,0,100,0,100,100,0,0,100,0,0,0,
23105,,"Monster Games, Inc.",monster-games-inc,30,3,3,0,385804,130414,128601,3,0,0,0,0,100,0,0,0,100,100,
28567,,Way York,way-york,30,1,1,0,385526,385526,385526,0,100,0,0,0,0,100,100,0,0,0,China
1083,,Zeroscale,zeroscale,30,1,1,0,385424,385424,385424,1,100,100,100,0,100,100,0,0,0,0,
25044,,TAD Productions AB,tad-productions-ab,30,1,1,0,384851,384851,384851,0,100,0,0,100,0,0,0,0,0,0,
38682,,Sad Doge,sad-doge,30,1,1,0,384563,384563,384563,1,100,100,100,0,0,0,100,0,0,0,
29932,,Splendy Interactive,splendy-interactive,30,1,1,0,384435,384435,384435,0,100,0,0,100,0,0,0,0,0,0,
17161,,Rolling Crown,rolling-crown,30,5,5,0,384106,47534,76821,5,20,0,80,100,80,0,100,0,0,0,
2890,,AKABEiSOFT2,akabeisoft2,30,1,1,0,383308,383308,383308,0,0,0,100,100,100,0,0,0,0,0,
54202,,Maru VR Productions,maru-vr-productions,30,1,1,0,383164,383164,383164,1,100,100,0,100,100,100,0,0,0,0,
3919990,,CrazyPotato Studio,crazypotato-studio,30,1,1,0,383042,383042,383042,1,100,0,100,0,100,100,100,0,0,0,
3729348,,"Flyway Games, Inc.",flyway-games-inc,30,2,2,3,382861,191431,191431,5,60,80,20,40,20,40,60,0,0,0,
187908,,Plot Twist,plot-twist,30,1,1,0,382573,382573,382573,0,100,100,0,100,0,0,100,0,0,0,
1635767,,Totally Not Aliens,totally-not-aliens,30,1,1,0,382518,382518,382518,1,100,0,0,0,100,100,100,0,0,0,Germany
91654,,Pixel House Games,pixel-house-games,30,1,1,0,382493,382493,382493,0,100,0,100,0,0,100,0,0,0,0,
31339,,Kylotonn Entertainment,kylotonn-entertainment,30,2,2,0,382304,191152,191152,0,0,0,0,0,0,0,0,0,100,0,
21009,,MagicalTimeBean,magicaltimebean,30,3,3,0,382103,157785,127368,2,100,100,33,0,0,33,0,0,0,0,United States
48331,,Sewer Cat,sewer-cat,30,1,1,0,381776,381776,381776,1,100,100,100,100,0,0,0,0,100,0,
35066,,The Outer Zone,the-outer-zone,30,1,1,1,381326,381326,381326,0,50,0,0,50,50,50,50,0,0,0,
26249,,Dream Works,dream-works,30,1,1,0,381265,0,381265,0,100,0,0,100,100,0,0,0,0,0,
12733,,Avatar Creations,avatar-creations,30,1,1,0,381161,0,381161,0,100,0,0,0,0,0,100,100,0,0,
19327,,Colossal Wreck,colossal-wreck,30,3,3,0,380979,47138,126993,2,67,0,33,0,67,33,0,0,0,0,
26959,,Pocket Trap,pocket-trap,30,2,2,1,380664,190332,190332,0,100,100,0,100,0,0,67,0,0,33,Brazil
10778,,Argonwood,argonwood,30,1,1,0,380549,380549,380549,0,100,0,0,0,100,100,0,0,0,0,
18593,,SunRay Games,sunray-games,30,4,4,0,380379,91981,95095,4,75,50,50,75,25,25,0,0,0,0,
4617,,Dreamatrix,dreamatrix,30,7,7,0,380077,10358,54297,7,43,43,14,14,14,14,57,0,0,0,
1634374,,Catos Game,catos-game,30,1,1,1,379863,379863,379863,2,100,50,100,100,100,0,50,0,0,0,
6081,,Eyaura,eyaura,30,1,1,0,379831,379831,379831,0,100,100,0,100,0,0,0,0,0,0,
38219,,LunchHouse Software ,lunchhouse-software,30,1,1,1,379831,379831,379831,2,100,100,0,100,0,0,0,0,0,0,
41270,,Steelkrill Studio,steelkrill-studio,30,8,8,2,379338,34093,47417,9,100,100,30,100,100,0,0,20,0,0,
12167,,Hammer Labs,hammer-labs,30,3,3,0,379125,31051,126375,2,100,33,67,0,33,67,0,0,0,0,
30675,,Swordtales,swordtales,30,1,1,0,378907,378907,378907,0,100,0,0,100,0,0,0,0,0,0,Brazil
1641553,,GeekOn,geekon,30,5,5,7,378300,52244,75660,0,42,33,0,33,83,8,25,0,0,0,
31741,,Arkavi Studios,arkavi-studios,30,1,1,0,378272,378272,378272,0,100,0,0,0,0,100,0,0,0,0,
30414,,Favorite,favorite,30,4,4,0,378175,103603,94544,0,0,0,100,50,0,0,0,0,0,0,Japan
6880,,Carry Castle,carry-castle,30,2,2,1,377970,188985,188985,2,67,100,0,67,0,0,33,0,0,0,Sweden
3919534,,GGTech Studios,ggtech-studios,30,2,2,0,377800,377800,188900,1,50,100,100,50,0,0,50,50,0,0,Spain
5089,,赤瞳大白猫,-,30,2,2,0,377788,188894,188894,2,100,50,0,50,0,0,50,0,0,0,
3288,,Porcelain Fortress,porcelain-fortress,30,2,2,1,377726,377726,188863,2,67,33,67,0,67,67,0,0,0,0,
20345,,Therefore Games,therefore-games,30,1,1,0,377671,377671,377671,1,100,0,0,100,0,100,100,0,0,0,
2431750,,KAMITSUBAKI STUDIO,kamitsubaki-studio,30,2,2,1,377599,188800,188800,3,67,33,33,100,33,0,0,0,0,33,
14338,,ManaVoid Entertainment,manavoid-entertainment,30,3,3,0,377396,105266,125799,2,100,0,0,67,33,67,67,0,0,0,Canada
524,,DuskDogStudio,duskdogstudio,30,2,2,0,377353,188677,188677,2,100,50,50,0,0,50,0,0,0,0,
31851,,Shanghai huan zhen Info Tech Ltd,shanghai-huan-zhen-info-tech-ltd,30,3,3,0,377341,21529,125780,2,100,33,33,33,67,67,0,0,0,0,
24377,,Point Blank Games,point-blank-games,30,2,2,0,377034,188517,188517,0,0,50,0,50,0,50,100,0,0,0,
5724,,Reality MagiQ,reality-magiq,30,3,3,1,376543,23506,125514,2,0,100,25,50,25,25,25,25,0,25,South Korea
28085,,Leslie Valverde,leslie-valverde,30,2,2,0,376535,188268,188268,0,100,50,50,50,0,0,50,0,0,0,
28055,,Outbreak Games,outbreak-games,30,2,2,1,376161,188081,188081,0,33,0,67,0,33,0,0,0,0,0,
29901,,Totally Games,totally-games,30,3,3,0,375829,131539,125276,0,0,100,0,0,33,0,0,0,0,0,United States
26154,,Elias Viglione,elias-viglione,30,1,1,0,375513,375513,375513,0,100,0,0,100,0,0,0,0,0,0,
28458,,Tomi Maarela,tomi-maarela,30,1,1,0,375513,375513,375513,0,100,0,0,100,0,0,0,0,0,0,
1165971,,PALETTE-QUALIA,palette-qualia,30,1,1,0,375489,375489,375489,0,0,0,0,100,0,0,0,0,0,0,
16947,,Acram Digital,acram-digital,30,7,7,2,375396,37467,53628,4,78,0,89,11,22,100,22,0,0,0,
14406,,SOF Studios Ltd,sof-studios-ltd,30,1,1,0,375386,0,375386,1,100,100,0,0,0,0,0,0,0,0,
19501,,North of Earth,north-of-earth,30,3,3,0,375201,178689,125067,3,100,67,0,33,0,0,0,0,0,0,
17088,,VooFoo Studios,voofoo-studios,30,4,4,1,374622,65146,93656,1,60,0,80,0,60,20,0,0,20,60,United Kingdom
42320,,MariaCrown,mariacrown,30,1,1,0,374467,374467,374467,0,0,0,0,100,0,0,100,0,0,0,
12383,,Chashu Entertainment,chashu-entertainment,30,2,2,0,374324,187162,187162,1,100,100,0,50,0,0,50,0,0,0,United States
1335,,Cybertime System,cybertime-system,30,3,3,0,373713,3456,124571,3,67,100,0,0,0,0,33,67,33,0,
19166,,Final Boss Entertainment,final-boss-entertainment,30,2,2,0,373597,186799,186799,2,100,100,0,50,0,0,0,0,0,0,United States
45438,,AleCubicSoft,alecubicsoft,30,7,7,0,373285,32273,53326,0,57,0,14,86,0,14,86,0,0,0,
28564,,Galactic Gaming Guild,galactic-gaming-guild,30,1,1,0,373222,373222,373222,0,0,0,0,0,100,0,0,0,0,100,
14906,,AwesomeBlade,awesomeblade,30,1,1,0,373140,373140,373140,1,100,100,100,0,0,0,0,0,0,0,
23908,,Darkworks,darkworks,30,2,2,0,373093,186547,186547,0,0,100,0,50,0,0,0,0,0,0,France
184724,,Duhndal,duhndal,30,3,3,0,373026,373026,124342,3,67,67,67,0,100,67,0,0,0,0,
43942,,Voids Within,voids-within,30,1,1,1,372635,372635,372635,2,100,0,50,50,100,0,50,0,0,0,
11271,,Heaven Brotherhood,heaven-brotherhood,30,4,4,1,372473,176140,93118,1,60,40,40,20,80,0,0,0,0,0,
671,,Second Reality,second-reality,30,6,6,1,372311,4404,62052,4,100,71,14,57,86,0,0,14,0,0,
28177,,Tragnarion Studios,tragnarion-studios,30,1,1,0,372057,372057,372057,0,100,100,0,0,0,0,0,0,0,0,
7127226,,Karne,karne,30,2,2,1,371925,185963,185963,0,100,33,33,100,0,67,33,0,0,0,
50117,,Timberline Studio,timberline-studio,30,1,1,0,371922,371922,371922,0,100,0,100,100,0,0,100,0,0,0,
24731,,Zootfly,zootfly,30,3,3,0,371855,173979,123952,0,0,100,0,33,33,0,0,0,0,0,Slovenia
7328,,Maciej Targoni,maciej-targoni,30,9,9,0,371745,17764,41305,9,78,11,78,0,0,0,0,0,0,0,
22339,,PD Design Studio,pd-design-studio,30,2,2,0,371623,185812,185812,2,100,100,0,50,0,0,0,0,0,0,
19435,,marbenx,marbenx,30,1,1,0,371613,371613,371613,1,100,100,0,0,100,0,0,0,0,0,
6200,,Citadel Studios Inc,citadel-studios-inc,30,2,2,0,371134,0,185567,2,50,0,0,50,0,0,100,100,0,0,
27419,,Cyanide,cyanide,30,3,3,0,371115,143927,123705,0,0,0,0,0,100,33,0,0,0,100,
29621,,Sean Scaplehorn,sean-scaplehorn,30,2,2,0,371089,185545,185545,0,100,50,0,50,0,0,0,0,0,0,
293006,,Newcore Games,newcore-games,30,1,1,0,370975,370975,370975,0,100,100,0,100,0,0,100,0,0,0,
35446,,DU&amp;I,du-amp-i,30,6,6,1,370574,51553,61762,0,86,0,100,0,29,0,0,0,0,0,
31434,,Darius Bode,darius-bode,30,4,4,0,370551,74045,92638,3,50,0,50,0,100,0,0,0,0,0,
15602,,Game Mechanics LLC,game-mechanics-llc,30,4,4,0,370511,2397,92628,3,75,75,50,25,0,50,0,0,0,0,
26586,,Keystone Knight,keystone-knight,30,2,2,1,370414,185207,185207,1,0,0,0,0,67,0,33,0,0,0,
24404,,aiueoKompany,aiueokompany,30,1,1,0,370328,370328,370328,0,100,0,0,100,0,0,0,0,0,0,
28690,,Sick Puppies,sick-puppies,30,1,1,0,370324,370324,370324,0,0,0,0,0,0,100,0,0,0,0,
31751,,Badru,badru,30,5,5,0,369963,64627,73993,0,100,0,40,40,40,20,20,0,0,0,
32715,,Michael Bell,michael-bell,30,5,5,0,369963,64627,73993,0,100,0,40,40,40,20,20,0,0,0,
19778,,Robert Alvarez,robert-alvarez,30,9,9,0,369564,6038,41063,8,89,33,56,33,0,56,0,0,0,0,
6899388,,Zetan,zetan,30,1,1,0,369415,369415,369415,1,100,0,0,100,0,0,0,0,0,0,
7849604,,Rat Monthly,rat-monthly,30,1,1,0,369276,369276,369276,1,0,0,100,0,100,0,0,0,0,0,
720302,,一起来修仙工作室,-,30,1,1,0,369258,369258,369258,0,100,0,100,0,100,100,100,0,0,0,
38466,,Salamander Studios,salamander-studios,30,1,1,0,369212,369212,369212,1,100,0,100,100,0,0,100,0,0,0,
611,,Lostwood,lostwood,30,2,2,0,369141,184571,184571,2,100,50,0,100,0,0,0,0,0,0,Russia
12712,,React Games,react-games,30,3,3,0,369115,124026,123038,1,67,33,33,67,0,33,0,0,0,0,
24497,,Veitikka Studios,veitikka-studios,30,2,2,0,368744,184372,184372,0,0,0,0,0,100,100,0,0,0,0,Finland
49531,,eTIRUe,etirue,30,7,7,1,368180,56381,52597,8,0,63,0,50,13,13,0,0,0,0,
19969,,Reconnect Software,reconnect-software,30,1,1,0,368117,0,368117,1,100,0,0,0,100,100,0,0,0,0,
531,,Crasleen Games,crasleen-games,30,1,1,1,367759,367759,367759,2,100,0,0,0,0,100,100,0,0,0,
5391,,Exordium Games,exordium-games,30,6,6,1,367759,10447,61293,4,100,29,0,43,14,29,0,0,0,0,Croatia
1272,,Firemint,firemint,30,1,1,0,367670,367670,367670,1,0,100,100,0,0,0,0,0,0,0,Australia
1667,,++Good Games,good-games,30,3,3,1,367313,28532,122438,3,50,50,25,25,0,50,50,0,0,0,
720000,,Aaron McDevitt,aaron-mcdevitt,30,1,1,0,367311,367311,367311,1,0,100,0,0,0,0,0,0,100,0,
31948,,Grundislav Games,grundislav-games,30,3,3,0,367291,121768,122430,1,100,0,33,100,0,0,0,0,0,0,Germany
18914,,Tuttifrutti Interactive,tuttifrutti-interactive,30,2,2,0,367009,183505,183505,2,100,0,100,100,0,0,0,0,0,0,India
34381,,OTA IMON Studios,ota-imon-studios,30,2,2,0,366820,183410,183410,0,50,50,0,50,0,100,50,0,0,0,Brazil
7360,,Pelikan13,pelikan13,30,1,1,0,366747,366747,366747,1,100,100,100,0,0,0,0,0,0,0,Greece
23077,,"Mika Mobile, Inc.",mika-mobile-inc,30,3,3,0,366553,5448,122184,3,100,67,0,33,0,33,33,0,0,0,
4143,,ZiX Solutions,zix-solutions,30,2,2,0,366369,183185,183185,2,100,0,50,50,100,100,0,0,0,0,
19308,,Flying Helmet Games,flying-helmet-games,30,1,1,0,366325,0,366325,1,100,100,0,100,0,0,100,0,0,0,
25181,,TrymenT,tryment,30,1,1,0,366188,366188,366188,0,0,0,100,100,0,0,0,0,0,0,
13809,,Elecorn,elecorn,30,1,1,1,366169,366169,366169,2,100,100,50,50,0,50,50,0,0,0,
18875,,Starwind Games,starwind-games,30,4,4,0,366077,86713,91519,4,100,25,75,50,0,75,25,0,0,0,
11140,,Game2Gather,game2gather,30,1,1,0,366004,366004,366004,1,100,100,0,100,0,0,100,0,0,0,
3314,,SnowBaby Games,snowbaby-games,30,4,4,0,365473,176953,91368,4,25,0,75,25,75,0,75,0,0,0,
11473,,Sim155 Limited,sim155-limited,30,1,1,0,365458,365458,365458,0,100,100,0,100,100,100,0,0,0,0,
21456,,Phosfiend Systems,phosfiend-systems,30,1,1,0,365433,365433,365433,1,100,0,100,100,0,0,0,0,0,0,
15143,,Bitmap Bureau,bitmap-bureau,30,5,5,1,365385,57955,73077,1,33,100,0,17,0,0,0,0,0,0,
1690332,,LYCORIS,lycoris,30,2,2,0,365321,182661,182661,0,50,0,100,100,0,0,0,0,0,0,
28575,,Retro Epic,retro-epic,30,1,1,0,365091,365091,365091,0,100,0,0,0,0,100,0,0,0,0,
3597,,Playrise Digital Ltd.,playrise-digital-ltd,30,1,1,0,365041,365041,365041,1,100,100,0,0,0,0,0,0,100,0,
28371,,STRIKEWORKS,strikeworks,30,1,1,0,365036,365036,365036,0,0,0,0,0,0,0,0,0,0,0,
4124,,Roastery Games,roastery-games,30,3,3,1,364929,74719,121643,4,100,0,0,0,100,100,0,0,0,0,
16434,,Jace Masula,jace-masula,30,2,2,0,364825,182413,182413,2,100,50,0,100,100,0,50,0,0,0,
23949,,Aikesi,aikesi,30,1,1,0,364794,364794,364794,0,100,100,0,100,0,0,0,0,0,0,
12376,,QC Games,qc-games,30,1,1,0,364616,0,364616,1,0,100,0,0,0,0,100,0,0,0,United States
138743,,2Dynamic Games,2dynamic-games,30,1,1,0,364583,364583,364583,0,100,100,0,0,100,100,100,0,0,0,Poland
3994809,,Inspire Game Studios,inspire-game-studios,30,1,1,0,364545,364545,364545,1,100,100,0,0,0,0,0,0,0,0,
15248,,Devdan Games,devdan-games,30,7,7,0,364124,4333,52018,5,100,100,100,71,43,14,0,0,29,0,
21391,,橙光游戏,-,30,48,48,3,364108,1771,7586,50,92,2,92,86,35,84,98,0,0,0,
7860,,Agafonoff,agafonoff,30,5,5,0,364006,70397,72801,5,100,100,40,80,60,20,80,40,0,0,
2725918,,Seedy Eye Software,seedy-eye-software,30,1,1,0,363765,363765,363765,0,100,100,0,100,0,0,100,0,0,0,United States
20284,,NorbSoftDev,norbsoftdev,30,1,1,0,363738,0,363738,0,0,0,0,0,100,100,0,0,0,0,
20177,,Team D-13,team-d-13,30,1,1,0,363506,363506,363506,1,100,100,0,0,0,0,0,0,0,0,
3306323,,Hitori de Productions,hitori-de-productions,30,3,3,0,363388,130434,121129,3,67,67,0,100,0,0,0,0,0,0,
9438,,Digital Dreams Entertainment LLC,digital-dreams-entertainment-llc,30,1,1,0,363296,0,363296,1,100,0,0,0,100,0,0,0,0,0,United States
105216,,eSail Ltd.,esail-ltd,30,1,1,0,362913,362913,362913,0,0,0,0,0,100,0,0,0,100,100,
398782,,Spitfire Interactive,spitfire-interactive,30,1,1,1,362807,362807,362807,0,100,50,0,50,0,50,0,0,0,0,Australia
27223,,Norn,norn,30,18,18,1,362763,9530,20154,0,0,0,100,0,0,0,0,0,0,0,
31460,,Hyperkinetic Studios,hyperkinetic-studios,30,1,1,1,362501,362501,362501,0,50,50,0,50,0,50,50,0,0,0,
1279969,,"T-Time Technology CO., LTD.",t-time-technology-co-ltd,30,17,17,0,362387,13372,21317,17,0,0,35,0,24,94,47,0,6,0,
19300,,Game Swing,game-swing,30,2,2,1,362070,181035,181035,0,100,100,33,0,0,0,0,0,0,33,Denmark
23963,,Mithis Games,mithis-games,30,1,1,0,361969,361969,361969,0,100,0,0,0,100,100,0,0,0,0,Hungary
51069,,Quite OK Games,quite-ok-games,30,1,1,0,361579,361579,361579,1,100,0,0,0,100,100,0,0,0,0,Poland
6794,,Terapoly,terapoly,30,7,7,1,361146,15683,51592,8,25,75,25,25,38,13,13,0,0,0,South Africa
1397304,,BATOVI Games,batovi-games,30,5,5,0,360971,22009,72194,5,100,80,80,20,40,20,0,0,0,80,
3663415,,Tanxun Studio,tanxun-studio,30,1,1,0,360763,360763,360763,0,100,100,0,100,100,0,100,0,0,0,
1027787,,SelfCrop Studio,selfcrop-studio,30,1,1,0,360457,360457,360457,0,100,0,0,100,100,100,100,0,0,0,
21178,,Three Gates AB,three-gates-ab,30,1,1,0,360244,0,360244,1,0,100,0,0,0,0,0,0,0,0,
34773,,EpiXR Games UG,epixr-games-ug,30,78,78,1,360051,3246,4616,77,99,52,92,39,78,0,0,0,5,6,
15419,,Proton Studio Inc,proton-studio-inc,30,3,3,0,359809,179905,119936,1,100,100,100,33,33,33,33,0,0,0,Canada
14913,,astragon Entertainment,astragon-entertainment,30,1,1,0,359795,359795,359795,1,0,0,0,0,100,0,0,0,0,0,Germany
19516,,iFAction Studio,ifaction-studio,30,2,2,2,359753,359753,179877,4,100,0,0,25,100,50,100,0,0,0,
62923,,Endava,endava,30,1,1,0,359585,359585,359585,0,0,0,0,0,0,100,0,0,0,0,
27041,,Zoe Vartanian,zoe-vartanian,30,4,4,0,359442,118733,89861,0,100,0,50,50,50,25,25,0,0,0,United States
23640,,Yakiniku Banzai,yakiniku-banzai,30,3,3,0,359342,61292,119781,0,100,0,0,100,0,100,0,0,0,0,Japan
31839,,Magiko Gaming,magiko-gaming,30,1,1,0,359332,359332,359332,0,100,100,0,0,0,0,0,0,0,0,
27561,,Ivan Valeryevich Suvorov,ivan-valeryevich-suvorov,30,1,1,0,359203,359203,359203,0,0,100,0,0,0,0,0,0,0,0,
17575,,IntrepidMarmot,intrepidmarmot,30,4,4,1,359187,21908,89797,5,40,20,80,20,80,60,0,0,0,0,
6600,,Seen Games,seen-games,30,1,1,1,359128,359128,359128,2,100,100,0,100,0,0,0,0,0,0,
5242,,Bowlcut Studios,bowlcut-studios,30,1,1,0,359117,359117,359117,1,0,100,0,0,0,100,0,0,0,0,
27255,,Factor 5,factor-5,30,1,1,0,359087,359087,359087,0,0,100,0,0,100,0,0,0,0,0,Germany
25100,,fushidara tei,fushidara-tei,30,2,2,0,358979,179490,179490,0,50,0,0,50,50,0,100,0,0,0,
435,,Windybeard,windybeard,30,7,7,0,358895,29338,51271,7,86,71,14,29,29,14,14,0,0,0,
29318,,MagicIndie,magicindie,30,7,7,0,358833,50644,51262,0,14,14,71,71,0,0,0,0,14,0,Moldova
291617,,Rekka Games,rekka-games,30,1,1,0,358786,358786,358786,0,100,100,0,100,0,0,0,0,0,0,
30259,,Moonlight Kids,moonlight-kids,30,1,1,1,358738,358738,358738,0,100,50,0,100,0,50,0,0,0,0,United States
24297,,Giulia Airoldi,giulia-airoldi,30,2,2,0,358400,179200,179200,0,100,0,0,100,0,0,0,50,0,0,
21874,,Visualnoveler,visualnoveler,30,5,5,0,358388,65603,71678,5,80,40,40,60,40,0,20,0,0,0,
26159,,Maestro Cinetik,maestro-cinetik,30,6,6,0,357954,27457,59659,0,17,0,17,0,67,83,17,0,0,0,
18773,,Party for Introverts,party-for-introverts,30,4,4,0,357778,2870,89445,3,100,0,75,100,50,0,25,0,0,0,
40185,,台灣香蕉王,-,30,2,2,1,357623,178812,178812,0,33,0,67,0,100,33,67,0,0,0,
27503,,Super Trampers Studio,super-trampers-studio,30,1,1,0,357353,357353,357353,0,100,100,100,100,100,0,100,0,0,0,
22440,,"Black Chicken Studios, inc.",black-chicken-studios-inc,30,2,2,0,357283,178642,178642,2,100,0,50,50,100,50,100,0,0,0,
20906,,Outer Brain Studios,outer-brain-studios,30,4,4,0,357125,121124,89281,4,100,100,0,100,0,0,25,0,0,0,United States
1408634,,SG DEV,sg-dev,30,1,1,1,356648,356648,356648,0,0,0,0,0,100,0,0,100,100,50,
5546,,Digital Eel,digital-eel,30,5,5,0,356455,120871,71291,5,100,20,60,40,0,20,0,0,0,0,United States
15609,,PolyKid,polykid,30,1,1,0,356454,356454,356454,1,100,100,100,100,0,0,0,0,0,0,
31045,,One Gruel Studio,one-gruel-studio,30,2,2,0,356171,178086,178086,0,100,100,0,100,0,0,100,0,0,0,China
44844,,Lifetap Studios,lifetap-studios,30,1,1,0,356000,356000,356000,1,0,100,100,0,100,0,100,0,0,0,
8516,,2dengine,2dengine,30,6,6,0,355860,0,59310,5,100,67,33,17,0,0,0,0,0,0,
14526,,Monster Tooth Studios,monster-tooth-studios,30,3,3,1,355467,20680,118489,4,100,75,0,50,0,25,75,0,0,0,
30066,,Bird in Sky,bird-in-sky,30,1,1,0,355393,355393,355393,0,100,100,0,100,100,0,0,0,0,0,
38508,,Red Six Development,red-six-development,30,6,6,0,355277,56494,59213,0,100,100,100,100,50,67,100,17,0,17,
139055,,非魚工作室,-,30,2,2,0,354999,177500,177500,0,50,0,100,50,50,0,50,0,0,0,
25334,,Lapovich,lapovich,30,1,1,0,354761,354761,354761,0,100,100,100,0,100,0,0,0,0,0,
7135324,,Yahzj Games,yahzj-games,30,1,1,0,354743,354743,354743,0,0,100,0,0,0,100,0,0,0,0,
11534,,New Star Games,new-star-games,30,2,2,0,354544,354544,177272,2,50,50,50,0,50,0,0,0,0,50,
9804,,I Need Play,i-need-play,30,1,1,0,354428,354428,354428,1,100,100,0,100,0,0,0,0,0,0,
45469,,GoldKnights,goldknights,30,1,1,0,353731,353731,353731,0,0,100,0,100,0,0,100,0,0,0,Czech Republic
7154,,GameArt Studio GmbH,gameart-studio-gmbh,30,5,5,0,353204,78888,70641,5,80,100,60,0,80,40,0,20,60,20,Germany
25170,,Studio Aurum,studio-aurum,30,1,1,1,353150,353150,353150,1,50,50,0,50,0,0,100,0,0,0,
18508,,Normal Wholesome Games,normal-wholesome-games,30,2,2,0,352497,176249,176249,2,100,50,0,0,0,0,0,0,0,0,Australia
24561,,Free Games Info,free-games-info,30,1,1,0,352494,352494,352494,0,100,0,100,0,0,0,0,0,0,0,
11903,,Sakari Games,sakari-games,30,4,4,1,352409,49817,88102,5,100,80,60,20,0,20,20,0,0,0,Belgium
830154,,Smartmelon Games,smartmelon-games,30,3,3,0,352202,76876,117401,2,100,0,33,33,67,67,67,0,0,0,
26017,,SimTex,simtex,30,3,3,0,352070,92049,117357,0,0,0,0,0,0,100,0,0,0,0,United States
29858,,"PolarityFlow, Adrian Zingg",polarityflow-adrian-zingg,30,6,6,0,352050,19330,58675,0,100,100,50,33,17,33,50,0,0,0,
25227,,HYOGO ONIMUSHI,hyogo-onimushi,30,1,1,0,352012,352012,352012,0,0,0,0,100,0,0,0,0,0,0,
4187,,No Goblin,no-goblin,30,2,2,0,351976,175988,175988,2,100,100,50,50,0,0,0,0,0,50,United States
21074,,Mad Ram Software,mad-ram-software,30,1,1,0,351945,0,351945,1,100,100,0,0,0,0,0,0,0,0,
19041,,Monogon Games,monogon-games,30,1,1,0,351915,0,351915,1,100,0,0,0,0,100,0,0,0,0,
75,,Alastair John Jack,alastair-john-jack,30,3,3,0,351698,32153,117233,2,100,67,33,0,0,33,33,0,0,0,
12252,,Wolfdog Interactive,wolfdog-interactive,30,2,2,0,351106,175553,175553,1,50,50,0,0,0,50,0,0,0,0,
26915,,Isa Hutchinson,isa-hutchinson,30,3,3,0,350979,175490,116993,0,100,0,33,67,33,33,33,0,0,0,United States
5790449,,Picaresque Games,picaresque-games,30,1,1,0,350940,350940,350940,1,100,0,0,100,100,100,100,0,0,0,
20025,,Rogue Snail,rogue-snail,30,3,3,1,350753,175377,116918,1,100,75,25,25,0,25,75,0,0,0,Brazil
504470,,Edgeflow Studio,edgeflow-studio,30,1,1,0,350685,350685,350685,0,0,0,0,0,100,100,100,0,0,0,
21054,,Bulldog Interactive,bulldog-interactive,30,1,1,0,350582,350582,350582,1,100,100,100,0,100,100,0,0,0,100,United Kingdom
99466,,Business Goose Studios,business-goose-studios,30,3,3,1,350573,37612,116858,2,100,25,75,25,0,0,0,25,0,0,
17744,,WWO Partners Ltd,wwo-partners-ltd,30,1,1,0,350415,0,350415,1,100,100,0,0,0,0,100,100,0,0,
23760,,Different Tales,different-tales,30,5,5,1,350365,26094,70073,3,83,0,50,100,33,0,50,0,0,0,
16797,,Gilligames,gilligames,30,1,1,1,350020,350020,350020,2,100,0,0,0,50,50,100,0,0,0,
28748,,MekTek Studios,mektek-studios,30,1,1,0,349891,0,349891,0,100,100,0,0,100,0,0,0,0,0,
50495,,OptizOnion,optizonion,30,2,2,2,349883,174942,174942,4,25,50,50,0,0,75,50,0,0,0,Belgium
13731,,Moonpod,moonpod,30,2,2,0,349818,174909,174909,2,100,100,0,0,0,100,0,0,0,0,United Kingdom
5689,,WRF Studios,wrf-studios,30,8,8,0,349376,20498,43672,8,50,75,25,25,0,0,50,0,0,0,
37481,,Jelle Booij,jelle-booij,30,2,2,0,349207,174604,174604,2,50,0,50,0,100,50,0,0,0,0,
47028,,Okron Studio,okron-studio,30,1,1,0,349187,349187,349187,1,100,100,0,0,100,100,0,0,0,0,
29543,,Kuju,kuju,30,1,1,0,348616,0,348616,0,0,100,0,0,0,100,0,0,0,0,
35091,,Vixa Games,vixa-games,30,6,6,1,348591,42639,58099,3,100,71,43,29,0,14,0,0,0,14,
19160,,Pixelsaurus Games,pixelsaurus-games,30,1,1,0,348534,348534,348534,1,100,100,0,0,0,0,0,0,0,0,United States
26391,,Future Crayon,future-crayon,30,1,1,0,348534,348534,348534,0,100,100,0,0,0,0,0,0,0,0,
7729,,Interactive Stone,interactive-stone,30,3,3,0,348478,21637,116159,3,100,33,33,33,0,0,0,0,0,0,
26135,,AVANTGARDE,avantgarde,30,4,4,2,348213,66718,87053,0,100,0,33,50,0,0,83,0,0,0,
18994,,DirectDoggo,directdoggo,30,1,1,0,348177,348177,348177,1,100,0,100,0,0,0,0,0,0,0,
29470,,Pewter Games Studios,pewter-games-studios,30,3,3,0,347641,173821,115880,1,100,67,33,100,0,0,0,0,0,0,Ireland
16498,,FreezeNova,freezenova,30,20,20,0,347630,4148,17382,20,100,70,15,5,25,10,0,0,0,0,
235430,,Dark Pigeon Games,dark-pigeon-games,30,2,2,0,347494,347494,173747,0,100,100,0,100,0,0,100,0,0,0,
39972,,Skermunkel,skermunkel,30,6,6,0,347441,32942,57907,6,100,67,33,67,0,0,17,0,0,0,
4847,,None :(,none,30,10,10,5,347339,112,34734,14,67,27,53,47,27,33,33,40,0,7,
2541,,Anteater Games,anteater-games,30,1,1,0,347256,347256,347256,1,100,100,0,100,0,100,0,0,0,0,
1279978,,Squeaks D'Corgeh,squeaks-d-corgeh,30,1,1,0,347129,347129,347129,0,0,0,100,100,0,100,0,0,0,0,
1655237,,Cogware Games,cogware-games,30,1,1,0,347129,347129,347129,1,0,0,100,100,0,100,0,0,0,0,
43392,,Flavourworks,flavourworks,30,1,1,1,347045,347045,347045,2,50,50,100,0,50,0,50,0,0,0,United Kingdom
1029665,,Lobby Divinus,lobby-divinus,30,1,1,0,346631,346631,346631,0,100,0,100,100,100,100,0,0,0,0,
1657800,,pgWave.,pgwave,30,2,2,0,346547,346547,173274,2,50,50,0,100,100,0,0,0,0,0,
1230,,Blazing Planet Studio,blazing-planet-studio,30,6,6,1,346413,36555,57736,7,100,0,86,100,57,0,57,0,0,0,
7334,,Mythical City Games,mythical-city-games,30,8,8,0,346372,15315,43297,7,63,63,25,13,88,38,13,13,0,0,
28258,,Theta Division,theta-division,30,1,1,0,346219,346219,346219,0,100,0,0,100,0,0,0,0,0,0,
939722,,Raiyon Studios Pte Ltd,raiyon-studios-pte-ltd,30,1,1,0,345841,345841,345841,1,100,0,0,0,100,0,0,0,100,100,
29934,,Pivotal Games,pivotal-games,30,2,2,0,345704,172852,172852,0,0,100,0,0,0,0,0,0,0,0,United Kingdom
27685,,深爪貴族,-,30,1,1,0,345511,0,345511,0,100,0,0,100,0,0,100,0,0,0,
12120,,Four Winged Studio,four-winged-studio,30,4,4,0,345499,6292,86375,2,100,50,100,0,50,50,0,25,0,0,
8961,,Heartbit Interactive,heartbit-interactive,30,5,5,0,345363,51172,69073,5,100,40,20,0,0,0,60,0,0,0,Italy
6456,,Inverge Studios,inverge-studios,30,2,2,0,345315,172658,172658,1,100,100,50,100,0,0,0,0,0,0,Spain
12860,,Eternity Studios,eternity-studios,30,4,4,0,345062,36241,86266,3,100,75,100,100,75,50,25,0,0,0,
14531,,Please Be Patient,please-be-patient,30,2,2,0,344962,172481,172481,2,100,50,50,100,50,0,50,0,0,50,Finland
50721,,Pontoco,pontoco,30,1,1,0,344910,344910,344910,0,100,0,0,100,100,0,0,0,0,0,United States
7249716,,__Ja__ga__imo__,ja-ga-imo,30,2,2,0,344802,172401,172401,0,50,0,100,50,50,0,50,0,0,0,
23914,,Black Element,black-element,30,1,1,0,344173,344173,344173,0,0,100,0,0,0,0,0,0,0,0,
51350,,红星,-,30,2,2,0,343983,171992,171992,0,100,100,0,100,50,0,100,0,0,0,
1393,,Skobbejak Games,skobbejak-games,30,4,4,0,343715,64754,85929,4,100,50,50,75,0,0,0,0,0,0,
4842505,,"ZOC Co.,Ltd.",zoc-co-ltd,30,1,1,0,343686,343686,343686,0,0,100,0,0,0,0,100,0,0,0,
10397,,VD Games,vd-games,30,9,9,4,343622,8172,38180,12,100,69,69,85,62,23,31,0,15,8,
30048,,ADhD Studios,adhd-studios,30,1,1,0,343595,343595,343595,0,100,0,100,0,100,100,0,0,0,0,
1652,,Ben Olding Games,ben-olding-games,30,3,3,0,343466,57767,114489,1,33,33,33,0,0,33,33,33,0,0,
29632,,Synaptic Insight Technology Systems,synaptic-insight-technology-systems,30,1,1,0,343355,343355,343355,0,100,0,100,0,100,0,0,0,0,0,
29770,,Damian Bernardi,damian-bernardi,30,2,2,0,342875,171438,171438,0,100,0,0,0,100,50,0,0,0,0,
10308,,Dosane Games,dosane-games,30,4,4,0,342642,57090,85661,0,50,100,100,100,0,0,25,0,0,0,
46861,,Dinamic Games,dinamic-games,30,2,2,0,342492,171246,171246,0,0,0,50,0,50,100,0,0,0,50,
398438,,Stepford,stepford,30,3,3,0,342451,342451,114150,2,0,67,0,33,0,0,0,0,0,0,
398439,,andyland,andyland,30,3,3,1,342451,342451,114150,3,25,50,0,50,0,0,0,0,0,0,
398440,,milkypossum,milkypossum,30,3,3,0,342451,342451,114150,2,0,67,0,33,0,0,0,0,0,0,
2913,,QUByte Interactive,qubyte-interactive,30,9,9,2,342138,21042,38015,10,45,91,36,36,9,0,9,0,27,18,Brazil
8858,,绝汪,-,30,4,4,0,341829,63255,85457,3,100,50,50,75,50,75,100,0,0,0,
6837,,Valorware,valorware,30,9,9,0,341399,8687,37933,9,89,78,22,89,11,0,78,0,0,0,
3568586,,Focusd IO,focusd-io,30,1,1,0,340789,340789,340789,1,0,100,0,0,0,0,0,0,0,0,
20168,,Nevercenter Ltd. Co.,nevercenter-ltd-co,30,1,1,0,340779,340779,340779,1,0,0,0,0,0,0,0,0,0,0,
32227,,Italo Games,italo-games,30,1,1,0,340709,340709,340709,0,100,100,0,100,0,0,0,0,0,0,Italy
185429,,Masses Studio,masses-studio,30,1,1,0,340282,340282,340282,0,100,0,100,0,100,100,100,0,0,0,
23554,,CreAct Games,creact-games,30,1,1,0,340197,340197,340197,0,100,100,0,100,0,0,100,0,0,0,Taiwan
11115,,RoKo0 (Roman Konyukhov),roko0-roman-konyukhov,30,1,1,0,339594,339594,339594,1,100,0,0,0,100,0,0,0,100,0,
9957,,ORIGAME DIGITAL,origame-digital,30,1,1,1,339570,339570,339570,1,100,0,50,0,50,0,0,0,0,0,
31955,,Lee Shang Lun,lee-shang-lun,30,1,1,0,339154,339154,339154,0,100,0,0,0,0,0,0,0,0,0,
37204,,Blastmode,blastmode,30,1,1,1,339101,339101,339101,1,100,50,50,0,0,0,50,0,0,0,
49235,,Shattered Pixel,shattered-pixel,30,1,1,0,338356,338356,338356,1,100,0,0,100,0,0,100,0,0,0,
25729,,SaintHeiser,saintheiser,30,12,12,4,338208,0,28184,0,100,38,56,50,0,0,0,0,0,0,
36500,,AREAZERO,areazero,30,2,2,0,338186,169093,169093,0,50,100,0,0,0,0,0,0,0,0,
18722,,Graphite Lab,graphite-lab,30,5,5,0,337929,12934,67586,1,80,100,20,20,0,0,20,0,0,0,United States
29112,,Games With Dragons In,games-with-dragons-in,30,1,1,0,337758,337758,337758,0,100,0,0,100,0,0,0,0,0,0,
35584,,Two and a Half Studios,two-and-a-half-studios,30,7,7,1,337516,24028,48217,8,100,0,13,13,100,0,50,0,0,0,Australia
29732,,Krish Shrikumar,krish-shrikumar,30,2,2,1,337416,337416,168708,1,100,0,67,0,100,0,0,0,0,0,
13569,,Dnovel,dnovel,30,90,90,0,337369,3249,3749,28,74,74,62,96,0,1,6,6,0,0,
27990,,Mostly Tigerproof,mostly-tigerproof,30,1,1,0,337361,337361,337361,0,0,0,0,0,100,100,0,0,0,0,
7448,,MIROWIN,mirowin,30,8,8,3,337355,70737,42169,10,64,100,9,100,18,0,9,9,0,18,
38772,,Reborn Entertainment,reborn-entertainment,30,4,4,2,337227,67880,84307,6,0,0,50,0,83,67,83,0,0,0,
18108,,Skeleton Crew Studio,skeleton-crew-studio,30,3,3,1,336913,85404,112304,1,100,100,0,50,0,0,0,0,0,0,Japan
26716,,Alex Rose,alex-rose,30,1,1,0,336651,336651,336651,0,100,100,0,0,0,0,0,0,0,0,
44954,,WildMonkey,wildmonkey,30,5,5,0,336639,98664,67328,3,80,60,20,40,0,0,0,0,0,0,
12832,,Black Cloud Studios,black-cloud-studios,30,2,2,0,336162,0,168081,2,100,0,50,100,0,0,50,0,0,0,
17940,,Digital Tentacle,digital-tentacle,30,1,1,0,336148,336148,336148,1,100,0,100,0,0,0,0,0,0,0,
33545,,My Little Planet Ltd,my-little-planet-ltd,30,2,2,0,335678,167839,167839,2,0,50,0,0,50,0,0,0,0,0,
33546,,Mucky Foot Productions Ltd,mucky-foot-productions-ltd,30,2,2,0,335678,167839,167839,0,0,50,0,0,50,0,0,0,0,0,
32836,,Nikita &quot;Ghost_RUS&quot;,nikita-quot-ghost-rus-quot,30,55,55,0,335530,1308,6101,0,100,35,75,60,24,2,2,4,4,2,
5421,,Starmops,starmops,30,6,6,0,335463,5839,55911,5,100,100,17,83,50,0,0,0,0,0,
1111,,Applava,applava,30,2,2,0,335213,285298,167607,2,100,100,50,0,0,0,0,0,0,50,
30111,,Moonbyte,moonbyte,30,1,1,0,334989,334989,334989,0,0,100,0,0,0,0,0,0,100,0,
29135,,White Powder,white-powder,30,2,2,0,334903,167452,167452,0,0,0,100,100,50,0,0,0,0,0,
5144358,,Memory of God,memory-of-god,30,2,2,0,334892,167446,167446,0,100,0,0,100,50,0,50,0,0,0,United Kingdom
21278,,Ilex Games,ilex-games,30,3,3,1,334504,110030,111501,2,100,50,0,75,0,0,25,0,0,0,Brazil
11616,,Brendon Pywell,brendon-pywell,30,1,1,0,334464,334464,334464,1,0,0,0,0,0,0,0,0,0,0,
3444961,,Surgent Studios,surgent-studios,30,1,1,0,334383,334383,334383,0,100,100,0,100,0,0,0,0,0,0,
595,,Cobble Games,cobble-games,30,2,2,1,334263,167132,167132,1,100,33,0,67,33,0,0,0,0,0,
186604,,Refactor Games,refactor-games,30,1,1,1,334256,334256,334256,2,0,100,0,50,0,0,50,0,0,50,
18863,,24 Caret Games,24-caret-games,30,1,1,0,333918,333918,333918,1,100,100,0,0,0,0,0,0,0,0,
31309,,FlyAnvil,flyanvil,30,3,3,0,333480,166740,111160,0,100,67,33,33,0,100,67,0,0,0,
3233,,SplitSide Games,splitside-games,30,1,1,0,333350,333350,333350,0,100,100,100,0,0,0,0,0,100,0,
45262,,59 Studio,59-studio,30,1,1,0,333288,333288,333288,0,100,0,0,0,0,0,100,0,0,0,
25145,,CyberphobX Ltd.,cyberphobx-ltd,30,1,1,0,333266,333266,333266,0,0,0,0,0,100,100,0,0,0,0,
46419,,Lobotomy Software,lobotomy-software,30,2,2,0,333194,166597,166597,0,0,100,0,50,0,0,0,0,0,0,United States
941207,,Ahr Ech,ahr-ech,30,1,1,0,333043,333043,333043,0,100,100,0,0,0,0,0,0,0,0,United States
2564817,,Broken Clock,broken-clock,30,2,2,1,332985,166493,166493,3,100,0,100,0,100,0,100,0,0,0,
18689,,Nacho Games,nacho-games,30,1,1,0,332837,0,332837,1,100,100,0,0,0,0,0,0,0,0,
12153,,DK Studio,dk-studio,30,3,3,0,332816,0,110939,2,100,67,0,33,0,0,33,0,0,0,
2644,,Mass Creation,mass-creation,30,5,5,1,332799,85737,66560,1,100,50,50,83,17,0,33,0,17,0,Poland
1636600,,PropilGames,propilgames,30,6,6,0,332740,12914,55457,2,100,100,100,100,100,50,100,0,33,17,
48332,,Playcorp Studios,playcorp-studios,30,1,1,0,332720,332720,332720,0,100,100,0,100,0,0,0,0,0,0,
3302,,G-MODE,g-mode,30,55,55,0,332675,624,6049,54,11,7,31,38,22,0,24,0,0,0,Japan
19031,,teamCOIL,teamcoil,30,1,1,0,332510,332510,332510,1,100,100,0,100,0,0,0,0,0,0,
36556,,MapleDorm Games,mapledorm-games,30,1,1,0,332304,332304,332304,1,100,100,100,100,0,0,100,0,0,0,China
21707,,Scraping Bottom Games,scraping-bottom-games,30,1,1,0,332300,332300,332300,1,100,100,0,0,0,0,100,0,0,0,United States
26709,,Fly System,fly-system,30,1,1,0,332260,332260,332260,0,100,100,0,0,0,0,0,0,0,0,
21542,,Ludomotion,ludomotion,30,3,3,0,332255,163278,110752,2,100,33,33,67,0,0,67,0,0,0,Netherlands
33333,,RIVER CROW STUDIO,river-crow-studio,30,1,1,0,332223,332223,332223,1,100,0,100,100,0,0,0,0,0,0,Australia
25854,,Visual Imagination Software GbR,visual-imagination-software-gbr,30,1,1,0,332132,332132,332132,0,0,0,0,0,100,0,0,0,0,0,
24812,,NAYUTA STUDIO,nayuta-studio,30,2,2,0,331854,165927,165927,1,100,0,0,100,0,0,0,0,0,0,
33581,,Floating Origin Interactive,floating-origin-interactive,30,2,2,0,331834,229963,165917,0,50,0,0,0,100,0,0,0,50,0,
25651,,FiolaSoft Studio,fiolasoft-studio,30,1,1,1,331622,331622,331622,1,100,100,0,100,0,0,0,0,0,0,Czech Republic
23798,,TUNNEL no.73,tunnel-no-73,30,2,2,0,331263,165632,165632,0,100,0,0,0,0,0,100,0,0,0,
504223,,DX Gameworks,dx-gameworks,30,2,2,1,331174,331174,165587,3,100,67,0,33,0,33,0,0,0,0,Brazil
7510,,Ghostlight LTD.,ghostlight-ltd,30,3,3,0,331127,96444,110376,0,0,0,0,67,0,33,33,0,0,0,United Kingdom
2638,,Tonguç Bodur,tongu-bodur,30,25,25,1,331109,6743,13244,26,85,8,50,81,8,0,0,0,0,0,
6582275,,Tom van den Boogaart,tom-van-den-boogaart,30,8,8,0,330873,17798,41359,0,100,38,13,63,25,0,25,0,13,0,
4529,,Koga Tech Limited,koga-tech-limited,30,1,1,0,330807,330807,330807,1,0,0,0,0,0,0,0,0,0,0,
26373,,Arvi Teikari,arvi-teikari,30,1,1,0,330126,330126,330126,0,100,100,0,100,0,0,0,0,0,0,
26946,,Roope Mäkinen,roope-m-kinen,30,1,1,0,330126,330126,330126,0,100,100,0,100,0,0,0,0,0,0,
28993,,Orcsoft,orcsoft,30,14,14,1,330119,15059,23580,0,13,0,40,80,0,0,20,0,0,0,
187206,,Guidelight Games,guidelight-games,30,1,1,0,330078,330078,330078,0,100,0,0,0,0,100,0,0,0,0,Denmark
38390,,Hermit Games,hermit-games,30,1,1,0,329972,329972,329972,0,100,100,0,100,0,0,100,0,0,0,
26347,,Arcturus Interactive,arcturus-interactive,30,1,1,0,329873,329873,329873,0,100,100,100,0,0,0,0,0,100,0,
26773,,The Engine Company,the-engine-company,30,1,1,0,329873,329873,329873,0,100,100,100,0,0,0,0,0,100,0,
28502,,Shapes and Lines,shapes-and-lines,30,1,1,0,329873,329873,329873,0,100,100,100,0,0,0,0,0,100,0,
47780,,INAZUMA SOFT,inazuma-soft,30,1,1,1,329757,329757,329757,0,100,0,0,100,100,0,100,0,0,0,
23395,,"Supercombo, Inc.",supercombo-inc,30,1,1,0,329178,329178,329178,0,0,0,0,100,0,100,100,0,0,0,
2714,,Digital Crafter,digital-crafter,30,8,8,1,329101,14953,41138,8,89,89,56,33,0,11,22,11,0,11,
50174,,Alblune,alblune,30,1,1,1,328939,328939,328939,1,100,0,50,50,0,0,0,0,0,0,
36443,,torcado,torcado,30,3,3,0,328853,5915,109618,1,100,67,33,0,0,0,0,0,0,0,
49283,,Furry Tails,furry-tails,30,10,10,0,328758,16551,32876,10,20,30,80,40,20,10,10,0,0,10,
1639247,,Hadoque,hadoque,30,1,1,0,328649,328649,328649,0,100,0,0,100,0,0,0,0,0,0,Sweden
27760,,Vladimir Shlapak,vladimir-shlapak,30,1,1,0,328645,328645,328645,0,100,100,0,0,0,0,0,0,0,0,
23795,,Riya,riya,30,1,1,0,328560,328560,328560,0,100,100,0,100,100,100,100,0,0,0,
16541,,Elephant Games,elephant-games,30,87,87,0,328300,2352,3774,2,3,0,99,94,0,0,0,0,0,0,Russia
4012767,,Megame LLC,megame-llc,30,5,5,1,328129,6655,65626,6,100,83,0,33,33,0,33,0,0,0,
34743,,Infinigon Games,infinigon-games,30,1,1,0,328121,328121,328121,0,100,0,0,100,100,0,100,0,0,0,
5144359,,Lambic Studios,lambic-studios,30,1,1,0,327988,327988,327988,0,100,0,0,100,0,0,0,0,0,0,
32485,,Papaya Studio,papaya-studio,30,3,3,0,327982,49117,109327,0,0,33,33,67,0,0,0,0,33,0,United States
808,,indie_games_studio,indie-games-studio,30,24,24,4,327665,4175,13653,25,100,64,7,89,25,4,18,0,0,0,
18928,,Faton,faton,30,2,2,0,327662,163831,163831,2,50,50,0,0,0,50,0,0,50,0,
16817,,BitCake Studio,bitcake-studio,30,3,3,2,327451,113232,109150,3,60,80,20,40,0,0,0,0,0,0,Brazil
13706,,NewWestGames,newwestgames,30,7,7,0,327396,96670,46771,7,57,0,43,43,0,0,0,0,0,0,
30900,,Kinky Fridays,kinky-fridays,30,4,4,0,327002,60303,81751,1,25,50,75,50,25,0,25,0,0,0,Poland
9196,,The Dust S.A.,the-dust-s-a,30,1,1,0,326963,326963,326963,0,0,100,0,100,0,0,0,0,0,0,Poland
39882,,illufinch,illufinch,30,1,1,0,326830,326830,326830,0,100,0,100,100,0,0,0,0,0,0,
17399,,Liquid Donkey Games,liquid-donkey-games,30,1,1,0,326804,326804,326804,1,100,100,0,0,0,0,0,0,0,0,
38863,,"Joon, Pol, Muutsch, Char &amp; Torfi",joon-pol-muutsch-char-amp-torfi,30,1,1,0,326560,326560,326560,0,0,0,0,100,100,0,0,0,0,0,
35881,,Pixel Chest,pixel-chest,30,1,1,0,326494,326494,326494,0,0,100,0,0,100,100,100,0,0,0,
9278,,rondomedia GmbH,rondomedia-gmbh,30,1,1,0,326031,326031,326031,1,0,0,0,0,100,100,0,0,0,0,
27896,,IndieLeague Studio,indieleague-studio,30,1,1,0,325904,325904,325904,0,100,100,0,100,0,0,100,0,0,0,
36872,,Nukefist,nukefist,30,1,1,1,325449,325449,325449,1,100,100,50,100,0,0,0,0,0,0,
29885,,4gency,4gency,30,1,1,0,325305,325305,325305,0,100,100,0,0,100,100,0,0,0,0,United States
14946,,VRESKI,vreski,30,1,1,0,325219,325219,325219,0,100,100,0,0,0,0,0,0,0,0,
4936,,Mykhail Konokh,mykhail-konokh,30,11,11,1,325117,2257,29556,12,100,58,33,8,17,0,0,0,0,0,
30245,,Greendev.,greendev,30,2,2,1,325010,325010,162505,0,67,33,33,67,0,0,0,0,0,0,
32096,,Kraken Studios,kraken-studios,30,3,3,0,324627,84874,108209,1,33,0,0,0,33,100,0,0,0,0,
3567,,Geeta Games,geeta-games,30,1,1,0,324445,324445,324445,0,100,0,0,100,0,0,0,0,0,0,
3444885,,Noisy Fish,noisy-fish,30,1,1,0,324353,324353,324353,0,0,0,100,0,100,0,0,0,0,0,
27736,,Matt Kap,matt-kap,30,1,1,0,324347,324347,324347,0,100,100,0,100,0,0,100,0,0,0,
42600,,CubeCube Sports Ltd.,cubecube-sports-ltd,30,4,4,3,324228,89950,81057,7,100,14,29,14,86,14,29,0,0,14,
9962,,Primary Orbit,primary-orbit,30,2,2,0,323951,161976,161976,0,100,0,0,100,0,0,100,0,0,0,
19319,,HumaNature Studios,humanature-studios,30,1,1,1,323775,323775,323775,1,100,0,100,50,0,0,0,0,0,0,United States
26464,,Loveshack Entertainment,loveshack-entertainment,30,1,1,0,323526,323526,323526,0,100,0,100,100,0,0,0,0,0,0,Australia
45185,,Lily Spinel,lily-spinel,30,1,1,0,323375,323375,323375,0,0,0,0,100,0,0,0,0,0,0,
293036,,Neos Corporation,neos-corporation,30,1,1,0,323365,323365,323365,1,0,0,100,100,0,0,0,0,0,0,
26217,,Circus,circus,30,4,4,0,323358,58366,80840,0,25,0,25,75,0,0,25,0,0,0,
23767,,Kaigan Games,kaigan-games,30,2,2,2,323301,161651,161651,2,75,0,0,25,50,25,25,0,0,0,
24193,,Disaster Studio,disaster-studio,30,1,1,0,322952,322952,322952,0,100,0,0,100,100,0,0,0,0,0,
2295984,,HappyCreator,happycreator,30,1,1,2,322944,322944,322944,3,67,0,0,100,0,0,100,0,0,0,
32448,,Sicarius,sicarius,30,6,6,1,322791,55260,53799,0,100,71,0,57,43,0,29,0,0,0,
14340,,Critical Games,critical-games,30,3,3,0,322781,118827,107594,3,100,0,0,100,0,0,100,0,0,0,
18811,,Blue Mountains,blue-mountains,30,1,1,0,322446,322446,322446,1,100,100,0,0,100,0,100,100,0,0,
11327,,Foolish Mortals Games,foolish-mortals-games,30,4,4,1,322424,104685,80606,5,80,20,20,20,20,60,0,20,0,0,Canada
73188,,Michael Long,michael-long,30,4,4,1,322424,104685,80606,0,80,20,20,20,20,60,0,20,0,0,
54455,,Exbyte Studios,exbyte-studios,30,2,2,2,321979,160990,160990,4,100,75,75,50,75,50,0,0,0,0,
14739,,Brain Seal Ltd,brain-seal-ltd,30,7,7,3,321973,24864,45996,10,30,30,10,0,20,60,50,0,0,0,
30169,,Animallica Games Studio,animallica-games-studio,30,1,1,0,321933,321933,321933,0,100,100,0,100,100,0,0,0,0,0,
32864,,Asmodev,asmodev,30,5,5,5,321911,21874,64382,0,80,80,30,50,90,0,30,0,0,0,
26578,,Daniel Linssen,daniel-linssen,30,3,3,0,321733,67400,107244,1,100,100,0,67,0,0,33,0,0,0,
20952,,Sigyaad Team,sigyaad-team,30,17,17,0,321497,10137,18912,17,0,24,65,0,0,0,12,0,0,0,
4816,,Alessandro Guzzo,alessandro-guzzo,30,2,2,1,321493,160747,160747,3,100,0,0,100,0,0,0,0,0,0,
33636,,Code Wakers,code-wakers,30,2,2,0,321365,321365,160683,0,100,100,0,50,0,0,0,0,0,0,
19675,,Blue Sunset Games,blue-sunset-games,30,11,11,1,321255,7318,29205,3,100,92,83,42,8,25,0,0,0,17,Poland
14436,,Cylinder Studios,cylinder-studios,30,1,1,0,320865,0,320865,1,100,100,100,100,100,0,100,100,0,0,
30203,,Cardboard Utopia,cardboard-utopia,30,1,1,1,320757,320757,320757,1,50,0,0,0,50,50,50,0,0,0,
17066,,Aerovery Lab,aerovery-lab,30,1,1,0,320511,320511,320511,1,0,0,0,0,100,0,0,0,0,0,
37128,,dietzribi,dietzribi,30,2,2,2,320424,160212,160212,4,50,100,0,50,0,0,0,0,0,0,Germany
15565,,Nyamyam,nyamyam,30,2,2,0,320238,160119,160119,2,100,0,100,100,0,0,0,0,0,0,United Kingdom
10974,,MeNic Games,menic-games,30,2,2,1,320223,160112,160112,2,67,0,67,0,100,67,0,0,0,0,Argentina
5153046,,汉谟拉比炒面,-,30,1,1,0,320139,320139,320139,0,100,0,100,100,100,0,0,0,0,0,
5153047,,我的屁是香哒,-,30,1,1,0,320139,320139,320139,0,100,0,100,100,100,0,0,0,0,0,
27967,,Purple Software,purple-software,30,6,6,0,319778,48898,53296,0,0,0,67,83,0,0,0,0,0,0,Japan
19600,,Deceptive Games,deceptive-games,30,6,6,0,319729,3849,53288,6,100,83,50,83,17,0,0,0,17,0,
720778,,didlstudio,didlstudio,30,16,16,0,319506,0,19969,16,100,0,0,0,0,0,0,0,0,0,
31603,,Erik Rempen,erik-rempen,30,1,1,1,319475,319475,319475,1,50,0,50,0,50,50,0,0,0,0,
185228,,InterStudio,interstudio,30,1,1,1,319449,319449,319449,0,100,50,50,100,50,100,0,0,0,0,
5316,,Drifter®,drifter,30,2,2,0,318807,159404,159404,1,50,100,0,0,0,0,0,0,0,0,
27521,,K-D Lab,k-d-lab,30,5,5,0,318424,28977,63685,0,40,20,0,40,0,60,0,0,40,0,Russia
12520,,Digital Seductions,digital-seductions,30,2,2,1,318318,159159,159159,3,67,0,67,67,0,0,0,0,0,0,
22157,,Machine 22,machine-22,30,3,3,0,318274,79717,106091,2,100,0,33,33,33,67,33,0,0,0,Canada
32080,,BreakAway Games,breakaway-games,30,3,3,0,318068,159034,106023,2,0,0,0,0,100,67,0,0,0,0,
3444955,,Avantgarden SRL,avantgarden-srl,30,1,1,0,317948,317948,317948,0,0,0,100,100,0,0,0,0,0,0,
31162,,HUSH Interactive,hush-interactive,30,3,3,0,317704,103660,105901,0,100,33,33,67,33,0,0,0,0,0,
31655,,Burut CT,burut-ct,30,8,8,0,317587,27787,39698,0,0,50,0,63,0,38,50,0,0,0,
7900,,BSK Games,bsk-games,30,1,1,0,317577,317577,317577,0,100,100,0,100,0,0,0,0,0,0,
31667,,Trickstar Games,trickstar-games,30,2,2,0,317471,158736,158736,0,0,50,0,0,100,0,0,0,0,0,
53619,,Refugium Games,refugium-games,30,2,2,1,316989,158495,158495,3,67,33,0,100,0,0,0,0,0,0,
25155,,Virtuous Development,virtuous-development,30,1,1,0,316916,316916,316916,0,100,0,0,100,100,100,100,0,0,0,
45023,,Original Studios,original-studios,30,1,1,0,316833,316833,316833,1,100,100,0,100,100,0,0,0,0,0,
3192610,,Rafale Software,rafale-software,30,2,2,2,316663,316663,158332,2,100,0,50,0,75,75,50,0,0,0,
43153,,"Acoustica, Inc.",acoustica-inc,30,1,1,0,316657,316657,316657,1,0,0,0,0,0,0,0,0,0,0,
46972,,AsraWorks,asraworks,30,3,3,0,316355,9790,105452,3,67,33,0,0,0,67,0,0,0,0,
25421,,Pixwerk,pixwerk,30,1,1,0,316308,316308,316308,0,100,100,0,0,0,0,0,0,0,0,
10154,,Sombr Studio,sombr-studio,30,1,1,0,316190,316190,316190,1,100,100,100,0,0,100,0,0,0,0,
23807,,Antonio Vargas,antonio-vargas,30,1,1,0,316100,316100,316100,0,100,0,100,100,0,0,0,0,0,0,
26368,,Claudio Norori,claudio-norori,30,1,1,1,316100,316100,316100,1,100,50,100,100,0,0,0,0,0,0,
38808,,Igor Uduslivii,igor-uduslivii,30,1,1,0,315861,315861,315861,0,100,0,100,0,0,0,0,0,0,0,
15636,,CSR-Studios,csr-studios,30,1,1,1,315828,315828,315828,2,100,100,0,0,0,0,100,0,0,0,
2726041,,DarkPhobia Games,darkphobia-games,30,3,3,0,315444,77233,105148,3,33,0,0,100,0,0,0,0,0,0,
611255,,Team Vivat,team-vivat,30,2,2,0,315343,157672,157672,2,0,100,0,50,0,0,0,0,50,0,Slovakia
7685,,SP-time,sp-time,30,3,3,0,315189,85456,105063,3,100,0,100,100,0,0,33,0,0,0,
42697,,CreamCatGame,creamcatgame,30,2,2,1,315132,0,157566,3,67,67,100,67,67,67,67,0,0,67,
15181,,Strong Cube,strong-cube,30,3,3,0,315045,0,105015,3,100,67,67,67,0,0,0,0,0,0,
1642446,,Lori Vornoy,lori-vornoy,30,1,1,0,314762,314762,314762,1,100,100,0,100,0,0,100,0,0,0,
5161,,EmpromGame,empromgame,30,8,8,1,314731,40952,39341,4,100,67,0,11,0,44,44,0,0,0,
32764,,"Enlight Software Limited, PerspectX",enlight-software-limited-perspectx,30,1,1,0,314707,314707,314707,0,0,0,100,0,100,100,0,0,0,0,
26284,,KxONE,kxone,30,2,2,0,314550,157275,157275,0,100,100,50,100,0,0,0,0,0,0,
27245,,Malfador Machinations,malfador-machinations,30,6,6,0,314395,2231,52399,0,0,17,0,0,0,100,0,0,0,0,
36340,,Actual Nerds,actual-nerds,30,2,2,1,314369,157185,157185,2,100,100,0,0,0,0,33,0,0,0,
4552,,Nupixo Games,nupixo-games,30,1,1,0,314167,314167,314167,1,100,0,0,100,0,0,0,0,0,0,
13041,,Cross-Product,cross-product,30,1,1,0,314167,314167,314167,0,100,100,0,100,0,0,0,0,0,0,
45077,,RideonJapan,rideonjapan,30,7,7,0,314167,12240,44881,0,0,0,0,0,29,100,100,0,0,0,
10419,,BonusXP,bonusxp,30,4,4,0,314153,50605,78538,2,0,50,0,25,0,75,25,0,0,0,United States
1394897,,hcnone,hcnone,30,1,1,0,314108,314108,314108,1,100,0,0,100,0,0,0,0,0,0,
26453,,Matrioshka Games,matrioshka-games,30,2,2,0,313907,52402,156954,0,100,100,0,100,0,0,100,0,0,0,United States
2764,,Larkon Studio,larkon-studio,30,1,1,0,313865,313865,313865,1,100,100,0,100,0,100,100,0,0,0,
55097,,azimuth team,azimuth-team,30,16,16,1,313857,2687,19616,17,100,0,100,59,6,6,18,0,18,0,
30544,,CUTE ANIME GIRLS,cute-anime-girls,30,16,16,1,313664,15793,19604,0,100,0,100,65,6,29,41,0,0,0,
9012,,Huw Millward,huw-millward,30,1,1,0,313504,313504,313504,1,100,0,0,0,100,100,100,0,0,0,
49661,,Two Tiny Dice,two-tiny-dice,30,2,2,0,313026,156513,156513,0,100,0,50,0,0,100,0,0,0,0,France
38284,,Barspin Studios,barspin-studios,30,1,1,0,312707,312707,312707,1,100,100,0,0,100,0,0,0,0,100,
2070,,Aleksandr Golovkin,aleksandr-golovkin,30,7,7,1,312621,156311,44660,5,88,0,25,0,0,63,25,0,0,0,
52725,,Questions Factory,questions-factory,30,1,1,1,312379,312379,312379,2,100,50,50,100,0,0,0,0,0,0,
34318,,Vijuda,vijuda,30,3,3,0,312243,154548,104081,3,67,0,0,0,0,0,0,0,100,67,
47257,,Sky Devil Palm,sky-devil-palm,30,2,2,0,312219,156110,156110,0,50,50,0,50,0,0,0,0,50,50,
40643,,Guinxu,guinxu,30,1,1,0,312074,312074,312074,1,100,100,0,100,0,0,100,0,0,0,Spain
15743,,Salmi Games,salmi-games,30,4,4,0,311921,48956,77980,4,100,100,50,0,25,0,0,0,0,0,
32292,,JCKSLAP,jckslap,30,2,2,0,311768,155884,155884,0,100,0,100,0,0,0,0,0,0,0,
16985,,Stereo7 Games,stereo7-games,30,4,4,0,311729,6440,77932,4,100,100,100,0,0,100,0,0,0,0,
24672,,Nifflas' Games,nifflas-games,30,2,2,0,311646,155823,155823,0,100,0,0,50,0,0,0,0,0,0,Sweden
29306,,Gloomywood,gloomywood,30,1,1,0,311446,311446,311446,0,100,0,0,100,0,0,0,0,0,0,France
24615,,N-RACING,n-racing,30,1,1,0,311437,311437,311437,0,0,0,0,0,100,0,0,0,100,100,
184461,,Fragaria,fragaria,30,1,1,1,311191,311191,311191,2,100,0,0,100,0,0,0,0,0,0,
45377,,eBrain Studio,ebrain-studio,30,1,1,0,311030,311030,311030,0,100,100,0,100,0,0,100,0,0,0,
13395,,orange,orange,30,9,9,1,311003,3168,34556,9,10,20,30,90,0,0,0,0,0,0,
8419,,Shaman Games Studio,shaman-games-studio,30,13,13,0,310894,23501,23915,5,69,0,100,62,0,0,0,0,0,0,Ukraine
17472,,Zeiva Inc,zeiva-inc,30,12,12,1,310892,10291,25908,13,100,0,100,100,77,0,0,0,0,0,
4385494,,WAKUWAKU,wakuwaku,30,2,2,0,310839,155420,155420,2,100,0,100,0,100,50,0,0,0,0,
51334,,ENGINES Inc.,engines-inc,30,1,1,0,310491,310491,310491,0,0,100,0,0,0,0,0,0,0,0,
27244,,Talawa Games,talawa-games,30,1,1,0,310486,310486,310486,0,100,0,100,100,0,0,0,0,0,0,Sweden
940369,,Chosuido,chosuido,30,1,1,0,310253,310253,310253,0,0,0,0,100,0,0,0,0,0,0,
940370,,超水道,-,30,1,1,0,310253,310253,310253,0,0,0,0,100,0,0,0,0,0,0,
32288,,Xatrix Entertainment,xatrix-entertainment,30,7,7,1,310223,10473,44318,0,0,100,0,38,13,13,13,0,0,0,United States
22686,,"Element Games, LLC",element-games-llc,30,3,3,0,310172,9629,103391,3,100,100,33,0,0,67,33,0,0,0,
31449,,Firecast Studio,firecast-studio,30,1,1,0,309991,309991,309991,0,100,100,0,100,0,100,100,0,0,0,
2543696,,Fableware,fableware,30,1,1,0,309991,309991,309991,0,100,100,0,100,0,100,100,0,0,0,
17610,,3f Interactive,3f-interactive,30,3,3,0,309880,84021,103293,3,100,0,100,100,0,0,0,0,0,0,
8091,,Cosmonaut Studios,cosmonaut-studios,30,1,1,0,309498,309498,309498,0,100,0,0,100,0,0,0,0,0,0,United Kingdom
5185,,Konstructors,konstructors,30,11,11,1,309170,18138,28106,0,100,0,100,17,8,75,0,0,0,0,
31223,,Long Hat House,long-hat-house,30,1,1,0,308999,308999,308999,0,100,100,0,0,0,0,0,0,0,0,
8272,,DevilishGames,devilishgames,30,6,6,1,308981,21496,51497,6,86,43,29,57,29,14,0,0,0,0,Spain
13655,,DistrictWare inc.,districtware-inc,30,1,1,0,308942,308942,308942,1,100,100,100,100,100,0,0,0,0,0,
27474,,Undercoders,undercoders,30,9,9,0,308715,15804,34302,1,89,67,33,78,0,0,0,0,0,0,Spain
29281,,Sebastien Bini,sebastien-bini,30,2,2,0,308657,154329,154329,0,0,0,0,0,0,0,0,0,0,0,
16668,,Xihe Animation,xihe-animation,30,2,2,0,308571,154286,154286,0,100,0,0,0,50,0,100,0,0,0,
150809,,5minlab Corp.,5minlab-corp,30,7,7,2,308362,24111,44052,6,56,33,44,0,33,33,0,0,0,0,
29057,,MercuryStudio,mercurystudio,30,2,2,1,308330,154165,154165,0,100,100,33,0,0,0,0,0,67,67,
36158,,Mauris,mauris,30,2,2,1,308285,308285,154143,0,0,100,33,100,67,0,67,0,0,0,
25468,,Arclight Creations,arclight-creations,30,1,1,1,308100,308100,308100,1,50,0,0,100,50,50,50,0,0,0,
23599,,Freshly Squeezed,freshly-squeezed,30,1,1,0,308034,308034,308034,0,100,0,0,100,0,0,0,0,100,0,Sweden
32596,,Strategy Labs,strategy-labs,30,4,4,0,307917,153959,76979,0,100,0,0,0,100,75,0,0,0,0,
5954,,Radon Labs,radon-labs,30,2,2,0,307846,153923,153923,1,0,0,0,0,0,50,50,0,0,0,Germany
1395870,,Lost Sock Studio,lost-sock-studio,30,1,1,0,307427,307427,307427,1,100,100,100,100,0,0,0,0,0,0,
7231,,Sparks Games,sparks-games,30,1,1,0,307421,307421,307421,1,100,100,100,100,0,0,100,0,0,0,
4237,,Image Power S.A.,image-power-s-a,30,7,7,5,307346,72940,43907,12,75,33,8,17,100,33,0,0,33,17,
7390,,Paper Castle Games,paper-castle-games,30,1,1,1,307110,307110,307110,1,100,0,0,100,0,0,100,0,0,0,
2431978,,Nikita Sozidar,nikita-sozidar,30,1,1,0,307093,307093,307093,0,100,100,0,100,0,0,100,0,0,0,
13381,,Tasty Stewdios LLC,tasty-stewdios-llc,30,1,1,1,306976,306976,306976,2,100,50,0,50,0,50,100,0,0,0,
10290,,Mango Protocol,mango-protocol,30,5,5,0,306729,77218,61346,3,100,20,20,100,0,0,0,0,0,0,
17519,,ISOTX,isotx,30,4,4,0,306726,0,76682,4,75,50,50,0,0,75,0,25,0,0,Netherlands
939820,,Boomer Games s.r.o.,boomer-games-s-r-o,30,1,1,0,306473,306473,306473,1,100,0,0,100,100,0,0,0,0,0,
42677,,Dread XP,dread-xp,30,3,3,0,306382,86138,102127,3,67,100,0,67,0,0,0,0,0,0,
25539,,Arcadia,arcadia,30,5,5,0,306071,2371,61214,2,0,60,20,60,0,20,20,20,0,0,
3997,,AndrewDrumov,andrewdrumov,30,1,1,0,305860,305860,305860,0,100,100,100,100,0,0,0,0,0,0,
28010,,DigiFX Interactive,digifx-interactive,30,1,1,0,305841,305841,305841,0,0,0,0,100,0,0,0,0,0,0,
37862,,UN JE NE SAIS QUOI,un-je-ne-sais-quoi,30,1,1,0,305739,305739,305739,0,100,0,0,100,0,0,0,0,0,0,France
37863,,UMANIMATION,umanimation,30,1,1,0,305739,305739,305739,0,100,0,0,100,0,0,0,0,0,0,France
25589,,Memetic Games,memetic-games,30,1,1,0,305457,305457,305457,0,100,100,0,100,0,0,0,0,0,0,South Africa
7947,,YEARS,years,30,4,4,1,305423,40993,76356,2,80,20,60,40,20,60,100,0,0,0,
5912123,,Blessing Company,blessing-company,30,76,76,0,305410,811,4019,76,84,14,89,84,13,8,30,0,0,0,
2038,,Sillysoft Games,sillysoft-games,30,2,2,1,305308,152654,152654,3,100,33,33,0,0,67,0,0,0,0,
5078744,,Rawi Studio,rawi-studio,30,15,15,0,305306,14400,20354,15,20,100,33,73,13,13,0,0,0,0,
38745,,Bark Bark Games,bark-bark-games,30,1,1,1,305278,305278,305278,1,100,100,0,100,0,0,0,0,0,0,
6554691,,DAWINSTONE,dawinstone,30,1,1,0,305135,305135,305135,1,100,100,0,0,0,0,100,0,0,0,
12024,,Lost in Days Studio,lost-in-days-studio,30,1,1,0,305017,305017,305017,1,100,100,0,100,100,0,100,0,0,0,
24946,,Mahelyk,mahelyk,30,4,4,2,304799,86138,76200,0,100,50,17,67,0,0,0,0,0,0,
743542,,Hometopia Inc.,hometopia-inc,30,1,1,0,304568,304568,304568,1,0,0,100,0,100,0,0,0,0,0,
16603,,Pyxeralia,pyxeralia,30,1,1,0,304481,304481,304481,1,100,100,0,0,0,0,100,0,0,0,
1750,,Underbite Games,underbite-games,30,3,3,0,304465,137868,101488,2,100,33,33,67,33,67,100,0,0,0,United States
31887,,XII Games,xii-games,30,1,1,0,304394,304394,304394,0,100,0,0,100,0,0,0,0,0,0,
98893,,Hede Games,hede-games,30,16,16,0,304226,16644,19014,16,100,100,100,50,50,56,19,0,0,0,
38966,,Pixel Reef,pixel-reef,30,2,2,0,304102,152051,152051,2,100,0,100,100,100,0,0,0,0,0,France
14614,,Friend &amp; Foe Games,friend-amp-foe-games,30,1,1,0,304035,304035,304035,0,100,100,100,100,0,0,0,0,0,0,
30542,,Canvas+Garden,canvas-garden,30,2,2,0,304001,152001,152001,0,100,0,100,0,0,0,0,0,0,0,
13522,,Zenz VR,zenz-vr,30,3,3,0,303958,14517,101319,3,100,100,0,0,0,0,0,0,0,0,
22732,,Play2Chill,play2chill,30,2,2,1,303722,151861,151861,0,100,100,33,67,67,33,33,0,0,0,
7080238,,Okami Studio,okami-studio,30,1,1,0,303655,303655,303655,1,100,100,0,0,0,0,0,0,0,0,
22042,,Sonoshee,sonoshee,30,3,3,1,303591,151796,101197,4,100,100,0,100,0,0,0,0,0,0,
12514,,Sinn Studio Inc.,sinn-studio-inc,30,4,4,0,303583,7492,75896,4,0,100,0,0,0,0,25,0,0,0,
1395273,,Rootnstudio Ltd.,rootnstudio-ltd,30,1,1,0,303520,303520,303520,0,100,100,0,100,0,0,0,0,0,0,
15052,,Pineleaf Studio,pineleaf-studio,30,1,1,0,303504,0,303504,0,0,0,0,0,100,100,0,0,0,0,
17168,,Kobra Studio,kobra-studio,30,4,4,0,302854,80057,75714,4,100,100,50,50,75,50,0,25,0,0,
29811,,Dreamplant,dreamplant,30,1,1,0,302615,302615,302615,0,100,100,0,100,0,0,100,0,0,0,
30701,,ninjalex,ninjalex,30,1,1,0,302580,302580,302580,0,100,0,0,100,0,0,100,0,0,0,
20196,,S.C. 16 BIT NIGHTS S.R.L.,s-c-16-bit-nights-s-r-l,30,5,5,1,302439,72043,60488,5,33,33,0,50,33,50,33,0,0,0,
18271,,Noostyche,noostyche,30,2,2,0,302399,151200,151200,1,100,50,0,100,0,0,0,50,0,0,
749316,,Andy Brophy,andy-brophy,30,2,2,0,302272,151136,151136,0,50,0,50,100,0,0,50,0,0,0,
36804,,a10a010,a10a010,30,1,1,0,302193,302193,302193,0,100,100,100,100,0,0,100,0,0,0,
20806,,MGP Studios,mgp-studios,30,4,4,2,301910,53398,75478,3,83,83,17,83,0,0,50,0,17,0,
2652,,CyberLink,cyberlink,30,9,9,0,301643,0,33516,8,0,0,0,0,0,0,0,0,0,0,
941499,,Night Eyes Interactive,night-eyes-interactive,30,1,1,0,301438,301438,301438,1,100,100,0,0,0,0,0,0,0,0,
12658,,Crocodile Entertainment,crocodile-entertainment,30,1,1,0,301400,301400,301400,1,100,100,0,100,0,0,0,0,0,0,
44197,,MindThunk,mindthunk,30,1,1,0,301215,301215,301215,1,100,100,0,0,0,0,100,0,0,0,
3273,,AdroVGames,adrovgames,30,4,4,1,301032,79828,75258,5,100,0,0,100,40,0,0,0,0,0,
4954495,,Seafront Games,seafront-games,30,1,1,0,300992,300992,300992,1,100,100,0,0,100,0,0,0,0,100,
5188,,LIFE0,life0,30,3,3,0,300669,109583,100223,2,0,0,0,67,67,0,0,0,0,0,
14369,,BRUTE FORCE,brute-force,30,1,1,1,300593,300593,300593,2,100,100,50,100,50,0,0,0,100,0,France
3116,,Redblack Spade,redblack-spade,30,3,3,1,299803,99997,99934,4,100,50,25,100,0,0,75,0,0,0,
28413,,Lunasoft,lunasoft,30,3,3,0,299803,54803,99934,0,67,33,33,33,0,0,100,0,0,0,
7519656,,D20Studios,d20studios,30,1,1,1,299717,299717,299717,2,100,0,0,50,0,100,50,0,0,0,United States
23876,,Coronado Games,coronado-games,30,1,1,0,299314,299314,299314,0,100,0,0,0,100,100,0,0,0,0,
22076,,Sinclair Strange,sinclair-strange,30,5,5,1,299082,19738,59816,4,100,100,0,67,0,0,0,0,0,0,
30087,,Breakpoint,breakpoint,30,1,1,0,299078,299078,299078,0,0,0,0,0,0,0,0,0,0,100,
11350,,Quickfire Games,quickfire-games,30,1,1,1,299060,299060,299060,2,100,50,0,50,50,50,100,0,0,0,
29289,,"Amaranth Games, LLC",amaranth-games-llc,30,5,5,0,299036,43028,59807,0,100,0,80,80,0,0,100,0,0,0,
4869,,Crankshaft Games,crankshaft-games,30,1,1,0,299005,299005,299005,1,100,100,0,100,0,0,0,0,0,0,
11010,,Big Fish Games,big-fish-games,30,14,14,0,298705,15647,21336,14,21,0,100,21,7,0,0,0,0,0,United States
33576,,Digital Reality Software &amp; Playbox,digital-reality-software-amp-playbox,30,1,1,0,298691,298691,298691,0,0,0,0,0,0,0,0,0,100,0,
23708,,souvenir circ.,souvenir-circ,30,3,3,0,298632,79871,99544,0,100,100,100,0,0,0,0,0,0,0,
42292,,maitan69,maitan69,30,2,2,1,298545,149273,149273,1,67,33,33,100,0,0,0,0,0,0,
49537,,Adventurer's Tavern,adventurer-s-tavern,30,4,4,0,298288,28332,74572,1,100,0,50,50,25,0,25,0,0,0,
12402,,Kube Games,kube-games,30,1,1,0,297922,297922,297922,1,0,0,0,0,100,100,0,0,0,0,
28630,,Witching Hour Studios,witching-hour-studios,30,2,2,0,297627,148814,148814,0,50,0,0,0,0,50,100,0,0,0,Singapore
32514,,Gustav,gustav,30,6,6,1,297434,16544,49572,5,100,57,29,100,14,0,29,0,0,0,
14550,,Geoff Keighley,geoff-keighley,30,4,4,0,297009,43272,74252,4,0,75,0,0,0,0,0,0,0,0,
16739,,Red Abyss Software,red-abyss-software,30,1,1,0,296860,296860,296860,1,100,100,0,100,100,0,0,100,0,0,
27920,,stage-nana,stage-nana,30,4,4,0,296439,76696,74110,0,75,0,50,0,0,0,0,0,0,0,
17016,,Dymchick1,dymchick1,30,8,8,2,296258,8099,37032,10,90,70,30,80,20,0,0,0,0,0,
25491,,Z4G0 and Ivan Venturi Productions,z4g0-and-ivan-venturi-productions,30,1,1,0,296098,296098,296098,0,100,100,0,100,0,0,0,0,0,0,
24015,,Syrin Studios,syrin-studios,30,1,1,0,295663,0,295663,1,0,100,0,100,0,0,100,0,0,0,
3578,,Vyacheslav Ozolnieks,vyacheslav-ozolnieks,30,3,3,0,295652,70431,98551,1,67,67,33,33,0,0,0,0,0,0,
102185,,Booming Tech,booming-tech,30,2,2,0,295643,0,147822,0,0,100,0,0,0,100,50,100,0,0,
6214,,R8 Games Ltd,r8-games-ltd,30,1,1,0,295271,295271,295271,1,100,100,0,0,100,0,0,0,100,100,
28617,,Nupuryu no sato,nupuryu-no-sato,30,1,1,0,295224,295224,295224,0,100,0,0,0,0,0,100,0,0,0,
41587,,1917 Studios,1917-studios,30,3,3,0,295188,147594,98396,1,33,0,0,67,0,0,100,0,0,0,
2867997,,Carbon &amp; Kay,carbon-amp-kay,30,1,1,0,294985,294985,294985,0,100,0,100,100,100,0,100,0,0,0,
4543089,,Vellocet,vellocet,30,1,1,0,294953,294953,294953,1,0,100,0,0,100,0,100,0,0,0,
1978,,Yakovlev Vladislav,yakovlev-vladislav,30,1,1,0,294841,294841,294841,0,100,0,0,100,0,0,0,0,0,0,
53442,,2tainment,2tainment,30,2,2,0,294798,147399,147399,2,0,0,0,0,100,100,0,0,0,100,
18197,,Rutony Studio,rutony-studio,30,1,1,0,294279,294279,294279,1,0,0,0,0,0,0,0,0,0,0,
53880,,Subconscious Games,subconscious-games,30,1,1,0,294187,294187,294187,1,100,0,100,100,100,0,100,0,0,0,Canada
611411,,Bynine Studio,bynine-studio,30,1,1,0,294107,294107,294107,0,100,100,100,100,0,0,0,0,0,0,
22132,,100 Stones Interactive,100-stones-interactive,30,1,1,1,294043,294043,294043,2,100,0,50,100,0,0,0,0,0,0,Australia
3738,,Vine,vine,30,2,2,0,293939,146970,146970,1,100,100,50,50,0,0,0,0,0,0,
47318,,Game Source Studio,game-source-studio,30,1,1,0,293846,293846,293846,0,0,0,0,0,0,0,100,0,0,0,
24065,,SUPERSCARYSNAKES,superscarysnakes,30,1,1,0,293771,293771,293771,0,0,100,0,100,0,0,0,0,0,0,
91762,,Abbey 'Scruncho' Smith,abbey-scruncho-smith,30,3,3,0,293762,93942,97921,0,67,100,0,100,0,0,0,0,0,0,
32835,,Storm Trident S.A.,storm-trident-s-a,30,6,6,0,293407,16317,48901,0,33,83,67,67,0,33,0,0,0,0,
24514,,Red Blue Games,red-blue-games,30,1,1,0,293230,293230,293230,0,100,100,0,100,0,0,100,0,0,0,
44194,,猫尾巴制作组,-,30,1,1,0,292960,292960,292960,0,100,100,0,100,0,0,100,0,0,0,
12230,,ZOV GAME STUDIO,zov-game-studio,30,7,7,0,292873,18543,41839,7,100,86,29,86,0,86,71,0,29,0,
17655,,Charm Games,charm-games,30,4,4,1,292867,42660,73217,4,100,40,80,80,20,0,20,0,0,0,
22566,,"Stovetop, LLC",stovetop-llc,30,1,1,0,292793,292793,292793,1,100,100,100,0,0,0,0,0,0,0,
23718,,Dirigo Games,dirigo-games,30,3,3,0,292687,105640,97562,0,67,100,0,67,0,0,0,0,0,0,
24141,,Studio Thunderhorse,studio-thunderhorse,30,1,1,1,292550,292550,292550,1,100,100,0,100,0,0,0,0,0,0,
17055,,Get Color Games,get-color-games,30,2,2,1,292546,146273,146273,3,67,100,0,0,0,0,0,0,33,0,
220271,,Marevo Collective,marevo-collective,30,1,1,4,292419,292419,292419,5,100,20,0,80,0,0,0,0,0,0,Ukraine
2868016,,Broccoli Games,broccoli-games,30,1,1,0,292320,292320,292320,1,100,100,100,0,100,100,0,0,0,0,Czech Republic
42391,,Statera Studio,statera-studio,30,2,2,3,292292,146146,146146,5,80,80,0,40,0,0,0,0,0,0,
24752,,Linksolutions Ltd.,linksolutions-ltd,30,1,1,0,292277,292277,292277,0,0,0,0,0,100,0,0,0,0,0,
16415,,Stuffed Wombat,stuffed-wombat,30,7,7,0,292264,25842,41752,4,57,14,29,71,29,14,29,0,0,0,Austria
2453,,sparsevector,sparsevector,30,2,2,1,292097,146049,146049,3,67,100,33,33,0,0,0,0,0,0,
19520,,Tabletopia,tabletopia,30,1,1,0,292037,0,292037,1,100,0,100,0,100,100,100,0,0,0,
8666284,,Hedge Knight Games,hedge-knight-games,30,2,2,0,291780,145890,145890,2,100,100,0,100,0,0,0,0,0,0,
36705,,Alexey 'cptnsigh',alexey-cptnsigh,30,1,1,0,291670,291670,291670,1,100,100,0,0,0,0,0,0,0,0,
1899929,,Lynkpin Game,lynkpin-game,30,4,4,0,291644,94992,72911,1,75,100,0,75,0,0,75,0,0,0,
10744,,Fabled Game,fabled-game,30,2,2,1,291564,291564,145782,3,100,0,100,67,0,100,0,0,0,0,
31181,,Cockroach Inc.,cockroach-inc,30,2,2,1,291507,145754,145754,0,100,0,100,100,0,0,0,0,0,0,Sweden
4405,,Cococucumber,cococucumber,30,4,4,0,291462,42228,72866,4,100,75,0,100,0,0,50,0,0,0,Canada
3119,,Spyridon Thalassinos,spyridon-thalassinos,30,3,3,0,291453,123197,97151,3,100,0,0,100,33,67,100,0,0,0,
13256,,Snkl Studio,snkl-studio,30,49,49,0,290879,880,5936,49,98,4,100,24,16,16,14,0,2,2,
10089,,dramatic create,dramatic-create,30,9,9,1,290590,26640,32288,10,0,0,20,100,0,0,0,0,0,0,Japan
290683,,Casus Ludi,casus-ludi,30,1,1,0,290528,290528,290528,0,100,0,0,100,0,0,0,0,0,0,
17029,,Underdog Interactive,underdog-interactive,30,1,1,0,290468,290468,290468,1,100,100,100,100,100,100,0,0,0,0,
25129,,DreamInCode B.V.,dreamincode-b-v,30,1,1,0,290468,290468,290468,0,100,100,100,100,100,100,0,0,0,0,
32503,,Squadron Interactive,squadron-interactive,30,1,1,0,290468,290468,290468,0,100,100,100,100,100,100,0,0,0,0,
13846,,Hero Concept,hero-concept,30,3,3,1,290092,9630,96697,3,100,100,0,25,0,0,0,0,0,0,Turkey
36773,,1P2P,1p2p,30,1,1,0,289937,289937,289937,0,100,100,0,100,0,0,100,0,0,0,
26705,,Cauldron,cauldron,30,3,3,0,289546,289546,96515,0,0,100,0,0,0,0,0,0,0,0,Slovakia
1397563,,Sunpeak Games,sunpeak-games,30,2,2,0,289383,289383,144692,2,100,100,0,0,0,0,0,0,0,0,United States
1113,,Sigtrap,sigtrap,30,1,1,0,289332,289332,289332,1,100,100,0,0,0,0,0,0,0,0,
3811,,CHUMBOSOFT LLC,chumbosoft-llc,30,1,1,0,288764,288764,288764,1,100,0,0,0,0,0,100,0,0,0,
20670,,Helios Production,helios-production,30,2,2,0,288241,128601,144121,2,100,0,0,0,0,0,50,0,0,0,
29098,,Blue Studio,blue-studio,30,1,1,0,288151,0,288151,0,0,100,0,0,0,0,100,0,0,0,
39646,,Jardar Solli,jardar-solli,30,1,1,0,288036,288036,288036,0,100,0,0,100,0,0,100,0,0,0,
6789,,White Giant RPG Studios,white-giant-rpg-studios,30,3,3,1,287964,34500,95988,4,100,0,0,0,0,0,100,0,0,25,
1396167,,Nitro Origin,nitro-origin,30,2,2,0,287935,143968,143968,0,0,0,100,100,0,0,0,0,0,0,Japan
3077,,Tomlab Games,tomlab-games,30,1,1,0,287784,287784,287784,1,100,0,100,0,0,100,0,0,0,0,
1514885,,tha ltd.,tha-ltd,30,1,1,0,287285,287285,287285,0,100,100,100,0,0,0,0,0,0,0,Japan
54130,,Gatobob,gatobob,30,1,1,0,287236,287236,287236,1,0,0,100,0,100,100,100,0,0,0,
11543,,Eugeny Butakov,eugeny-butakov,30,1,1,0,287060,287060,287060,1,100,0,0,100,100,0,0,0,100,100,
12490,,Devs on a Boat,devs-on-a-boat,30,1,1,0,286896,286896,286896,1,100,0,0,0,0,100,0,0,0,0,
152121,,Gridpop,gridpop,30,1,1,0,286881,286881,286881,1,100,0,0,0,0,100,0,0,0,0,Canada
31544,,773,773,30,4,4,0,286418,23930,71605,0,100,0,0,50,25,0,0,0,0,25,
22105,,Tomas Gonzalez,tomas-gonzalez,30,2,2,1,286332,286332,143166,1,100,33,67,67,0,0,0,0,0,0,
30878,,Martin Pilaszek,martin-pilaszek,30,1,1,0,286332,286332,286332,0,100,0,100,100,0,0,0,0,0,0,
29777,,Kukouri,kukouri,30,2,2,0,286291,10951,143146,0,100,100,50,0,0,50,0,0,0,0,
2028883,,Friedemann,friedemann,30,1,1,0,286170,286170,286170,0,100,0,100,0,100,100,0,0,0,0,
32932,,Terri,terri,30,1,1,0,286150,286150,286150,0,100,100,0,100,0,0,0,0,0,0,
32933,,Dose,dose,30,1,1,0,286150,286150,286150,0,100,100,0,100,0,0,0,0,0,0,
45047,,Ocellus Studio,ocellus-studio,30,2,2,0,286142,143071,143071,0,0,100,0,100,0,0,0,0,0,0,
27555,,Gavin Powell,gavin-powell,30,1,1,0,286137,286137,286137,0,100,100,0,100,0,0,0,0,0,0,
11356,,Pixel Edge Games,pixel-edge-games,30,5,5,1,285927,87519,57185,6,67,67,50,50,67,0,0,0,67,67,Poland
28980,,Mindware Studios,mindware-studios,30,2,2,0,285385,142693,142693,0,0,100,0,0,0,0,0,0,0,0,
11079,,Morenori Soft,morenori-soft,30,1,1,0,285177,0,285177,1,100,0,0,100,0,0,100,100,0,0,
7161,,Tom Johnson,tom-johnson,30,2,2,0,285146,142573,142573,1,100,0,50,0,50,100,50,0,0,0,
25149,,SITER SKAIN,siter-skain,30,3,3,0,285136,92349,95045,0,100,100,0,0,0,0,0,0,0,0,
13796,,Anarteam,anarteam,30,1,1,0,284922,284922,284922,1,100,100,0,0,0,0,0,0,0,0,
9865,,011 Games,011-games,30,2,2,0,284677,142339,142339,2,100,100,100,0,0,0,0,0,0,0,
23686,,Looterkings,looterkings,30,1,1,0,284609,284609,284609,0,100,100,0,0,0,0,100,0,0,0,Germany
24170,,WrathSchneider,wrathschneider,30,1,1,0,284318,284318,284318,0,100,100,0,0,0,0,0,0,0,0,
40214,,Aeterna Ludi,aeterna-ludi,30,4,4,0,284168,142084,71042,0,100,0,0,0,0,50,50,0,0,0,
7810094,,danbo,danbo,30,1,1,0,284060,284060,284060,0,100,100,0,0,0,0,0,0,0,0,
7810095,,woof,woof,30,1,1,0,284060,284060,284060,0,100,100,0,0,0,0,0,0,0,0,
23126,,"Devster, LLC",devster-llc,30,1,1,0,284031,284031,284031,1,0,100,0,0,0,0,0,0,0,0,
10877,,Waraní Studios,waran-studios,30,3,3,2,284024,142012,94675,2,60,40,0,80,0,0,0,0,0,0,
14878,,Early Morning Studio,early-morning-studio,30,2,2,0,283872,141936,141936,2,50,0,0,0,0,0,100,0,0,0,Sweden
3652,,Crunching Koalas,crunching-koalas,30,1,1,0,283603,283603,283603,1,100,100,100,100,0,100,0,0,0,0,Poland
6067798,,快樂怪物,-,30,1,1,0,283538,283538,283538,0,100,0,100,0,100,0,100,0,0,0,
52556,,Seec.inc,seec-inc,30,2,2,0,283491,141746,141746,2,0,0,50,100,0,0,0,0,0,0,
25046,,RVX,rvx,30,1,1,0,283487,283487,283487,0,0,0,0,0,100,0,0,0,0,0,
1639182,,Tiny Ghoul,tiny-ghoul,30,1,1,0,283364,283364,283364,0,100,0,100,0,0,100,0,0,0,0,
3934,,Cheesemaster Games,cheesemaster-games,30,2,2,0,283334,141667,141667,1,50,50,0,100,50,0,100,0,0,0,
29257,,Zerodiv,zerodiv,30,15,15,1,283189,16738,18879,0,0,69,0,25,0,6,25,0,0,0,
2029088,,KDream,kdream,30,4,4,1,283164,106950,70791,4,100,0,80,60,40,40,60,0,0,0,
3906561,,Master Entertainment,master-entertainment,30,1,1,0,283094,283094,283094,1,0,0,100,0,100,0,100,0,0,0,
34441,,Jankenteam,jankenteam,30,1,1,0,283053,283053,283053,0,100,100,0,0,0,0,0,0,0,0,Spain
21060,,Justin Arnold,justin-arnold,30,1,1,0,283041,283041,283041,1,0,0,0,0,0,0,0,0,0,0,
12587,,Elixir Games,elixir-games,30,1,1,0,282978,282978,282978,1,100,100,0,0,100,0,100,0,0,0,
292866,,"Thirdverse, Co., Ltd.",thirdverse-co-ltd,30,4,4,0,282627,55795,70657,4,0,100,0,25,0,0,50,0,0,0,
28249,,Frog City Software,frog-city-software,30,1,1,0,282266,282266,282266,0,0,0,0,0,100,100,0,0,0,0,United States
29713,,PopTop Software,poptop-software,30,1,1,0,282266,282266,282266,0,0,0,0,0,100,100,0,0,0,0,United States
28862,,PortaPlay,portaplay,30,1,1,0,282096,0,282096,0,100,100,0,100,0,100,0,0,0,0,Denmark
26554,,Neon Studios,neon-studios,30,1,1,0,282079,282079,282079,0,0,100,0,100,0,0,100,0,0,0,
16776,,L.INC,l-inc,30,1,1,0,282078,282078,282078,0,100,100,0,100,0,0,0,0,0,0,
45291,,XP Liu,xp-liu,30,1,1,0,282073,282073,282073,1,100,100,0,100,0,0,100,0,0,0,
33827,,MoeGame,moegame,30,4,4,1,282063,34141,70516,0,100,40,60,100,0,20,20,0,0,0,
27300,,Foam Sword,foam-sword,30,1,1,0,282000,282000,282000,0,100,100,0,100,0,0,0,0,0,0,United Kingdom
19789,,Snowed In Studios,snowed-in-studios,30,1,1,0,281959,281959,281959,1,100,100,0,0,0,0,100,0,0,0,Canada
20148,,Five Mind Creations,five-mind-creations,30,3,3,0,281957,40143,93986,3,100,33,33,67,0,0,0,0,0,33,
46575,,Xeno Bits,xeno-bits,30,1,1,0,281834,281834,281834,1,0,0,0,0,100,100,0,0,0,0,
2509,,Hikergames,hikergames,30,2,2,0,281802,140901,140901,2,100,100,50,100,0,0,0,0,0,0,
21158,,netmin games,netmin-games,30,7,7,0,281565,46430,40224,6,71,14,14,0,86,43,0,0,0,71,
6043,,Resistance Games,resistance-games,30,2,2,0,281367,140684,140684,0,100,50,0,0,0,100,100,0,0,0,
25698,,Fiction Factory Games,fiction-factory-games,30,4,4,0,281249,69117,70312,2,100,0,50,25,0,0,0,0,0,0,United States
32801,,Rosebud Games,rosebud-games,30,1,1,0,281231,281231,281231,0,100,0,0,100,0,0,0,0,0,0,
28140,,Cateia Games,cateia-games,30,30,30,0,281207,4364,9374,11,77,3,60,63,17,33,0,0,0,0,Croatia
43571,,Candleman Games,candleman-games,30,2,2,1,280909,140455,140455,3,100,67,67,33,33,33,67,0,0,0,
5890,,Giorgi Abelashvili,giorgi-abelashvili,30,4,4,1,280790,26517,70198,3,80,20,60,20,0,0,0,0,20,0,
1650834,,瞬息万变工作室,-,30,1,1,0,280469,280469,280469,0,100,0,0,0,0,100,100,0,0,0,
44845,,Alexander Semenov,alexander-semenov,30,1,1,0,280422,280422,280422,1,100,0,0,0,100,100,0,0,0,0,
32391,,Delusional Games,delusional-games,30,3,3,0,280268,11848,93423,0,67,33,67,33,0,0,33,0,0,0,
46552,,sodaraptor,sodaraptor,30,3,3,1,280114,107114,93371,0,100,25,50,100,0,0,0,0,0,0,United States
19663,,Creative Pudding Hungary Llc.,creative-pudding-hungary-llc,30,1,1,0,280082,280082,280082,1,100,100,100,100,100,100,0,0,100,100,
24351,,PinkPeachStudio,pinkpeachstudio,30,3,3,0,280057,81820,93352,0,100,100,67,100,0,0,100,0,0,0,
19596,,Awaceb,awaceb,30,2,2,0,279984,139992,139992,1,100,100,0,100,0,0,0,0,0,0,New Caledonia
37238,,KO.DLL,ko-dll,30,1,1,0,279817,279817,279817,0,100,100,0,0,0,0,0,0,0,0,
2397,,StormCube Games,stormcube-games,30,3,3,0,279398,78511,93133,3,33,67,33,33,33,33,0,0,0,0,
31584,,Borne Games,borne-games,30,2,2,0,279351,139676,139676,0,50,100,50,100,0,0,0,0,0,0,
152182,,The Fox Knocks,the-fox-knocks,30,5,5,1,279336,63858,55867,6,83,67,0,0,0,0,0,0,0,0,
4543132,,SmartPlayGames,smartplaygames,30,1,1,1,279132,279132,279132,2,100,0,100,0,100,0,100,0,0,0,
49613,,Super Sly Fox,super-sly-fox,30,2,2,0,278846,278846,139423,0,0,0,100,0,100,0,0,0,0,0,Greece
28689,,Lazy Monday Games,lazy-monday-games,30,3,3,0,278689,58431,92896,0,67,67,67,33,0,33,0,0,33,33,
4859,,Droid Riot,droid-riot,30,11,11,0,278581,2565,25326,0,73,73,18,9,18,18,0,0,0,0,
1534,,Big Head Games Ltd.,big-head-games-ltd,30,2,2,0,278495,0,139248,2,0,50,50,0,50,0,0,0,0,100,
611803,,SupaShinKen Studio,supashinken-studio,30,1,1,1,278236,278236,278236,2,100,0,100,0,100,0,100,0,0,0,
39348,,GOCORE,gocore,30,6,6,0,278130,34818,46355,6,83,17,100,83,83,17,67,0,0,0,
2436025,,marron☆marron,marron-marron,30,1,1,1,278070,278070,278070,0,0,0,0,0,50,0,50,0,0,0,
12278,,Athena Works,athena-works,30,1,1,0,278023,0,278023,1,100,0,0,100,0,100,100,0,0,0,
16104,,Tiny Trinket Games,tiny-trinket-games,30,3,3,0,277756,138878,92585,1,100,67,0,100,0,67,100,0,0,0,
6548419,,JA Game Studio,ja-game-studio,30,1,1,0,277552,277552,277552,1,0,100,0,0,0,0,0,0,0,0,
30046,,Ovilex Software,ovilex-software,30,2,2,0,277463,138732,138732,1,0,0,50,0,100,0,0,0,50,0,
36085,,Drop Bear Bytes,drop-bear-bytes,30,1,1,0,277440,277440,277440,0,0,0,0,0,0,0,100,0,0,0,
22445,,"CloudGate Studio, Inc.",cloudgate-studio-inc,30,1,1,0,277424,277424,277424,1,100,100,0,100,0,0,0,0,0,0,
5472,,JDM4iK,jdm4ik,30,3,3,0,277344,19153,92448,0,67,67,67,0,100,0,0,0,67,33,
1401704,,TLACHTLI,tlachtli,30,1,1,1,277107,277107,277107,0,0,50,50,0,0,0,100,0,0,0,
53618,,红渊,-,30,1,1,0,277065,277065,277065,0,100,0,0,100,0,0,0,0,0,0,
23752,,Apeiron,apeiron,30,3,3,0,277005,73103,92335,0,0,0,0,0,67,100,67,0,0,0,
10934,,Gamerizon,gamerizon,30,1,1,0,276897,276897,276897,1,100,0,100,0,0,0,0,0,0,0,
5960,,GameUncle,gameuncle,30,1,1,1,276841,276841,276841,2,100,0,100,100,100,0,100,0,0,0,
22823,,"WXP Games, LLC",wxp-games-llc,30,1,1,0,276513,276513,276513,1,100,100,0,0,0,0,0,0,0,0,
18649,,Rava Games,rava-games,30,1,1,0,276496,276496,276496,1,100,0,100,0,100,0,0,0,0,0,Finland
33891,,Secret Labo,secret-labo,30,6,6,5,276393,28938,46066,11,100,55,82,55,27,45,0,0,0,0,
3619,,Pictopotamus,pictopotamus,30,1,1,0,276376,276376,276376,1,0,0,0,0,0,0,0,0,0,0,
14474,,Nonadecimal Creative,nonadecimal-creative,30,3,3,0,276370,27564,92123,2,100,33,33,0,67,33,67,0,0,0,
881,,Massive Work Studio,massive-work-studio,30,1,1,0,276335,276335,276335,0,100,100,0,100,0,0,100,0,0,0,Brazil
4195796,,Myron Games,myron-games,30,2,2,0,276315,138158,138158,2,100,0,50,0,100,100,0,0,0,0,
22111,,Skydome Entertainment,skydome-entertainment,30,1,1,0,276256,276256,276256,1,100,0,100,0,0,100,100,0,0,0,Finland
42975,,Bunnyhug,bunnyhug,30,1,1,0,276199,276199,276199,0,100,0,100,100,0,0,100,0,0,0,
9735,,Hi-Bit Studios,hi-bit-studios,30,1,1,0,276058,276058,276058,1,100,0,0,0,0,0,0,0,0,0,Sweden
3628,,Turnopia,turnopia,30,3,3,0,275951,16966,91984,1,0,0,0,0,33,100,0,0,33,33,
18147,,Kyrieru,kyrieru,30,1,1,0,275893,275893,275893,0,0,100,0,0,0,0,0,0,0,0,
1117,,Demibug,demibug,30,2,2,0,275751,137876,137876,1,50,100,50,100,0,50,0,0,0,0,Poland
27114,,Cross Eaglet,cross-eaglet,30,1,1,0,275715,275715,275715,0,100,100,0,0,0,0,0,0,0,0,
144371,,Thomas van den Berge,thomas-van-den-berge,30,1,1,0,275616,275616,275616,0,100,0,100,0,100,0,0,0,0,0,
24429,,Quantumfrog,quantumfrog,30,3,3,0,275589,79621,91863,0,67,0,33,33,0,33,33,0,0,0,
2433,,Ktulhu Solutions,ktulhu-solutions,30,5,5,1,275444,42797,55089,5,83,0,50,83,0,0,0,0,0,0,
46211,,Clock Out Games,clock-out-games,30,4,4,0,275410,2303,68853,2,100,25,50,75,50,50,25,0,0,0,
20682,,Carbon Games,carbon-games,30,3,3,0,275337,137669,91779,3,100,100,0,0,0,100,33,0,0,0,United States
11570,,Kot in Action Creative Artel,kot-in-action-creative-artel,30,1,1,0,275285,275285,275285,1,100,100,0,0,0,0,0,0,0,0,
7442434,,RocketBrush Games,rocketbrush-games,30,1,1,1,275242,275242,275242,1,100,50,0,50,50,0,100,0,0,0,
30859,,Czester16,czester16,30,1,1,0,275205,275205,275205,0,100,0,100,0,100,0,0,0,0,0,
13366,,Owl Cave,owl-cave,30,2,2,0,274967,137484,137484,2,100,0,0,100,0,0,0,0,0,0,
7331,,VirtualAge,virtualage,30,2,2,1,274937,137469,137469,2,33,100,0,33,0,33,0,0,0,0,
14355,,Nerd Kingdom Inc.,nerd-kingdom-inc,30,1,1,0,274929,0,274929,1,100,0,0,100,0,0,100,0,0,0,
1645726,,Cosmic Dreams Games,cosmic-dreams-games,30,1,1,0,274877,274877,274877,1,0,100,100,100,0,100,0,0,0,0,
13389,,MLB,mlb,30,3,3,0,274817,13276,91606,3,0,33,0,0,0,0,0,0,0,100,
8554258,,War Frogs Studio,war-frogs-studio,30,1,1,1,274545,274545,274545,2,100,50,0,0,50,100,0,0,0,0,
25429,,ASK Homework,ask-homework,30,1,1,0,274240,274240,274240,0,0,0,100,0,100,0,0,0,0,0,Hungary
1637021,,大吉利制作组,-,30,1,1,0,274230,274230,274230,0,100,0,0,100,0,0,0,0,0,0,
6321,,Bad Bird Studios,bad-bird-studios,30,3,3,0,274220,9159,91407,2,0,100,0,33,0,0,0,0,0,0,
32364,,Sneaky Bastards,sneaky-bastards,30,1,1,0,274121,274121,274121,0,100,0,0,0,0,0,0,0,0,0,
4533410,,zzzgame,zzzgame,30,8,8,0,274086,3723,34261,7,38,13,13,13,50,50,75,0,0,0,
42575,,やぶから堂,-,30,6,6,2,273993,45279,45666,7,88,0,100,0,100,0,13,0,0,0,
1373,,johnbell,johnbell,30,1,1,0,273981,273981,273981,0,100,0,100,0,100,100,100,0,0,0,Russia
1718233,,Autumn Pioneer,autumn-pioneer,30,1,1,0,273718,273718,273718,1,100,0,100,0,100,0,0,0,0,0,
3769,,Squanch Games,squanch-games,30,2,2,0,273711,273711,136856,0,100,50,50,100,50,0,0,0,0,0,United States
1636779,,Braian Strak,braian-strak,30,1,1,0,273684,273684,273684,0,100,100,100,0,0,100,0,0,0,0,
8619,,4 Dimension Games,4-dimension-games,30,2,2,0,273461,136731,136731,2,50,50,0,100,0,0,100,0,0,0,
39552,,INTENSE,intense,30,8,8,1,273447,646,34181,3,22,33,11,78,0,0,11,0,0,22,
40791,,Poly Games,poly-games,30,2,2,0,272956,136478,136478,2,100,100,50,50,100,0,0,0,0,0,
9323714,,Francis Coulombe,francis-coulombe,30,1,1,0,272847,272847,272847,0,0,0,0,100,0,0,100,0,0,0,
1770965,,Admia,admia,30,5,5,2,272833,10921,54567,7,100,0,0,71,43,14,0,0,0,0,
25583,,Breadcrumbs Interactive,breadcrumbs-interactive,30,1,1,0,272684,272684,272684,0,100,100,0,0,0,0,100,0,0,0,Romania
28723,,章鱼罐头制作组,-,30,3,3,0,272433,92079,90811,1,100,0,100,67,0,0,0,0,0,0,
51241,,Robust Games,robust-games,30,1,1,0,272149,272149,272149,0,100,0,0,100,0,0,0,0,0,0,
25785,,Chaosmonger Studio,chaosmonger-studio,30,5,5,2,272139,34348,54428,5,71,43,29,100,0,0,43,0,0,0,Estonia
7260,,AZGames,azgames,30,1,1,1,271990,271990,271990,1,50,50,100,0,100,0,0,0,50,0,
4064933,,Combat Cat Studio,combat-cat-studio,30,1,1,0,271959,271959,271959,1,0,100,0,100,0,0,0,100,0,0,
184722,,Epic Llama Games,epic-llama-games,30,2,2,0,271414,135707,135707,0,100,0,0,100,0,0,0,0,0,0,
13916,,Oneshark,oneshark,30,9,9,1,271383,9847,30154,3,90,10,70,90,0,30,90,10,0,0,
9918,,IDA Games,ida-games,30,1,1,0,271377,0,271377,1,100,0,0,0,0,100,0,100,0,0,
29958,,"AREA 35, Inc.",area-35-inc,30,2,2,0,271355,135678,135678,0,100,0,0,0,100,100,0,0,0,0,
8580764,,SUPER HYPER MEGA,super-hyper-mega,30,4,4,1,271341,27796,67835,5,60,40,100,40,100,0,0,0,0,0,
1022,,Argent Games,argent-games,30,8,8,1,271307,16740,33913,9,56,0,89,22,0,0,11,0,0,0,
1665401,,VI Game Forge,vi-game-forge,30,1,1,0,271227,271227,271227,1,0,100,0,100,0,0,100,0,0,0,
15135,,ComonGames,comongames,30,2,2,0,271119,271119,135560,1,100,50,50,50,50,0,0,0,0,0,
38859,,Jan Malitschek,jan-malitschek,30,4,4,1,271103,39017,67776,5,100,40,80,60,0,0,0,0,0,0,
25523,,Idigicon,idigicon,30,2,2,0,271012,135506,135506,0,0,100,0,0,0,0,0,0,0,0,
185909,,开翼网络,-,30,2,2,0,270981,120648,135491,1,100,0,0,0,0,100,100,0,0,0,
33259,,Bits &amp; Beasts,bits-amp-beasts,30,1,1,0,270905,270905,270905,0,100,100,0,0,0,0,0,0,0,0,
33332,,a327ex,a327ex,30,2,2,0,270781,135391,135391,2,100,100,100,0,0,0,50,0,0,0,
35730,,Mantra,mantra,30,1,1,0,270735,270735,270735,0,100,100,0,100,0,0,100,0,0,0,
35731,,Sinergia Games,sinergia-games,30,2,2,2,270735,135368,135368,3,50,75,50,25,0,25,25,0,0,0,
19108,,NGELGAMES,ngelgames,30,1,1,0,270667,0,270667,1,0,0,0,0,100,100,0,0,0,0,South Korea
2569967,,A Shell in the Pit Games,a-shell-in-the-pit-games,30,1,1,0,270625,270625,270625,1,100,0,100,0,100,0,0,0,0,0,
2569968,,Creative Ink Games,creative-ink-games,30,1,1,0,270625,270625,270625,0,100,0,100,0,100,0,0,0,0,0,
28914,,dtp,dtp,30,1,1,0,270539,270539,270539,0,0,0,0,0,0,0,100,0,0,0,
39309,,Kujirabo。,kujirabo,30,3,3,0,270352,96999,90117,0,100,0,0,100,0,0,100,0,0,0,
7878,,Twelve Tiles,twelve-tiles,30,3,3,1,270083,6450,90028,3,100,0,100,50,0,0,25,0,0,0,
28151,,Paleontology,paleontology,30,1,1,0,269791,269791,269791,0,100,0,100,100,0,0,0,0,0,0,Japan
40586,,Homebased,homebased,30,2,2,0,269695,269695,134848,0,100,0,0,0,100,100,0,0,0,0,
37962,,"Vintage Digital Revival, LLC",vintage-digital-revival-llc,30,1,1,0,269543,269543,269543,1,100,0,100,0,100,0,0,0,0,0,
33930,,Bosa-Games,bosa-games,30,1,1,0,269478,0,269478,1,100,0,100,0,100,100,0,0,0,0,
13393,,Lumbernauts,lumbernauts,30,1,1,0,269399,269399,269399,1,100,0,100,0,100,0,0,0,0,0,
38488,,Myosuki,myosuki,30,1,1,0,268606,268606,268606,1,100,0,100,100,0,0,0,0,0,0,
24270,,sad3d,sad3d,30,3,3,0,268497,70088,89499,0,100,0,33,33,100,0,0,0,0,0,
20517,,Urban Giraffe Games Inc.,urban-giraffe-games-inc,30,1,1,0,268464,268464,268464,1,100,100,0,0,100,0,0,0,0,0,
12745,,Quasar,quasar,30,1,1,0,268262,268262,268262,1,0,0,0,0,100,0,0,0,0,0,
37645,,Dystopian Project,dystopian-project,30,2,2,0,268168,134084,134084,0,50,50,0,100,50,0,100,0,0,0,
49383,,Andrew Teo,andrew-teo,30,1,1,0,267682,267682,267682,0,100,100,0,0,0,0,100,0,0,0,
49384,,Adam Teo,adam-teo,30,1,1,0,267682,267682,267682,0,100,100,0,0,0,0,100,0,0,0,
939702,,LockedOn Games,lockedon-games,30,3,3,0,267679,133840,89226,2,100,0,100,33,0,67,33,0,0,0,
49744,,Brownmonster Limited,brownmonster-limited,30,2,2,0,267258,133629,133629,2,100,0,0,0,100,0,0,0,100,100,
3882468,,Runic Rise Games,runic-rise-games,30,1,1,0,267179,267179,267179,1,0,100,0,100,100,0,0,0,0,100,
3080,,Gammera Nest,gammera-nest,30,10,10,1,267033,1621,26703,10,73,27,18,82,0,0,0,0,0,9,
6762,,Red Limb Studio,red-limb-studio,30,6,6,0,267007,12042,44501,5,100,83,33,50,17,0,0,0,0,0,
1635094,,Liquid,liquid,30,3,3,1,266876,76903,88959,0,25,0,25,75,25,0,25,0,0,0,Japan
37105,,Timon Herzog,timon-herzog,30,2,2,0,266735,133368,133368,2,100,0,50,0,100,100,0,0,0,0,
60393,,小团团工作室,-,30,1,1,0,266709,266709,266709,1,100,0,100,100,100,100,100,0,0,0,
12083,,致意,-,30,8,8,1,266688,27467,33336,9,78,0,44,56,33,0,56,0,0,22,
46641,,Atelier QDB,atelier-qdb,30,1,1,0,266681,266681,266681,0,100,100,0,100,0,0,0,0,0,0,France
3046,,Tomkorp Computer Solutions Inc.,tomkorp-computer-solutions-inc,30,1,1,0,266626,266626,266626,1,100,0,0,100,0,0,0,0,0,0,
16792,,Omniconnection,omniconnection,30,1,1,0,266617,0,266617,1,100,100,0,0,0,0,0,0,0,0,
7276,,Avidly Wild Games,avidly-wild-games,30,1,1,0,265976,265976,265976,1,100,100,0,0,0,0,100,0,0,0,
25112,,Monkey Moon,monkey-moon,30,2,2,0,265901,132951,132951,0,100,0,0,0,100,0,0,0,0,0,France
88700,,Liquid Pug,liquid-pug,30,1,1,0,265852,265852,265852,0,100,0,0,0,100,100,0,0,0,0,
37200,,ClaudiaTheDev,claudiathedev,30,1,1,0,265834,265834,265834,0,100,0,100,0,100,0,100,0,0,0,Germany
4347705,,Skinny Frog,skinny-frog,30,1,1,0,265834,265834,265834,0,100,0,100,0,100,0,100,0,0,0,
44476,,Kanoe,kanoe,30,5,5,1,265714,27596,53143,0,17,0,83,0,83,0,50,0,0,0,
37997,,Orube Game Studio,orube-game-studio,30,3,3,0,265611,42198,88537,3,100,67,33,100,0,0,33,0,0,0,Brazil
43765,,Read Graves,read-graves,30,1,1,0,265611,265611,265611,0,100,0,100,0,100,0,0,0,0,0,United Kingdom
16887,,PostMod Softworks,postmod-softworks,30,1,1,0,265491,265491,265491,1,100,0,0,100,0,0,0,0,0,0,
1641350,,Midhard Games,midhard-games,30,4,4,0,265408,132704,66352,2,100,100,50,0,0,0,100,0,0,0,
32226,,8monkey Labs,8monkey-labs,30,1,1,0,265399,0,265399,0,0,100,0,0,0,0,0,0,0,0,
3581,,Defroids,defroids,30,2,2,0,265316,132658,132658,2,100,0,50,0,0,50,50,0,0,0,
32989,,Denis,denis,30,1,1,1,265289,265289,265289,0,50,0,50,0,100,100,0,0,0,0,
216443,,Ry,ry,30,1,1,0,265289,265289,265289,0,100,0,0,0,100,100,0,0,0,0,
11748,,Indie Game Group,indie-game-group,30,3,3,0,265259,72773,88420,3,100,67,100,33,0,0,0,0,0,0,
24971,,丹橘游戏,-,30,1,1,0,265060,265060,265060,0,0,100,100,100,0,100,100,0,0,0,
47123,,FEYADA,feyada,30,1,1,0,265013,265013,265013,0,100,0,100,100,0,0,0,0,0,0,
16583,,Dream Potion Games,dream-potion-games,30,2,2,0,264612,264612,132306,1,100,50,0,100,0,0,0,0,0,0,
15040,,Ivan Zanotti's MyMadnessWorks,ivan-zanotti-s-mymadnessworks,30,4,4,0,264515,23178,66129,3,100,100,25,100,25,0,0,0,0,0,
47897,,R's,r-s,30,2,2,1,264471,132236,132236,0,33,33,67,67,100,33,33,0,0,0,
2753,,Slothwerks,slothwerks,30,2,2,0,264422,132211,132211,2,100,0,0,0,0,100,50,0,0,0,
14591,,Gavra Games,gavra-games,30,1,1,0,264243,264243,264243,1,100,0,100,0,0,100,100,0,0,0,
4412,,Tender Claws,tender-claws,30,4,4,0,263838,23787,65960,4,75,50,0,100,0,0,0,0,0,0,
24887,,Teknopilot,teknopilot,30,1,1,0,263768,0,263768,0,0,0,100,0,100,0,100,0,0,0,Norway
9971,,Alan Edwardes,alan-edwardes,30,2,2,1,263754,263754,131877,3,67,100,33,100,0,0,0,0,0,0,
25366,,Black Muffin,black-muffin,30,2,2,0,263696,211974,131848,0,100,0,0,50,50,0,0,0,0,0,
9323502,,HIGH-END Games,high-end-games,30,1,1,0,263638,263638,263638,1,0,100,100,0,100,0,0,0,0,0,
4237509,,Cordyceps Collective,cordyceps-collective,30,2,2,0,262947,262947,131474,0,50,0,0,0,100,100,0,0,0,0,
19423,,Team Indev,team-indev,30,1,1,0,262833,262833,262833,1,100,100,0,100,0,0,0,0,0,0,
719898,,Ilan Papini,ilan-papini,30,3,3,0,262699,70080,87566,3,67,0,33,0,100,0,0,0,0,33,
25965,,Prasius,prasius,30,1,1,0,262524,262524,262524,0,100,100,100,100,0,0,0,0,0,0,Sweden
44866,,Bunstack,bunstack,30,1,1,1,262358,262358,262358,0,100,0,100,50,50,0,0,0,0,0,France
2165166,,ILLGAMES,illgames,30,1,1,1,262230,262230,262230,2,0,0,0,50,100,0,0,0,0,0,Japan
1636850,,Team Terrible,team-terrible,30,1,1,0,262195,262195,262195,1,100,0,0,100,100,0,0,0,0,0,United Kingdom
34298,,Midnight Games,midnight-games,30,7,7,11,262151,8218,37450,18,83,67,28,50,72,6,17,11,22,11,
16795,,Rat King Entertainment,rat-king-entertainment,30,2,2,2,262055,131028,131028,4,100,0,25,100,0,0,0,0,0,0,
20304,,Bolverk Games,bolverk-games,30,6,6,1,262044,27223,43674,4,71,71,71,14,14,43,0,0,0,0,
24997,,Lightmare Studio,lightmare-studio,30,2,2,0,262005,131003,131003,0,100,0,100,0,50,50,0,0,0,0,
7608,,Petums,petums,30,1,1,1,261836,261836,261836,2,50,0,50,100,0,0,0,0,0,0,
31240,,Primal,primal,30,1,1,0,261713,261713,261713,0,0,0,0,0,0,0,100,0,0,0,
37918,,Outlier,outlier,30,1,1,1,261629,261629,261629,1,50,50,50,0,50,100,0,0,0,0,
61217,,Sabrina Aridi,sabrina-aridi,30,14,14,1,261557,6483,18683,15,100,73,87,80,33,67,27,0,0,0,
9062,,Arbitrary Metric,arbitrary-metric,30,2,2,1,261389,261389,130695,0,67,0,33,100,33,33,33,0,0,0,
49460,,AniCore Team,anicore-team,30,3,3,0,261387,46884,87129,1,100,0,67,67,67,0,67,0,0,0,
1645495,,Gigi,gigi,30,1,1,1,261386,261386,261386,0,100,0,50,100,0,100,50,0,0,0,
12441,,Monkeys Lab,monkeys-lab,30,2,2,0,261085,261085,130543,1,100,100,0,0,50,50,50,100,0,0,
11171,,Mature Games,mature-games,30,6,6,0,260895,31306,43483,6,83,33,83,67,50,17,67,0,0,0,
291754,,BLits Games,blits-games,30,1,1,1,260770,260770,260770,2,0,0,0,0,100,0,0,0,0,0,
6688,,Black Beach Studio,black-beach-studio,30,1,1,0,260768,260768,260768,1,100,100,0,0,0,0,0,0,0,0,
8534,,Absolutist Ltd.,absolutist-ltd,30,8,8,0,260751,13869,32594,7,50,0,100,88,0,0,0,0,0,0,
1496,,MadAboutGamesStudios,madaboutgamesstudios,30,7,7,0,260628,26004,37233,7,100,100,14,100,43,0,0,0,0,0,
34944,,Winterlook Games,winterlook-games,30,1,1,1,260559,260559,260559,2,0,0,0,100,0,0,50,0,0,0,
1280321,,Lente,lente,30,1,1,0,260400,260400,260400,1,100,0,100,100,0,0,0,0,0,0,
36712,,Bluecurse Studios,bluecurse-studios,30,1,1,0,260343,260343,260343,0,100,0,0,100,100,0,0,0,0,0,
18142,,Victory Lap Games,victory-lap-games,30,1,1,0,260166,0,260166,1,100,100,100,0,0,0,0,0,0,100,
4036,,Fiveamp,fiveamp,30,3,3,0,260130,260130,86710,3,100,33,100,100,67,33,100,0,0,0,United States
30749,,MMEU,mmeu,30,5,5,0,260051,5804,52010,0,60,60,40,20,40,0,0,0,0,0,
2940,,Squid In A Box Ltd,squid-in-a-box-ltd,30,2,2,0,259949,0,129975,2,50,100,0,0,0,0,0,0,0,0,
46840,,Kyle's Garage,kyle-s-garage,30,1,1,0,259940,259940,259940,1,100,100,0,0,0,0,0,0,0,0,
296,,Phenomenon Games,phenomenon-games,30,1,1,0,259410,259410,259410,1,100,100,0,0,0,0,0,0,0,0,Romania
30390,,Lingrimm,lingrimm,30,1,1,0,259393,259393,259393,0,100,0,100,100,0,0,0,0,0,0,
10695,,LOVIGAME,lovigame,30,1,1,0,259137,259137,259137,1,100,100,0,100,0,0,100,0,0,0,
12977,,ИЛЬЯМАЗО,-,30,3,3,0,259117,70088,86372,2,100,0,33,0,100,0,0,0,0,0,
1465654,,Satosha Nakamoti,satosha-nakamoti,30,1,1,0,259075,259075,259075,1,100,0,100,0,100,100,0,0,0,0,
38479,,One Man Behind,one-man-behind,30,1,1,1,258869,0,258869,2,50,0,0,0,100,50,100,50,0,0,
25973,,Self Made Miracle,self-made-miracle,30,1,1,0,258850,258850,258850,0,100,100,0,0,0,0,0,0,0,0,
12077,,Woodsy Studio,woodsy-studio,30,8,8,0,258614,8068,32327,7,75,0,25,88,13,0,0,0,0,0,United States
19393,,Leopoly,leopoly,30,1,1,0,258577,258577,258577,1,0,0,0,0,0,0,0,0,0,0,
14817,,SGS Team,sgs-team,30,2,2,0,258510,129255,129255,2,100,100,50,100,0,50,0,0,50,50,
95900,,gamigo US Inc.,gamigo-us-inc,30,3,3,0,258482,258482,86161,3,0,100,33,100,0,0,100,67,0,0,
7117395,,Tableflip Entertainment AB,tableflip-entertainment-ab,30,1,1,0,258482,258482,258482,0,0,100,0,100,0,0,100,0,0,0,
48351,,Supercube,supercube,30,1,1,0,258318,258318,258318,1,0,0,0,0,100,100,100,0,0,0,
36678,,Cyril Jarnot,cyril-jarnot,30,2,2,1,258115,129058,129058,0,0,0,0,0,33,100,0,0,0,0,
32827,,251 Games,251-games,30,1,1,0,257944,257944,257944,0,0,100,0,0,0,0,0,0,100,0,
20920,,SOEDESCO,soedesco,30,4,4,0,257741,9144,64435,4,0,25,50,75,75,0,0,0,0,0,
22695,,"Red Duck, Inc.",red-duck-inc,30,3,3,0,257682,0,85894,2,0,100,33,33,0,0,0,67,0,0,
48168,,Nidal Nijm Games,nidal-nijm-games,30,1,1,0,257585,257585,257585,1,100,100,0,100,0,100,0,0,0,0,Brazil
2035333,,Lemma Arts,lemma-arts,30,1,1,0,257480,257480,257480,1,100,100,100,0,100,100,0,0,0,0,
95638,,Olipa Games,olipa-games,30,2,2,0,257433,208058,128717,2,100,50,0,100,0,0,100,50,0,0,
24263,,DIGIFOX,digifox,30,2,2,0,257421,128711,128711,0,0,0,100,0,100,100,0,0,0,0,
9696,,托更的修罗,-,30,2,2,0,257326,128663,128663,2,100,0,100,0,100,0,100,0,0,0,
16278,,Brezg Studio,brezg-studio,30,2,2,0,257185,128593,128593,0,100,0,0,50,50,50,50,0,0,0,
32976,,JasminsSummer Project,jasminssummer-project,30,1,1,0,257170,257170,257170,0,100,0,0,0,100,0,100,0,0,0,
13304,,Elastic Games,elastic-games,30,1,1,0,257108,0,257108,1,0,100,0,0,0,0,0,0,0,0,
2847,,Laina Interactive,laina-interactive,30,1,1,0,256938,256938,256938,1,100,100,0,0,0,0,0,0,0,0,Finland
30081,,"CWave, Inc.",cwave-inc,30,1,1,0,256800,0,256800,0,0,100,100,0,0,100,0,100,0,0,
26010,,1C-Avalon,1c-avalon,30,1,1,0,256663,256663,256663,0,0,0,0,0,100,0,0,0,100,0,
6721,,Cybernetic Walrus,cybernetic-walrus,30,5,5,0,256653,113247,51331,3,60,60,20,0,40,40,20,0,20,20,
31154,,Pawley Games,pawley-games,30,1,1,0,256591,256591,256591,0,0,0,0,0,100,100,100,0,0,0,
33772,,Linked Squad,linked-squad,30,1,1,0,256509,256509,256509,1,100,0,0,0,0,0,0,0,0,0,
24941,,30.06 Studios Ltd,30-06-studios-ltd,30,1,1,0,256458,256458,256458,0,0,0,100,0,0,0,0,0,100,0,
5834,,Maulidan Games,maulidan-games,30,4,4,1,256415,27443,64104,5,100,0,40,0,80,60,0,0,0,0,
3036,,Moregames,moregames,30,1,1,1,256313,256313,256313,2,100,100,0,0,0,0,0,0,0,0,
27624,,Pon Pon Games,pon-pon-games,30,2,2,0,255961,127981,127981,0,100,0,0,0,0,50,100,0,0,0,
22393,,"Hangzhou Xinlan Network Technology Co.,Ltd.",hangzhou-xinlan-network-technology-co-ltd,30,1,1,0,255895,255895,255895,1,100,0,0,0,100,100,0,0,0,100,
166,,Yiming,yiming,30,3,3,0,255797,123552,85266,3,100,33,67,0,67,100,0,0,0,0,
1647537,,SuperWriter Games LLC,superwriter-games-llc,30,5,5,0,255667,42925,51133,5,0,0,80,0,100,0,0,0,0,0,
6385,,Trickjump Games,trickjump-games,30,1,1,0,255649,255649,255649,1,100,100,0,0,0,100,0,0,0,0,
4008680,,Fest Studio,fest-studio,30,12,12,0,255576,0,21298,12,100,17,58,0,0,0,0,0,0,0,
38825,,ZJOY GAME,zjoy-game,30,1,1,0,255573,255573,255573,0,100,0,0,100,100,100,100,0,0,0,China
90833,,Haojoy Game,haojoy-game,30,1,1,3,255573,255573,255573,0,100,50,0,50,50,50,50,0,0,0,
27974,,Little Big Lee,little-big-lee,30,2,2,0,255471,127736,127736,0,100,50,0,100,0,0,100,0,0,0,
19893,,Triverske,triverske,30,4,4,1,255436,75423,63859,5,40,40,40,0,60,0,20,0,0,0,
27938,,Love Anime,love-anime,30,8,8,0,255358,0,31920,0,100,75,13,0,13,0,0,0,0,0,
18073,,Nocturnal works,nocturnal-works,30,2,2,0,255244,127622,127622,2,50,0,0,100,0,0,0,0,0,0,
2524,,Overly Complicated Games,overly-complicated-games,30,1,1,0,255242,255242,255242,1,100,0,0,0,100,100,0,0,0,0,
4085,,DimleTeam,dimleteam,30,5,5,0,255144,2550,51029,5,100,80,0,60,20,0,0,40,0,0,
9182,,Magenta Factory,magenta-factory,30,5,5,0,255075,45038,51015,4,100,0,80,80,0,0,0,0,0,0,
32869,,Studio 369,studio-369,30,1,1,0,254822,0,254822,0,0,100,0,100,0,0,100,0,0,0,
5492594,,ATRIC Games,atric-games,30,1,1,0,254689,254689,254689,1,100,0,100,0,100,100,0,0,0,0,
2379,,Llamasoft Ltd.,llamasoft-ltd,30,7,7,1,254675,33265,36382,5,50,63,13,0,0,0,0,0,0,0,
47999,,Dimension Travler,dimension-travler,30,2,2,2,254674,22300,127337,2,50,0,0,0,0,75,75,0,0,0,
26362,,Tangrin Entertainment,tangrin-entertainment,30,1,1,0,254661,254661,254661,0,100,100,0,100,0,0,100,0,0,0,Netherlands
32028,,Cat Daddy Games,cat-daddy-games,30,1,1,0,254553,254553,254553,0,0,0,100,0,100,0,0,0,0,0,United States
38849,,Puzzle Box Games,puzzle-box-games,30,1,1,0,254436,254436,254436,1,100,0,0,0,0,100,0,0,0,0,
4341,,Whalenought Studios,whalenought-studios,30,2,2,0,254181,127091,127091,1,50,0,0,50,0,50,100,0,0,0,United States
43707,,Jon Nielsen,jon-nielsen,30,3,3,0,254083,119286,84694,1,33,67,0,33,67,67,0,0,0,0,United States
13578,,Redaster Studio,redaster-studio,30,3,3,0,253972,118381,84657,3,100,100,67,67,67,0,67,100,0,0,
9198,,Mozg Labs,mozg-labs,30,2,2,0,253869,126935,126935,2,100,50,0,50,50,100,50,0,0,0,
22334,,Unlimited Fly Games,unlimited-fly-games,30,3,3,0,253796,11198,84599,3,100,33,0,67,0,0,0,0,0,0,
7096,,Last Day of Work,last-day-of-work,30,9,9,0,253785,39982,28198,9,0,0,67,0,100,0,0,0,0,0,United States
12060,,Team2Bit,team2bit,30,3,3,1,253579,9228,84526,3,100,75,0,75,0,0,0,0,0,0,
988966,,D&amp;A Studios,d-amp-a-studios,30,1,1,1,253579,253579,253579,0,100,0,100,0,100,0,0,0,0,0,
23232,,"Castle Pixel, LLC.",castle-pixel-llc,30,3,3,1,253537,90160,84512,1,50,75,25,75,0,0,50,0,0,0,
13554,,nDreams,ndreams,30,2,2,0,253507,126754,126754,2,50,50,0,100,0,0,0,0,0,0,United Kingdom
8849641,,Digital Lode Immersive Media,digital-lode-immersive-media,30,1,1,0,253488,253488,253488,0,0,100,0,100,0,100,0,0,0,0,
50352,,Bar Holographic Otaku,bar-holographic-otaku,30,2,2,0,253375,126688,126688,2,100,50,0,50,0,0,50,0,0,0,Russia
33544,,Matt Cohen,matt-cohen,30,1,1,0,253087,253087,253087,1,100,100,0,100,100,0,0,0,0,0,
26174,,Bizarre Creations,bizarre-creations,30,2,2,0,253068,126534,126534,0,0,50,50,0,0,0,0,0,0,0,United Kingdom
25971,,Joysteak Studios,joysteak-studios,30,1,1,0,253000,253000,253000,0,100,0,0,100,0,0,0,0,0,0,
31915,,Digital Furnace Games,digital-furnace-games,30,1,1,0,252983,252983,252983,0,100,100,0,100,0,0,0,0,0,0,
32855,,FlagmanJeremy,flagmanjeremy,30,20,20,0,252684,1217,12634,19,100,5,50,10,85,35,0,0,25,30,
52389,,Vona Soft,vona-soft,30,3,3,0,252683,20213,84228,3,67,67,0,0,67,33,0,0,0,0,
29278,,Brian Lindenhof,brian-lindenhof,30,2,2,0,252656,126328,126328,0,50,0,0,0,100,0,0,0,50,0,
26622,,Beast Games,beast-games,30,1,1,0,252606,252606,252606,0,100,100,0,0,0,0,0,0,0,0,United States
16337,,Crazy Rocks Studios,crazy-rocks-studios,30,1,1,0,252419,252419,252419,1,0,100,0,0,100,0,0,100,0,100,
51011,,Frozen Lake Games,frozen-lake-games,30,2,2,1,252409,126205,126205,0,100,33,33,33,67,0,0,0,67,0,
4482,,Spilt Milk Studios Ltd,spilt-milk-studios-ltd,30,8,8,0,252384,6479,31548,5,50,38,50,25,25,0,13,13,0,0,United Kingdom
142534,,TrinityBJ,trinitybj,30,1,1,0,252330,252330,252330,1,100,100,0,0,0,100,100,0,0,0,
2294,,Brainseed Factory,brainseed-factory,30,2,2,0,252313,126157,126157,2,50,50,50,100,0,50,0,0,0,0,Germany
31605,,I Sioux Game Productions B.V.,i-sioux-game-productions-b-v,30,2,2,0,252295,0,126148,0,50,0,100,100,100,0,0,0,0,0,
41741,,Secret Garden,secret-garden,30,5,5,1,252290,52126,50458,1,0,0,100,0,50,0,50,0,0,0,
18596,,Anti-Ded GameDev,anti-ded-gamedev,30,4,4,0,252190,3746,63048,3,50,25,75,0,0,25,25,25,0,0,
43228,,MediaCity Games,mediacity-games,30,3,3,1,251916,3134,83972,4,25,0,25,100,0,0,0,0,0,0,
29547,,Thomas Olsson,thomas-olsson,30,2,2,1,251509,125755,125755,0,100,100,0,33,0,0,0,0,0,0,
14081,,ClickGames,clickgames,30,4,4,0,251275,54922,62819,4,100,75,25,50,0,0,0,0,0,0,
504508,,Jordan O'Leary,jordan-o-leary,30,1,1,0,251256,251256,251256,0,100,0,0,0,0,100,0,0,0,0,
37084,,Eyeguys,eyeguys,30,2,2,0,251194,125597,125597,0,50,0,0,100,0,0,0,0,0,0,
37085,,Lorenzo Redaelli,lorenzo-redaelli,30,2,2,0,251194,125597,125597,0,50,0,0,100,0,0,0,0,0,0,
9076,,Bad Seed,bad-seed,30,4,4,0,251104,74042,62776,2,100,0,75,50,0,50,0,0,0,0,Italy
47134,,Nise-Eikoku Studio,nise-eikoku-studio,30,1,1,1,251101,251101,251101,1,100,0,0,50,0,0,100,0,0,0,Japan
47135,,CUBETYPE,cubetype,30,1,1,0,251101,251101,251101,1,100,0,0,100,0,0,100,0,0,0,Japan
185960,,Sklorite Studios LLC,sklorite-studios-llc,30,2,2,0,251062,125531,125531,2,100,100,50,50,50,0,0,0,0,0,
720853,,Dimensionless Games,dimensionless-games,30,2,2,0,251005,125503,125503,2,100,100,0,50,0,0,0,0,0,0,
2798,,3000AD,3000ad,30,7,7,0,250753,6993,35822,7,100,100,57,14,71,43,14,14,0,0,United States
6256,,Strategic Designs Ltd.,strategic-designs-ltd,30,7,7,0,250594,12407,35799,7,57,14,14,14,100,86,14,0,71,100,
25673,,Rafael Senne,rafael-senne,30,2,2,0,250579,125290,125290,0,100,0,50,100,0,0,0,0,0,0,
963,,Belief Engine,belief-engine,30,2,2,1,250498,250498,125249,3,100,0,33,0,0,0,0,0,0,0,United States
32030,,Mike Monroe,mike-monroe,30,1,1,1,250498,250498,250498,0,100,0,0,0,0,0,0,0,0,0,
25841,,Bad Dream Games,bad-dream-games,30,1,1,0,250423,250423,250423,0,100,0,0,100,0,0,0,0,0,0,United States
24617,,Hasoyua,hasoyua,30,4,4,0,250388,40234,62597,0,75,0,25,50,0,0,100,0,0,0,
4056,,Cozy Game Pals,cozy-game-pals,30,4,4,0,250219,2056,62555,3,75,75,25,25,25,0,0,0,0,0,
24390,,Rolling Glory Jam,rolling-glory-jam,30,3,3,1,250112,94236,83371,2,100,25,75,100,0,0,0,0,0,0,Indonesia
28879,,Moyashi Research Institute,moyashi-research-institute,30,1,1,0,249657,249657,249657,0,100,100,0,0,0,0,0,0,0,0,
28302,,Michael Flynn,michael-flynn,30,4,4,0,249624,22522,62406,0,100,50,100,75,75,0,100,0,0,0,
30753,,Berezka,berezka,30,1,1,0,249402,249402,249402,0,100,0,100,0,100,0,0,0,0,0,
7225,,Mighty Yell,mighty-yell,30,2,2,1,249355,124678,124678,1,100,0,0,100,0,33,0,0,0,0,Canada
12618,,Novel,novel,30,3,3,1,248899,79229,82966,4,100,0,0,50,0,0,50,0,0,0,
3143712,,Game Maker's Toolkit,game-maker-s-toolkit,30,1,1,0,248727,248727,248727,1,100,0,0,100,0,0,0,0,0,0,United Kingdom
2030450,,The Fool's Studio,the-fool-s-studio,30,1,1,0,248544,0,248544,1,0,100,0,100,0,100,100,0,0,0,
21641,,Finji,finji,30,2,2,1,248361,124181,124181,3,33,67,0,33,0,33,0,0,0,0,United States
12280,,Lucky Frame,lucky-frame,30,3,3,0,248296,54257,82765,1,100,33,33,0,0,33,0,0,0,0,
9086,,Shawn Beck,shawn-beck,30,1,1,0,248084,248084,248084,1,100,100,0,0,0,0,0,0,0,0,
14671,,Digital Dreams,digital-dreams,30,1,1,0,247906,247906,247906,1,100,0,0,100,0,0,0,0,0,0,
3267,,Whirlybird Games,whirlybird-games,30,1,1,0,247658,247658,247658,1,100,0,100,0,100,0,0,0,0,0,
10070,,Grimbart Tales,grimbart-tales,30,1,1,0,247577,247577,247577,0,100,100,0,100,0,0,0,0,0,0,Germany
2927,,Black Jacket Studios,black-jacket-studios,30,1,1,0,247549,247549,247549,1,100,100,0,0,0,0,0,0,100,100,
30631,,Ekuator Games,ekuator-games,30,2,2,0,247537,123769,123769,0,100,0,0,0,0,0,100,0,0,0,Indonesia
36335,,KiberKreker,kiberkreker,30,1,1,0,247410,247410,247410,0,100,0,0,0,100,100,0,0,0,0,
32734,,Kheops Studio,kheops-studio,30,3,3,0,247276,81009,82425,0,0,0,100,100,0,0,0,0,0,0,France
38857,,Flexible Media,flexible-media,30,3,3,0,247246,33470,82415,2,33,0,0,100,0,0,33,0,0,0,
1641232,,ベルゼブブ,-,30,1,1,1,247222,247222,247222,0,100,0,100,0,100,100,100,0,0,0,
2725813,,"ENTERGRAM,INC.",entergram-inc,30,2,2,0,247178,247178,123589,2,0,0,50,100,0,0,0,0,0,0,
2708,,Childish Things Ltd,childish-things-ltd,30,7,7,0,247148,36872,35307,7,0,0,0,0,86,86,0,0,0,100,
3067,,Deimos Interactive,deimos-interactive,30,1,1,0,247130,247130,247130,1,100,0,0,0,0,0,0,0,0,0,
504747,,YOUR_MOM'S_HP,your-mom-s-hp,30,2,2,0,247067,247067,123534,0,100,0,0,50,0,100,50,0,0,0,
504748,,RavenJm,ravenjm,30,2,2,0,247067,247067,123534,0,100,0,0,50,0,100,50,0,0,0,
1515329,,Cosy Computer,cosy-computer,30,2,2,0,246877,246781,123439,1,100,50,100,0,0,0,0,0,0,0,
14313,,All Yes Good,all-yes-good,30,2,2,0,246816,123408,123408,2,100,100,50,0,0,50,0,0,0,0,
3878959,,宁德动游网络科技有限公司,-,30,1,1,0,246803,246803,246803,1,100,100,0,100,100,100,100,0,0,0,
16210,,Dird Games,dird-games,30,1,1,0,246789,246789,246789,0,100,0,0,0,0,100,0,0,0,0,
44200,,"crim Co., Ltd.",crim-co-ltd,30,2,2,0,246744,123372,123372,2,50,100,50,0,0,0,0,0,0,0,
3878776,,CCC Games,ccc-games,30,2,2,1,246554,246554,123277,1,67,0,67,0,100,100,0,0,0,0,
14138,,Dale Turner,dale-turner,30,1,1,1,246481,246481,246481,2,100,0,100,50,0,100,50,0,0,0,
1687,,SimBin Studios AB,simbin-studios-ab,30,4,4,0,246476,60561,61619,0,0,0,0,0,50,0,0,0,100,75,
38463,,Astaros3d,astaros3d,30,2,2,0,246398,123199,123199,2,100,0,0,100,100,0,0,0,0,0,
184537,,Frontier Aja,frontier-aja,30,2,2,0,246394,123197,123197,0,100,100,0,100,0,0,0,0,0,0,Japan
19377,,Pixel Machine,pixel-machine,30,1,1,0,246299,246299,246299,1,100,0,0,0,100,100,0,0,0,0,
292986,,Gius Caminiti,gius-caminiti,30,2,2,0,246198,123099,123099,2,50,50,50,0,100,50,0,0,50,0,Spain
32978,,Dreamlab XR,dreamlab-xr,30,1,1,0,245859,245859,245859,1,100,100,0,0,0,0,0,0,0,0,
8252,,Kenny Sun,kenny-sun,30,6,6,0,245767,16256,40961,5,100,33,33,0,17,17,0,0,0,0,
21485,,AbstractArt,abstractart,30,3,3,0,245683,34699,81894,3,100,100,33,0,0,0,0,0,67,0,
2432249,,Scarlet Academy,scarlet-academy,30,2,2,0,245632,245632,122816,2,100,100,0,0,0,0,0,0,0,0,
23573,,Whalebox Studio,whalebox-studio,30,4,4,0,245493,17190,61373,1,50,75,50,50,0,50,50,25,0,0,Russia
17226,,边境游戏工作室,-,30,1,1,0,245465,245465,245465,1,100,0,100,0,100,100,100,0,0,0,
188046,,Dead Joker,dead-joker,30,1,1,0,245381,245381,245381,1,100,0,0,0,100,0,0,0,0,0,
2457,,Two Desperados,two-desperados,30,2,2,0,245222,122611,122611,2,0,0,100,100,0,0,0,0,0,0,
47689,,Thera Bytes GmbH,thera-bytes-gmbh,30,2,2,0,245215,122608,122608,0,0,0,0,0,100,100,0,0,0,0,
984286,,Fontainebleau,fontainebleau,30,2,2,1,245079,122540,122540,1,67,0,0,67,67,0,100,0,0,0,
12524,,Moonlight Mouse,moonlight-mouse,30,1,1,0,244568,244568,244568,1,100,0,100,0,0,100,0,0,0,0,
2902,,Noble Games Studio,noble-games-studio,30,1,1,0,244492,244492,244492,1,0,0,100,0,100,0,0,0,0,0,
25423,,Dasius,dasius,30,1,1,0,244492,244492,244492,0,0,0,100,0,100,0,0,0,0,0,
6044,,Trophy Games,trophy-games,30,4,4,1,244312,244312,61078,5,20,0,20,20,80,40,0,0,0,20,
27442,,Crimson Tales,crimson-tales,30,1,1,0,244171,244171,244171,0,100,100,0,100,0,0,0,0,0,0,
292817,,Alex Blintsov,alex-blintsov,30,1,1,0,244137,244137,244137,1,100,0,100,0,100,0,0,0,0,0,
20253,,Belgerum,belgerum,30,6,6,1,244065,21796,40678,4,86,29,100,86,0,14,29,0,0,0,
6166,,Lucid Dreams Studio,lucid-dreams-studio,30,2,2,0,244029,122015,122015,1,50,100,0,100,0,0,0,0,0,0,Canada
4410,,Blackrose Arts,blackrose-arts,30,2,2,0,243560,243560,121780,2,100,100,0,50,0,0,50,0,0,0,
25432,,Enokippu,enokippu,30,3,3,0,243467,71018,81156,0,67,0,33,0,0,0,100,0,0,0,
28497,,Mysterytag,mysterytag,30,7,7,0,243464,24945,34781,0,100,0,100,57,0,0,0,0,0,0,
1636710,,Tsukuyomi,tsukuyomi,30,3,3,0,243337,8332,81112,3,100,67,0,67,0,0,33,0,0,0,
4025,,Red Katana,red-katana,30,1,1,0,243305,243305,243305,1,100,0,0,0,0,100,100,0,0,0,
28390,,Sky Drake Studios,sky-drake-studios,30,1,1,0,243294,243294,243294,0,100,100,0,0,100,0,100,0,0,0,
12504,,Rose City Games,rose-city-games,30,3,3,1,243211,121606,81070,1,100,50,0,75,0,25,0,0,0,0,United States
19521,,Ironclad Games,ironclad-games,30,1,1,0,243167,0,243167,1,100,100,0,0,0,100,100,0,0,0,Canada
54501,,Gartal Games,gartal-games,30,1,1,0,243151,0,243151,1,100,0,0,0,100,0,0,0,0,0,
41635,,xRed games,xred-games,30,2,2,0,242894,121447,121447,2,100,50,50,100,50,0,50,0,0,0,
12048,,Gunnar Games,gunnar-games,30,12,12,0,242845,5727,20237,6,0,0,83,42,0,0,0,0,0,0,United States
15659,,Nicholas Ewalt,nicholas-ewalt,30,1,1,0,242635,242635,242635,1,0,0,0,0,0,0,0,0,0,0,
57607,,Arcade Oven,arcade-oven,30,1,1,0,242621,242621,242621,0,100,0,100,0,100,100,0,0,0,0,Australia
99107,,MAD Sprouts,mad-sprouts,30,1,1,0,242570,242570,242570,1,100,100,100,100,100,0,100,0,0,0,
2119,,Lost Goblin,lost-goblin,30,1,1,0,242311,242311,242311,0,100,0,0,0,100,100,0,0,0,0,
102735,,Outerdawn,outerdawn,30,1,1,0,242311,242311,242311,1,100,0,0,0,100,100,0,0,0,0,
14728,,离忧先生,-,30,1,1,0,242157,242157,242157,0,100,100,0,100,0,0,100,0,0,0,
14223,,Enitvare,enitvare,30,4,4,0,242084,53042,60521,4,100,100,0,0,0,0,50,0,0,0,
47247,,Team Fortune,team-fortune,30,1,1,0,241794,241794,241794,1,100,100,0,0,0,0,0,0,0,0,
14534,,Koenigz,koenigz,30,1,1,1,241504,241504,241504,2,100,100,0,0,0,0,0,0,0,0,
3618,,WhackAKey Games,whackakey-games,30,11,11,0,241331,2754,21939,0,45,91,55,27,36,73,9,0,0,0,
829747,,Pyxeralia LLC,pyxeralia-llc,30,1,1,1,241096,241096,241096,2,50,50,50,0,0,50,100,0,0,0,
2427709,,ICSTOR,icstor,30,1,1,0,240936,240936,240936,1,100,0,0,100,0,0,0,0,0,0,
86667,,Medallion Games,medallion-games,30,2,2,0,240909,120455,120455,0,50,100,0,100,0,0,0,0,0,0,
10109,,Shield Break Studios,shield-break-studios,30,1,1,0,240863,240863,240863,1,100,100,0,0,0,0,0,0,0,0,
32307,,G+工程团,g,30,5,5,0,240827,42948,48165,0,80,0,100,40,40,0,80,0,0,0,
184919,,REXECHO,rexecho,30,1,1,0,240821,240821,240821,0,100,100,0,100,0,0,0,0,0,0,
26861,,MURA Interactive,mura-interactive,30,1,1,0,240739,240739,240739,0,100,100,100,0,0,0,0,0,0,0,
27692,,No Bull Intentions,no-bull-intentions,30,3,3,0,240640,73363,80213,0,100,0,0,100,0,0,0,0,0,0,
2449670,,雪山雞白郎,-,30,2,2,0,240622,120311,120311,0,100,0,100,0,100,0,100,0,0,0,
2449671,,SnowGBL,snowgbl,30,2,2,0,240622,120311,120311,0,100,0,100,0,100,0,100,0,0,0,
1634387,,Knifes,knifes,30,1,1,0,240601,240601,240601,1,100,100,100,0,0,100,100,0,0,0,
31107,,Alersteam,alersteam,30,1,1,0,240496,240496,240496,0,0,100,0,0,0,0,100,0,0,0,
9096,,Pixel Maniacs,pixel-maniacs,30,3,3,2,240490,120245,80163,4,60,60,40,60,0,20,0,0,20,0,Germany
38782,,The Future Fragments Team,the-future-fragments-team,30,1,1,0,240242,240242,240242,0,100,100,0,100,0,0,100,0,0,0,
1395506,,Black Cat Entertainment,black-cat-entertainment,30,2,2,0,240223,120112,120112,0,0,0,100,0,50,50,0,0,0,0,
26071,,Waz,waz,30,2,2,0,240094,120047,120047,0,100,100,50,0,0,50,50,0,0,0,
27082,,Drakhar Studio,drakhar-studio,30,4,4,0,239988,50354,59997,0,25,50,25,75,0,0,0,0,0,0,
11123,,Conrad Nelson,conrad-nelson,30,2,2,0,239946,239946,119973,1,50,100,50,0,0,0,0,0,0,0,
31891,,Coconut Island Studio,coconut-island-studio,30,1,1,0,239936,239936,239936,0,100,100,0,0,0,0,0,0,0,0,China
69833,,Fern Nigro,fern-nigro,30,4,4,1,239715,62486,59929,2,60,40,80,60,40,20,40,0,0,0,United States
17881,,Orangepixel,orangepixel,30,13,13,2,239662,11901,18436,15,73,80,7,40,0,20,27,0,0,0,
29478,,Kraken Empire,kraken-empire,30,2,2,0,239652,119826,119826,0,100,100,50,0,50,50,0,0,0,0,
18037,,Emberheart Games,emberheart-games,30,5,5,0,239579,25543,47916,1,60,80,0,60,0,0,0,0,0,0,Slovenia
186957,,Alith Games,alith-games,30,2,2,0,239557,119779,119779,0,50,0,100,0,0,50,0,0,0,0,
3884254,,Kanmidoko,kanmidoko,30,1,1,0,239442,239442,239442,0,100,0,0,100,100,0,0,0,0,0,
17764,,isTom Games Kft.,istom-games-kft,30,7,7,0,239378,4727,34197,7,57,57,71,14,14,0,0,0,29,0,
4992917,,Kaizen Game Works Limited,kaizen-game-works-limited,30,1,1,0,239114,239114,239114,1,100,0,0,100,100,0,100,0,0,0,
44575,,Ureasoft,ureasoft,30,2,2,0,238945,119473,119473,2,100,50,0,50,0,0,50,0,0,0,
28968,,WeMade,wemade,30,3,3,0,238705,0,79568,0,0,33,0,67,0,0,33,67,0,0,
54417,,ORANGE POPCORN,orange-popcorn,30,2,2,0,238659,119330,119330,2,100,100,0,100,0,0,100,0,0,0,
38502,,Droid Productions,droid-productions,30,4,4,1,238599,38497,59650,0,60,0,0,100,0,0,100,0,0,0,
20343,,Sanuk Games,sanuk-games,30,8,8,2,238547,23123,29818,3,40,30,70,10,10,0,0,0,0,10,Thailand
35640,,Strategy 3 Tactics,strategy-3-tactics,30,4,4,0,238516,58963,59629,0,0,0,0,0,75,100,0,0,0,0,
10819,,Afterthought Studios,afterthought-studios,30,6,6,1,238231,8972,39705,5,71,0,100,14,86,0,43,0,0,0,
30660,,Daniel Fernandez Chavez,daniel-fernandez-chavez,30,3,3,0,238192,52640,79397,0,100,100,0,100,0,0,100,0,0,0,
36666,,Monokel,monokel,30,1,1,1,237673,237673,237673,0,100,50,50,50,0,0,0,0,0,0,
14104,,MT Worlds,mt-worlds,30,2,2,0,237500,118750,118750,2,0,0,50,0,50,0,0,0,0,50,
22235,,Flight School Studio,flight-school-studio,30,7,7,0,237333,32088,33905,3,57,43,43,0,14,0,14,0,0,0,United States
35822,,Gagonfe,gagonfe,30,10,10,0,237301,15134,23730,10,40,50,70,50,0,40,0,0,0,0,Brazil
19287,,Hailstorm Games,hailstorm-games,30,2,2,0,237247,118624,118624,2,100,100,0,100,0,0,50,0,0,0,
8723,,David Amador,david-amador,30,1,1,0,237200,237200,237200,1,100,0,0,100,0,0,100,0,0,0,
31297,,90Games,90games,30,1,1,1,236952,236952,236952,1,100,50,100,50,50,50,50,0,50,0,
23580,,Composer-Motorin Dmitry (Djinotan),composer-motorin-dmitry-djinotan,30,2,2,0,236682,118341,118341,0,100,50,0,100,50,50,0,0,0,0,
5429,,Lukas Navratil,lukas-navratil,30,1,1,0,236575,236575,236575,1,100,0,0,100,0,0,0,0,0,0,
15430,,Tower Games,tower-games,30,3,3,0,236527,116645,78842,3,100,33,33,0,0,67,33,0,0,0,
33550,,Plastic Piranha,plastic-piranha,30,1,1,0,236510,0,236510,0,0,100,0,0,0,0,0,0,0,0,
142730,,Fun Square Games,fun-square-games,30,1,1,1,236462,236462,236462,0,50,0,0,50,0,100,100,0,0,0,
18168,,Funomena,funomena,30,2,2,0,236425,118213,118213,1,100,0,100,50,0,0,0,0,0,0,United States
8114,,Profenix Studio SRLS,profenix-studio-srls,30,2,2,0,236346,118173,118173,2,50,50,0,50,0,0,0,0,0,0,
39393,,Ravn Studio,ravn-studio,30,2,2,1,236326,118163,118163,0,33,100,0,67,0,0,0,0,67,0,Norway
32064,,Talentplace,talentplace,30,4,4,0,236176,41824,59044,0,100,25,25,75,0,25,0,0,0,0,
82183,,Goblinz Enterprises Ltd,goblinz-enterprises-ltd,30,2,2,1,236109,118055,118055,0,0,0,100,100,0,0,0,0,0,0,
13772,,Wizard Fu,wizard-fu,30,2,2,0,235926,117963,117963,2,100,100,0,50,0,0,100,0,0,0,
46862,,Imperivm World,imperivm-world,30,1,1,0,235904,235904,235904,0,0,0,0,0,0,100,0,0,0,0,
3281093,,想象颗粒,-,30,1,1,0,235820,235820,235820,0,0,0,0,0,0,0,100,0,0,0,
22078,,Primary Games,primary-games,30,1,1,0,235661,235661,235661,1,100,0,0,100,0,0,0,0,0,0,
49398,,Cortez Productions,cortez-productions,30,1,1,1,235575,235575,235575,2,100,50,0,100,0,0,0,0,0,0,
14225,,Snail Games,snail-games,30,1,1,0,235554,235554,235554,1,0,100,0,100,0,0,0,0,0,0,China
33271,,Decaying Logic,decaying-logic,30,1,1,0,235534,235534,235534,1,100,100,100,100,100,100,100,0,0,0,
46468,,4MinuteWarning,4minutewarning,30,1,1,0,235480,235480,235480,1,0,0,0,0,0,0,100,0,0,0,
32756,,Deric Ruhl,deric-ruhl,30,1,1,0,235292,235292,235292,0,100,100,0,100,100,0,0,0,0,0,
24456,,WizarBox Production,wizarbox-production,30,1,1,0,235103,235103,235103,0,0,0,100,100,0,0,0,0,0,0,
20140,,A2 Softworks,a2-softworks,30,6,6,3,235095,117548,39183,2,56,56,0,56,44,22,33,11,0,22,
30130,,Vigilant Addiction Studios,vigilant-addiction-studios,30,1,1,1,235083,235083,235083,1,100,50,50,50,0,0,50,0,0,0,
291821,,Sad Socket,sad-socket,30,2,2,2,234928,117464,117464,4,25,25,25,0,25,75,50,0,0,0,
545373,,Cosmoscouts,cosmoscouts,30,1,1,0,234897,234897,234897,0,0,100,100,100,0,0,0,0,0,0,Poland
368356,,SUNCYAN studio,suncyan-studio,30,1,1,0,234828,0,234828,0,100,100,100,0,0,0,0,0,0,100,
29800,,Fasaria Works,fasaria-works,30,2,2,0,234821,117411,117411,0,100,0,0,100,0,50,100,50,0,0,
19921,,Ultra Runaway Games,ultra-runaway-games,30,2,2,0,234720,117360,117360,2,100,50,50,50,0,0,100,0,0,0,United States
16445,,PIXOWL INC.,pixowl-inc,30,2,2,0,234619,173738,117310,2,100,50,50,0,100,50,0,0,0,0,Hong Kong
14703,,Ascanio Entertainment,ascanio-entertainment,30,1,1,0,234574,0,234574,1,100,100,0,0,0,0,100,0,0,0,Cyprus
16431,,Darkelite Studio Inc,darkelite-studio-inc,30,2,2,0,234533,117267,117267,0,100,0,0,100,0,0,100,0,0,0,
12500,,Secret Sorcery Limited,secret-sorcery-limited,30,1,1,0,234442,234442,234442,1,100,0,0,0,0,100,0,0,0,0,
27780,,KPy3O,kpy3o,30,2,2,0,234282,117141,117141,0,100,0,0,100,0,0,0,0,0,0,
50560,,0 Deer Soft,0-deer-soft,30,6,6,1,234209,56713,39035,0,100,0,100,100,0,0,0,0,0,0,Finland
1899631,,Steel Arts Software Ltd.,steel-arts-software-ltd,30,3,3,0,234192,117096,78064,3,100,100,0,100,0,0,0,0,0,0,
24770,,Gathering Tree,gathering-tree,30,1,1,1,234065,234065,234065,1,100,0,0,0,100,100,0,0,0,0,Turkey
20048,,8BitSkull,8bitskull,30,4,4,1,233840,49785,58460,5,20,80,20,60,0,0,20,0,0,0,United Kingdom
26720,,Cat Rabbit,cat-rabbit,30,1,1,0,233823,233823,233823,0,0,0,0,0,0,100,0,0,0,0,
1812,,Turtle Cream,turtle-cream,30,3,3,0,233770,49277,77923,2,100,67,67,0,0,33,33,0,0,0,
51618,,Stone Fox Studios,stone-fox-studios,30,1,1,0,233768,233768,233768,1,100,0,100,100,0,0,0,0,0,0,
5901299,,Ember Light Games,ember-light-games,30,1,1,1,233763,233763,233763,1,50,100,50,100,50,0,50,50,0,0,
28911,,Tennen-sozai,tennen-sozai,30,2,2,0,233705,0,116853,0,0,100,0,0,0,0,0,0,0,0,
260,,Stickmen Studios,stickmen-studios,30,1,1,0,233700,233700,233700,1,100,0,100,100,0,0,0,0,0,0,
31391,,Broken Bear Games,broken-bear-games,30,3,3,0,233670,116835,77890,1,33,33,33,100,0,0,100,0,0,0,United Kingdom
33184,,Mirari&amp;Co.,mirari-amp-co,30,1,1,1,233662,233662,233662,0,0,100,0,100,0,0,50,0,0,0,
22512,,"Grimm Bros, LLC",grimm-bros-llc,30,1,1,0,233647,233647,233647,1,100,0,0,0,0,0,100,0,0,0,United States
45289,,Smokingbear Studio,smokingbear-studio,30,4,4,0,233546,68178,58387,1,100,75,0,0,0,25,0,0,0,0,
4073478,,ankaa studio,ankaa-studio,30,1,1,0,233503,233503,233503,0,100,0,0,100,0,0,100,0,0,0,
32688,,Neckbolt,neckbolt,30,5,5,1,233452,13747,46690,0,83,17,17,67,0,0,0,0,0,0,Sweden
43760,,Reckoner Industries,reckoner-industries,30,1,1,0,233393,233393,233393,0,0,0,0,0,100,0,0,0,0,0,
5158,,Business Tycoon,business-tycoon,30,4,4,0,233186,116593,58297,4,100,0,100,0,100,0,0,0,0,0,
4415,,Oscar Brittain,oscar-brittain,30,3,3,2,233171,38962,77724,1,100,80,60,20,80,20,40,0,20,0,
3398,,Atypical Games,atypical-games,30,3,3,1,233158,91074,77719,3,75,100,0,50,25,0,0,0,0,0,
15375,,Team Gotham,team-gotham,30,2,2,0,233038,116519,116519,1,100,0,0,100,0,0,0,0,0,0,Spain
5095,,Julian Edison,julian-edison,30,4,4,0,232909,15477,58227,4,100,100,0,50,0,0,50,0,0,0,
32440,,Mighty Kingdom,mighty-kingdom,30,1,1,0,232774,232774,232774,0,100,100,0,100,0,0,0,0,0,0,
16051,,Deadlycrow Games,deadlycrow-games,30,4,4,1,232431,6376,58108,5,80,20,40,100,0,0,0,0,0,0,
5383,,PolyPusher Studios,polypusher-studios,30,1,1,0,232414,232414,232414,1,100,0,0,100,0,0,0,0,0,0,
28147,,Jeffrey Klinicke,jeffrey-klinicke,30,1,1,0,232246,232246,232246,0,100,0,0,100,0,0,0,0,0,0,
29989,,Aron Miller,aron-miller,30,1,1,0,232246,232246,232246,0,100,0,0,100,0,0,0,0,0,0,
30226,,Shadie Hijazi,shadie-hijazi,30,1,1,0,232246,232246,232246,0,100,0,0,100,0,0,0,0,0,0,
30584,,Adam Murgittroyd,adam-murgittroyd,30,1,1,0,232246,232246,232246,0,100,0,0,100,0,0,0,0,0,0,
31747,,Jacob Leach,jacob-leach,30,1,1,0,232246,232246,232246,0,100,0,0,100,0,0,0,0,0,0,
32021,,Meagan Malone,meagan-malone,30,1,1,0,232246,232246,232246,0,100,0,0,100,0,0,0,0,0,0,
20705,,JAYFLGAMES,jayflgames,30,2,2,1,232127,116064,116064,3,100,67,100,0,0,0,0,0,0,0,
30572,,Gabriel Priske,gabriel-priske,30,1,1,0,232059,232059,232059,0,100,0,0,100,0,100,0,0,0,0,
23001,,Ready At Dawn,ready-at-dawn,30,2,2,0,231834,0,115917,2,0,100,0,0,0,0,0,0,0,0,United States
31653,,Bio Sapiens,bio-sapiens,30,1,1,0,231721,231721,231721,0,100,100,100,0,0,0,0,0,0,0,
12915,,Ivy Games,ivy-games,30,2,2,0,231602,115801,115801,1,100,0,0,50,0,0,0,0,0,0,
19905,,Erebus,erebus,30,1,1,0,231540,231540,231540,1,100,0,0,100,0,0,0,0,0,0,
47796,,Chuhai Labs,chuhai-labs,30,1,1,1,231484,231484,231484,0,100,100,0,100,0,0,0,0,0,50,Japan
4732,,Half Human Games,half-human-games,30,2,2,1,231446,231446,115723,2,67,100,0,67,0,67,67,0,0,0,
21856,,Hyperion Studio Limited,hyperion-studio-limited,30,1,1,0,231346,231346,231346,1,100,100,100,100,100,0,100,0,0,0,
17918,,Konnichiwa Games,konnichiwa-games,30,10,10,0,231304,20238,23130,10,60,100,10,70,40,10,30,0,0,0,
45641,,Ayacat Games,ayacat-games,30,1,1,0,231250,231250,231250,1,100,0,100,0,0,0,100,0,0,0,
28350,,Gothic Labs,gothic-labs,30,1,1,0,231233,0,231233,0,0,0,0,0,100,100,0,0,0,0,
27404,,Spiral House,spiral-house,30,2,2,1,230699,115350,115350,0,33,67,0,33,33,0,33,0,0,0,United Kingdom
2431814,,BogoSoft,bogosoft,30,1,1,0,230606,230606,230606,1,100,100,0,100,0,0,0,0,0,0,
14976,,DAWN STUDIO,dawn-studio,30,5,5,0,230524,2339,46105,4,100,60,20,40,20,60,0,0,0,0,
39724,,Gardenfiend Games,gardenfiend-games,30,1,1,0,230326,230326,230326,0,0,100,0,100,0,0,100,0,0,0,United States
18389,,Lesson of Passion,lesson-of-passion,30,16,16,3,230271,9303,14392,19,84,0,37,100,47,0,26,0,0,0,
188116,,Notional Games,notional-games,30,2,2,0,230110,115055,115055,2,100,0,100,0,100,100,0,0,0,0,
610715,,Usual Suspects Studios,usual-suspects-studios,30,1,1,0,229949,229949,229949,0,100,100,0,0,100,0,100,0,0,0,
24453,,Far Mills,far-mills,30,5,5,0,229700,29815,45940,0,80,0,100,60,20,20,0,0,0,0,Ukraine
30488,,Confused Pelican,confused-pelican,30,2,2,0,229499,114750,114750,0,100,100,0,0,0,0,0,0,0,0,
941263,,AIx2 Games,aix2-games,30,2,2,1,229459,114730,114730,3,100,100,100,0,100,0,0,0,0,0,
7598061,,Nacho Rodríguez,nacho-rodr-guez,30,1,1,0,229299,229299,229299,0,100,0,100,100,0,0,0,0,0,0,
7086,,"Mindware Co.,Ltd.",mindware-co-ltd,30,14,14,0,229227,4709,16373,14,93,100,71,0,14,14,0,0,0,0,
41685,,Pixfroze,pixfroze,30,1,1,0,229156,229156,229156,0,0,0,0,0,100,0,0,0,0,0,
6260,,Magnus Ander,magnus-ander,30,1,1,0,228839,228839,228839,1,100,100,0,0,100,0,0,0,0,0,
31952,,CRASS Studios,crass-studios,30,2,2,0,228787,114394,114394,0,0,100,0,50,0,0,50,0,0,0,
191128,,HimitsuCP,himitsucp,30,1,1,0,228747,228747,228747,1,0,0,0,0,100,0,0,0,0,0,
13981,,MoonlightGames,moonlightgames,30,16,16,1,228737,474,14296,16,100,94,0,6,6,41,59,0,0,0,
30333,,Tentacle Games,tentacle-games,30,2,2,0,228693,228693,114347,0,100,0,100,0,0,0,0,0,0,0,
136,,Sierra Lee,sierra-lee,30,6,6,1,228655,21519,38109,7,100,43,29,71,29,14,57,0,0,0,
41141,,Andrew Quist,andrew-quist,30,1,1,0,228593,228593,228593,1,100,0,0,100,0,0,0,0,0,0,
30138,,Freedom Factory,freedom-factory,30,3,3,0,228540,114270,76180,0,0,100,0,33,0,0,33,0,0,33,
17837,,Obscure Tales,obscure-tales,30,1,1,1,228512,228512,228512,1,100,100,0,100,0,0,0,0,0,0,Spain
24633,,Wayne Jackson,wayne-jackson,30,2,2,0,228474,114237,114237,0,100,50,0,50,0,50,0,0,0,0,
28752,,Colin Wren,colin-wren,30,2,2,0,228474,114237,114237,0,100,50,0,50,0,50,0,0,0,0,
29640,,Jason Mallett,jason-mallett,30,2,2,0,228474,114237,114237,0,100,50,0,50,0,50,0,0,0,0,
25249,,Qute,qute,30,4,4,0,228403,54501,57101,0,0,100,0,0,0,0,0,0,0,0,
8653,,WINGED SAKURA GAMES,winged-sakura-games,30,4,4,0,228400,24486,57100,4,100,25,0,0,0,75,100,0,0,0,
5524472,,pekoge-sutagio,pekoge-sutagio,30,1,1,0,228377,228377,228377,0,0,0,100,0,0,0,100,0,0,0,
30349,,NEXT-SOFT+,next-soft,30,1,1,0,228330,228330,228330,0,0,0,0,0,0,100,100,0,0,0,
48073,,Hannes Breuer,hannes-breuer,30,1,1,1,228321,228321,228321,2,100,0,50,0,50,50,50,0,0,0,
1166314,,Stoked Sloth Interactive,stoked-sloth-interactive,30,1,1,0,228262,228262,228262,1,100,100,100,100,100,0,0,0,100,100,Germany
311,,Super Duper Garrett Cooper,super-duper-garrett-cooper,30,1,1,0,228206,228206,228206,0,100,100,0,0,0,0,100,0,0,0,
1713793,,Critical Rabbit,critical-rabbit,30,1,1,0,228067,228067,228067,0,100,0,0,100,0,0,0,0,0,0,
22861,,"Tozai Games, Inc.",tozai-games-inc,30,3,3,0,227820,66852,75940,2,0,100,33,33,0,0,0,0,0,0,
23694,,Irisfield,irisfield,30,2,2,0,227812,113906,113906,0,100,0,0,0,50,50,50,0,0,0,
21217,,Sacada,sacada,30,22,22,2,227783,2386,10354,24,100,0,100,0,0,100,0,0,0,0,
3427,,Corrosive Studios LLC,corrosive-studios-llc,30,5,5,0,227729,20542,45546,5,100,100,0,100,40,60,80,0,0,0,
31055,,Seacoxx,seacoxx,30,4,4,0,227694,62999,56924,0,0,25,0,75,0,0,0,0,0,0,
1819,,nukeygara,nukeygara,30,1,1,0,227474,0,227474,1,0,0,0,0,0,0,0,0,0,0,
28868,,Cublo,cublo,30,2,2,0,227435,113718,113718,0,0,0,0,0,0,100,0,0,0,0,Poland
36747,,ITEM42,item42,30,1,1,1,227372,227372,227372,1,100,100,0,0,0,0,0,0,0,0,
24967,,"Wisdom Tree, Inc.",wisdom-tree-inc,30,1,1,0,227368,227368,227368,0,0,100,0,0,0,0,0,0,0,0,
17045,,BrainGoodGames,braingoodgames,30,7,7,0,227298,19317,32471,7,14,0,0,0,0,100,0,0,0,0,
13574,,FarSight Studios,farsight-studios,30,7,7,0,227209,31259,32458,7,29,0,0,14,86,14,0,0,0,71,United States
2726186,,Tiny Flame Games,tiny-flame-games,30,1,1,0,227103,227103,227103,1,100,0,100,0,100,100,0,0,0,0,
504480,,Blankhans,blankhans,30,1,1,0,226875,226875,226875,1,100,100,100,100,0,0,100,100,0,0,Germany
53156,,Raidho Games,raidho-games,30,1,1,0,226749,226749,226749,1,100,0,100,0,100,0,0,0,0,0,
5153079,,Exalted Studio,exalted-studio,30,1,1,0,226704,226704,226704,0,100,100,100,100,0,0,0,0,0,0,
30076,,MokyuSoft,mokyusoft,30,1,1,0,226635,226635,226635,0,100,0,0,0,0,100,100,0,0,0,
10847,,Scumhead,scumhead,30,9,9,1,226566,23015,25174,10,70,80,0,60,0,0,20,0,0,0,
102876,,Xbgzs,xbgzs,30,2,2,0,226499,113250,113250,1,100,0,50,50,100,0,50,0,0,0,
186860,,HappyTall Game,happytall-game,30,1,1,0,226452,226452,226452,1,100,0,0,100,0,0,100,0,0,0,
750236,,Festive Vector,festive-vector,30,1,1,0,226353,226353,226353,0,100,100,0,100,100,0,0,0,0,0,
2999712,,ReLU Games,relu-games,30,2,2,2,226291,113146,113146,4,75,25,25,50,100,50,25,0,0,0,
25811,,][ Games Inc,games-inc,30,1,1,0,226277,226277,226277,0,100,100,0,0,0,0,0,0,100,0,
32576,,Rebel Games,rebel-games,30,1,1,0,226230,226230,226230,0,0,0,0,0,0,0,0,0,100,0,
24245,,Suzaku,suzaku,30,1,1,0,226208,226208,226208,0,100,0,0,100,0,0,100,0,0,0,
24285,,Graceful Decay,graceful-decay,30,1,1,0,226018,226018,226018,0,100,0,0,100,0,0,0,0,0,0,
16048,,Wildboy Studios,wildboy-studios,30,2,2,0,225988,112994,112994,0,100,50,0,50,0,50,50,0,0,0,New Zealand
4851,,Poking Water Games,poking-water-games,30,4,4,0,225978,42939,56495,4,50,0,0,0,75,75,75,0,0,0,
15931,,ACE Entertainment,ace-entertainment,30,2,2,1,225960,112980,112980,1,67,33,67,67,67,67,33,0,0,0,
6785,,One Man Left Studios,one-man-left-studios,30,3,3,1,225849,108444,75283,3,75,0,0,0,0,100,0,0,0,0,
50954,,NekoNeko Soft,nekoneko-soft,30,2,2,0,225819,112910,112910,0,50,0,50,100,0,0,50,0,0,0,
18787,,Flazm,flazm,30,3,3,1,225791,112896,75264,0,100,50,50,50,100,50,0,0,50,0,
2381,,Zaratustra Productions,zaratustra-productions,30,1,1,0,225752,225752,225752,1,100,0,0,0,0,0,0,0,0,0,
17379,,Transcendent Games,transcendent-games,30,1,1,0,225661,225661,225661,1,100,0,0,0,100,0,0,0,0,0,
989831,,Soul Assembly Ltd,soul-assembly-ltd,30,1,1,0,225613,225613,225613,1,0,100,0,100,0,0,0,0,0,0,
48734,,Bubby Darkstar,bubby-darkstar,30,1,1,0,225455,225455,225455,0,100,0,0,100,0,0,0,0,0,0,
7821,,Secret Cow Level,secret-cow-level,30,3,3,0,225323,112662,75108,1,67,67,33,67,0,33,0,33,0,0,
15895,,AmagSwag Games,amagswag-games,30,10,10,0,225245,0,22525,10,100,50,40,10,10,0,0,0,0,0,
139233,,Bubblebird Studio,bubblebird-studio,30,2,2,1,225245,112623,112623,2,100,67,67,33,0,33,33,0,33,0,Luxembourg
12098,,Monstrum,monstrum,30,3,3,2,225235,32724,75078,5,80,0,20,60,0,80,80,0,0,0,Australia
19381,,Han Zhiyu,han-zhiyu,30,3,3,1,225068,90095,75023,0,75,0,0,0,50,100,75,0,0,0,
32122,,Stranga,stranga,30,6,6,0,224964,33959,37494,0,100,17,50,83,0,17,0,0,0,0,
29872,,Andrey Omelchenko,andrey-omelchenko,30,1,1,0,224934,224934,224934,0,100,100,0,100,0,0,0,0,0,0,
32089,,Andrey Kashin,andrey-kashin,30,1,1,0,224934,224934,224934,0,100,100,0,100,0,0,0,0,0,0,
5173945,,YAMADA,yamada,30,2,2,0,224873,112437,112437,2,100,0,100,100,50,0,0,0,0,0,
12994,,dustinaux,dustinaux,30,3,3,0,224872,112436,74957,3,100,0,0,33,0,0,33,0,0,0,
5192,,Cortopia Studios,cortopia-studios,30,3,3,1,224696,33872,74899,2,25,50,25,50,0,25,0,0,0,0,Sweden
14954,,Unfinished Pixel,unfinished-pixel,30,6,6,1,224626,23323,37438,7,100,0,57,14,14,14,14,0,0,71,
37895,,White Vertex Studios,white-vertex-studios,30,1,1,0,224412,224412,224412,1,0,0,0,0,0,100,0,0,0,0,
40936,,PHOSEPO,phosepo,30,2,2,0,224393,112197,112197,2,100,0,50,50,0,50,50,0,0,0,
17687,,東方幕華祭制作组,-,30,1,1,0,224277,224277,224277,1,100,100,100,100,0,0,0,0,0,0,
18582,,Ian MacLarty,ian-maclarty,30,4,4,0,224274,24170,56069,0,75,50,50,25,0,0,0,0,0,0,
41619,,Lioncode Games,lioncode-games,30,2,2,1,224252,112126,112126,3,33,33,0,33,0,33,33,0,0,0,
31119,,Laughing Jackal LTD,laughing-jackal-ltd,30,3,3,0,224251,77472,74750,0,67,100,0,0,0,33,0,0,0,0,
29363,,Heaven Studios,heaven-studios,30,2,2,0,224089,112045,112045,0,50,0,100,50,100,0,50,0,0,0,
8563,,Puppetmaster3dx,puppetmaster3dx,30,10,10,0,224069,16292,22407,10,50,10,90,10,0,0,20,0,0,0,
22304,,Kasey Ozymy,kasey-ozymy,30,1,1,0,224037,224037,224037,1,100,0,0,0,0,0,100,0,0,0,
40045,,SaliaCoel,saliacoel,30,2,2,0,223907,111954,111954,2,0,0,0,0,100,0,0,0,0,0,
398732,,"Good-Feel Co., Ltd.",good-feel-co-ltd,30,2,2,0,223839,111920,111920,0,50,100,0,100,0,0,0,0,0,0,
1052635,,seel35games,seel35games,30,13,13,0,223473,0,17190,13,100,0,0,0,0,0,0,0,0,0,
28697,,Aaron Oldenburg,aaron-oldenburg,30,1,1,0,223441,223441,223441,0,100,0,0,0,0,0,0,0,0,0,
949,,Ogre Head Studio,ogre-head-studio,30,1,1,0,223401,223401,223401,1,100,100,0,0,0,0,0,0,0,0,India
187092,,Kane Carter,kane-carter,30,2,2,0,223391,111696,111696,0,0,0,50,0,0,0,50,0,0,0,United Kingdom
3894541,,Clever Trickster Studio,clever-trickster-studio,30,1,1,0,223365,223365,223365,0,100,0,100,0,100,100,0,0,0,0,Belgium
21599,,MLB.com,mlb-com,30,2,2,0,223330,0,111665,2,0,0,0,0,50,0,0,0,0,100,
23007,,Ammobox Studios,ammobox-studios,30,1,1,0,223184,223184,223184,1,0,100,0,0,0,100,0,0,0,0,
21679,,Spellbook Creations,spellbook-creations,30,1,1,0,223153,223153,223153,0,0,0,0,0,0,0,100,0,0,0,
2570010,,chx games,chx-games,30,1,1,0,223041,223041,223041,0,100,0,100,100,0,100,0,0,0,0,
1395224,,Proton Studio,proton-studio,30,1,1,0,223038,223038,223038,1,100,100,100,0,0,0,100,0,0,0,
4064654,,Powersnake,powersnake,30,1,1,0,222941,222941,222941,0,100,100,0,100,0,0,0,0,0,0,Sweden
30555,,Octane Games,octane-games,30,1,1,0,222887,222887,222887,0,100,100,0,0,0,0,0,0,0,0,
4623,,Helvetica Scenario,helvetica-scenario,30,1,1,1,222819,222819,222819,2,100,100,0,50,0,0,0,0,0,0,
35128,,KuKo,kuko,30,35,35,0,222602,2446,6360,35,14,11,43,40,3,0,0,0,0,0,
44173,,capture1,capture1,30,1,1,0,222474,222474,222474,0,0,0,0,0,0,0,100,0,0,0,
4607994,,WildArts Games,wildarts-games,30,2,2,3,222395,111198,111198,4,80,20,20,100,0,20,40,0,0,0,
30747,,T.F. Wright,t-f-wright,30,2,2,0,222262,111131,111131,1,100,0,50,50,0,0,50,0,0,0,
5951,,Home Net Games,home-net-games,30,11,11,0,222229,34833,20203,11,73,82,9,18,45,45,9,0,0,0,Poland
1634503,,EY-Studio,ey-studio,30,3,3,0,222160,82316,74053,3,100,100,33,67,67,0,33,0,0,0,
46910,,Dirty Fox Games,dirty-fox-games,30,15,15,10,222159,4998,14811,25,88,16,100,72,24,0,12,0,0,0,
39291,,Element Studio,element-studio,30,1,1,0,221922,221922,221922,1,100,100,100,100,100,100,100,0,0,0,
7325044,,A2D Software,a2d-software,30,1,1,0,221870,221870,221870,1,0,0,0,0,100,0,0,0,0,0,
3444751,,CTM,ctm,30,1,1,0,221827,221827,221827,1,100,0,100,0,100,0,0,0,0,0,
45389,,Tsuyomi,tsuyomi,30,2,2,1,221650,110825,110825,0,100,100,0,67,0,0,0,0,0,0,
24974,,Red Winter Software,red-winter-software,30,1,1,0,221446,221446,221446,0,100,100,0,0,0,0,100,0,0,0,
398714,,Space Colony Studios,space-colony-studios,30,1,1,0,221428,221428,221428,0,100,0,0,100,0,0,100,0,0,0,United Kingdom
11430,,Viking VR Studio,viking-vr-studio,30,2,2,0,221377,110689,110689,2,50,50,0,0,0,0,0,0,0,0,
1724,,Siactro,siactro,30,6,6,1,221063,26641,36844,7,43,100,14,14,0,0,0,0,0,0,
6364,,Apus Software,apus-software,30,4,4,0,221053,7390,55263,3,100,0,0,25,0,100,0,0,0,0,
19519,,Labory,labory,30,7,7,0,221039,14253,31577,0,100,0,14,43,0,0,0,0,0,0,
6387468,,Galactic Annihilation,galactic-annihilation,30,1,1,0,220977,220977,220977,1,0,0,0,0,0,100,0,0,0,0,
21142,,Storm Sharks,storm-sharks,30,1,1,0,220829,220829,220829,1,100,100,0,100,0,0,100,0,0,0,
12451,,DarkStar Games,darkstar-games,30,1,1,1,220460,220460,220460,1,100,100,0,100,0,50,0,0,0,0,
33665,,Christoph Schultz,christoph-schultz,30,1,1,1,220353,220353,220353,1,100,0,0,100,0,0,0,0,0,0,Germany
33007,,Combo Breaker,combo-breaker,30,2,2,0,220326,0,110163,0,100,100,0,0,0,0,0,0,0,100,
4385320,,Holmgard Games,holmgard-games,30,1,1,0,220325,220325,220325,1,100,100,0,0,100,0,100,100,0,0,United States
42977,,straka.studio,straka-studio,30,1,1,0,220297,220297,220297,1,100,100,0,100,0,100,100,0,0,0,Slovakia
29552,,Trilobyte Games,trilobyte-games,30,3,3,0,220264,56600,73421,0,0,0,0,100,0,0,0,0,0,0,
24975,,Cordelia Games,cordelia-games,30,4,4,0,220101,46289,55025,0,0,0,100,100,0,0,0,0,0,0,Serbia
23552,,Chaos Concept,chaos-concept,30,3,3,0,219990,60504,73330,2,33,0,0,0,0,100,67,0,0,0,Czech Republic
343,,InvertMouse,invertmouse,30,10,10,0,219874,21412,21987,10,100,20,0,30,0,0,0,0,0,0,
8607,,September Games,september-games,30,2,2,1,219699,109850,109850,3,33,67,33,0,100,0,0,0,33,67,
14236,,Deathbulge,deathbulge,30,1,1,0,219559,219559,219559,1,100,0,0,0,0,0,100,0,0,0,
36332,,Iván Marcelo Pretti,iv-n-marcelo-pretti,30,1,1,0,219559,219559,219559,1,100,0,0,0,100,0,0,0,0,0,
1950248,,Five Houses LLC,five-houses-llc,30,1,1,0,219559,219559,219559,1,100,0,0,0,0,0,100,0,0,0,
54481,,Silent Fox,silent-fox,30,1,1,2,219499,219499,219499,0,0,0,100,0,33,0,100,0,0,0,
32032,,Blastoid Entertainment,blastoid-entertainment,30,1,1,0,219483,219483,219483,0,100,0,100,0,0,0,0,0,0,0,
6072585,,Witte Studio,witte-studio,30,6,6,2,219377,5098,36563,8,100,88,63,88,25,25,13,0,0,0,
39139,,神经刀游戏工作室,-,30,1,1,0,219264,219264,219264,0,100,100,0,100,0,0,100,0,0,0,
4220165,,SHIGATAKE GAMES,shigatake-games,30,1,1,0,219227,219227,219227,1,100,100,0,0,0,0,0,0,0,0,
33725,,Maple Powered Games,maple-powered-games,30,2,2,0,218972,109486,109486,0,100,100,0,100,0,0,50,0,0,0,
25576,,Sigur Studio,sigur-studio,30,2,2,2,218959,109480,109480,1,100,25,25,75,50,0,25,0,0,0,
31106,,MEGAFUZZ,megafuzz,30,1,1,0,218921,218921,218921,0,100,0,100,100,0,0,0,0,0,0,Denmark
18966,,Bread Machine Games,bread-machine-games,30,2,2,0,218821,109411,109411,2,100,100,50,50,0,0,50,0,0,50,
5494938,,indie.io,indie-io,30,1,1,0,218790,218790,218790,1,100,0,0,0,100,0,100,0,0,0,United States
6420,,E McNeill,e-mcneill,30,7,7,0,218711,10787,31244,6,71,29,14,0,0,71,0,0,0,0,
4337,,Windmill Games,windmill-games,30,1,1,0,218708,218708,218708,1,100,100,100,0,0,100,0,0,0,0,
720746,,Tributary Games,tributary-games,30,1,1,0,218642,218642,218642,0,100,0,100,0,0,100,0,0,0,0,United Kingdom
10297,,Vitamin Games,vitamin-games,30,1,1,0,218575,218575,218575,0,100,100,0,100,0,100,0,0,0,0,United States
5420,,Kuno Interactive,kuno-interactive,30,1,1,0,218510,218510,218510,1,100,0,0,0,0,100,0,0,0,0,South Korea
28844,,Creepy Cute,creepy-cute,30,1,1,0,218482,218482,218482,0,100,0,0,0,0,0,0,0,0,0,
15929,,Slick Entertainment Inc.,slick-entertainment-inc,30,1,1,0,218400,218400,218400,1,100,100,0,100,0,0,0,0,0,0,
9140836,,Acmore Games,acmore-games,30,1,1,0,218141,218141,218141,1,0,100,0,0,0,0,0,0,0,0,
23468,,"Truant Pixel, LLC",truant-pixel-llc,30,5,5,1,218134,25024,43627,5,100,83,33,33,50,0,0,0,17,50,
1592,,Defrost Games,defrost-games,30,1,1,0,218126,218126,218126,1,100,100,0,100,0,0,0,0,0,0,Sweden
30352,,Lesta Studio,lesta-studio,30,5,5,0,218044,36501,43609,0,0,0,0,0,40,100,0,0,0,0,Russia
27373,,Bane Games,bane-games,30,1,1,0,217976,217976,217976,0,100,100,0,0,0,100,0,0,0,0,Australia
23424,,"Fantasy Flight Publishing, Inc.",fantasy-flight-publishing-inc,30,1,1,0,217966,217966,217966,1,100,0,100,0,0,100,0,0,0,0,
41754,,urbgames,urbgames,30,1,1,1,217866,217866,217866,2,0,100,0,100,50,100,0,0,0,0,
25019,,Tessera Studios,tessera-studios,30,3,3,0,217837,52559,72612,0,33,100,0,100,0,0,0,0,0,0,
3306097,,Toast Interactive,toast-interactive,30,3,3,0,217752,24190,72584,3,100,33,67,33,67,0,0,0,0,0,Australia
17770,,Daniel Davies,daniel-davies,30,1,1,0,217597,217597,217597,1,100,0,100,100,100,0,0,0,0,0,
29970,,ImCyan,imcyan,30,7,7,1,217575,5151,31082,0,100,50,13,100,0,0,0,0,0,0,
2315,,MythicOwl,mythicowl,30,6,6,1,217437,14799,36240,6,100,29,43,29,14,29,0,0,0,0,
26139,,Accidental Queens,accidental-queens,30,3,3,0,217363,56434,72454,0,100,0,67,0,0,0,0,0,0,0,France
30185,,StarQuail Games,starquail-games,30,1,1,0,217187,217187,217187,0,0,100,0,100,0,0,0,0,0,0,
29648,,Sir-Tech,sir-tech,30,3,3,0,217005,50828,72335,0,0,33,0,67,0,33,100,0,0,0,
13762,,GabberGames.com,gabbergames-com,30,1,1,0,216941,216941,216941,1,100,0,0,0,0,100,0,0,0,0,
45388,,NamaTakahashi,namatakahashi,30,2,2,1,216939,108470,108470,2,100,100,0,67,0,0,0,0,0,0,
4873,,United Independent Entertainment GmbH	,united-independent-entertainment-gmbh,30,2,2,0,216917,108459,108459,1,50,0,0,50,50,0,50,0,0,0,Germany
724048,,Olive Panda Studio,olive-panda-studio,30,1,1,0,216559,216559,216559,0,100,0,0,100,0,0,100,0,0,0,
59814,,Mova Games,mova-games,30,1,1,0,216458,216458,216458,0,100,0,0,0,100,0,0,0,0,0,
50615,,Super Alex,super-alex,30,2,2,0,216457,108229,108229,2,100,0,0,100,0,0,0,0,0,0,
119226,,Superstatic,superstatic,30,2,2,0,216454,108227,108227,1,100,100,0,50,0,0,50,0,0,0,
33944,,Doubles Core,doubles-core,30,3,3,1,216276,60648,72092,0,25,0,0,75,0,0,100,0,0,0,
5520822,,Beauties! They're All After Me,beauties-they-re-all-after-me,30,1,1,0,216163,216163,216163,1,100,100,100,100,100,100,100,0,0,0,
26937,,Frontier Works,frontier-works,30,5,5,0,216116,34775,43223,0,0,20,20,80,60,0,80,0,0,0,Japan
53865,,NEKOTOKAGE GAMES,nekotokage-games,30,3,3,0,216052,54222,72017,3,67,0,0,0,33,67,100,0,0,0,
2029232,,Yasaniki,yasaniki,30,2,2,0,215781,107891,107891,0,100,0,0,0,100,0,0,0,0,0,
36532,,Outerloop Games,outerloop-games,30,2,2,1,215637,107819,107819,2,67,100,33,100,33,0,67,0,0,0,United States
16140,,Immersed Games,immersed-games,30,2,2,0,215551,205713,107776,2,100,0,100,0,50,50,50,50,0,0,
32366,,Sanzaru Games Inc.,sanzaru-games-inc,30,1,1,0,215311,215311,215311,0,0,100,0,0,0,0,0,0,100,0,
14945,,Dimmdrive Inc.,dimmdrive-inc,30,1,1,0,215291,215291,215291,1,0,0,0,0,0,0,0,0,0,0,
26529,,Nifty Visuals,nifty-visuals,30,3,3,0,215199,107600,71733,0,33,0,33,0,100,67,67,0,0,0,
20217,,Hellscape Games,hellscape-games,30,1,1,0,215057,215057,215057,1,100,0,100,0,0,0,0,0,0,0,
4990,,Awoker Games,awoker-games,30,3,3,0,215049,15071,71683,3,67,100,0,0,0,0,33,0,0,0,
10700,,Gadget Games,gadget-games,30,1,1,0,215044,215044,215044,0,0,100,0,0,0,0,0,0,0,0,
11081,,Pixel Cattle Games,pixel-cattle-games,30,3,3,0,214805,67666,71602,3,100,0,0,0,0,100,0,0,0,0,
26515,,三脚猫,-,30,1,1,0,214774,214774,214774,0,100,0,100,0,0,0,0,0,0,0,
13068,,Elseware Experience,elseware-experience,30,2,2,1,214550,214550,107275,2,0,67,0,67,0,0,33,0,0,0,France
30627,,Mael Vignaux,mael-vignaux,30,1,1,0,214550,214550,214550,0,0,100,0,100,0,0,100,0,0,0,
37258,,Benoit Dereau,benoit-dereau,30,1,1,1,214550,214550,214550,0,0,50,0,50,0,0,50,0,0,0,
22694,,"COLOPL, Inc.",colopl-inc,30,8,8,1,214310,52792,26789,9,0,78,56,0,0,11,11,22,0,11,Japan
25500,,Exceed,exceed,30,1,1,0,214239,214239,214239,0,100,100,0,0,0,0,0,0,0,0,
43656,,Aurora Punks,aurora-punks,30,1,1,2,214239,214239,214239,2,67,100,0,33,0,0,33,0,0,0,
15850,,东方祈华梦制作组,-,30,2,2,0,214156,107078,107078,2,100,50,0,0,0,0,0,0,0,0,
49305,,Holy Cap,holy-cap,30,1,1,0,214147,214147,214147,1,100,0,0,100,0,0,0,0,0,0,
47091,,Manka Games,manka-games,30,1,1,1,214140,214140,214140,2,0,0,0,100,0,0,0,0,0,0,
9146,,One Up Plus Entertainment,one-up-plus-entertainment,30,3,3,0,214133,13720,71378,3,100,0,0,0,0,67,0,0,0,0,Australia
290676,,株式会社デスクワークス,-,30,1,1,0,214026,214026,214026,0,0,100,0,100,0,0,100,0,0,0,
25277,,SF team,sf-team,30,1,1,0,213957,0,213957,0,100,100,0,0,100,0,100,100,0,0,
27279,,Panzar Studio,panzar-studio,30,2,2,0,213910,0,106955,0,50,100,0,50,0,0,50,100,0,0,
32742,,Kerry Batts,kerry-batts,30,9,9,0,213863,31161,23763,0,100,0,0,0,100,100,0,0,0,100,
13341,,team BitClub ,team-bitclub,30,2,2,0,213755,212275,106878,1,100,50,0,50,0,0,0,0,0,0,
3589265,,James Dornan,james-dornan,30,1,1,0,213633,213633,213633,1,100,100,0,0,0,0,0,0,0,0,
34564,,Dalaran Game Studio,dalaran-game-studio,30,1,1,0,213485,213485,213485,0,100,0,100,100,0,100,100,0,0,0,
25361,,FK Digital,fk-digital,30,4,4,0,213158,9534,53290,0,25,100,50,25,0,0,25,0,0,0,Taiwan
10806,,IndieMax,indiemax,30,1,1,0,213132,213132,213132,1,100,100,0,100,100,0,0,0,100,0,
37678,,Talpa Games,talpa-games,30,2,2,1,213127,106564,106564,1,100,33,100,67,33,0,0,0,0,0,
48922,,Invictus Games,invictus-games,30,1,1,1,213091,213091,213091,0,0,100,0,50,0,0,0,0,100,0,
6548654,,Emberforge,emberforge,30,1,1,1,213085,213085,213085,2,50,100,50,50,50,0,0,0,0,0,
18378,,General Interactive Co.,general-interactive-co,30,3,3,1,213069,106535,71023,2,50,0,0,50,75,50,0,0,0,0,
28838,,Red Herring Labs,red-herring-labs,30,2,2,0,212982,106491,106491,1,100,50,50,50,0,0,0,0,0,50,
10090,,Gamers4Gamers Team,gamers4gamers-team,30,1,1,0,212898,212898,212898,1,100,100,0,100,100,0,100,0,0,0,
22231,,Almighty Games,almighty-games,30,5,5,3,212834,10145,42567,8,75,38,63,25,13,38,25,0,0,0,
187217,,Eleven Puzzles,eleven-puzzles,30,2,2,1,212779,212779,106390,3,100,0,100,100,0,0,0,0,0,0,Poland
41117,,Pro Wrestling Sim,pro-wrestling-sim,30,1,1,0,212729,212729,212729,1,0,0,0,0,100,100,0,0,0,100,
47439,,Colorgrave,colorgrave,30,3,3,2,212632,86012,70877,5,0,40,40,80,0,0,40,0,0,0,United States
29880,,Matrix Games,matrix-games,30,2,2,0,212579,212244,106290,0,50,0,0,50,100,100,50,0,0,0,United States
18904,,utStudio,utstudio,30,3,3,0,212513,1637,70838,3,100,0,33,0,67,0,33,0,33,0,
16650,,Backwoods Entertainment,backwoods-entertainment,30,1,1,2,212495,212495,212495,1,100,0,0,100,0,0,0,0,0,0,Germany
22158,,Fireart Games,fireart-games,30,2,2,0,212463,106232,106232,0,100,50,50,100,0,0,0,0,0,0,
32610,,Deep Shadows,deep-shadows,30,3,3,0,212461,41138,70820,0,0,100,0,33,0,0,33,0,33,0,Ukraine
3445015,,"QueseraGames Co., Ltd.",queseragames-co-ltd,30,2,2,1,212392,212392,106196,3,100,100,100,67,67,0,33,0,33,67,
24684,,Liquid Flower,liquid-flower,30,1,1,0,212310,212310,212310,0,100,0,100,100,0,0,0,0,0,0,
14235,,TIKIPOD,tikipod,30,4,4,0,212186,18559,53047,4,100,100,0,25,0,0,25,0,0,0,United Kingdom
8393,,Galdra Studios,galdra-studios,30,1,1,1,212062,212062,212062,2,100,0,100,100,100,0,100,0,0,0,Denmark
39707,,SURT,surt,30,2,2,0,212024,106012,106012,0,100,50,50,50,0,50,0,0,0,0,Norway
26086,,Suricate Software,suricate-software,30,26,26,1,212000,6511,8154,0,96,4,100,0,4,4,0,0,0,0,
1213,,White Door Games,white-door-games,30,2,2,0,211986,105993,105993,2,100,50,0,100,0,0,0,0,0,0,
11092,,馆叔,-,30,3,3,0,211975,105988,70658,3,100,33,100,33,67,0,33,0,33,33,
28742,,Hanabira,hanabira,30,3,3,0,211945,77142,70648,0,100,0,33,33,33,0,0,0,0,0,
1014,,Lucas Molina,lucas-molina,30,4,4,1,211789,10438,52947,5,80,0,40,20,40,60,60,0,0,0,
45447,,Monkey Craft,monkey-craft,30,2,2,0,211781,105891,105891,0,0,50,0,0,50,0,50,0,0,0,
18091,,Francois Roussel,francois-roussel,30,1,1,0,211653,211653,211653,1,100,0,100,100,0,0,0,0,0,0,
38847,,Sleepy Sentry,sleepy-sentry,30,1,1,1,211439,211439,211439,0,100,50,50,50,0,50,50,0,0,0,
25993,,Vethergen,vethergen,30,1,1,0,211429,211429,211429,0,100,0,100,100,0,0,100,0,0,0,
50338,,UPLAY Basketball,uplay-basketball,30,3,3,0,211175,105588,70392,0,67,0,0,0,100,100,0,33,0,100,
830190,,B-flat,b-flat,30,1,1,0,210966,210966,210966,0,0,100,0,100,0,0,100,0,0,0,
23666,,AZARASHI SOFTWARE,azarashi-software,30,5,5,0,210962,26205,42192,0,0,0,100,80,0,0,0,0,0,0,Japan
24309,,C3SK,c3sk,30,1,1,0,210870,0,210870,0,100,100,0,0,0,0,0,0,0,0,
38605,,Zerone Games,zerone-games,30,2,2,0,210777,210777,105389,2,50,0,0,50,50,50,50,0,0,0,
38606,,Dawson Dewulf,dawson-dewulf,30,1,1,0,210777,210777,210777,0,100,0,0,0,100,0,0,0,0,0,
2157,,Worthless Bums,worthless-bums,30,2,2,0,210755,105378,105378,1,100,0,0,0,0,100,100,0,0,0,
5043,,Molegato,molegato,30,4,4,0,210753,16938,52688,2,100,75,0,50,0,25,25,0,25,0,Spain
1165891,,Piccolo,piccolo,30,1,1,0,210742,210742,210742,0,0,0,0,100,0,0,0,0,0,0,
31354,,Joindots,joindots,30,1,1,0,210714,210714,210714,0,0,0,0,0,100,0,0,0,0,0,
47715,,SmoothBrainDev,smoothbraindev,30,1,1,0,210653,210653,210653,0,100,100,0,0,0,0,0,0,0,0,
1634779,,CleverRaven,cleverraven,30,1,1,0,210479,210479,210479,0,0,0,0,100,0,0,100,0,0,0,
13516,,Atomic Jelly,atomic-jelly,30,5,5,4,210414,44387,42083,7,100,67,56,22,78,0,0,0,22,11,Poland
24799,,Blue Omega Entertainment,blue-omega-entertainment,30,1,1,0,210341,0,210341,0,0,100,0,100,0,0,0,0,0,0,
3956,,Andymente,andymente,30,5,5,0,210163,31335,42033,5,100,40,40,20,80,0,0,0,0,0,
1699997,,Noctiluca Studio,noctiluca-studio,30,1,1,0,210152,210152,210152,1,100,100,0,0,0,0,0,0,0,0,
20507,,Sushi_soft,sushi-soft,30,4,4,0,209942,13941,52486,4,100,0,100,100,25,0,0,0,0,0,Japan
25903,,Wet Girl,wet-girl,30,2,2,0,209841,104921,104921,0,50,0,100,50,0,0,100,0,0,0,
6918,,Farjay.com,farjay-com,30,1,1,0,209788,209788,209788,1,100,100,0,100,100,0,0,0,0,0,
5372,,Pierre Brengues,pierre-brengues,30,1,1,0,209779,209779,209779,1,100,100,0,0,0,0,0,0,0,0,
26272,,jumpsuit entertainment UG (haftungsbeschränkt),jumpsuit-entertainment-ug-haftungsbeschr-nkt,30,1,1,0,209667,209667,209667,0,100,0,0,0,0,0,0,0,0,0,
11120,,YellowAfterlife,yellowafterlife,30,4,4,0,209622,98510,52406,1,100,100,25,50,0,0,0,0,0,0,
41859,,Igloosoft,igloosoft,30,1,1,0,209553,209553,209553,0,100,100,0,100,100,0,0,0,0,0,
27658,,melessthanthree,melessthanthree,30,2,2,0,209392,104696,104696,0,100,100,0,0,0,0,100,0,0,0,
32695,,IndeePop,indeepop,30,1,1,0,209201,209201,209201,0,100,0,100,0,0,0,0,0,0,0,
25957,,Code:jp,code-jp,30,2,2,0,209145,104573,104573,0,100,50,100,0,0,0,0,0,0,0,
38330,,Bryce Bucher,bryce-bucher,30,3,3,1,209018,81059,69673,3,50,50,50,75,0,0,0,0,0,0,
14738,,Red Beat,red-beat,30,1,1,0,208961,208961,208961,1,100,0,0,0,100,100,0,0,0,0,
29015,,Salamandra88,salamandra88,30,7,7,0,208870,25347,29839,0,100,0,100,57,0,0,0,0,0,0,
940509,,Glowlight,glowlight,30,1,1,0,208698,208698,208698,0,100,0,100,100,100,0,0,0,0,0,
32590,,Red Obsidian Studio,red-obsidian-studio,30,1,1,0,208690,208690,208690,0,100,100,0,100,0,0,100,0,0,0,
7619286,,ARVORE,arvore,30,5,5,0,208515,28557,41703,0,80,80,40,100,20,40,0,0,0,0,
47613,,Frompy Games,frompy-games,30,1,1,2,208446,208446,208446,0,67,100,67,0,33,67,33,0,0,0,
56096,,Resting Relic,resting-relic,30,1,1,1,208417,208417,208417,2,100,100,0,100,0,0,0,0,0,0,
3664396,,YSH BigDove,ysh-bigdove,30,1,1,0,208320,208320,208320,0,100,0,0,0,100,100,0,0,0,0,
9420,,Krystian Majewski,krystian-majewski,30,1,1,0,208306,208306,208306,1,100,0,100,100,0,0,0,0,0,0,
16120,,ansdor,ansdor,30,1,1,0,208212,208212,208212,1,100,0,100,0,0,0,0,0,100,0,
1941,,Three Donkeys LLC,three-donkeys-llc,30,1,1,0,208186,208186,208186,1,100,0,0,0,0,100,0,0,0,0,
19697,,Second Wind Interactive,second-wind-interactive,30,1,1,0,208011,208011,208011,1,100,100,0,0,100,0,0,0,0,0,
1280128,,Preferred Networks,preferred-networks,30,1,1,0,207956,207956,207956,1,100,100,0,100,100,0,100,0,0,0,
48067,,Metall Adler Studio,metall-adler-studio,30,1,1,0,207912,207912,207912,0,100,0,0,0,0,100,0,0,0,0,
5153331,,Aniki Games,aniki-games,30,1,1,0,207865,207865,207865,0,0,0,0,0,100,100,0,0,0,0,
5288,,Dead Drop Studios LLC,dead-drop-studios-llc,30,11,11,1,207681,11615,18880,12,92,92,17,100,0,8,83,0,0,0,
25234,,CyberDream,cyberdream,30,1,1,0,207551,207551,207551,0,100,100,0,100,100,0,0,100,0,0,
6609,,Rat Tower,rat-tower,30,1,1,0,207511,207511,207511,1,100,100,0,100,0,0,100,0,0,0,
4864181,,EnjoyPlay Ltd,enjoyplay-ltd,30,1,1,0,207504,207504,207504,0,100,100,0,0,0,0,100,0,0,0,
3878749,,Kvltgames,kvltgames,30,1,1,0,207425,207425,207425,0,100,100,0,0,0,0,0,0,0,0,
48309,,Wayout Pictures,wayout-pictures,30,1,1,0,207412,207412,207412,0,100,100,0,100,0,0,0,0,0,0,
48310,,Posterity Entertainment,posterity-entertainment,30,1,1,0,207412,207412,207412,0,100,100,0,100,0,0,0,0,0,0,
719871,,SeptCloud Games,septcloud-games,30,2,2,1,207286,103643,103643,3,67,0,0,0,100,0,0,0,0,0,
24345,,Jake Hollands,jake-hollands,30,1,1,0,207240,207240,207240,0,100,0,100,100,0,0,0,0,0,0,
28909,,propeller,propeller,30,2,2,0,206741,103371,103371,0,0,50,50,50,0,0,0,0,0,0,
270981,,MadSushi Games,madsushi-games,30,1,1,0,206535,206535,206535,1,100,0,100,0,100,0,0,0,0,0,
24808,,Asgar Knights,asgar-knights,30,2,2,0,206403,103202,103202,0,100,0,0,50,0,0,100,0,0,0,
18194,,pheenix93,pheenix93,30,3,3,0,206392,44552,68797,3,100,0,0,100,0,0,0,0,0,0,
153,,Sadetta,sadetta,30,1,1,0,206357,206357,206357,1,100,0,0,0,100,0,0,0,0,100,Finland
36176,,Kyle Banks,kyle-banks,30,1,1,0,206339,206339,206339,0,100,0,100,100,0,0,0,0,0,0,
5492546,,LaoO Studio,laoo-studio,30,1,1,0,206292,206292,206292,1,100,0,100,0,100,0,100,0,0,0,
186804,,Apricot Heart,apricot-heart,30,2,2,0,206233,103117,103117,0,100,100,0,100,0,0,0,0,0,0,
7667,,Brightside Games,brightside-games,30,2,2,0,206179,52623,103090,1,100,100,0,0,0,0,0,0,0,0,Germany
24339,,Elite Games Team,elite-games-team,30,1,1,0,206065,206065,206065,0,0,0,0,0,0,100,100,0,0,0,
16584,,SideFX,sidefx,30,1,1,0,206064,206064,206064,1,0,0,0,0,0,0,0,0,0,0,
104062,,Bitwave Games,bitwave-games,30,19,19,0,206025,5739,10843,1,11,100,0,11,0,0,0,0,0,0,Sweden
19933,,Vifth Floor,vifth-floor,30,3,3,0,205897,6782,68632,0,67,33,67,33,33,33,0,0,0,0,
1151,,Mihai Morosanu,mihai-morosanu,30,14,14,2,205894,3052,14707,14,94,69,56,31,6,13,0,0,0,6,
12404,,Dapper Dog Digital,dapper-dog-digital,30,2,2,1,205868,205868,102934,1,100,100,33,67,0,33,0,0,0,0,
46463,,Northend Games,northend-games,30,1,1,2,205861,205861,205861,3,67,100,0,0,33,67,0,0,0,0,Iraq
28626,,RMAL,rmal,30,2,2,0,205818,102909,102909,2,100,50,50,50,0,0,0,0,0,0,
1053445,,Helder Pinto,helder-pinto,30,1,1,0,205690,205690,205690,0,100,100,0,100,0,0,0,0,0,0,
3663159,,Novadust Entertainment,novadust-entertainment,30,1,1,0,205690,205690,205690,0,100,100,0,100,0,0,0,0,0,0,
7329897,,Chozabu (Alex PB),chozabu-alex-pb,30,1,1,0,205690,205690,205690,0,100,100,0,100,0,0,0,0,0,0,
9286,,Ionized Games,ionized-games,30,3,3,1,205689,10945,68563,4,100,75,0,100,50,0,0,0,0,0,
36806,,MorganaVR,morganavr,30,1,1,0,205685,205685,205685,1,100,0,0,0,100,0,0,0,0,0,
2725869,,Stratagem Blue,stratagem-blue,30,1,1,0,205682,205682,205682,1,0,0,0,0,0,100,0,0,0,0,
37241,,Male Union ♂,male-union,30,2,2,0,205533,102767,102767,0,100,100,50,100,100,100,100,50,0,100,
10997,,Lached Up Games,lached-up-games,30,4,4,0,205510,30668,51378,4,25,0,0,50,50,0,50,0,0,0,
8179,,Guru Games,guru-games,30,4,4,0,205389,15050,51347,3,100,75,0,50,0,0,0,0,0,0,Sweden
6756,,vidiludi games and entertainment,vidiludi-games-and-entertainment,30,2,2,0,205082,5931,102541,2,100,100,50,100,50,50,50,50,0,0,
3759,,Micro Factory Games,micro-factory-games,30,2,2,0,205071,102536,102536,2,50,0,100,0,0,0,0,0,50,0,
38619,,Spiral Bound Interactive LLC,spiral-bound-interactive-llc,30,1,1,0,204993,204993,204993,1,100,100,0,100,0,0,100,0,0,0,
33609,,"BumbleBear Games, LLC",bumblebear-games-llc,30,2,2,0,204954,0,102477,1,50,100,50,50,0,50,0,0,0,50,
6622,,Soul Playing Games,soul-playing-games,30,1,1,0,204800,204800,204800,1,100,0,0,0,100,100,0,100,0,0,
24670,,Omnem,omnem,30,1,1,0,204800,204800,204800,0,100,0,0,0,100,100,0,100,0,0,
27586,,Ohm,ohm,30,1,1,0,204800,204800,204800,0,100,0,0,0,100,100,0,100,0,0,
32422,,CyberSports,cybersports,30,1,1,0,204800,204800,204800,0,100,0,0,0,100,100,0,100,0,0,
44432,,Rocket Boy Games,rocket-boy-games,30,4,4,0,204747,53041,51187,4,100,25,50,75,0,25,0,0,0,0,
51057,,YO FUJII,yo-fujii,30,1,1,0,204700,204700,204700,0,100,0,0,100,0,0,0,0,0,0,
17864,,Ninja Robot Dinosaur,ninja-robot-dinosaur,30,1,1,1,204661,204661,204661,2,100,100,0,50,0,0,50,0,0,0,
9151,,Hammer&amp;Ravens,hammer-amp-ravens,30,4,4,0,204524,29144,51131,0,100,50,50,0,50,50,25,0,0,0,
21490,,Anarchy Enterprises,anarchy-enterprises,30,13,13,0,204524,5446,15733,11,92,38,77,46,23,38,0,0,0,0,
28950,,SoftLab-NSK,softlab-nsk,30,1,1,0,204392,204392,204392,0,0,0,0,0,100,0,0,0,0,0,Russia
2431864,,Blood Eater Games,blood-eater-games,30,2,2,0,204288,102144,102144,0,100,100,0,100,50,50,50,0,0,0,
25231,,Frank Lucas,frank-lucas,30,1,1,0,204232,0,204232,0,100,100,100,0,0,0,100,100,0,0,
291385,,CODELIFE Studio,codelife-studio,30,1,1,0,204216,204216,204216,1,100,100,0,100,0,0,100,0,0,0,
31675,,Infinigon,infinigon,30,1,1,0,204166,204166,204166,0,100,0,0,100,0,0,100,0,0,0,Spain
5901150,,banjihagames,banjihagames,30,1,1,0,204147,204147,204147,1,100,0,100,100,100,0,0,0,0,0,
3770,,Wonderbelly Games,wonderbelly-games,30,1,1,0,204091,204091,204091,1,100,0,100,0,0,100,100,0,0,0,
291778,,Mountain 81,mountain-81,30,1,1,0,203995,203995,203995,1,0,100,0,0,100,0,0,0,0,0,United States
191862,,GODNASK,godnask,30,3,3,0,203658,2341,67886,2,67,0,0,67,33,0,33,0,0,0,
3894342,,EXODIAC STUDIOS,exodiac-studios,30,1,1,0,203314,203314,203314,1,100,0,0,100,100,0,0,0,0,0,Turkey
15174,,Major Games,major-games,30,1,1,0,203273,203273,203273,1,100,100,0,100,0,0,0,0,0,0,
10015,,Mad Fellows,mad-fellows,30,2,2,0,203204,101602,101602,2,100,100,0,0,0,0,0,0,0,0,United Kingdom
54560,,Peaty Turf,peaty-turf,30,1,1,0,203174,203174,203174,1,0,100,0,0,100,0,0,0,0,0,
51755,,Creature Cauldron,creature-cauldron,30,1,1,2,203130,203130,203130,3,33,100,0,33,0,0,33,0,0,0,
34469,,PreoNus Games,preonus-games,30,5,5,0,203127,41576,40625,0,100,0,100,0,100,0,0,0,0,100,
24717,,Greg Wohlwend,greg-wohlwend,30,2,2,0,203093,101547,101547,0,100,50,50,50,0,0,0,0,0,0,
3894495,,aliasBLACK,aliasblack,30,1,1,0,203031,203031,203031,1,100,100,0,0,0,100,0,0,0,0,Singapore
11283,,teedoubleuGAMES,teedoubleugames,30,2,2,0,202962,101481,101481,2,50,50,0,50,0,0,100,0,0,0,
10803,,Cyber Rhino Studios,cyber-rhino-studios,30,3,3,0,202938,5697,67646,2,67,100,0,0,0,0,0,0,0,0,
78021,,Barnes,barnes,30,1,1,0,202917,202917,202917,1,0,0,100,100,0,0,100,0,0,0,
24872,,Midnight Pleasure,midnight-pleasure,30,1,1,0,202803,202803,202803,0,0,0,0,0,100,100,0,0,0,0,
27807,,Ladomu,ladomu,30,2,2,0,202652,101326,101326,0,100,0,100,100,0,0,100,0,0,0,
2816,,Huckleberry Games S.A.,huckleberry-games-s-a,30,1,1,0,202493,0,202493,1,0,0,0,0,0,0,100,100,0,0,
29671,,Impermanence Studio,impermanence-studio,30,1,1,0,202463,202463,202463,0,100,100,0,100,0,0,0,0,0,0,
21327,,Chasing Rats Games,chasing-rats-games,30,1,1,1,202440,202440,202440,1,100,100,50,100,0,50,0,0,0,0,
1689316,,Stephen &amp; Sara,stephen-amp-sara,30,1,1,0,202366,202366,202366,0,100,100,0,100,0,0,0,0,0,0,
12808,,FurGoldGames,furgoldgames,30,5,5,0,202283,1494,40457,5,80,60,0,80,20,0,0,0,20,0,
24354,,Mokus,mokus,30,1,1,0,202143,0,202143,0,100,100,100,0,0,100,0,0,0,0,Ukraine
6062,,Hellbent Games,hellbent-games,30,2,2,0,202073,202073,101037,2,100,100,0,50,0,0,0,0,0,0,Canada
28893,,Heuristic Park,heuristic-park,30,1,1,0,202065,202065,202065,0,0,0,0,0,0,0,100,0,0,0,United States
3583543,,oyasumi Workshop,oyasumi-workshop,30,1,1,0,201983,201983,201983,1,100,100,0,0,0,0,0,0,0,0,Italy
720559,,guselect,guselect,30,1,1,1,201832,201832,201832,2,100,100,50,100,0,50,0,0,0,0,
31099,,Nate Schmold,nate-schmold,30,1,1,0,201495,201495,201495,0,100,100,0,100,0,100,0,0,0,0,
26814,,Olde Sküül,olde-sk-l,30,1,1,0,201377,201377,201377,0,0,0,100,0,0,100,0,0,0,0,
32490,,Sculptured Software,sculptured-software,30,1,1,0,201377,201377,201377,0,0,0,100,0,0,100,0,0,0,0,United States
320829,,Look Book Inc,look-book-inc,30,1,1,0,201179,201179,201179,1,100,0,0,0,100,100,100,0,0,0,
1165,,Davioware and Quazi,davioware-and-quazi,30,1,1,0,201145,201145,201145,1,100,100,0,100,0,0,100,0,0,0,
398649,,Novaquark,novaquark,30,1,1,0,200961,200961,200961,1,0,0,0,0,100,0,100,100,0,0,France
940237,,Bible Games,bible-games,30,1,1,0,200955,200955,200955,1,100,0,0,0,0,0,0,0,0,0,
12412,,TurtleBlaze,turtleblaze,30,1,1,0,200846,200846,200846,0,100,100,0,100,0,0,0,0,0,0,Netherlands
33656,,Dawnatic Games,dawnatic-games,30,1,1,0,200823,200823,200823,1,100,0,0,100,0,0,100,0,0,0,
33657,,Alexander Koch,alexander-koch,30,1,1,0,200823,200823,200823,0,100,0,0,100,0,0,100,0,0,0,
1063,,Massive Galaxy Studios,massive-galaxy-studios,30,3,3,1,200803,55516,66934,4,50,0,0,25,0,75,0,0,0,0,Portugal
291042,,Nimbus Games,nimbus-games,30,2,2,0,200670,100335,100335,0,100,100,0,100,100,0,0,0,0,0,Malaysia
22435,,"Liquid Bit, LLC",liquid-bit-llc,30,1,1,0,200649,0,200649,1,0,100,100,0,0,100,0,0,0,100,
36775,,KeelWorks,keelworks,30,1,1,0,200548,200548,200548,0,100,100,0,0,0,0,0,0,0,0,United Kingdom
28882,,Cheap Fun Games,cheap-fun-games,30,1,1,0,200530,200530,200530,0,100,100,0,100,0,100,0,0,0,0,
5592,,MarineVerse,marineverse,30,4,4,0,200478,99052,50120,4,0,0,75,0,100,0,0,0,50,100,
6877,,BigLight.Games,biglight-games,30,1,1,0,200421,200421,200421,1,100,0,100,0,100,0,0,0,0,0,
241091,,Spiral Circus Games,spiral-circus-games,30,1,1,0,200419,200419,200419,0,100,0,0,100,0,0,0,0,0,0,
1638249,,Wonderful Elephant (jmtb02),wonderful-elephant-jmtb02,30,1,1,0,200416,200416,200416,0,0,100,0,100,0,0,0,0,0,0,
5520577,,GD Studio Inc,gd-studio-inc,30,1,1,0,200286,200286,200286,1,0,100,0,0,0,0,0,0,0,0,
25844,,Redemption Ark,redemption-ark,30,1,1,0,200233,0,200233,0,0,100,0,0,100,0,0,100,100,0,
8261,,Cartboard Games,cartboard-games,30,4,4,1,200069,12751,50017,5,80,0,100,0,40,20,0,0,0,0,
48824,,完蛋了的国王,-,30,1,1,0,199921,199921,199921,0,100,0,0,100,0,0,0,0,0,0,
2257705,,Anarchy Games,anarchy-games,30,3,3,0,199850,99925,66617,1,100,100,0,100,100,33,0,67,0,0,
25761,,Liz-Arts,liz-arts,30,2,2,0,199848,99924,99924,0,100,0,100,50,0,0,0,0,0,0,
4505,,Orbital Express,orbital-express,30,1,1,0,199844,199844,199844,0,0,100,0,100,0,0,0,0,0,0,
8662,,Gentleman Squid Studio,gentleman-squid-studio,30,1,1,0,199773,199773,199773,1,100,100,0,0,0,0,0,0,0,0,
28191,,M. Hanka,m-hanka,30,5,5,0,199720,48597,39944,0,80,20,60,0,80,40,20,0,0,20,
32339,,OBLONE Software,oblone-software,30,1,1,0,199628,199628,199628,0,100,100,0,100,0,0,0,0,0,0,
77333,,Playstige Interactive,playstige-interactive,30,13,13,0,199617,2587,15355,13,23,46,8,69,0,0,0,0,0,0,
27828,,Colossal Games,colossal-games,30,2,2,0,199609,99805,99805,0,100,100,50,50,0,50,0,0,0,0,United Kingdom
22227,,Zetsubou,zetsubou,30,10,10,1,199525,12094,19953,9,100,9,82,9,100,0,0,0,0,0,
3146,,Yaeko,yaeko,30,16,16,1,199503,2653,12469,17,100,18,53,0,0,12,0,0,6,0,
47474,,ZXC,zxc,30,1,1,1,199495,199495,199495,0,50,50,0,0,0,0,100,0,0,0,
7304,,Flying Panjandrum / ふらいんぐパンジャンドラム,flying-panjandrum,30,11,11,0,199284,3888,18117,7,91,0,9,18,55,73,64,0,0,0,
3253,,The Scholastics,the-scholastics,30,1,1,0,199270,199270,199270,1,0,0,0,0,0,0,100,0,0,0,
31457,,Cyberlore,cyberlore,30,1,1,0,199089,199089,199089,0,0,0,0,0,100,100,0,0,0,0,
42672,,Hue Axis Entertainment,hue-axis-entertainment,30,1,1,1,199040,199040,199040,0,100,0,100,100,100,0,100,0,0,0,
18231,,DDreams Games,ddreams-games,30,7,7,1,199002,13065,28429,8,50,0,13,38,38,0,88,0,0,0,
19994,,tequibo,tequibo,30,2,2,0,198997,2540,99499,2,100,50,0,0,0,0,0,0,0,0,
26758,,Drakkar Dev,drakkar-dev,30,3,3,1,198889,39395,66296,0,75,75,0,50,0,0,0,0,0,0,Italy
21569,,Maxint LLC,maxint-llc,30,1,1,0,198861,198861,198861,1,100,0,0,0,0,0,0,0,0,0,
10451,,Attu Games,attu-games,30,1,1,1,198815,198815,198815,2,100,50,0,100,0,0,50,0,0,0,
25368,,Tuatara Games,tuatara-games,30,2,2,1,198795,99398,99398,2,67,100,33,0,0,0,33,0,0,0,
24648,,Daniele Vicinanzo,daniele-vicinanzo,30,1,1,0,198665,198665,198665,0,100,100,0,100,0,0,0,0,0,0,
25325,,Giulio Perrone,giulio-perrone,30,1,1,0,198665,198665,198665,0,100,100,0,100,0,0,0,0,0,0,
1647,,Fluffy Kitten Studios,fluffy-kitten-studios,30,1,1,0,198652,198652,198652,1,100,0,0,0,100,100,0,100,0,0,
28178,,Silky's Plus Wasabi,silky-s-plus-wasabi,30,2,2,0,198639,99320,99320,0,0,0,50,100,0,0,0,0,0,0,
31627,,Holden Boyles,holden-boyles,30,1,1,0,198551,198551,198551,0,100,0,0,100,0,0,0,0,0,0,
32807,,Ciprian Stanciu,ciprian-stanciu,30,1,1,0,198551,198551,198551,0,100,0,0,100,0,0,0,0,0,0,
10585,,Incandescent Games,incandescent-games,30,3,3,1,198454,28335,66151,4,100,0,75,25,25,0,0,0,0,0,New Zealand
17960,,Eipix Entertainment,eipix-entertainment,30,56,56,0,198326,2093,3542,1,2,0,98,100,0,0,0,0,0,0,
3884098,,GrooveBoxJapan,grooveboxjapan,30,2,2,0,198303,99152,99152,0,0,50,50,50,50,0,0,0,0,0,
30504,,Maverick Game Studio,maverick-game-studio,30,1,1,0,198249,198249,198249,0,100,100,100,0,100,100,0,0,0,0,
1831,,Allegorithmic,allegorithmic,30,1,1,0,198197,0,198197,1,0,0,0,0,0,0,0,0,0,0,
7372,,Edym Pixels,edym-pixels,30,4,4,0,198074,48661,49519,4,100,25,0,0,25,50,0,0,0,0,
5941,,Zaxis Games,zaxis-games,30,1,1,0,198059,198059,198059,1,100,100,0,100,0,0,100,0,0,0,Denmark
32415,,B-evil,b-evil,30,1,1,0,198059,198059,198059,0,100,100,0,100,0,0,100,0,0,0,Denmark
28536,,David Laskey,david-laskey,30,2,2,0,198050,99025,99025,0,100,100,0,100,0,0,0,0,0,0,
27749,,The Tiniest Shark,the-tiniest-shark,30,1,1,0,197993,197993,197993,0,100,0,0,0,100,100,100,0,0,0,United States
2959,,darkForge Games LLC,darkforge-games-llc,30,1,1,0,197990,0,197990,1,100,100,0,0,0,100,100,0,0,0,
940835,,DuaWolf,duawolf,30,4,4,0,197990,35241,49498,0,0,0,100,0,100,0,0,0,0,0,
9168,,Screambox Studio,screambox-studio,30,3,3,0,197894,68145,65965,1,67,67,33,67,33,33,33,0,0,0,China
12849,,Harpoon Games,harpoon-games,30,2,2,0,197875,98938,98938,2,50,100,50,0,50,50,50,0,0,0,
612170,,ginolabo,ginolabo,30,2,2,0,197740,98870,98870,0,50,0,0,100,0,0,100,0,0,0,
25544,,Benedict Fritz,benedict-fritz,30,1,1,0,197733,197733,197733,0,100,100,0,100,0,0,0,0,0,0,
30601,,Joel Corelitz,joel-corelitz,30,1,1,0,197733,197733,197733,0,100,100,0,100,0,0,0,0,0,0,
31670,,Jenna Blazevich,jenna-blazevich,30,1,1,0,197733,197733,197733,0,100,100,0,100,0,0,0,0,0,0,
20731,,Aartform,aartform,30,1,1,0,197595,197595,197595,1,0,0,0,0,0,0,0,0,0,0,
33496,,David Gow,david-gow,30,1,1,0,197584,0,197584,0,100,100,100,0,0,0,0,0,0,0,
33497,,Hard Disk Publishing,hard-disk-publishing,30,1,1,0,197584,0,197584,1,100,100,100,0,0,0,0,0,0,0,
3444688,,Oleg Danilov,oleg-danilov,30,1,1,0,197558,197558,197558,0,100,0,100,0,100,100,0,0,0,0,
13113,,Dreaming Door Studios,dreaming-door-studios,30,1,1,0,197543,197543,197543,1,100,0,0,100,100,0,100,0,0,0,
15009,,Unique Media,unique-media,30,1,1,0,197496,0,197496,1,100,100,0,0,0,0,0,0,0,0,
4113,,npckc,npckc,30,7,7,0,197492,8100,28213,7,100,0,57,57,71,0,14,0,0,0,Japan
6453,,Blagovest Penev,blagovest-penev,30,1,1,0,197390,197390,197390,1,100,0,0,0,100,0,0,0,0,0,
266566,,TaosX,taosx,30,2,2,0,197287,98644,98644,2,100,0,0,0,50,100,50,0,0,0,
32738,,SKIPMORE,skipmore,30,4,4,1,197248,43419,49312,0,0,60,0,80,0,0,40,0,0,0,Japan
11116,,VirtualHere Pty. Ltd.,virtualhere-pty-ltd,30,1,1,0,197242,197242,197242,1,0,0,0,0,0,0,0,0,0,0,
27833,,Chessbase,chessbase,30,3,3,0,197236,93140,65745,0,0,0,33,0,0,67,0,0,0,0,
187533,,Akhir Pekan Studio,akhir-pekan-studio,30,7,7,2,197231,19214,28176,8,44,11,78,11,78,0,11,0,0,0,
34545,,SpiffyBit,spiffybit,30,2,2,0,197213,197213,98607,0,100,0,0,50,0,0,0,0,0,0,
6757,,KITATUS,kitatus,30,1,1,0,197202,197202,197202,0,0,100,0,100,0,0,0,0,0,0,
4312,,sumalab,sumalab,30,3,3,1,197076,49816,65692,4,75,75,75,25,25,0,0,0,25,0,
19255,,Playboom,playboom,30,1,1,0,196955,196955,196955,0,100,0,100,0,0,100,0,0,0,0,
3281180,,ReHarmony Games,reharmony-games,30,6,6,0,196800,28800,32800,6,100,33,50,50,0,0,0,0,0,17,
29153,,Fun Labs,fun-labs,30,3,3,0,196762,113820,65587,0,0,33,0,33,67,0,0,0,0,33,Romania
6695898,,Silky Sullivan,silky-sullivan,30,1,1,0,196662,196662,196662,1,100,100,0,100,100,0,0,0,0,0,
18611,,Coffee Addict Studio,coffee-addict-studio,30,2,2,0,196600,98300,98300,1,100,100,50,100,0,0,50,0,0,0,Brazil
44154,,Perelesoq,perelesoq,30,1,1,1,196588,196588,196588,1,50,0,0,50,50,0,0,0,0,0,
5176,,Far Road Games,far-road-games,30,1,1,0,196379,0,196379,1,0,0,0,0,100,100,0,0,0,0,United Kingdom
25575,,Firedance Games,firedance-games,30,1,1,0,196181,196181,196181,0,100,100,0,0,100,0,100,0,0,0,
24157,,Just Add Water (Development) Ltd.,just-add-water-development-ltd,30,1,1,0,196120,196120,196120,0,0,100,0,100,0,0,0,0,0,0,
14532,, Just Us GameLab,just-us-gamelab,30,1,1,0,196100,196100,196100,1,100,0,0,100,100,0,0,0,0,0,
1577,,Kingdom Games,kingdom-games,30,3,3,1,196048,17608,65349,4,0,75,25,25,0,0,50,0,0,0,
15704,,Snail-Ninja Studio,snail-ninja-studio,30,4,4,0,196029,76928,49007,4,100,75,75,75,75,0,50,0,0,0,
40805,,Common Colors,common-colors,30,1,1,0,195902,195902,195902,0,0,0,0,100,0,0,0,0,0,0,
6307,,Riff Studios,riff-studios,30,1,1,0,195775,195775,195775,1,100,0,100,0,100,100,0,0,0,0,
43383,,Sketchbook Games,sketchbook-games,30,1,1,0,195656,195656,195656,0,100,100,100,100,0,0,0,0,0,0,United Kingdom
43384,,Fourth State,fourth-state,30,1,1,0,195656,195656,195656,0,100,100,100,100,0,0,0,0,0,0,
3870832,,Lokin,lokin,30,1,1,2,195598,195598,195598,3,100,67,0,100,33,0,0,0,0,0,Hong Kong
27510,,Yatagarasu Dev Team,yatagarasu-dev-team,30,2,2,0,195562,97781,97781,1,100,100,0,0,0,0,0,0,0,0,
21905,,Redshift,redshift,30,2,2,0,195335,97668,97668,2,100,0,50,100,0,0,50,0,0,50,
2676,,ampersandbear,ampersandbear,30,2,2,0,195266,97633,97633,1,100,50,0,0,0,50,50,0,0,0,
10455,,A Crowd of Monsters,a-crowd-of-monsters,30,3,3,0,195263,45976,65088,2,0,33,67,100,0,0,0,0,0,0,Spain
3908504,,Maximum Entertainment,maximum-entertainment,30,3,3,1,195255,70766,65085,4,75,100,0,25,25,25,0,0,0,0,Sweden
20801,,Pumpkin Interactive,pumpkin-interactive,30,1,1,0,195205,195205,195205,1,100,0,100,0,100,0,100,0,0,0,
52640,,Pichon Games,pichon-games,30,1,1,2,195184,195184,195184,3,100,67,0,100,0,33,0,0,0,0,
43988,,Nelson Boles,nelson-boles,30,1,1,0,195044,195044,195044,0,100,100,0,100,0,0,0,0,0,0,
43989,,Valentin Seiche,valentin-seiche,30,1,1,0,195044,195044,195044,0,100,100,0,100,0,0,0,0,0,0,
43990,,Adam Robezzoli,adam-robezzoli,30,1,1,0,195044,195044,195044,0,100,100,0,100,0,0,0,0,0,0,
43991,,Evan Hemsley,evan-hemsley,30,1,1,0,195044,195044,195044,0,100,100,0,100,0,0,0,0,0,0,
5025,,Redbeak Games,redbeak-games,30,4,4,1,195016,64606,48754,5,100,20,20,20,60,80,60,0,0,0,Finland
5115,,NCH Software,nch-software,30,2,2,0,194888,97444,97444,2,0,0,0,0,0,0,0,0,0,0,
28550,,Parallax,parallax,30,2,2,0,194806,97403,97403,0,0,100,0,0,0,0,0,0,0,0,
18587,,Wargaming.net,wargaming-net,30,3,3,0,194687,13909,64896,1,0,0,0,0,0,100,0,0,0,0,Cyprus
657,,One Legged Seagull,one-legged-seagull,30,1,1,0,194651,194651,194651,1,100,100,0,0,0,0,0,0,100,100,
49971,,JOTASOFT STUDIOS,jotasoft-studios,30,2,2,0,194650,97325,97325,2,100,100,100,100,0,100,100,0,0,0,
51509,,ISY,isy,30,8,8,0,194561,5878,24320,8,0,0,50,13,38,0,0,0,0,0,Japan
23995,,Skatanic Studios,skatanic-studios,30,1,1,1,194560,194560,194560,0,100,0,0,50,100,100,50,0,0,0,United Kingdom
30106,,LGK Games,lgk-games,30,1,1,0,194548,194548,194548,0,100,0,0,0,0,0,100,0,0,0,
1835,,No Pest Productions,no-pest-productions,30,3,3,0,194493,90497,64831,1,67,100,0,100,0,0,0,0,0,0,
49302,,RetroLab,retrolab,30,1,1,1,194465,194465,194465,0,50,0,50,0,50,0,100,0,0,0,
16992,,BottleCube inc.,bottlecube-inc,30,6,6,0,194422,56432,32404,6,0,17,100,33,67,17,17,0,0,0,Japan
1454,,Onion Games,onion-games,30,4,4,0,194315,37465,48579,4,75,75,25,25,0,0,50,0,0,0,
6458,,VoiceAttack.com,voiceattack-com,30,1,1,0,194260,0,194260,1,0,0,0,0,0,0,0,0,0,0,
2279,,DreamBig Games,dreambig-games,30,16,16,3,194202,10687,12138,18,26,0,84,16,16,5,5,0,0,0,
26260,,Si7 Studio,si7-studio,30,2,2,0,194034,194034,97017,0,100,0,50,0,100,50,0,0,0,0,
1636851,,"logicalbeat Co.,Ltd",logicalbeat-co-ltd,30,2,2,0,194018,97009,97009,1,0,50,50,0,0,0,50,0,0,50,
3583585,,Rogue Duck Interactive,rogue-duck-interactive,30,2,2,5,193970,96985,96985,7,71,0,100,14,86,86,29,0,0,0,United States
27733,,Triangle!,triangle,30,1,1,0,193956,0,193956,0,100,0,0,0,0,0,100,0,0,0,
43377,,Team Lv.266,team-lv-266,30,1,1,0,193930,193930,193930,1,0,100,0,100,0,0,100,0,0,0,
11731,,Zeboyd Games,zeboyd-games,30,2,2,0,193800,0,96900,0,100,0,0,0,0,0,100,0,0,0,United States
12096,,Mechabit Ltd,mechabit-ltd,30,2,2,0,193606,96803,96803,2,100,50,50,0,50,50,0,0,0,0,
38991,,Magic Pockets,magic-pockets,30,7,7,2,193513,12839,27645,1,11,22,33,44,44,0,0,0,0,11,France
26919,,Frisky Fatal Games,frisky-fatal-games,30,1,1,0,193439,193439,193439,0,100,0,0,100,0,0,0,0,0,0,
12068,,Presto Studios,presto-studios,30,2,2,0,193351,96676,96676,1,50,0,100,100,0,0,0,0,0,0,United States
31253,,Laser Dog,laser-dog,30,2,2,0,193298,96649,96649,0,50,100,50,0,0,0,0,0,0,0,
52524,,Future Minimalism,future-minimalism,30,1,1,0,193253,193253,193253,1,100,100,0,0,100,100,100,0,0,0,
35718,,Loco Motion Devs,loco-motion-devs,30,1,1,0,193159,193159,193159,1,100,100,0,0,100,0,0,0,0,0,
4164,,iNK Stories,ink-stories,30,2,2,0,193147,96574,96574,2,100,50,50,100,0,0,0,0,0,0,
50813,,"Janbeh Games, LLC",janbeh-games-llc,30,1,1,0,193077,193077,193077,1,100,0,100,0,100,0,0,0,0,0,
39649,,BBQ好きです,bbq,30,4,4,2,193027,51434,48257,4,33,0,33,50,33,33,83,0,0,0,
37154,,SmashHammer Games,smashhammer-games,30,1,1,0,192972,192972,192972,1,100,0,0,0,100,0,0,0,0,0,
27257,,imaginarylab,imaginarylab,30,1,1,1,192738,192738,192738,1,100,0,50,100,0,0,0,0,0,0,
16252,,13AM Games,13am-games,30,3,3,1,192557,73644,64186,1,75,75,25,100,0,25,0,0,25,0,Canada
2643,,Radical Phi,radical-phi,30,1,1,0,192519,192519,192519,1,100,0,0,100,100,0,100,0,0,0,
10527,,Stained Glass Llama,stained-glass-llama,30,2,2,0,192449,19676,96225,1,100,100,0,0,0,0,100,100,0,0,
37183,,Rob Gross,rob-gross,30,2,2,1,192435,96218,96218,0,100,67,100,0,33,33,0,0,0,0,
185760,,OPT Studio,opt-studio,30,3,3,0,192376,48065,64125,3,33,0,0,100,0,0,33,0,0,0,
4868,,Tero Lunkka,tero-lunkka,30,120,120,2,192283,1012,1602,81,96,38,49,57,19,4,2,0,20,2,
32549,,Just A Pixel Ltd.,just-a-pixel-ltd,30,1,1,0,192227,0,192227,0,100,100,0,100,0,100,0,0,0,0,
18174,,WaterMelon,watermelon,30,1,1,0,192143,192143,192143,1,0,0,0,0,0,0,100,0,0,0,
80970,,Clockwork Pile,clockwork-pile,30,1,1,0,192027,192027,192027,0,100,0,0,0,100,100,100,0,0,0,Poland
32319,,Volkenfox,volkenfox,30,1,1,0,191974,191974,191974,0,100,0,100,100,0,0,100,0,0,0,
1149914,,Innerfire Studios,innerfire-studios,30,1,1,0,191951,191951,191951,0,100,0,100,100,100,0,100,0,0,0,
26125,,GDNomaD,gdnomad,30,9,9,0,191914,16878,21324,0,100,44,11,67,11,0,0,0,0,0,
25047,,Radi Art,radi-art,30,1,1,0,191874,191874,191874,0,100,0,100,100,100,0,100,0,0,0,
2193,,Timushev Vladimir,timushev-vladimir,30,1,1,0,191624,191624,191624,1,100,100,0,100,0,100,0,0,0,0,
16089,,Early Melon,early-melon,30,1,1,1,191304,191304,191304,2,100,50,50,0,0,0,0,0,0,0,
33062,,Cavetap,cavetap,30,5,5,0,191197,963,38239,0,0,100,0,0,0,0,0,0,0,0,
35557,,Unleash the Giraffe,unleash-the-giraffe,30,2,2,0,190914,95457,95457,2,50,0,0,0,0,100,100,0,0,0,Sweden
186818,,Paul Schnepf,paul-schnepf,30,2,2,0,190891,95446,95446,0,100,0,100,0,50,0,0,0,0,50,
13097,,Cherry Co. Studios,cherry-co-studios,30,3,3,0,190885,4920,63628,3,100,0,0,100,0,0,100,0,0,0,
50478,,Brenton Wildes,brenton-wildes,30,2,2,0,190871,95436,95436,2,100,0,0,100,0,0,0,0,0,0,
42856,,Mr. Nutz Studio,mr-nutz-studio,30,3,3,0,190757,32908,63586,0,0,100,0,67,33,0,0,0,0,33,
6899169,,Tiny Crow Games,tiny-crow-games,30,1,1,0,190609,190609,190609,1,100,0,100,0,100,0,0,0,0,0,Germany
15553,,Chris McFarland,chris-mcfarland,30,2,2,0,190430,95215,95215,2,100,100,0,0,0,0,0,0,0,0,
19312,,Fixer Games,fixer-games,30,1,1,0,190409,190409,190409,1,0,100,0,100,0,0,100,0,0,0,Ukraine
291181,,munted finger,munted-finger,30,1,1,0,190295,190295,190295,1,100,0,0,0,0,0,0,0,0,0,
18382,,PlayFirst,playfirst,30,10,10,0,190273,4339,19027,10,0,0,70,10,20,0,10,0,0,0,United States
30115,,Deadline Games,deadline-games,30,2,2,0,190193,95097,95097,0,0,100,0,0,0,0,0,0,0,0,Denmark
8887,,VDO Games,vdo-games,30,4,4,0,190138,22829,47535,4,75,100,0,50,0,0,25,0,0,25,
5183,,Caligari Games,caligari-games,30,3,3,0,190050,95025,63350,2,100,0,67,100,0,0,0,0,0,0,Russia
138292,,Hello Penguin Team LLC,hello-penguin-team-llc,30,1,1,0,190020,190020,190020,0,0,100,0,100,0,0,0,0,0,0,
137323,,ThirdPixel Interactive,thirdpixel-interactive,30,1,1,0,189912,189912,189912,1,100,100,100,0,0,0,0,0,0,0,
4065176,,トトメトリ,-,30,1,1,1,189889,189889,189889,1,100,0,100,100,0,0,0,0,0,0,
5611751,,Feverdream Johnny,feverdream-johnny,30,1,1,1,189870,189870,189870,0,0,100,0,100,0,0,0,0,0,0,
5611752,,drurylain,drurylain,30,1,1,1,189870,189870,189870,0,0,100,0,100,0,0,0,0,0,0,
43748,,Team SNEED,team-sneed,30,5,5,1,189714,31203,37943,6,100,83,50,17,33,0,0,0,0,0,
36116,,Smarto Club,smarto-club,30,1,1,1,189675,189675,189675,0,100,0,100,50,50,50,0,0,0,0,Chile
7226,,Targon Studios,targon-studios,30,4,4,1,189651,7981,47413,3,100,40,60,40,0,40,20,0,0,0,
6769,,Berzah Games,berzah-games,30,3,3,0,189560,3367,63187,3,33,100,67,33,33,0,0,0,33,0,
31594,,Ideas Pad,ideas-pad,30,2,2,0,189521,94761,94761,0,50,0,100,0,0,50,0,0,0,0,United Kingdom
37182,,Henry's House,henry-s-house,30,1,1,1,189398,189398,189398,1,100,50,100,0,50,50,0,0,0,0,Australia
33282,,Auren Snyder,auren-snyder,30,2,2,0,189369,94685,94685,2,100,50,0,0,0,0,0,0,0,50,
30889,,Caracal Games,caracal-games,30,2,2,1,189314,94657,94657,0,100,67,0,67,0,0,0,0,0,0,
30180,,GlyphX Games,glyphx-games,30,1,1,0,189181,189181,189181,0,0,100,0,0,0,0,0,0,0,0,
25804,,Chandler Rounsley,chandler-rounsley,30,1,1,0,189156,189156,189156,0,100,100,0,100,0,0,100,0,0,0,
29065,,Easy game,easy-game,30,17,17,0,189153,2956,11127,0,100,94,88,6,6,6,0,0,6,12,
48936,,PRODUKTIVKELLER Studios,produktivkeller-studios,30,3,3,3,189095,83331,63032,2,33,33,67,0,33,33,0,0,0,0,Germany
28239,,Parseh Game Studio,parseh-game-studio,30,1,1,0,189064,189064,189064,0,0,100,0,0,0,100,0,0,0,0,
9592,,Spectral Illusions,spectral-illusions,30,3,3,0,188972,19346,62991,2,67,67,0,33,0,0,0,0,0,0,
14864,,Hunchback Studio,hunchback-studio,30,2,2,1,188880,94440,94440,3,100,100,0,100,0,33,67,0,0,0,
45674,,Sunscorched Studios,sunscorched-studios,30,2,2,1,188804,188804,94402,3,100,67,33,67,33,0,0,0,0,0,United Kingdom
1899943,,HOGO Games,hogo-games,30,3,3,2,188705,94353,62902,5,60,0,40,0,100,40,0,0,0,0,
2854,,Tricktale,tricktale,30,1,1,0,188666,188666,188666,1,100,100,0,100,0,0,100,0,0,0,
6261,,Pixel Forge Games,pixel-forge-games,30,2,2,0,188530,94265,94265,2,100,0,0,100,0,100,100,0,0,0,
31108,,Pigasus Games,pigasus-games,30,1,1,0,188490,188490,188490,0,100,0,0,100,0,0,0,0,0,0,
2385,,Binary Takeover,binary-takeover,30,2,2,0,188394,94197,94197,2,100,50,100,0,0,0,0,0,0,0,
2868080,,PixelCraze s.r.o.,pixelcraze-s-r-o,30,1,1,0,188384,188384,188384,1,0,0,0,0,100,0,0,0,0,0,
28565,,Kinemotik Studios,kinemotik-studios,30,1,1,0,188375,188375,188375,0,100,0,0,0,0,0,0,0,0,0,
925204,,Old Games,old-games,30,2,2,0,188351,94176,94176,2,100,100,100,100,0,0,0,0,0,0,
1214440,,Fivemid Studio,fivemid-studio,30,1,1,0,188258,188258,188258,1,100,0,0,0,0,100,0,0,0,0,
32281,,Pure FPS,pure-fps,30,1,1,0,188163,188163,188163,0,0,100,0,100,0,0,0,0,0,0,
1893,,Strollart,strollart,30,1,1,0,188113,188113,188113,0,100,100,0,100,0,0,0,0,0,0,
29951,,Jarhead Games,jarhead-games,30,1,1,0,187848,187848,187848,0,0,100,0,0,0,0,0,0,0,0,
29660,,Wild Kid Games,wild-kid-games,30,4,4,1,187789,66530,46947,2,100,20,20,40,20,40,80,0,0,0,
18537,,Sakura River Interactive,sakura-river-interactive,30,3,3,0,187536,8848,62512,3,100,0,33,33,100,0,0,0,0,0,
28702,,Orion Games,orion-games,30,6,6,0,187293,26601,31216,0,17,100,0,50,0,0,17,0,0,0,Russia
30014,,The Foregone Syndicate,the-foregone-syndicate,30,1,1,0,187218,187218,187218,0,100,100,0,0,0,0,0,0,0,0,
2717,,DimnHouse,dimnhouse,30,1,1,0,187192,187192,187192,1,100,0,100,0,0,0,0,0,0,0,
6559572,,るび様崇める会,-,30,1,1,0,187167,187167,187167,0,100,0,100,0,0,0,0,0,0,0,
10842,,Wither Studios,wither-studios,30,3,3,1,187057,89868,62352,2,100,50,25,75,0,25,0,0,0,0,
25007,,Blue Tongue Entertainment,blue-tongue-entertainment,30,2,2,0,186996,93498,93498,0,100,100,50,100,0,0,0,0,0,0,Australia
22664,,"ThoughtSTEM, LLC",thoughtstem-llc,30,1,1,0,186941,186941,186941,1,100,100,0,100,100,0,0,0,0,0,
11716,,Kittehface Software,kittehface-software,30,4,4,0,186905,44671,46726,3,100,50,75,0,0,50,0,0,0,0,
656,,Lupiesoft,lupiesoft,30,4,4,0,186791,25509,46698,2,75,0,50,50,0,0,0,0,0,0,
5918722,,flowers.studio,flowers-studio,30,1,1,0,186650,186650,186650,0,0,0,0,100,0,0,0,0,0,0,Japan
32992,,"Lone Pine Games, LLC",lone-pine-games-llc,30,1,1,0,186461,186461,186461,1,100,0,0,0,100,100,0,0,0,0,
33286,,Pixel Pushers Union 512,pixel-pushers-union-512,30,1,1,1,186357,186357,186357,1,50,50,0,0,0,0,0,0,50,0,
8406,,Steamberry Studio,steamberry-studio,30,2,2,0,186330,93165,93165,2,100,50,100,0,100,0,0,0,0,0,
3878438,,Little Bat Games,little-bat-games,30,1,1,0,186044,186044,186044,1,100,0,0,0,100,0,0,0,0,0,Germany
12104,,Xtal Sword,xtal-sword,30,1,1,0,186019,186019,186019,1,100,100,100,100,0,0,0,0,0,0,
14105,,Sun-Studios,sun-studios,30,2,2,0,185834,185834,92917,1,100,100,0,0,0,50,50,0,0,0,
3919619,,Pil/Slash,pil-slash,30,2,2,0,185776,92888,92888,0,0,0,100,100,0,0,0,0,0,0,Japan
9162,,rdein,rdein,30,1,1,0,185708,185708,185708,1,100,100,0,0,0,0,0,0,0,0,Brazil
49801,,Aprico Koubou,aprico-koubou,30,1,1,0,185661,185661,185661,0,100,0,0,0,0,0,100,0,0,0,Japan
2431755,,Ramen Cat Studio,ramen-cat-studio,30,1,1,0,185610,185610,185610,1,100,100,0,100,0,0,0,0,0,0,
1685834,,Michael Hicks,michael-hicks,30,3,3,0,185445,9069,61815,0,100,33,0,67,33,33,0,0,0,0,
1685835,,Gonçalo Antunes,gon-alo-antunes,30,3,3,0,185445,9069,61815,0,100,33,0,67,33,33,0,0,0,0,
1535,,Suomen Kuljetusturva Oy,suomen-kuljetusturva-oy,30,1,1,0,185380,0,185380,1,0,0,0,0,100,0,0,0,0,0,
20173,,Art Of Adventures,art-of-adventures,30,16,16,0,185288,0,11581,16,38,31,13,31,31,6,0,0,44,13,
184472,,Octofox Games,octofox-games,30,1,1,0,185236,185236,185236,0,100,100,100,0,0,0,0,0,0,0,
656426,,Ben Jungwirth,ben-jungwirth,30,1,1,0,185225,185225,185225,1,100,100,0,100,0,0,0,0,0,0,
14205,,Atomic Kraken,atomic-kraken,30,1,1,1,185164,0,185164,2,100,100,0,50,0,0,50,0,0,0,
46226,,Darts Games,darts-games,30,1,1,3,185156,185156,185156,3,25,25,0,0,50,50,25,0,0,0,
19510,,Artur Games,artur-games,30,1,1,0,185150,185150,185150,1,100,100,0,0,0,0,0,0,0,0,
26856,,Music by Darkman007,music-by-darkman007,30,1,1,0,185150,185150,185150,0,100,100,0,0,0,0,0,0,0,0,
5144375,,Evil Raptor,evil-raptor,30,1,1,0,185016,185016,185016,0,0,100,0,100,0,0,0,0,0,0,France
1396697,,Breakfirst Games,breakfirst-games,30,1,1,1,184866,184866,184866,1,100,0,100,100,100,0,0,0,0,0,
1634425,,Numizmatic,numizmatic,30,2,2,0,184806,92403,92403,2,100,50,0,0,50,50,0,0,0,0,
34480,,A Grumpy Fox,a-grumpy-fox,30,1,1,0,184727,184727,184727,0,100,100,0,100,0,0,0,0,0,0,
152116,,Spectra Entertainment Inc.,spectra-entertainment-inc,30,1,1,0,184703,184703,184703,0,100,0,0,100,0,100,100,0,0,0,
19137,,Geod Studio,geod-studio,30,2,2,0,184659,92330,92330,2,100,100,100,100,50,50,100,0,0,0,
25183,,GosDev Production,gosdev-production,30,10,10,5,184558,4264,18456,7,93,47,47,33,80,33,27,0,7,13,
7212,,Elefantopia,elefantopia,30,1,1,0,184539,184539,184539,1,100,100,0,0,0,100,0,0,0,0,
44557,,Supernature Studio,supernature-studio,30,2,2,0,184515,92258,92258,1,100,50,0,50,0,50,50,0,0,0,
44811,,Head West,head-west,30,1,1,0,184480,184480,184480,0,100,100,0,100,0,0,0,0,0,0,
4842250,,kingnagame,kingnagame,30,2,2,0,184221,92111,92111,2,100,100,0,100,0,0,100,0,0,0,
92595,,Antiproto Studios,antiproto-studios,30,1,1,0,184155,184155,184155,1,100,100,0,100,100,0,0,0,0,0,
2773084,,Radatomic Studios,radatomic-studios,30,1,1,1,184099,184099,184099,2,100,100,100,0,0,50,0,50,0,0,
14760,,Heart Shaped Games LLC,heart-shaped-games-llc,30,4,4,0,183840,32836,45960,4,100,0,25,25,75,100,75,0,0,0,United States
720859,,Ice and Fire Isle Studio,ice-and-fire-isle-studio,30,2,2,0,183831,183831,91916,2,100,100,0,100,0,0,100,0,0,0,
37914,,"Mono Software, Inc.",mono-software-inc,30,2,2,0,183830,91915,91915,2,100,100,50,0,0,50,100,0,0,0,
41074,,Strides Interactive Game Studio,strides-interactive-game-studio,30,2,2,0,183820,91910,91910,1,100,50,0,0,0,50,0,0,0,0,
31740,,Kerry Fawdray,kerry-fawdray,30,1,1,0,183818,183818,183818,0,0,0,0,0,0,100,100,0,0,0,
106469,,Gupa Games,gupa-games,30,1,1,0,183798,183798,183798,1,100,100,0,0,0,0,0,0,0,0,
2296243,,Smola Game Studio,smola-game-studio,30,1,1,0,183491,183491,183491,1,100,100,0,100,0,0,0,100,0,0,Russia
43459,,Will Winn Games,will-winn-games,30,1,1,1,183458,183458,183458,2,50,100,50,50,0,50,0,0,0,50,United States
35833,,Ogre Pixel,ogre-pixel,30,3,3,3,183164,82804,61055,6,100,50,17,83,0,0,0,0,0,0,Mexico
1544957,,本游戏已经下架退市,-,30,1,1,0,183150,0,183150,1,0,0,100,0,0,0,100,0,0,0,
4252,,Technomancy Studios,technomancy-studios,30,5,5,1,183077,22622,36615,6,100,67,33,50,0,0,50,0,0,0,
2861055,,Alvios Games,alvios-games,30,1,1,0,183058,183058,183058,0,100,100,0,100,0,0,0,0,0,0,
18228,,Bear &amp; Cat Studio,bear-amp-cat-studio,30,1,1,1,182554,182554,182554,0,50,0,0,50,50,50,0,0,0,0,
28763,,Mobile Pie,mobile-pie,30,1,1,0,182480,182480,182480,0,100,100,100,100,0,0,0,0,0,0,United Kingdom
6223,,Zanardi and Liza,zanardi-and-liza,30,4,4,0,182244,24840,45561,3,50,100,0,0,0,25,0,0,0,0,
26614,,Roencia,roencia,30,5,5,0,182166,10189,36433,0,40,20,20,40,20,0,0,0,0,0,
38097,,Poetic,poetic,30,1,1,0,182039,182039,182039,0,0,0,0,100,0,0,100,0,0,0,
7143,,Airem,airem,30,16,16,7,181913,2785,11370,23,100,83,100,65,48,26,17,9,22,22,Poland
152035,,Newfangled Games,newfangled-games,30,1,1,0,181900,181900,181900,1,100,0,100,100,0,100,0,0,0,0,
21927,,Pathos Interactive,pathos-interactive,30,1,1,0,181866,181866,181866,1,100,100,0,100,0,100,0,100,0,0,Sweden
187847,,Team Ugly,team-ugly,30,1,1,0,181785,181785,181785,0,100,0,0,100,0,0,0,0,0,0,
6836,,Varkian Empire,varkian-empire,30,1,1,0,181744,181744,181744,1,100,100,0,0,0,0,0,0,100,0,Australia
830263,,漫森游戏工作室,-,30,2,2,1,181637,90819,90819,1,67,33,33,100,33,0,100,0,0,0,
4082,,Vectorpark,vectorpark,30,2,2,1,181567,90784,90784,3,67,0,100,67,0,0,0,0,0,0,
2427585,,Dreamate,dreamate,30,1,1,0,181527,181527,181527,0,0,0,0,0,0,0,100,0,0,0,
17456,,四块二茶会,-,30,1,1,1,181434,181434,181434,2,100,0,50,100,0,0,100,0,0,0,
587,,2XL Games,2xl-games,30,1,1,0,181371,181371,181371,0,0,0,0,0,0,0,0,0,100,100,United States
1166341,,Fifth Harbour Studios,fifth-harbour-studios,30,1,1,0,181345,181345,181345,1,100,0,0,0,0,100,0,0,0,0,Netherlands
1282,,NLB project,nlb-project,30,9,9,0,181152,2985,20128,9,89,0,44,67,0,11,11,0,0,0,
34984,,Tholus Games,tholus-games,30,1,1,1,181145,181145,181145,1,50,50,0,50,50,50,50,0,0,0,
10601,,觀象草圖 Astrolabe Draft,astrolabe-draft,30,2,2,0,180991,90496,90496,2,100,0,100,100,0,0,0,0,0,0,
35427,,Kokutou Umeboshi,kokutou-umeboshi,30,3,3,0,180978,38050,60326,3,33,0,0,0,67,33,100,0,0,0,
22291,,YeaBoing,yeaboing,30,2,2,0,180897,90449,90449,2,100,0,100,0,0,0,0,0,0,0,Finland
369383,,MNKY,mnky,30,1,1,0,180872,180872,180872,0,100,100,0,0,0,0,0,0,0,0,
27577,,Electric Games,electric-games,30,2,2,0,180839,90420,90420,0,50,0,0,0,50,100,0,0,0,0,
251091,,5WORD Team,5word-team,30,2,2,0,180827,90414,90414,1,100,50,0,50,0,50,0,0,0,0,
28266,,Maze Theory,maze-theory,30,3,3,0,180816,31531,60272,2,33,33,33,100,0,0,0,0,0,0,United Kingdom
31776,,Jacob Kooiman,jacob-kooiman,30,1,1,0,180792,180792,180792,0,100,100,100,0,100,0,0,0,0,0,
32679,,Eric Ruts,eric-ruts,30,1,1,0,180792,180792,180792,0,100,100,100,0,100,0,0,0,0,0,
152859,,Aztech,aztech,30,3,3,0,180761,59038,60254,2,100,100,100,100,100,100,67,0,67,33,
36957,,RUNWILD Entertainment,runwild-entertainment,30,1,1,0,180729,180729,180729,0,0,100,0,0,0,0,100,0,0,0,
21365,,Silk Games,silk-games,30,1,1,0,180683,180683,180683,1,100,0,0,0,0,0,100,100,0,0,
6784,,Salangan Games,salangan-games,30,3,3,1,180635,90318,60212,0,100,0,75,75,0,0,0,0,0,0,
19858,,Prime Games,prime-games,30,4,4,1,180598,4852,45150,5,100,0,60,80,0,20,100,0,0,0,
30571,,TrickeySoft LLC,trickeysoft-llc,30,1,1,0,180581,180581,180581,0,0,0,0,0,100,100,0,0,0,0,
2380,,Trend Redaktions- und Verlagsgesellschaft mbH,trend-redaktions-und-verlagsgesellschaft-mbh,30,7,7,0,180460,25858,25780,7,0,0,0,0,100,14,0,0,0,0,
1166233,,Surprising Studio,surprising-studio,30,2,2,0,180310,180310,90155,2,50,50,50,50,0,50,50,0,0,0,
10448,,SmallSqurriel,smallsqurriel,30,4,4,1,180285,32365,45071,0,100,40,40,20,20,60,60,0,0,0,
103013,,EVC Games,evc-games,30,1,1,0,180231,180231,180231,0,100,0,0,100,0,100,100,0,0,0,
17384,,IllusoryWorldEntertainment,illusoryworldentertainment,30,1,1,0,180214,180214,180214,1,100,100,0,0,0,0,0,100,0,0,
12847,,Hazardous Software Inc.,hazardous-software-inc,30,1,1,0,180128,180128,180128,1,100,0,0,0,0,100,0,0,0,0,
14947,,Tag of Joy,tag-of-joy,30,1,1,2,180125,180125,180125,1,100,0,0,67,33,33,33,0,0,0,Lithuania
11052,,BlackMoon Design,blackmoon-design,30,2,2,0,179949,89975,89975,1,0,0,0,50,0,100,50,0,0,0,
33423,,blank-note &amp; Frontwing,blank-note-amp-frontwing,30,1,1,0,179931,179931,179931,0,0,0,0,100,0,0,0,0,0,0,
11915,,Nimbly Games,nimbly-games,30,3,3,0,179886,89943,59962,3,100,67,67,0,33,67,33,0,0,0,United States
3719,,Fury Games,fury-games,30,1,1,0,179820,179820,179820,1,0,100,0,0,0,0,0,0,0,0,
2887906,,Talha Kaya,talha-kaya,30,3,3,0,179748,32549,59916,3,100,67,0,67,0,0,0,0,0,0,
38234,,White Pond Games,white-pond-games,30,1,1,0,179717,179717,179717,0,100,0,0,0,0,100,100,0,0,0,
715,,Pablo Vidaurre Sanz,pablo-vidaurre-sanz,30,3,3,1,179582,64855,59861,4,75,50,0,25,75,0,0,0,25,0,
4650,,The Domaginarium,the-domaginarium,30,4,4,1,179546,3183,44887,4,80,60,60,60,0,0,0,0,0,0,El Salvador
3268,,NEOPOPCORN Corp,neopopcorn-corp,30,1,1,0,179514,179514,179514,1,100,100,0,100,0,0,0,0,0,0,
1639026,,buriki clock,buriki-clock,30,2,2,0,179441,149488,89721,0,0,0,0,100,0,0,0,0,0,0,
42597,,Wildlife Studios,wildlife-studios,30,1,1,0,179406,0,179406,1,0,100,100,0,0,100,0,0,0,0,Ireland
6909062,,"AXTORM Co., Ltd.",axtorm-co-ltd,30,1,1,0,179375,179375,179375,1,0,100,100,0,0,0,0,0,0,0,
1638863,,Exit 73 Studios,exit-73-studios,30,1,1,0,179295,179295,179295,0,100,100,0,100,0,0,100,0,0,0,
504704,,David Marquardt Studios,david-marquardt-studios,30,1,1,1,179191,179191,179191,1,50,100,0,50,0,0,50,0,0,0,Sweden
21155,,616 GAMES,616-games,30,16,16,1,179100,7029,11194,17,88,82,24,94,29,6,0,0,0,0,
8673030,,WR-VRG,wr-vrg,30,2,2,0,179006,89503,89503,0,100,100,100,100,0,0,0,0,0,0,
940728,,BULUT ULU,bulut-ulu,30,4,4,0,178992,21072,44748,0,100,100,50,100,50,0,0,0,25,25,
42674,,Christopher Yabsley,christopher-yabsley,30,4,4,1,178852,39660,44713,3,60,100,0,40,0,0,20,0,0,0,
30965,,Stanislaw Truchowski,stanislaw-truchowski,30,9,9,0,178848,23286,19872,0,100,67,33,89,0,11,0,0,0,0,
3883905,,Tofu Studio,tofu-studio,30,1,1,0,178841,178841,178841,0,100,0,100,0,100,100,100,0,0,0,
33518,,Mosaic Mask Studio,mosaic-mask-studio,30,2,2,0,178837,89419,89419,0,100,50,50,100,0,50,0,0,0,0,Germany
6790,,Faber Interactive,faber-interactive,30,1,1,0,178820,178820,178820,1,100,100,0,100,0,0,0,0,0,0,
29128,,KoukouStudios,koukoustudios,30,1,1,0,178820,178820,178820,0,100,100,0,100,0,0,0,0,0,0,
5189,,Ambiera,ambiera,30,5,5,1,178806,40801,35761,6,50,0,0,17,100,83,0,0,0,0,Austria
50760,,iolaCorp Studio,iolacorp-studio,30,1,1,1,178732,178732,178732,2,100,50,0,50,50,50,50,0,0,0,
24953,,Infogrames,infogrames,30,14,14,0,178680,3813,12763,0,7,79,0,71,7,21,29,0,0,0,France
22583,,"MindBlocks Studio, LLC",mindblocks-studio-llc,30,1,1,0,178544,178544,178544,1,100,100,0,100,0,0,100,0,0,0,
29432,,Steve Gal,steve-gal,30,6,6,1,178542,9994,29757,0,100,71,0,57,0,0,86,0,0,0,
23822,,Silvio Mölter,silvio-m-lter,30,1,1,0,178529,178529,178529,0,0,0,0,0,100,0,0,0,0,0,
25056,,Marcel Mölter,marcel-m-lter,30,1,1,0,178529,178529,178529,0,0,0,0,0,100,0,0,0,0,0,
20081,,FobTi interactive,fobti-interactive,30,11,11,0,178525,4857,16230,11,100,91,36,27,0,0,18,0,0,0,
21950,,Interplay Entertainment Corp.,interplay-entertainment-corp,30,9,9,0,178397,21755,19822,9,0,56,0,44,44,56,11,0,0,0,
17952,,Kaio Meris,kaio-meris,30,2,2,0,178159,89080,89080,2,50,50,0,0,0,50,0,0,0,0,
39017,,Yasagure Kitsuenjyo,yasagure-kitsuenjyo,30,1,1,0,177991,177991,177991,0,100,0,0,0,0,0,100,0,0,0,
4985,,Digital Dawn Studios,digital-dawn-studios,30,2,2,0,177914,11648,88957,0,100,100,50,50,50,0,0,0,0,0,
10436,,Trident Game Studio,trident-game-studio,30,3,3,1,177796,1925,59265,4,100,100,75,25,0,0,0,0,0,0,
16769,,Trichotomy,trichotomy,30,2,2,0,177717,88859,88859,2,100,50,0,0,0,0,50,0,50,50,
24468,,Fuel Entertainment,fuel-entertainment,30,1,1,0,177716,177716,177716,0,100,0,0,100,0,0,0,0,0,0,
23716,,High Tea Frog,high-tea-frog,30,2,2,0,177695,88848,88848,1,100,50,100,0,0,0,0,0,0,0,
32269,,Kubat Software,kubat-software,30,1,1,0,177686,177686,177686,0,0,0,0,0,0,100,0,0,0,0,Czech Republic
3884334,,Lust Desires 🖤,lust-desires,30,9,9,0,177648,20793,19739,9,78,0,100,11,100,0,78,0,11,0,
28063,,Kong Orange,kong-orange,30,1,1,0,177630,177630,177630,0,100,0,0,100,0,0,0,0,0,0,Denmark
92665,,Oz,oz,30,1,1,0,177563,177563,177563,1,100,100,100,0,0,0,0,0,100,0,
30924,,Trapdoor Inc.,trapdoor-inc,30,1,1,0,177437,177437,177437,0,100,100,0,100,0,0,0,0,0,0,
474,,Pirate-Rob,pirate-rob,30,4,4,0,177209,9329,44302,3,100,50,50,0,0,0,50,0,0,0,
36555,,Indiesruption,indiesruption,30,3,3,1,177169,88585,59056,0,100,50,0,100,0,0,0,0,0,0,
25983,,Smart Tale Games,smart-tale-games,30,4,4,0,177115,12513,44279,0,25,0,75,50,50,0,0,0,25,0,France
20342,,Unigine Corp.,unigine-corp,30,1,1,0,177111,0,177111,1,100,0,0,0,0,100,0,0,0,0,
44073,,"Dusklight CO., LTD.",dusklight-co-ltd,30,1,1,1,177109,177109,177109,1,100,50,0,50,0,50,0,0,0,0,
1641061,,Ubik Studios,ubik-studios,30,2,2,1,176996,88498,88498,2,100,0,33,67,0,33,33,0,0,0,Turkey
33583,,Sweet &amp; Tea,sweet-amp-tea,30,1,1,1,176993,176993,176993,0,50,0,50,50,50,0,0,0,0,0,
11703,,Cubic Pie,cubic-pie,30,2,2,1,176952,176952,88476,2,100,100,0,100,33,0,0,0,0,0,
1770294,,Second Impact Games,second-impact-games,30,1,1,0,176931,176931,176931,0,100,100,0,100,0,0,0,0,0,0,United Kingdom
1037,,"Orbital Speed Studio Co.,Ltd.",orbital-speed-studio-co-ltd,30,1,1,0,176869,176869,176869,1,100,100,0,0,100,100,100,0,0,0,
26636,,Storybird Games,storybird-games,30,2,2,0,176722,88361,88361,0,100,50,0,50,0,0,100,0,0,0,France
20587,,Zitrix Megalomedia,zitrix-megalomedia,30,1,1,0,176689,176689,176689,1,100,0,0,0,100,0,0,0,0,0,
14067,,Traptics,traptics,30,3,3,1,176651,26235,58884,2,100,25,0,0,50,75,0,0,0,0,Greece
6659,,Scientifically Proven,scientifically-proven,30,2,2,0,176648,88324,88324,0,50,100,0,0,50,0,0,0,0,0,
14408,,Naps Team,naps-team,30,4,4,0,176427,28682,44107,4,75,75,25,50,0,0,25,0,0,0,Italy
44187,,ADO,ado,30,3,3,2,176364,11698,58788,1,20,80,0,20,0,0,60,0,0,0,
48190,,Sand Traveler,sand-traveler,30,3,3,2,176364,11698,58788,0,20,80,0,20,0,0,60,0,0,0,
30951,,Daijyobi Institute,daijyobi-institute,30,2,2,0,176332,88166,88166,0,100,0,0,50,0,0,100,0,0,0,
27158,,Rusty Moyher,rusty-moyher,30,6,6,0,176251,8309,29375,0,100,100,0,50,0,0,0,0,0,0,
720555,,Purple Ray Studio,purple-ray-studio,30,2,2,0,175936,175936,87968,0,100,50,100,100,0,0,0,0,0,0,Poland
89027,,だらねこげーむず/Daraneko Games,daraneko-games,30,1,1,0,175926,175926,175926,0,100,0,0,100,0,0,100,0,0,0,
7461,,Studio Whisky Tango Inc.,studio-whisky-tango-inc,30,1,1,0,175847,0,175847,1,100,100,0,0,0,0,100,0,0,0,
8906,,Red Vibe Studio,red-vibe-studio,30,2,2,1,175820,87910,87910,3,100,33,67,100,100,0,33,0,0,0,
20380,,Red River Studio,red-river-studio,30,2,2,0,175679,87840,87840,2,100,100,50,50,50,0,0,0,50,0,
23247,,Altaire,altaire,30,1,1,0,175542,175542,175542,1,100,100,100,0,0,0,0,0,0,0,
41488,,Denny Truong,denny-truong,30,4,4,0,175509,55744,43877,0,100,0,0,100,0,0,100,0,0,0,
41489,,Andy Schneider,andy-schneider,30,4,4,0,175509,55744,43877,0,100,0,0,100,0,0,100,0,0,0,
3589240,,Don VS Dodo,don-vs-dodo,30,1,1,0,175464,175464,175464,0,0,0,0,0,100,100,0,0,0,0,
37596,,Çağatay Demir,a-atay-demir,30,2,2,1,175389,87695,87695,2,67,33,33,67,33,0,0,0,0,0,
37881,,Bastian von Gostomski,bastian-von-gostomski,30,1,1,0,175345,175345,175345,0,100,0,0,0,0,100,100,0,0,0,
37882,,Carola Sochiera,carola-sochiera,30,1,1,0,175345,175345,175345,0,100,0,0,0,0,100,100,0,0,0,
37883,,Björn Loesing,bj-rn-loesing,30,1,1,0,175345,175345,175345,0,100,0,0,0,0,100,100,0,0,0,
24298,,VLG,vlg,30,1,1,0,175281,175281,175281,0,100,0,0,100,0,0,0,0,0,0,
32005,,Studio V,studio-v,30,1,1,1,175281,175281,175281,0,100,0,0,100,0,0,50,0,0,0,Italy
1052507,,Team Miaozi,team-miaozi,30,1,1,0,175271,0,175271,0,100,100,0,0,100,0,100,0,0,0,
10475,,AliveGameStudio,alivegamestudio,30,2,2,2,175183,87592,87592,4,75,50,0,25,0,50,50,0,0,0,
25342,,Ville Mönkkönen,ville-m-nkk-nen,30,1,1,0,175062,175062,175062,0,100,0,0,100,0,0,100,0,0,0,
28023,,Anne Mönkkönen,anne-m-nkk-nen,30,1,1,0,175062,175062,175062,0,100,0,0,100,0,0,100,0,0,0,
38542,,SquareHusky,squarehusky,30,1,1,0,175015,175015,175015,0,100,100,100,100,100,0,100,0,0,0,
16115,,Redact Games,redact-games,30,2,2,0,175001,87501,87501,0,0,100,0,50,0,0,0,0,0,0,
32492,,Room-C Games,room-c-games,30,1,1,0,174936,174936,174936,0,100,0,0,0,0,100,100,0,0,0,
7613,,Gnomic Studios,gnomic-studios,30,1,1,0,174930,174930,174930,1,100,100,0,0,0,0,0,0,0,0,
13369,,etherane,etherane,30,4,4,0,174764,38679,43691,4,100,0,0,75,0,0,75,0,0,0,Estonia
8022280,,Dawntown Studio,dawntown-studio,30,1,1,0,174727,174727,174727,1,100,0,0,0,100,0,0,0,0,0,
11978,,BaileyHausdorff Systems,baileyhausdorff-systems,30,1,1,0,174687,174687,174687,1,0,0,0,0,0,100,100,0,0,0,
1052468,,TreeNutsGames,treenutsgames,30,2,2,0,174572,174476,87286,2,100,50,50,0,50,50,0,0,50,0,
9699,,Michaela Laws,michaela-laws,30,8,8,0,174429,3727,21804,8,75,0,88,50,88,25,63,0,0,0,
838,,Team Grybanser Fox,team-grybanser-fox,30,6,6,0,174414,28961,29069,6,83,100,0,0,0,0,0,0,0,0,
151933,,羲和工作室,-,30,2,2,0,174367,87184,87184,2,50,100,0,0,50,0,0,0,0,0,
43667,,Jam2go,jam2go,30,1,1,1,174329,174329,174329,0,100,50,0,100,0,0,50,0,50,0,
27166,,Boolat Games,boolat-games,30,5,5,0,174095,1326,34819,0,0,0,100,100,0,20,0,0,0,0,Ukraine
4064945,,Nightmare Phoenix,nightmare-phoenix,30,1,1,0,174056,174056,174056,1,100,0,0,0,100,0,0,0,0,0,France
940960,,AuntyGames,auntygames,30,1,1,0,174024,174024,174024,1,100,0,100,0,100,0,0,0,0,0,United States
30288,,Etranges Libellules Studios,etranges-libellules-studios,30,2,2,0,173805,86903,86903,0,0,50,0,100,0,0,0,0,0,0,France
47405,,BLUM Entertainment,blum-entertainment,30,3,3,4,173800,173800,57933,1,86,43,14,29,71,86,43,0,0,0,
47614,,Big Play Games,big-play-games,30,1,1,0,173772,173772,173772,1,0,100,100,0,0,100,0,0,0,0,United States
15734,,Brimstone,brimstone,30,4,4,0,173680,38213,43420,3,100,75,50,0,25,25,0,0,0,0,
12304,,NeutronStar.studio,neutronstar-studio,30,5,5,1,173673,5506,34735,2,100,0,50,33,33,33,17,0,0,0,
42026,,nodayshalleraseyou,nodayshalleraseyou,30,1,1,0,173647,173647,173647,1,100,100,0,0,100,0,100,0,0,0,
7539,,Squatting Penguins,squatting-penguins,30,1,1,0,173632,173632,173632,0,100,0,0,0,0,100,0,0,0,0,
32088,,Big Fish Studios,big-fish-studios,30,7,7,0,173614,9364,24802,0,0,0,100,86,14,14,0,0,0,0,United States
4220635,,Mino Games,mino-games,30,1,1,0,173577,173577,173577,1,0,0,0,0,0,0,0,0,0,0,Canada
13276,,Julia Minamata,julia-minamata,30,2,2,0,173467,173467,86734,1,50,0,0,100,0,0,0,0,0,0,
10033,,Mikori Games,mikori-games,30,1,1,0,173365,173365,173365,1,0,0,0,0,100,0,0,0,0,100,
17718,,PleasingFungus Games,pleasingfungus-games,30,2,2,0,173281,86641,86641,2,50,0,0,0,100,0,0,0,0,0,
7080262,,Enes Kaplan,enes-kaplan,30,1,1,1,173277,173277,173277,0,100,50,100,100,50,0,0,0,0,0,
17457,,Henchman &amp; Goon,henchman-amp-goon,30,2,2,0,173240,168952,86620,0,100,50,50,50,0,0,0,0,0,0,
9607,,SeeThrough Studios,seethrough-studios,30,1,1,0,173230,0,173230,1,100,0,0,0,0,0,0,0,0,0,
2029123,,NoGlyph Games,noglyph-games,30,1,1,1,173209,173209,173209,2,100,100,100,50,0,50,0,0,0,0,
19954,,Unknown Origin Games Inc,unknown-origin-games-inc,30,1,1,0,173146,173146,173146,1,100,0,0,0,100,100,0,0,0,0,Canada
28127,,Solar Sail Games Ltd,solar-sail-games-ltd,30,1,1,0,173118,173118,173118,0,100,0,0,100,0,0,100,0,0,0,
5981,,Secret Location Inc.,secret-location-inc,30,3,3,0,173110,0,57703,3,0,67,67,33,0,0,0,0,0,0,
20790,,Rune Skovbo Johansen,rune-skovbo-johansen,30,2,2,0,173046,173046,86523,2,100,100,0,100,0,0,0,0,0,0,
40031,,Phosphor Game Studios,phosphor-game-studios,30,1,1,0,173017,173017,173017,1,0,100,0,0,0,0,0,0,0,0,
3112,,Shady Corner Games,shady-corner-games,30,6,6,0,172940,10756,28823,6,0,17,50,67,0,0,0,0,17,0,
20207,,Membraine Studios,membraine-studios,30,2,2,0,172900,0,86450,2,50,0,0,0,0,100,0,0,0,0,
23935,,Cavyhouse,cavyhouse,30,4,4,1,172827,25053,43207,0,100,0,20,60,60,0,20,0,0,0,
4241262,,OceanAVN,oceanavn,30,1,1,1,172784,172784,172784,2,100,0,0,50,100,50,100,0,0,0,
28223,,Dracula Bytes,dracula-bytes,30,1,1,0,172752,172752,172752,0,100,100,100,0,0,0,0,0,0,0,
29225,,House of Tales,house-of-tales,30,4,4,0,172720,50211,43180,0,75,0,25,100,0,0,0,0,0,0,Germany
5695,,Rewind Games,rewind-games,30,1,1,0,172714,172714,172714,1,100,100,0,100,0,0,0,0,100,100,Canada
6059277,,XO Cat,xo-cat,30,1,1,0,172713,172713,172713,1,100,0,100,0,100,100,0,0,0,0,
9480,,Peach Pie Productions,peach-pie-productions,30,2,2,0,172694,86347,86347,1,100,100,0,100,50,0,100,0,0,0,
29724,,Planet Moon Studios,planet-moon-studios,30,3,3,0,172689,58436,57563,0,0,100,0,67,0,0,33,0,0,0,United States
11371,,Vulkano Forge,vulkano-forge,30,1,1,0,172547,172547,172547,1,100,0,0,0,0,100,0,0,0,0,
31697,,Coldrice Games LLC,coldrice-games-llc,30,2,2,0,172505,86253,86253,1,100,0,50,50,100,50,50,0,0,0,
23582,,Ste Curran,ste-curran,30,1,1,0,172424,172424,172424,0,0,0,100,0,0,0,0,0,0,0,
31512,,ChaoYe Liu,chaoye-liu,30,9,9,1,172424,14868,19158,0,40,10,60,10,60,0,40,40,0,0,
16490,,j4nw,j4nw,30,1,1,0,172412,172412,172412,1,100,0,0,0,0,100,0,0,0,0,
28438,, Eurocom Entertainment Software,eurocom-entertainment-software,30,1,1,0,172366,172366,172366,0,0,100,0,100,0,0,0,0,0,0,United Kingdom
43445,,ENIGMA STUDIO,enigma-studio,30,3,3,1,172328,70727,57443,4,50,50,25,50,0,0,0,0,0,0,Ireland
18721,,goonswarm,goonswarm,30,5,5,1,172298,18518,34460,4,100,17,17,67,0,67,67,0,0,0,
1397033,,Travellin Cats,travellin-cats,30,11,11,3,172240,19575,15658,14,100,0,100,0,0,0,0,0,0,0,
24773,,Villainous  Games,villainous-games,30,1,1,0,172231,172231,172231,0,100,0,100,0,100,100,0,0,0,0,
148,,UnholY CreatioN,unholy-creation,30,4,4,0,172204,23541,43051,4,100,50,0,0,25,0,25,0,0,0,
77654,,Filament Classic,filament-classic,30,2,2,0,172177,86089,86089,2,100,0,100,0,50,100,0,0,0,0,
43526,,Maze Theory Ltd,maze-theory-ltd,30,1,1,0,172100,172100,172100,1,100,0,0,100,0,0,0,0,0,0,
38101,,曲波,-,30,3,3,0,172063,39323,57354,3,67,0,33,0,33,67,0,0,0,0,
17618,,Naga Entertainment,naga-entertainment,30,1,1,0,171976,171976,171976,1,100,0,0,100,0,0,0,0,0,0,
9099,,Random Seed Games,random-seed-games,30,2,2,1,171907,171907,85954,3,100,0,67,0,0,0,0,0,0,0,
3899087,,Julien Eveillé,julien-eveill,30,1,1,0,171743,171743,171743,0,100,0,0,100,0,0,0,0,0,0,
16532,,Picorinne Soft,picorinne-soft,30,4,4,1,171646,38493,42912,3,80,60,20,20,0,0,40,0,0,0,
23783,,Walk with Kings,walk-with-kings,30,1,1,0,171625,171625,171625,0,100,100,0,0,0,100,0,0,0,0,Australia
830390,,Last Bite Games,last-bite-games,30,1,1,1,171485,171485,171485,2,100,100,50,0,0,0,50,0,0,0,
15865,,BeagleGames,beaglegames,30,2,2,0,171390,85695,85695,2,50,100,50,0,50,0,0,0,0,0,
11035,,Defiance Game Studio,defiance-game-studio,30,1,1,0,171232,171232,171232,1,100,0,0,0,100,0,100,0,0,0,
2849,,Last Dimension,last-dimension,30,2,2,0,171209,85605,85605,2,50,100,0,100,0,0,50,0,0,0,
191867,,Madi Abdykarimov,madi-abdykarimov,30,1,1,1,171153,171153,171153,0,100,100,0,100,100,0,0,0,0,0,
3671,,Citeremis Inc.,citeremis-inc,30,2,2,0,171127,0,85564,2,100,100,50,0,0,0,50,0,0,0,Canada
47429,,Team Machiavelli,team-machiavelli,30,2,2,1,171099,171099,85550,1,100,67,33,33,0,100,0,0,0,0,
28869,,Big Green Pillow,big-green-pillow,30,2,2,0,171085,85543,85543,0,50,100,0,50,0,0,0,0,0,0,
40744,,Shiravune,shiravune,30,1,1,0,171083,171083,171083,1,0,0,0,100,0,0,0,0,0,0,Japan
48384,,TSUKURITE.,tsukurite,30,1,1,0,171054,171054,171054,0,100,0,0,0,100,0,0,0,0,0,
30517,,Jon Kerney,jon-kerney,30,1,1,0,171036,171036,171036,0,100,100,0,0,0,0,0,0,0,0,
15846,,Totem Games,totem-games,30,20,20,0,170901,7406,8545,1,0,0,0,0,75,80,0,0,0,0,
12365,,The Stork Burnt Down,the-stork-burnt-down,30,1,1,0,170826,170826,170826,1,100,0,100,0,100,0,0,0,0,0,United States
14797,,stealth.gg,stealth-gg,30,1,1,0,170768,170768,170768,1,100,100,0,100,0,0,100,0,0,0,
10291,,VGstudio,vgstudio,30,9,9,0,170741,16689,18971,7,67,89,0,67,22,0,0,0,11,11,Ukraine
24676,,SHADE,shade,30,1,1,0,170694,170694,170694,0,0,100,0,0,0,0,0,0,0,0,Japan
46295,,Armchair History Interactive,armchair-history-interactive,30,1,1,1,170642,170642,170642,2,50,0,0,0,0,100,0,0,0,0,
27458,,Ankama Studio,ankama-studio,30,7,7,0,170604,85302,24372,0,29,29,29,57,0,86,57,43,0,0,France
96027,,Achenar Studios,achenar-studios,30,2,2,0,170520,85260,85260,0,50,50,0,0,50,50,50,0,0,0,Brazil
15967,,Hapa Games,hapa-games,30,1,1,0,170393,0,170393,1,100,100,0,100,0,0,100,0,0,0,United States
14777,,Andriy Bychkovskyi,andriy-bychkovskyi,30,2,2,3,170185,170185,85093,2,100,0,40,20,80,60,20,0,0,0,
5870,,diman production,diman-production,30,4,4,0,170168,35124,42542,4,100,100,25,100,50,0,0,50,0,25,
239886,,Jake Donkersgoed,jake-donkersgoed,30,1,1,0,170160,170160,170160,1,100,0,0,0,100,100,100,0,0,0,
19047,,Vertices Software,vertices-software,30,1,1,0,169974,169974,169974,1,100,0,0,0,100,0,0,0,100,0,
37240,,Aniki,aniki,30,1,1,0,169971,169971,169971,0,100,100,0,100,100,100,100,100,0,100,
2999548,,Naku Kinoko,naku-kinoko,30,7,7,2,169874,22539,24268,6,78,22,78,22,33,44,67,0,56,0,
17698,,Bullid Games,bullid-games,30,18,18,0,169870,0,9437,18,100,6,100,11,6,0,0,0,11,11,
15295,,Snowrunner Games,snowrunner-games,30,3,3,0,169842,79939,56614,2,67,67,0,33,33,0,0,0,0,0,
9531,,Luxorix Games,luxorix-games,30,2,2,2,169838,55634,84919,2,75,50,0,100,0,0,75,0,0,0,
4256,,Skymap Games,skymap-games,30,2,2,0,169758,84879,84879,2,100,50,0,50,0,0,0,0,50,0,United States
41386,,AGaming+,agaming,30,2,2,0,169729,84865,84865,2,50,100,0,50,0,0,100,0,0,0,
7611389,,International Cat Studios,international-cat-studios,30,1,1,0,169655,169655,169655,0,100,0,0,100,100,0,0,0,0,0,
3390,,Turbo Tape Games,turbo-tape-games,30,3,3,0,169649,2942,56550,2,67,0,0,0,0,100,0,0,0,0,Norway
44985,,Axan Gray,axan-gray,30,1,1,0,169528,169528,169528,1,100,100,0,0,0,0,0,0,100,0,
22946,,Dustwind Studios,dustwind-studios,30,1,1,0,169466,169466,169466,1,100,100,0,0,0,100,0,0,0,0,
26603,,Broken Arrow Games,broken-arrow-games,30,2,2,1,169447,169447,84724,1,67,33,0,100,33,0,0,0,0,0,Poland
43709,,Limo Games,limo-games,30,1,1,0,169447,169447,169447,0,100,100,0,100,100,0,0,0,0,0,
8976,,Nerd Monkeys®,nerd-monkeys,30,5,5,1,169364,29815,33873,5,100,17,83,50,17,0,0,0,0,0,
50780,,Eldin Turulja,eldin-turulja,30,1,1,0,169119,169119,169119,0,100,0,0,0,0,100,100,0,0,0,
36715,,"INFINITY Co., Ltd.",infinity-co-ltd,30,1,1,0,169091,169091,169091,0,0,0,100,0,0,0,0,0,0,0,
33902,,Hyper Three Studio,hyper-three-studio,30,2,2,1,169036,84518,84518,0,100,0,100,0,0,0,0,0,0,0,
27081,,Denis Galanin (mif2000),denis-galanin-mif2000,30,2,2,0,168993,84497,84497,0,100,0,0,100,0,0,0,0,0,0,
31012,,Droqen,droqen,30,3,3,3,168958,17669,56319,6,100,67,0,67,0,0,17,0,17,0,
15687,,Rival Games Ltd,rival-games-ltd,30,1,1,0,168882,168882,168882,1,100,0,0,100,0,0,0,0,0,0,
36621,,HST Studios,hst-studios,30,1,1,0,168877,168877,168877,0,0,100,0,0,0,0,0,0,0,0,
65000,,Third Spirit Games,third-spirit-games,30,1,1,1,168873,168873,168873,2,100,100,50,100,0,0,0,0,0,0,
3438156,,MAD TRIO,mad-trio,30,1,1,0,168873,168873,168873,1,100,100,0,0,0,0,0,0,0,0,
41503,,IZZLE,izzle,30,2,2,0,168837,84419,84419,1,100,100,0,50,0,50,0,0,0,0,
39121,,PICOPICOSOFT,picopicosoft,30,1,1,0,168772,168772,168772,0,100,0,0,0,0,0,100,0,0,0,
326107,,Love7,love7,30,1,1,0,168755,0,168755,0,100,0,100,0,100,0,100,0,0,0,
21070,,Creative Bytes Studios,creative-bytes-studios,30,3,3,0,168741,26615,56247,2,67,33,0,100,0,0,33,0,0,0,
78736,,Calvino Noir,calvino-noir,30,1,1,0,168718,168718,168718,1,100,0,0,100,0,0,0,0,0,0,
8803,,Fresh3D,fresh3d,30,1,1,0,168655,168655,168655,0,0,100,0,100,0,0,100,0,0,0,France
45399,,Postmodern Adventures,postmodern-adventures,30,2,2,1,168620,84310,84310,2,0,0,0,100,0,0,0,0,0,0,Spain
26137,,Fire Face Corporation,fire-face-corporation,30,2,2,0,168606,84303,84303,0,100,50,0,50,0,0,0,0,0,0,Canada
51044,,Bruno Bombardi,bruno-bombardi,30,2,2,0,168514,84257,84257,0,100,50,0,100,0,0,0,0,0,0,
20917,,Carl Games,carl-games,30,2,2,0,168422,84211,84211,2,100,100,0,50,0,0,0,0,0,0,
775695,,Skyglow Softworks,skyglow-softworks,30,1,1,0,168289,168289,168289,1,100,0,0,0,0,100,0,0,0,0,
29977,,Circle Meimitei,circle-meimitei,30,1,1,1,168258,168258,168258,0,50,0,50,50,0,0,50,0,0,0,
8027,,Cardboard Keep,cardboard-keep,30,4,4,0,168242,14846,42061,4,100,50,50,50,25,50,25,0,0,0,Australia
20416,,FUTURTECH,futurtech,30,8,8,0,168174,9461,21022,2,50,13,0,0,0,38,13,0,0,0,
21818,,Phodex Games,phodex-games,30,3,3,0,168127,5187,56042,3,67,67,67,67,33,33,33,0,0,0,Germany
1775024,,LiminalLogic,liminallogic,30,1,1,0,168081,168081,168081,1,100,100,0,100,0,0,0,0,0,0,
1294,,Shrimpcave Industries,shrimpcave-industries,30,1,1,0,167951,167951,167951,1,0,100,100,0,0,100,0,0,0,0,
2295932,,Underground Studio,underground-studio,30,1,1,0,167809,167809,167809,1,100,0,0,100,0,0,0,0,0,0,
16594,,Hammer Games,hammer-games,30,4,4,1,167785,10547,41946,5,100,20,20,20,20,60,20,0,0,0,
46484,,Crimson Herring Studios,crimson-herring-studios,30,1,1,0,167628,167628,167628,1,0,0,0,0,0,0,100,0,0,0,
16822,,Journey Bound Games,journey-bound-games,30,1,1,1,167517,167517,167517,2,100,50,50,100,0,50,0,0,0,0,
30955,,BL-Logic,bl-logic,30,2,2,0,167450,83725,83725,0,0,0,0,0,50,100,0,0,0,0,
30643,,Bacon Wrapped Games,bacon-wrapped-games,30,2,2,0,167352,83676,83676,0,100,0,100,0,0,0,0,0,0,0,
35895,,王韋,-,30,4,4,0,167307,18572,41827,1,25,0,0,0,0,25,100,0,0,0,
22277,,Poorwill Games,poorwill-games,30,2,2,0,167300,83650,83650,2,100,50,0,50,0,0,50,0,0,0,
27786,,Toffee Games,toffee-games,30,1,1,0,167234,167234,167234,0,100,100,0,0,0,0,0,0,100,0,
7523,,Digital Continue,digital-continue,30,5,5,0,167215,46765,33443,2,60,60,0,20,20,20,60,0,0,0,United States
26508,,Cypron Interactive,cypron-interactive,30,1,1,0,167187,167187,167187,0,0,100,0,0,0,100,0,0,0,0,
2554,,Phantomisreal Ltd.,phantomisreal-ltd,30,1,1,0,167174,167174,167174,1,100,0,0,100,0,0,100,0,0,0,
1640622,,Intostudio,intostudio,30,1,1,1,167061,167061,167061,2,50,100,0,50,0,0,100,0,0,0,
50081,,Jukai Studio,jukai-studio,30,1,1,0,167032,167032,167032,0,100,100,0,100,0,0,0,0,0,0,Japan
34180,,Studio Dragonet,studio-dragonet,30,2,2,2,167028,83514,83514,0,75,25,50,75,0,0,0,0,0,0,
32039,,Jonathan Tindell,jonathan-tindell,30,2,2,0,166992,83496,83496,0,100,100,0,0,0,0,50,0,0,0,
46030,,Randwerk,randwerk,30,1,1,0,166880,166880,166880,0,100,0,0,0,100,100,0,0,0,0,Germany
45706,,BEESWAX GAMES,beeswax-games,30,2,2,1,166864,166864,83432,1,100,100,0,100,33,0,67,0,0,0,
16289,,John Wizard,john-wizard,30,10,10,0,166855,24094,16686,9,90,0,10,60,20,60,100,0,0,0,
12726,,Nucleosys,nucleosys,30,1,1,0,166818,0,166818,1,0,0,0,100,0,0,0,0,0,0,Argentina
3906855,,Jellyfish,jellyfish,30,1,1,0,166682,166682,166682,0,0,0,100,100,0,0,0,0,0,0,
261,,Panoramik Inc,panoramik-inc,30,3,3,0,166645,0,55548,3,33,67,33,67,0,33,33,33,0,0,
1462198,,Bit Mirror,bit-mirror,30,1,1,0,166623,166623,166623,0,0,0,0,0,100,0,0,0,0,0,
29332,,Echo Chamber Games,echo-chamber-games,30,1,1,0,166525,166525,166525,0,0,0,0,0,100,0,0,0,0,0,
2308,,Lunaris Games,lunaris-games,30,2,2,1,166496,83248,83248,3,100,0,67,33,0,0,33,0,0,0,
4136,,Daniel Wright,daniel-wright,30,1,1,0,166495,166495,166495,1,100,100,0,0,0,0,100,0,0,0,
43460,,FIRECHICK,firechick,30,1,1,0,166484,166484,166484,0,100,0,0,100,0,0,0,0,0,0,
1640900,,Whale Peak Games,whale-peak-games,30,1,1,0,166354,166354,166354,0,0,100,0,0,0,0,0,0,0,0,
4540,,Emre Tanirgan,emre-tanirgan,30,1,1,0,166350,166350,166350,1,100,0,100,0,100,0,0,0,0,0,
13856,,Mutiny Software,mutiny-software,30,3,3,0,166313,68787,55438,3,33,100,33,0,67,100,0,0,0,0,
38901,,Semag Games,semag-games,30,1,1,0,166280,166280,166280,1,100,0,0,100,0,0,0,0,0,0,
28953,,多极网络,-,30,3,3,0,166164,32967,55388,1,67,0,100,33,100,33,67,0,0,0,
15721,,SmokeStab,smokestab,30,1,1,1,166096,166096,166096,1,100,100,0,0,0,0,0,0,0,0,Germany
1635552,,Candylight Studio,candylight-studio,30,2,2,2,166065,83033,83033,4,0,0,75,100,25,0,100,0,0,0,
14661,,Capturing Reality,capturing-reality,30,1,1,0,165811,0,165811,1,0,0,0,0,0,0,0,0,0,0,
5741825,,Double Jack,double-jack,30,1,1,0,165769,165769,165769,1,100,0,100,0,100,0,0,0,0,0,
5597,,Nova-box,nova-box,30,5,5,0,165707,32461,33141,5,100,0,0,20,0,0,0,0,0,0,France
12319,,Studio Goya,studio-goya,30,11,11,0,165651,15391,15059,11,100,0,73,0,0,73,0,0,0,0,
4165,, Troglobytes Games,troglobytes-games,30,4,4,1,165535,50169,41384,0,40,80,20,80,40,0,20,0,0,0,Spain
25398,,CorypheeSoft,corypheesoft,30,1,1,0,165461,165461,165461,0,100,0,100,100,0,0,0,0,0,0,
27941,,Mighty Polygon,mighty-polygon,30,1,1,0,165435,165435,165435,0,100,100,0,100,0,0,0,0,0,0,Spain
30713,,Kalmia8,kalmia8,30,2,2,0,165369,82685,82685,0,0,0,0,100,0,0,0,0,0,0,
34787,,Broadside Games,broadside-games,30,1,1,1,165280,165280,165280,1,50,100,0,100,0,0,0,0,0,0,Australia
51940,,Studio Voyager,studio-voyager,30,2,2,0,165238,165238,82619,0,100,50,50,100,0,0,0,0,0,0,
31780,,Shenandoah Studio,shenandoah-studio,30,4,4,0,165183,34841,41296,0,0,0,0,0,0,100,0,0,0,0,
23404,,"Beep Games, Inc.",beep-games-inc,30,2,2,0,165148,82574,82574,2,0,100,0,50,0,0,0,0,0,0,
6528,,Contours,contours,30,1,1,0,165144,165144,165144,1,0,0,0,0,100,0,0,0,0,100,
32697,,Electric Cafe,electric-cafe,30,1,1,0,165141,165141,165141,0,100,100,0,0,0,0,0,0,0,0,
21660,,Enoops,enoops,30,33,33,0,165102,3587,5003,33,97,45,70,73,6,0,48,0,6,0,
2466279,,Nuci,nuci,30,3,3,0,165099,5586,55033,3,100,100,33,33,0,0,0,0,0,0,
28666,,RuneHeads,runeheads,30,2,2,1,165080,82540,82540,1,67,33,0,33,0,33,100,0,0,0,Italy
52248,,HULOTTE,hulotte,30,2,2,0,165006,82503,82503,0,0,0,50,100,0,0,0,0,0,0,
2777603,,大肘子,-,30,1,1,0,164880,164880,164880,0,100,0,0,100,0,0,100,0,0,0,
6222,,Captain Games,captain-games,30,4,4,0,164864,5112,41216,4,100,0,25,0,50,0,0,0,25,50,
4789,,Ghostbutter,ghostbutter,30,2,2,0,164805,82403,82403,2,100,50,0,100,50,0,0,0,0,0,
28441,,柚子丁工作室,-,30,1,1,0,164802,164802,164802,0,100,0,0,100,100,0,100,0,0,0,
5686,,GuGong,gugong,30,2,2,0,164622,82311,82311,1,100,0,0,0,0,50,50,0,0,0,
47762,,Brent Arnold,brent-arnold,30,1,1,0,164572,164572,164572,1,100,0,100,0,100,0,100,0,0,0,
15647,,iFun4all S.A.,ifun4all-s-a,30,2,2,0,164423,91922,82212,2,100,100,0,0,0,0,0,0,0,0,
24688,,知行合一,-,30,1,1,1,164412,0,164412,1,100,0,100,100,0,0,100,0,0,0,
2026408,,IDUN Interactive,idun-interactive,30,2,2,0,164389,164389,82195,0,100,50,0,100,100,100,0,0,0,0,
456158,,FUTU Studio,futu-studio,30,2,2,1,164348,82174,82174,0,100,33,33,67,0,0,67,0,0,0,China
47686,,Sengi Games,sengi-games,30,2,2,1,164317,82159,82159,2,100,100,0,33,33,0,33,0,0,0,Ukraine
9056,,Hitbear Studio,hitbear-studio,30,4,4,0,164256,26198,41064,4,100,100,0,100,0,0,100,0,0,0,
52600,,RE:Code,re-code,30,2,2,2,164196,82098,82098,4,75,100,0,75,50,0,50,25,0,0,
1639028,,月刊湿地帯,-,30,2,2,1,164188,164188,82094,0,67,33,0,67,0,0,33,0,0,0,
11918,,Heroic Fantasy Games Dot Com,heroic-fantasy-games-dot-com,30,2,2,0,164179,82090,82090,2,100,0,0,50,0,0,100,0,0,0,
8927,,IriySoft,iriysoft,30,3,3,0,164167,52855,54722,1,67,33,33,0,0,67,0,0,0,0,
3143780,,Memorable Games,memorable-games,30,1,1,0,164103,164103,164103,0,100,0,0,100,100,0,100,0,0,0,Italy
6533,,Zanrai Interactive,zanrai-interactive,30,1,1,1,163893,163893,163893,2,100,100,50,0,0,0,0,0,0,0,
27884,,Skeleton,skeleton,30,1,1,0,163822,163822,163822,0,100,0,0,0,0,100,100,0,0,0,
28586,,Joy Manufacturing Co.,joy-manufacturing-co,30,1,1,0,163766,163766,163766,0,100,0,0,100,100,0,100,0,0,0,
27847,,Righteous Weasel Games,righteous-weasel-games,30,2,2,0,163759,163759,81880,0,50,100,50,100,0,0,100,0,0,0,
86139,,Ignatios Prouctions LLC,ignatios-prouctions-llc,30,2,2,0,163759,163759,81880,0,50,100,50,100,0,0,100,0,0,0,
23699,,Volition Inc,volition-inc,30,2,2,0,163740,81870,81870,0,0,100,0,0,0,0,0,0,0,0,United States
17590,,Kurechii,kurechii,30,2,2,2,163706,81853,81853,4,100,50,25,75,50,50,75,0,0,0,Malaysia
2431898,,Delayed Victory,delayed-victory,30,2,2,0,163669,81835,81835,2,100,0,100,100,0,0,0,0,0,0,
708,,Revmatek,revmatek,30,14,14,0,163614,3280,11687,13,100,86,100,93,93,36,0,0,7,7,
31686,,Robert Miroszewski,robert-miroszewski,30,1,1,0,163545,163545,163545,0,0,0,0,0,100,0,0,0,0,0,
30745,,J. King-Spooner,j-king-spooner,30,4,4,1,163407,22840,40852,2,80,40,0,40,0,20,20,0,0,0,
1642270,,Silkersoft,silkersoft,30,1,1,0,163390,163390,163390,0,100,0,0,100,100,0,0,0,0,0,Germany
1642271,,Lukke,lukke,30,1,1,0,163390,163390,163390,0,100,0,0,100,100,0,0,0,0,0,
4049081,,RollinBarrel,rollinbarrel,30,1,1,0,163390,163390,163390,0,100,0,0,100,100,0,0,0,0,0,
35997,,Acid Man Games,acid-man-games,30,1,1,0,163386,163386,163386,0,100,100,0,0,0,0,0,0,0,0,
35998,,Fire Plant Games,fire-plant-games,30,1,1,0,163386,163386,163386,0,100,100,0,0,0,0,0,0,0,0,
2868052,,Gameduchy,gameduchy,30,1,1,1,163344,163344,163344,2,0,50,0,50,50,50,50,0,0,0,
25728,,"Dracue, Co. ltd",dracue-co-ltd,30,1,1,0,163285,0,163285,0,100,100,0,0,0,0,0,0,0,0,
12903,,Assemble Entertainment,assemble-entertainment,30,9,9,0,163267,9745,18141,9,0,0,0,78,22,22,0,0,0,0,
2444,,Lingtan Studio,lingtan-studio,30,7,7,0,163261,10225,23323,7,86,0,0,100,14,0,0,0,0,0,
24333,,Admir Leka,admir-leka,30,1,1,0,163014,163014,163014,0,100,100,100,0,0,0,0,0,0,0,
26364,,Brandon van Doorn,brandon-van-doorn,30,1,1,0,163014,163014,163014,0,100,100,100,0,0,0,0,0,0,0,
27883,,Alexey Khazov,alexey-khazov,30,1,1,0,163014,163014,163014,0,100,100,100,0,0,0,0,0,0,0,
29825,,Lars van Dorenvanck,lars-van-dorenvanck,30,1,1,0,163014,163014,163014,0,100,100,100,0,0,0,0,0,0,0,
32058,,Joran Vergoessen,joran-vergoessen,30,1,1,0,163014,163014,163014,0,100,100,100,0,0,0,0,0,0,0,
32381,,Cristian Ionescu,cristian-ionescu,30,1,1,0,163014,163014,163014,0,100,100,100,0,0,0,0,0,0,0,
20834,,Brain Stone GmbH,brain-stone-gmbh,30,1,1,0,162876,0,162876,1,100,100,0,0,0,0,0,0,0,0,Germany
6195,,Niffler Ltd.,niffler-ltd,30,4,4,0,162848,52489,40712,4,25,75,0,75,0,75,0,0,0,0,United Kingdom
53312,,Garage51,garage51,30,1,1,0,162806,162806,162806,1,100,100,100,0,100,0,0,0,0,0,
8171,,Lilou Studio,lilou-studio,30,2,2,0,162652,81326,81326,2,100,0,100,0,100,50,50,0,0,0,
15620,,NIGHTBOX,nightbox,30,2,2,0,162593,0,81297,2,100,100,50,50,0,50,0,0,0,0,
26763,,北京星磐科技,-,30,1,1,0,162489,162489,162489,0,100,0,0,100,0,0,100,0,0,0,
12415,,Monte Cristo,monte-cristo,30,3,3,0,162381,53254,54127,0,0,0,0,0,33,33,67,0,0,0,France
29587,,"Digits Crossed Interactive, LLC",digits-crossed-interactive-llc,30,1,1,0,162356,162356,162356,0,0,0,0,0,100,0,0,0,0,0,
1558,,TimeGate Studios,timegate-studios,30,4,4,0,162295,47938,40574,3,0,25,0,0,0,75,0,0,0,0,United States
3608,,Dark Curry S.L.,dark-curry-s-l,30,1,1,0,162190,162190,162190,1,100,100,0,100,0,0,100,0,0,0,Spain
16700,,Sinister Design,sinister-design,30,3,3,0,162166,72450,54055,2,100,0,0,0,33,100,100,0,0,0,
1642013,,Vision Forge Team,vision-forge-team,30,1,1,0,162160,162160,162160,1,100,100,0,0,0,0,100,0,0,0,
16522,,Kumobius,kumobius,30,1,1,0,162009,162009,162009,1,100,100,0,0,0,0,0,0,0,0,
27064,,Asakiyumemishi,asakiyumemishi,30,4,4,0,161949,34916,40487,0,75,0,0,50,0,0,100,0,0,0,
1399196,,Team Crucible,team-crucible,30,1,1,0,161829,161829,161829,1,100,100,0,0,0,0,0,0,0,0,
31927,,Burnt Fuse,burnt-fuse,30,1,1,0,161709,161709,161709,0,100,100,0,0,0,0,0,0,0,0,
31910,,eXiin,exiin,30,1,1,0,161601,161601,161601,0,100,100,0,100,0,0,100,0,0,0,Belgium
122,,Appliks Apps Studios,appliks-apps-studios,30,1,1,0,161582,161582,161582,1,100,0,0,0,100,100,0,0,0,0,
1396308,,1000-REKA,1000-reka,30,1,1,0,161577,161577,161577,1,100,0,0,100,0,0,0,0,0,0,Japan
4745,,Ape Law,ape-law,30,2,2,0,161387,80694,80694,2,100,100,0,100,0,0,0,0,0,0,United States
8232,,HandMade Game,handmade-game,30,3,3,0,161379,71091,53793,2,100,33,100,33,33,0,0,0,0,0,
28642,,Playsoft,playsoft,30,2,2,0,161335,80668,80668,0,0,0,0,0,0,100,0,0,0,0,France
3699,,LizardKing,lizardking,30,1,1,0,161291,161291,161291,1,100,100,0,0,0,0,0,0,0,0,
2419199,,This I Dreamt,this-i-dreamt,30,1,1,0,161283,161283,161283,0,100,0,0,100,0,0,100,0,0,0,
292710,,OWENO,oweno,30,1,1,0,161276,161276,161276,1,100,0,100,0,100,0,0,0,0,0,
2164967,,1000 Orks,1000-orks,30,1,1,0,161194,161194,161194,0,100,0,0,0,0,100,0,0,0,0,Germany
1512,,Stirfire Studios,stirfire-studios,30,2,2,0,161156,80578,80578,2,100,50,0,50,0,0,0,0,0,0,Australia
1884,,"Fordays Co.,Ltd.",fordays-co-ltd,30,1,1,0,161148,161148,161148,0,100,100,0,0,0,0,0,0,0,0,
6552421,,7Levels,7levels,30,2,2,0,161038,80519,80519,2,100,100,0,100,0,0,0,0,0,0,
1935,,UnexEvo,unexevo,30,2,2,0,161023,80512,80512,2,50,50,0,0,100,50,50,0,50,0,
25135,,Telepaths Tree,telepaths-tree,30,1,1,0,161008,161008,161008,0,0,100,0,100,0,0,0,0,0,0,
504715,,Team Tyrant,team-tyrant,30,2,2,1,160978,80489,80489,1,67,100,0,0,0,0,67,0,0,0,
1053178,,Ferrite Labs,ferrite-labs,30,1,1,2,160937,160937,160937,3,100,67,67,67,33,0,0,67,0,0,
245415,,Cosmo Gatto,cosmo-gatto,30,1,1,0,160922,160922,160922,0,0,0,100,100,100,0,0,0,0,0,
29508,,Nihilistic Software,nihilistic-software,30,1,1,0,160917,160917,160917,0,0,0,0,0,0,0,100,0,0,0,United States
298,,Iron Bit,iron-bit,30,1,1,0,160734,0,160734,1,100,100,0,0,0,0,100,100,0,0,
38867,,Trialforge Studio,trialforge-studio,30,1,1,0,160596,160596,160596,0,100,100,0,100,0,0,100,0,0,0,
19532,,Dumbfounded,dumbfounded,30,2,2,0,160506,80253,80253,2,100,100,50,0,0,50,0,0,0,0,
32078,,MorbidWare,morbidware,30,1,1,1,160502,160502,160502,1,100,100,0,50,0,0,0,0,0,0,Italy
7852,,Prologue Games,prologue-games,30,1,1,0,160469,160469,160469,1,100,0,0,100,0,0,0,0,0,0,United States
33457,,Jim Offerman,jim-offerman,30,1,1,0,160445,160445,160445,1,100,0,100,0,100,100,0,0,0,0,
52865,,Red Games Co.,red-games-co,30,1,1,0,160133,160133,160133,0,0,100,100,0,0,0,0,0,0,0,
23642,,Rumpus,rumpus,30,2,2,0,160124,80062,80062,0,100,0,100,100,0,0,0,0,0,0,
23015,,CC_ARTS,cc-arts,30,5,5,1,160034,6712,32007,3,83,100,0,33,0,0,0,0,0,0,
8112,,Canari Games,canari-games,30,2,2,0,159976,79988,79988,1,100,100,0,100,0,0,0,0,0,0,
24757,,D.E.X. Team,d-e-x-team,30,1,1,0,159917,159917,159917,0,100,100,0,0,0,0,0,0,0,0,
18189,,gnifrebel Games UG,gnifrebel-games-ug,30,1,1,0,159862,159862,159862,1,100,0,100,0,100,100,0,0,0,0,
504183,,SeaOrama,seaorama,30,1,1,0,159853,159853,159853,0,100,0,0,0,100,100,0,0,0,0,
5200269,,Hidden Tower,hidden-tower,30,1,1,0,159853,159853,159853,0,100,0,0,0,100,100,0,0,0,0,
940280,,TAKE×0FF,take-0ff,30,3,3,0,159838,59753,53279,0,0,100,0,0,0,0,0,0,0,0,
15520,,Bebop Games,bebop-games,30,3,3,1,159799,79900,53266,4,25,100,25,50,25,0,0,25,0,25,
18098,,Blackturn Ltd,blackturn-ltd,30,3,3,1,159790,7198,53263,4,25,100,50,50,0,25,50,25,0,0,
8460,,Playrix Entertainment,playrix-entertainment,30,1,1,0,159737,0,159737,1,0,0,100,100,0,0,0,0,0,0,Russia
30176,,Agate,agate,30,5,5,5,159603,27340,31921,3,50,60,20,40,30,20,60,0,10,0,
14207,,KG/AM,kg-am,30,3,3,3,159558,15402,53186,6,100,50,67,50,33,0,17,0,33,0,
19464,,Breaking Walls,breaking-walls,30,1,1,0,159539,159539,159539,1,100,100,100,100,0,0,0,0,0,0,
4082928,,Angoo Inc.,angoo-inc,30,1,1,0,159530,159530,159530,0,0,0,0,0,100,100,0,0,0,0,
27450,,North Star Digital Studios,north-star-digital-studios,30,1,1,0,159522,159522,159522,0,100,0,100,0,100,100,0,0,0,0,
3629398,,珠海金山数字网络科技有限公司,-,30,1,1,0,159412,159412,159412,0,100,0,100,0,100,0,0,0,0,0,
34127,,Split Light Studio,split-light-studio,30,4,4,0,159408,41906,39852,3,75,50,25,100,50,0,0,0,25,0,
830454,,数即万物,-,30,2,2,0,159381,0,79691,2,100,0,50,50,100,100,100,0,0,0,
42204,,Polarbyte Games,polarbyte-games,30,1,1,0,159352,159352,159352,1,100,0,0,0,0,0,0,0,100,0,
36822,,Toppluva AB,toppluva-ab,30,1,1,0,159288,159288,159288,0,100,0,100,100,100,0,0,0,100,100,
7349,,Encryptique,encryptique,30,1,1,0,158975,158975,158975,1,100,0,0,100,0,0,0,0,0,0,
25754,,Spellbook,spellbook,30,6,6,0,158966,25012,26494,0,67,33,17,50,33,33,50,83,0,17,United States
30207,,Sunny Show,sunny-show,30,1,1,0,158880,158880,158880,0,100,0,0,100,0,100,100,0,0,0,
27132,,Igor Krutov,igor-krutov,30,3,3,0,158801,35247,52934,0,100,0,33,100,0,0,0,0,0,0,
248081,,Oversteer Studios,oversteer-studios,30,1,1,0,158626,158626,158626,1,100,100,100,0,100,0,0,0,100,100,
1395888,,Circuit_Art,circuit-art,30,1,1,1,158568,158568,158568,0,100,100,0,100,0,0,100,0,0,0,
149775,,Casey Clyde,casey-clyde,30,2,2,1,158509,155695,79255,1,100,100,0,100,0,0,67,0,0,0,
12011,,Senscape,senscape,30,2,2,0,158454,158454,79227,2,100,0,0,100,0,0,0,0,0,0,
95521,,Godmode Interactive,godmode-interactive,30,1,1,1,158300,158300,158300,2,100,100,0,0,0,0,0,0,0,0,
12135,,Inverse Game,inverse-game,30,3,3,0,158213,50420,52738,3,0,0,100,100,33,100,100,0,0,0,
51193,,DangerousBob Studio LLC,dangerousbob-studio-llc,30,7,7,1,158097,15627,22585,7,88,100,0,63,0,0,25,0,0,0,
1137,,KX games,kx-games,30,5,5,1,158035,9363,31607,6,83,83,50,67,17,0,50,17,17,17,
28176,,Darksquid Media,darksquid-media,30,2,2,0,158028,79014,79014,0,100,100,0,0,0,0,0,0,0,0,Canada
32338,,[erka:es],erka-es,30,2,2,0,158028,79014,79014,0,100,100,0,0,0,0,0,0,0,0,Japan
27259,,kagaya,kagaya,30,1,1,0,157983,157983,157983,0,100,100,0,0,0,0,100,0,0,0,
45597,,Deepnight Games,deepnight-games,30,1,1,1,157981,157981,157981,1,50,100,0,50,0,0,50,0,0,0,
16634,,Stumbling Cat,stumbling-cat,30,1,1,0,157871,157871,157871,1,100,0,0,100,0,0,100,0,0,0,United States
49219,,MintCUBE,mintcube,30,1,1,0,157867,157867,157867,0,0,0,0,100,0,0,0,0,0,0,Japan
26901,,Coolhand Interactive,coolhand-interactive,30,1,1,0,157862,157862,157862,0,0,0,0,0,0,100,0,0,0,0,
8444,,SlimeSmile,slimesmile,30,7,7,0,157776,17902,22539,5,100,100,14,0,0,0,0,0,0,0,China
23595,,Laughing Machines,laughing-machines,30,2,2,0,157752,157752,78876,0,100,100,0,100,0,0,100,0,0,0,
27969,,The Pixel Hunt,the-pixel-hunt,30,4,4,0,157647,22356,39412,1,100,0,25,75,25,0,0,0,0,0,France
37690,,Yakov Butuzoff,yakov-butuzoff,30,2,2,1,157474,78737,78737,1,67,33,33,67,0,33,0,0,0,0,
22411,,PestoForce,pestoforce,30,1,1,0,157439,157439,157439,1,100,100,0,100,0,0,100,0,0,0,
30828,,Paul Bird,paul-bird,30,6,6,0,157268,9001,26211,0,67,67,67,50,50,67,0,0,17,33,
1636761,,Find the Lamp Games,find-the-lamp-games,30,1,1,0,157253,157253,157253,0,0,0,100,0,0,100,0,0,0,0,China
47525,,VODKAdemo?,vodkademo,30,1,1,0,157208,157208,157208,1,100,0,0,100,0,0,0,0,0,0,
16734,,Windforce,windforce,30,6,6,0,157172,22791,26195,6,83,50,0,0,100,100,0,0,0,0,
60229,,"X PLUS Co., Ltd.",x-plus-co-ltd,30,2,2,0,157143,78572,78572,0,100,100,0,100,50,50,0,0,0,0,
2432166,,Fishlicka,fishlicka,30,1,1,0,157128,157128,157128,0,100,0,0,0,0,0,100,0,0,0,
5944087,,Damage State,damage-state,30,1,1,0,157038,157038,157038,0,0,100,0,0,0,0,0,0,0,0,
187989,,Dimitri Kipper,dimitri-kipper,30,1,1,0,157001,157001,157001,0,100,100,100,0,100,100,0,0,0,0,
46689,,FF Digital,ff-digital,30,1,1,1,156982,156982,156982,2,100,50,0,100,0,0,0,0,0,0,
56665,,NC Studio,nc-studio,30,2,2,0,156971,78486,78486,2,100,100,0,100,0,0,0,0,0,0,
7773706,,Play and Cum 💦,play-and-cum,30,9,9,0,156945,16398,17438,9,33,11,100,56,89,0,33,0,0,0,
797,,Angry games,angry-games,30,4,4,0,156879,3559,39220,0,100,0,50,100,0,0,25,0,0,0,
29094,,Grayfax Software,grayfax-software,30,1,1,1,156873,156873,156873,0,100,50,0,0,0,0,50,0,0,0,
1053485,,Ravenscape Collective,ravenscape-collective,30,1,1,0,156818,156818,156818,0,100,0,0,100,100,0,0,0,0,0,
36370,,Purple Tree S R L,purple-tree-s-r-l,30,4,4,2,156814,39609,39204,4,33,50,33,0,0,0,0,0,0,83,
3579,,Snails Animation,snails-animation,30,1,1,0,156716,156716,156716,1,100,100,100,0,0,0,0,0,0,0,
45184,,Gaming 301,gaming-301,30,2,2,0,156644,78322,78322,2,0,100,0,0,100,100,0,0,0,0,
6063,,Angela He,angela-he,30,3,3,1,156610,78305,52203,4,100,0,50,25,50,25,25,0,0,0,
1902,,G.rev Ltd.,g-rev-ltd,30,4,4,0,156492,39972,39123,1,0,100,0,25,0,0,0,0,0,0,
46870,,Happy Shabby Games,happy-shabby-games,30,1,1,0,156489,156489,156489,1,100,0,100,100,0,0,0,0,0,0,
47001,,Tainted Pact,tainted-pact,30,6,6,1,156485,46035,26081,1,57,86,0,57,14,0,14,0,0,0,
29208,,The N Main Shop,the-n-main-shop,30,3,3,0,156443,5400,52148,1,67,67,0,0,0,0,33,0,0,0,Japan
53604,,MarpleGames,marplegames,30,1,1,0,156395,156395,156395,1,100,0,100,0,0,100,0,0,0,0,
3875712,,Stove Powered Games,stove-powered-games,30,2,2,1,156250,78125,78125,3,100,0,0,67,0,0,100,0,0,0,
20990,,Mad Goblin Games,mad-goblin-games,30,2,2,0,156210,78105,78105,2,100,0,0,50,0,0,50,0,0,0,
3403,,MasterpieceVR,masterpiecevr,30,1,1,0,156207,0,156207,0,0,0,0,0,0,0,0,0,0,0,
23386,,Misfit Village,misfit-village,30,2,2,0,156189,78095,78095,1,100,100,0,100,0,0,0,0,0,0,Croatia
2362,,CrewLab,crewlab,30,26,26,1,156175,2323,6007,27,100,0,100,0,4,0,4,0,0,0,
4971,,TomatoFantasyGames,tomatofantasygames,30,3,3,0,156175,78088,52058,1,100,33,67,67,67,0,0,0,0,0,
10025,,8888888 LABS,8888888-labs,30,1,1,0,156171,156171,156171,1,100,100,0,0,0,0,0,0,0,0,
292799,,Remoob,remoob,30,1,1,0,156107,156107,156107,0,100,0,100,0,0,100,0,0,0,0,Turkey
14019,,Monad Rock,monad-rock,30,1,1,1,156097,156097,156097,1,50,50,50,50,50,0,0,0,0,50,
5834693,,Dirty Adventures 🖤,dirty-adventures,30,9,9,3,156092,16107,17344,12,50,0,100,50,100,0,33,0,0,0,
18583,,Arctic Hazard Game Studio a/s,arctic-hazard-game-studio-a-s,30,1,1,0,156003,0,156003,1,0,0,0,0,100,100,0,0,100,100,
18282,,Tense Games,tense-games,30,1,1,3,155968,155968,155968,3,100,25,25,0,50,100,25,0,0,0,
29170,,Raylight Games,raylight-games,30,2,2,0,155934,77967,77967,0,0,50,0,0,0,50,0,0,0,50,Italy
14729,,Retrosoft Studios,retrosoft-studios,30,1,1,0,155905,155905,155905,1,0,100,0,0,0,0,0,0,0,100,
16255,,Wix Games,wix-games,30,8,8,0,155897,15125,19487,1,88,13,100,50,25,0,38,0,63,75,
12782,,Fred Wood,fred-wood,30,4,4,1,155596,20240,38899,3,100,100,0,0,0,0,0,0,0,0,
1641006,,HeadHunters games,headhunters-games,30,2,2,0,155549,77775,77775,2,100,100,0,50,0,0,0,0,0,0,
19738,,Bombdog Studios,bombdog-studios,30,1,1,0,155426,0,155426,1,100,100,0,0,0,0,0,0,0,0,
27289,,Josh Tam Universe,josh-tam-universe,30,4,4,0,155407,1248,38852,0,100,100,100,0,0,25,0,0,25,25,
25871,,铸城工作室,-,30,1,1,0,155358,155358,155358,0,100,100,0,100,0,0,100,0,0,0,
17966,,LW.C,lw-c,30,1,1,0,155107,155107,155107,1,100,100,100,100,0,100,100,0,0,0,
1988,,Semaphore,semaphore,30,2,2,1,155093,77547,77547,3,33,67,0,100,33,33,33,0,0,0,Saudi Arabia
50950,,Misadventurous,misadventurous,30,2,2,1,154803,154803,77402,1,100,67,100,100,0,0,0,0,0,0,
55853,,DreamStep,dreamstep,30,3,3,1,154797,32483,51599,0,100,0,50,25,50,50,50,0,0,0,
15039,,Bitmen Studios,bitmen-studios,30,2,2,0,154795,77398,77398,2,50,50,0,100,0,100,100,0,0,0,
9488,,神族宝,-,30,3,3,0,154671,77336,51557,3,100,33,0,67,33,0,100,0,0,33,
13138,,Philisophic Games,philisophic-games,30,2,2,2,154577,77289,77289,2,75,100,0,50,0,0,0,0,0,0,
41436,,NSFW18 Games,nsfw18-games,30,13,13,4,154507,11883,11885,17,82,0,71,6,35,0,6,0,0,0,France
25691,,Duang,duang,30,1,1,0,154494,0,154494,0,100,0,100,100,0,0,100,0,0,0,
6252,,Betelgeuse Zero,betelgeuse-zero,30,1,1,0,154483,154483,154483,1,100,100,0,100,0,0,100,0,0,0,
14936,,Flyleap Studios,flyleap-studios,30,5,5,0,154469,0,30894,5,80,60,20,20,60,0,20,0,40,0,
5404,,Curse Box Studios,curse-box-studios,30,5,5,0,154320,2394,30864,2,60,40,20,20,40,20,0,0,0,20,
31336,,Lunar Rooster,lunar-rooster,30,1,1,0,154300,154300,154300,0,100,100,0,0,0,0,0,0,0,0,
34056,,Studio Bravarda,studio-bravarda,30,3,3,1,154283,77142,51428,2,75,75,50,50,25,0,75,0,0,0,
47358,,Next Stage Inc.,next-stage-inc,30,1,1,0,154231,154231,154231,0,100,100,0,100,0,0,0,0,0,0,
47359,,"Visual DART Co., Ltd",visual-dart-co-ltd,30,1,1,0,154231,154231,154231,0,100,100,0,100,0,0,0,0,0,0,
572,,Pigeons Interactive,pigeons-interactive,30,1,1,0,154190,154190,154190,1,100,100,0,100,0,0,100,0,0,0,
5923735,,猫龙游戏,-,30,1,1,0,154044,154044,154044,1,100,0,100,100,100,0,100,0,0,0,
29329,,Alawar Stargaze,alawar-stargaze,30,6,6,0,153997,21750,25666,0,67,0,100,67,33,17,0,0,0,0,
1640431,,Phantom Coast,phantom-coast,30,1,1,0,153924,153924,153924,1,100,100,0,100,0,0,0,0,0,100,
132866,,Housemade Inc.,housemade-inc,30,1,1,0,153906,153906,153906,1,100,0,0,100,0,0,100,0,0,0,
50286,,CharacterBank inc,characterbank-inc,30,2,2,0,153892,76946,76946,2,50,50,0,50,50,0,50,0,0,0,
25696,,Old Skull Games,old-skull-games,30,5,5,0,153796,34668,30759,1,20,20,60,20,40,20,20,0,0,0,France
47662,,ActiveFungus Studios,activefungus-studios,30,3,3,1,153794,76897,51265,3,50,0,0,75,25,25,100,0,0,0,
24552,,Five BN,five-bn,30,6,6,0,153739,10998,25623,0,83,0,100,100,0,0,0,0,0,0,Ukraine
3919745,,OTTO Games,otto-games,30,5,5,2,153734,76867,30747,5,57,43,14,57,71,0,0,0,0,0,Turkey
1165225,,SEASUN GAMES PTE. LTD.,seasun-games-pte-ltd,30,2,2,0,153613,0,76807,2,100,50,0,50,100,50,50,0,0,0,
50500,,feneq,feneq,30,1,1,0,153533,153533,153533,1,0,100,0,0,100,100,0,0,0,0,
10957,,SkyLineGames,skylinegames,30,3,3,0,153486,76743,51162,3,0,100,0,33,0,0,0,33,0,33,
40202,,BigWednesday,bigwednesday,30,2,2,0,153469,76735,76735,0,100,0,0,100,0,0,100,0,0,0,
30852,,Sarepta studio AS,sarepta-studio-as,30,1,1,1,153444,153444,153444,1,50,0,0,50,50,0,0,0,0,0,
28194,,Sprite Hills,sprite-hills,30,4,4,0,153437,14359,38359,0,100,0,0,25,0,0,100,0,0,0,
20897,,Wolfey Studios,wolfey-studios,30,1,1,0,153177,153177,153177,1,100,0,0,0,0,100,0,0,0,0,
1165938,,StatusPRO Inc,statuspro-inc,30,2,2,0,153081,76541,76541,2,0,0,0,0,0,0,0,0,0,100,
11273,,Pixel Trickery,pixel-trickery,30,1,1,0,153045,153045,153045,1,100,0,0,0,0,0,100,0,0,0,
53107,,Alexander Gromyko,alexander-gromyko,30,2,2,0,153017,150406,76509,2,100,0,50,50,50,0,0,50,0,0,
29138,,WildSphere,wildsphere,30,6,6,1,152831,5179,25472,5,57,71,29,71,0,14,0,0,14,0,
15233,,Vogelsap,vogelsap,30,1,1,0,152710,152710,152710,1,100,100,0,0,0,0,0,0,0,0,
5898483,,TinyMindz,tinymindz,30,1,1,0,152701,152701,152701,1,100,100,0,100,0,0,0,0,0,0,
11234,,Nemoria Entertainment,nemoria-entertainment,30,1,1,0,152690,152690,152690,1,100,0,0,100,0,0,0,0,0,0,
15977,,CAGE Studios,cage-studios,30,3,3,0,152684,11358,50895,3,100,100,100,67,67,33,67,0,0,0,
6899485,,白狼游戏,-,30,1,1,0,152675,152675,152675,0,100,100,0,100,0,0,100,0,0,0,
40248,,N7T-GAMES,n7t-games,30,1,1,0,152670,152670,152670,1,100,100,100,100,100,100,100,0,0,0,
8337,,Applimazing,applimazing,30,2,2,0,152606,76303,76303,2,100,50,50,0,100,0,0,0,100,100,
2062,,Nickana Studio,nickana-studio,30,1,1,0,152592,152592,152592,1,100,100,0,100,0,0,0,0,0,0,
50140,,Twilight Sonata Studio,twilight-sonata-studio,30,8,8,0,152569,14080,19071,8,25,13,100,0,0,25,13,0,0,0,
29097,,Cube Roots,cube-roots,30,1,1,0,152398,152398,152398,0,100,0,100,0,0,100,0,0,0,0,
24657,,Nastycloud,nastycloud,30,1,1,0,152352,152352,152352,0,100,0,0,100,0,0,0,0,0,0,
17442,,Russpuppy,russpuppy,30,11,11,0,152351,2997,13850,11,82,64,100,27,45,18,9,0,0,0,United States
20231,,Upper Class Walrus,upper-class-walrus,30,2,2,0,152322,76161,76161,2,50,0,0,50,50,50,0,0,0,0,Australia
16049,,Doctor Entertainment AB,doctor-entertainment-ab,30,2,2,0,152182,152182,76091,2,100,50,50,0,0,0,0,0,0,0,Sweden
6553073,,东阳开局互动影视有限公司,-,30,1,1,0,152076,152076,152076,0,100,0,100,100,100,100,100,0,0,0,
7113813,,上海哈昔互联网科技有限公司,-,30,1,1,0,152076,152076,152076,0,100,0,100,100,100,100,100,0,0,0,
5353390,,orzPINEz,orzpinez,30,1,1,0,152037,152037,152037,0,100,0,0,100,0,0,100,0,0,0,
46506,,Tabbing Tabby,tabbing-tabby,30,1,1,0,152011,152011,152011,0,100,100,0,0,100,100,0,0,0,0,
1079984,,WHIRLLAXY LIMITED,whirllaxy-limited,30,1,1,0,151989,151989,151989,1,100,100,0,0,0,0,100,0,0,0,
19903,,Karnage Gaming,karnage-gaming,30,1,1,0,151898,151898,151898,1,100,100,100,100,100,0,100,0,0,0,
45187,,HONEYSOFT,honeysoft,30,1,1,0,151891,151891,151891,0,0,0,0,100,0,0,100,0,0,0,
36553,,Thousand Games,thousand-games,30,4,4,0,151827,36503,37957,2,75,25,0,0,0,0,75,0,0,0,
47629,,Neki4 Electronics,neki4-electronics,30,25,25,0,151786,2708,6071,25,8,32,52,12,4,12,4,0,0,0,
11214,,Cult Software,cult-software,30,7,7,0,151784,2081,21683,7,14,57,0,14,14,43,14,0,0,0,
139473,,Vexan Studio,vexan-studio,30,1,1,0,151696,151696,151696,1,0,0,0,0,100,100,0,0,0,0,
20603,,Rocket Jump Technology,rocket-jump-technology,30,2,2,0,151670,80167,75835,2,100,0,0,0,100,100,100,0,0,0,
11711,,Nimble Tools,nimble-tools,30,1,1,0,151554,151554,151554,1,0,0,0,0,0,0,0,0,0,0,
18203,,INSIDE SYSTEM,inside-system,30,6,6,0,151529,12751,25255,5,83,67,83,50,0,0,33,0,0,0,Japan
6094,,Webble Games,webble-games,30,1,1,0,151380,151380,151380,1,100,100,0,0,0,0,0,0,0,0,
3583793,,BoredBasmati,boredbasmati,30,1,1,0,151252,151252,151252,1,0,0,0,0,100,100,100,0,0,0,
3960,,Jason Godbey,jason-godbey,30,2,2,0,151238,75619,75619,2,100,0,50,100,0,0,0,0,0,0,
23678,,Exe Create Inc.,exe-create-inc,30,43,43,1,151152,2070,3515,0,34,2,43,100,64,84,100,0,0,0,
235029,,VeryBigDog,verybigdog,30,1,1,0,151141,151141,151141,0,100,100,0,100,0,0,100,0,0,0,
152105,,Konrul Game,konrul-game,30,2,2,1,150981,75491,75491,3,100,0,100,33,67,33,33,0,0,0,Turkey
9160,,Crisp App Studio,crisp-app-studio,30,24,24,0,150973,4420,6291,24,100,0,100,100,0,0,0,0,0,0,
10060,,Righteous Hammer Games,righteous-hammer-games,30,2,2,0,150917,75459,75459,2,50,0,0,0,0,100,100,0,0,0,
9140763,,HistoryAccurateDevelopers,historyaccuratedevelopers,30,1,1,0,150816,150816,150816,1,0,100,100,0,100,0,0,0,0,0,
5191863,,FromDawn Games,fromdawn-games,30,1,1,0,150800,150800,150800,0,100,100,0,100,0,0,100,0,0,0,
1636191,,咕咕咕,-,30,2,2,0,150731,75366,75366,1,100,0,0,50,0,0,100,0,0,0,
6720,,LizardFactory,lizardfactory,30,4,4,5,150673,9186,37668,9,56,0,22,56,0,44,33,0,0,0,
184144,,Gameplete,gameplete,30,2,2,0,150592,150592,75296,0,50,50,100,50,0,100,100,0,0,0,
32201,,Kishimoto Studios,kishimoto-studios,30,1,1,0,150570,150570,150570,0,100,100,0,0,0,0,100,0,0,0,
32724,,KtSmag,ktsmag,30,1,1,0,150522,150522,150522,0,100,0,0,100,0,0,0,0,0,0,
436,,Pastaspace Interactive,pastaspace-interactive,30,1,1,0,150356,150356,150356,0,100,100,0,100,0,0,100,0,0,0,United States
23814,,Sep Reds,sep-reds,30,1,1,0,150341,150341,150341,0,0,0,0,0,100,100,0,0,0,0,
13870,,CatBellUnion,catbellunion,30,4,4,1,150306,31378,37577,3,80,40,60,20,0,0,40,0,0,0,
19279,,SIEIDI Ltd,sieidi-ltd,30,3,3,0,150192,20026,50064,2,100,100,33,33,0,0,0,0,0,0,
26533,,VR Features,vr-features,30,1,1,0,150128,150128,150128,0,0,0,0,0,0,100,0,0,0,0,
9235,,Silhouette Valley Games,silhouette-valley-games,30,3,3,0,150049,75025,50016,3,100,0,33,33,0,0,0,0,0,0,
5837,,Rablo Games,rablo-games,30,2,2,1,150040,75020,75020,3,33,33,33,0,0,33,67,0,0,0,Belgium
26328,,Toyman Interactive,toyman-interactive,30,5,5,0,150038,22242,30008,0,0,0,100,20,80,40,0,0,0,0,Russia
21872,,Winged Pixel Inc.,winged-pixel-inc,30,2,2,0,150028,75014,75014,2,100,0,0,0,0,50,100,0,0,0,
3011,,Skyward Digital,skyward-digital,30,3,3,0,149949,74975,49983,2,67,67,0,33,33,0,67,0,0,0,United Kingdom
306,,Archiact,archiact,30,3,3,0,149930,51369,49977,2,100,33,33,67,0,33,0,0,0,0,
25358,,PLAYWITH Inc.,playwith-inc,30,1,1,0,149919,0,149919,0,0,100,0,100,0,0,100,100,0,0,
7711503,,Moczan,moczan,30,1,1,1,149889,149889,149889,2,100,0,100,50,50,0,0,0,0,0,
7711504,,Little Chmura,little-chmura,30,1,1,1,149889,149889,149889,0,100,0,100,50,50,0,0,0,0,0,
8165686,,Begoña Pereda,bego-a-pereda,30,1,1,1,149889,149889,149889,0,100,0,100,50,50,0,0,0,0,0,
26943,,Ota Guchi Field,ota-guchi-field,30,2,2,0,149869,74935,74935,0,100,0,0,0,0,0,100,0,0,0,
40836,,TMA Games LLC,tma-games-llc,30,1,1,1,149860,149860,149860,2,100,50,0,0,50,0,0,0,0,0,
2761260,,Mark Ffrench,mark-ffrench,30,5,5,2,149853,28508,29971,0,14,0,100,0,0,0,0,0,0,0,
6227087,,Gelato Games Ltd,gelato-games-ltd,30,1,1,0,149853,149853,149853,1,100,100,0,100,0,0,0,0,0,0,
19290,,Wizard Games,wizard-games,30,3,3,1,149766,74883,49922,4,25,75,0,75,50,0,0,25,25,0,
720819,,Pangea Game Studios,pangea-game-studios,30,1,1,0,149750,149750,149750,0,100,100,0,100,100,0,0,0,0,0,United States
26475,,Upper Byte,upper-byte,30,2,2,0,149719,74860,74860,0,100,100,0,50,0,0,0,0,0,0,
5770,,Space Budgie,space-budgie,30,2,2,0,149668,0,74834,2,100,0,0,50,0,0,0,0,0,0,
40750,,SourceIn Games,sourcein-games,30,2,2,1,149656,74828,74828,3,100,0,67,33,33,33,100,0,0,0,
49840,,Revolutionary Games Studio,revolutionary-games-studio,30,1,1,0,149655,149655,149655,1,100,0,100,0,100,0,0,0,0,0,
24755,,Paul Helman,paul-helman,30,1,1,0,149621,149621,149621,0,100,100,0,100,0,0,0,0,0,0,
27584,,Rasmus Ljunggren,rasmus-ljunggren,30,1,1,0,149333,149333,149333,0,100,0,0,0,100,100,0,0,0,0,
18068,,Illusion Ranger,illusion-ranger,30,1,1,0,149297,149297,149297,1,100,100,100,100,100,0,100,0,0,0,
35963,,Coffeenauts,coffeenauts,30,2,2,0,149230,149230,74615,0,100,100,100,100,100,100,0,0,0,0,
1659678,,Heartfun,heartfun,30,1,1,0,149210,149210,149210,0,100,0,0,0,0,100,0,0,0,0,
6404,,MadOut Games,madout-games,30,4,4,0,149139,22096,37285,4,100,100,0,0,100,0,0,0,100,50,
44817,,Redeev,redeev,30,1,1,0,149082,149082,149082,1,0,100,0,0,0,0,100,0,0,0,
3365818,,The Station Game ltd,the-station-game-ltd,30,2,2,0,148945,74473,74473,2,100,0,0,100,0,0,0,0,0,0,
21243,,RVL Games,rvl-games,30,5,5,0,148937,15400,29787,4,100,60,60,80,0,40,0,0,0,0,
24553,,Squeaky Wheel,squeaky-wheel,30,1,1,0,148914,148914,148914,0,100,0,0,0,100,100,0,0,0,0,
1400,,Anvate Games,anvate-games,30,5,5,0,148877,13073,29775,5,60,20,60,20,0,0,0,0,0,0,
45550,,Omnifarious Studios LLC,omnifarious-studios-llc,30,1,1,0,148688,148688,148688,0,0,100,0,100,0,0,0,0,0,0,
15997,,MediaTale,mediatale,30,2,2,1,148604,74302,74302,3,100,67,0,100,33,0,0,0,0,0,
1640091,,Split Second Games,split-second-games,30,1,1,0,148498,148498,148498,0,0,0,0,0,0,100,0,0,0,0,
40681,,Ghost Dog Films,ghost-dog-films,30,2,2,1,148434,74217,74217,2,0,67,0,100,0,0,0,0,0,0,
19811,,DesktopPaints LLC,desktoppaints-llc,30,1,1,0,148412,148412,148412,1,0,0,0,0,0,0,0,0,0,0,
38554,,Green Tile Digital,green-tile-digital,30,2,2,0,148278,74139,74139,2,100,0,50,100,50,0,0,0,0,0,Sweden
2763,,Warballoon,warballoon,30,1,1,0,148258,148258,148258,1,100,100,100,100,100,100,100,0,0,0,United States
5781,,Special Circumstances,special-circumstances,30,1,1,0,148191,148191,148191,1,0,0,0,0,100,100,100,0,0,0,
28837,,InsGames,insgames,30,1,1,0,148125,148125,148125,0,0,100,0,100,0,100,0,0,0,0,
720725,,Ker,ker,30,2,2,1,148069,74035,74035,3,100,0,0,67,67,0,0,0,0,0,
4058,,MorfeoDev,morfeodev,30,3,3,0,148066,44697,49355,3,67,100,0,0,67,0,0,0,0,0,
40504,,Doodlegames,doodlegames,30,1,1,0,147821,147821,147821,0,0,100,0,0,0,0,0,0,0,0,
3144,,Mixed In Key,mixed-in-key,30,1,1,0,147778,147778,147778,1,0,0,0,0,0,0,0,0,0,0,
29022,,Tuesday Society,tuesday-society,30,1,1,0,147753,147753,147753,0,100,0,0,0,0,0,0,0,0,0,
4785,,Abrams Studios,abrams-studios,30,2,2,0,147741,73871,73871,2,100,0,100,100,100,0,0,0,0,0,
4385,,Xigma Games,xigma-games,30,3,3,0,147635,44778,49212,3,100,0,33,0,67,67,33,0,0,0,India
48293,,Boru,boru,30,3,3,0,147610,53804,49203,0,0,0,67,0,100,0,100,0,0,0,
36931,,VestGames,vestgames,30,1,1,1,147600,147600,147600,1,100,100,50,50,50,50,100,0,0,0,
16171,,NerdyYetis,nerdyyetis,30,1,1,0,147580,147580,147580,1,100,100,0,0,0,100,0,0,0,0,
25119,,Sixth Vowel,sixth-vowel,30,1,1,0,147563,147563,147563,0,100,100,0,0,0,100,100,0,0,0,
1383,,Flaming Firefly,flaming-firefly,30,3,3,0,147495,62195,49165,3,100,0,67,67,33,0,33,0,0,0,
9053097,,Teamey,teamey,30,19,19,0,147325,0,7754,19,100,11,47,5,0,0,0,0,0,0,
30373,,GapTax,gaptax,30,2,2,0,147281,73641,73641,0,100,0,0,0,0,0,100,0,0,0,
9055,,Atlas V,atlas-v,30,10,10,2,147279,21186,14728,1,83,0,67,42,0,0,0,0,0,0,
24283,,ZAR 21,zar-21,30,3,3,0,147235,62714,49078,0,100,0,0,67,0,0,0,0,0,0,Germany
2997773,,非侠游戏,-,30,1,1,0,147109,147109,147109,0,100,0,0,100,0,0,100,0,0,0,
38667,,Nukearts Studio,nukearts-studio,30,12,12,2,147065,16294,12255,14,86,14,100,7,0,14,0,0,0,0,
689,,Towndarktales,towndarktales,30,10,10,0,147044,11960,14704,10,90,20,70,100,30,0,0,0,0,10,
292006,,Moju Games,moju-games,30,1,1,1,146929,146929,146929,2,100,100,0,0,0,0,50,0,0,0,
28452,,2015,2015,30,1,1,0,146904,146904,146904,0,0,100,0,0,0,0,0,0,0,0,United States
2999271,,墨元素,-,30,2,2,1,146895,73448,73448,3,0,0,0,0,0,100,33,0,0,0,
218,,Fractal Projects,fractal-projects,30,8,8,0,146879,1822,18360,8,100,0,100,0,0,13,0,0,0,0,
1631,,Pixelmage Games LLC,pixelmage-games-llc,30,1,1,0,146812,0,146812,1,0,100,0,0,100,0,100,0,0,0,
5611,,Cantaloupe Kids,cantaloupe-kids,30,1,1,0,146800,146800,146800,1,100,0,0,100,0,0,0,0,0,0,
7383,,mebius,mebius,30,9,9,2,146786,18830,16310,7,36,36,27,36,0,9,18,0,0,0,
4175,,Corey Martin,corey-martin,30,3,3,0,146747,19988,48916,2,100,0,0,0,0,0,0,0,0,0,
44158,,PimpGameStudio,pimpgamestudio,30,3,3,3,146741,3987,48914,6,83,17,17,100,50,17,33,17,0,0,
46442,,Aftnareld,aftnareld,30,1,1,0,146733,146733,146733,0,100,100,0,100,0,0,100,0,0,0,
8330,,Farlight Games Industry,farlight-games-industry,30,4,4,0,146706,56096,36677,3,100,50,0,50,75,50,0,0,0,0,Spain
23570,,InnoGlow,innoglow,30,1,1,0,146673,146673,146673,0,0,0,0,0,100,100,0,0,0,0,
33676,,Piece Of Voxel,piece-of-voxel,30,40,40,3,146656,2701,3666,38,93,35,70,42,53,33,5,7,9,14,
1635290,,MiniWhale,miniwhale,30,1,1,1,146634,146634,146634,1,100,0,100,0,0,100,100,0,0,0,
38177,,Wily Pumpkin,wily-pumpkin,30,1,1,0,146604,146604,146604,1,100,100,0,100,0,0,0,0,0,0,
32073,,Mårten Jonsson,m-rten-jonsson,30,7,7,0,146513,15528,20930,0,100,0,57,43,71,0,0,0,0,0,
1857,,Wide Right Interactive,wide-right-interactive,30,3,3,0,146497,48051,48832,3,100,33,100,33,0,0,0,0,0,0,United States
42155,,Mark Zorn,mark-zorn,30,3,3,0,146497,48051,48832,0,100,33,100,33,0,0,0,0,0,0,
45154,,Iuvenis Studios,iuvenis-studios,30,1,1,0,146385,146385,146385,1,100,0,0,100,0,100,0,0,0,0,United States
142948,,Mobul Tek LLC,mobul-tek-llc,30,1,1,0,146385,146385,146385,1,100,0,0,100,0,100,0,0,0,0,
29604,,Lupan Artiom Oleg,lupan-artiom-oleg,30,1,1,0,146361,146361,146361,0,100,100,0,100,0,0,0,0,0,0,
5969,,Cairn4,cairn4,30,1,1,0,146339,146339,146339,1,100,0,100,0,100,0,0,0,0,0,
5459,,Spellbind Studios,spellbind-studios,30,1,1,0,146307,146307,146307,1,100,0,0,0,0,0,100,0,0,0,
1636690,,天使蛋糕,-,30,1,1,0,146201,146201,146201,0,100,0,0,0,0,0,100,0,0,0,
1636691,,攸藍,-,30,1,1,0,146201,146201,146201,0,100,0,0,0,0,0,100,0,0,0,
1636692,,牙籤,-,30,2,2,0,146201,146201,73101,0,100,0,50,50,0,0,100,0,0,0,
1636693,,黃金,-,30,1,1,0,146201,146201,146201,0,100,0,0,0,0,0,100,0,0,0,
2770385,,鎧特,-,30,1,1,0,146201,146201,146201,0,100,0,0,0,0,0,100,0,0,0,
47840,,Strategic Simulations,strategic-simulations,30,16,16,0,146150,2062,9134,0,0,19,0,6,25,38,56,0,0,0,United States
3945,,Fleon Games,fleon-games,30,6,6,0,145996,13312,24333,6,100,17,33,67,50,0,50,17,0,0,
249533,,Tall Story Games Ltd,tall-story-games-ltd,30,2,2,2,145890,145890,72945,3,25,0,25,100,0,0,0,0,0,0,
12739,,RAV3 Interactive,rav3-interactive,30,1,1,0,145694,145694,145694,1,100,100,0,0,100,0,0,0,0,0,
51073,,hgiSoft,hgisoft,30,1,1,2,145692,145692,145692,3,67,0,33,67,33,0,0,0,0,0,
45091,,MobX GmbH,mobx-gmbh,30,1,1,0,145641,145641,145641,1,100,100,0,0,0,0,100,0,0,0,
3751,,Temple Gates Games,temple-gates-games,30,6,6,0,145546,33961,24258,6,33,0,0,0,0,100,0,0,0,0,
28078,,Unicorn Games Studio,unicorn-games-studio,30,3,3,0,145460,48802,48487,0,0,0,0,0,0,100,0,0,0,0,Ukraine
4682,,Volcanic Giraffe,volcanic-giraffe,30,2,2,0,145409,72705,72705,2,100,0,0,0,0,100,0,0,0,0,
38273,,Ash Game Studio,ash-game-studio,30,3,3,0,145385,37352,48462,1,100,33,33,67,0,67,33,0,0,0,
13995,,Nekoday,nekoday,30,3,3,1,145373,48870,48458,2,50,0,50,100,0,25,50,0,0,0,
20371,,Liminal Games,liminal-games,30,1,1,4,145324,145324,145324,5,80,20,0,60,20,0,20,0,0,0,
4064733,,Ranwog,ranwog,30,2,2,0,145267,127718,72634,1,100,0,0,0,0,0,0,0,0,0,
23652,,C.I.N.I.C. Games,c-i-n-i-c-games,30,2,2,0,145183,72592,72592,1,100,0,0,100,0,0,0,0,0,0,
20193,,Tiny Warrior Games,tiny-warrior-games,30,4,4,0,145182,2846,36296,3,75,75,0,75,0,25,0,0,0,0,
4598,,It's Anecdotal,it-s-anecdotal,30,3,3,1,145091,34427,48364,4,100,25,25,25,25,25,0,0,25,25,Canada
20052,,Joure Visser,joure-visser,30,4,4,2,145073,26327,36268,6,83,17,67,100,0,0,0,0,0,0,
292337,,Tiny Forge Gaming,tiny-forge-gaming,30,1,1,0,144987,144987,144987,1,100,0,0,0,0,100,0,0,0,0,
41184,,Smug Marmot Studios,smug-marmot-studios,30,2,2,0,144958,72479,72479,2,50,50,0,50,0,50,50,0,0,0,
21614,,GameCoder Studios,gamecoder-studios,30,2,2,0,144933,0,72467,1,50,100,0,0,0,0,0,0,0,0,Mexico
22518,,Render Farm Studios,render-farm-studios,30,2,2,0,144933,0,72467,1,50,100,0,0,0,0,0,0,0,0,
15837,,VoxelStorm,voxelstorm,30,2,2,0,144916,72458,72458,2,100,50,50,0,100,50,0,0,0,0,United Kingdom
1754688,,Armchair Software,armchair-software,30,2,2,0,144916,72458,72458,2,100,50,50,0,100,50,0,0,0,0,
11034,,Proper Games,proper-games,30,2,2,0,144902,31007,72451,1,50,50,50,50,0,50,50,0,0,0,United Kingdom
30854,,Sourena Game Studio,sourena-game-studio,30,2,2,0,144798,72399,72399,0,100,50,0,50,0,0,50,0,0,0,Singapore
3281072,,Llamamann Games,llamamann-games,30,1,1,1,144774,144774,144774,2,100,0,100,100,0,0,0,0,0,0,
9673,,All Seeing Eye Games,all-seeing-eye-games,30,1,1,0,144770,144770,144770,1,100,100,0,0,0,0,0,0,0,0,
32191,,Nude Maker,nude-maker,30,1,1,0,144710,144710,144710,0,100,0,0,100,0,0,0,0,0,0,Japan
3175,,Moondolino,moondolino,30,6,6,1,144621,3828,24104,7,0,57,0,14,29,43,100,0,0,0,
1886,,XOCUS,xocus,30,7,7,1,144568,21530,20653,8,75,100,13,25,25,13,13,13,38,50,
4220545,,CreepyToad,creepytoad,30,1,1,1,144551,144551,144551,2,100,50,0,100,0,0,0,0,0,0,
17020,,Netker Inc.,netker-inc,30,1,1,0,144548,0,144548,1,100,100,0,0,0,0,0,0,0,0,
50715,,Lemonhaze Studio,lemonhaze-studio,30,8,8,0,144459,12469,18057,2,25,13,75,38,25,0,0,0,0,0,
30821,,XiNFiNiTY Games,xinfinity-games,30,16,16,0,144201,863,9013,0,100,88,100,0,0,6,0,0,6,0,
21133,,DONTNOD ELEVEN,dontnod-eleven,30,1,1,0,144158,0,144158,1,100,100,0,0,0,0,0,0,0,0,France
39879,,Spare Parts Oasis,spare-parts-oasis,30,2,2,0,143995,71998,71998,0,50,0,0,0,100,0,0,0,0,0,
41136,,weiqian,weiqian,30,1,1,0,143963,143963,143963,0,100,0,0,0,100,100,100,0,0,0,
10068,,GamersHype Productions,gamershype-productions,30,3,3,0,143868,4157,47956,0,100,100,100,100,0,100,0,0,0,0,
31143,,Kuro Irodoru Yomiji,kuro-irodoru-yomiji,30,3,3,0,143866,41559,47955,0,33,0,100,100,0,0,0,0,0,0,Japan
23796,,Aurelien Regard,aurelien-regard,30,1,1,0,143683,143683,143683,0,100,100,0,0,0,0,0,0,100,0,
8063,,SeedWall,seedwall,30,27,27,1,143596,1219,5318,28,96,86,50,50,0,0,14,0,0,0,
18830,,Yazar Media Group LLC,yazar-media-group-llc,30,1,1,0,143383,143383,143383,1,100,100,0,0,0,0,0,0,0,0,
1052661,,digi.B,digi-b,30,1,1,0,143378,143378,143378,1,100,100,100,100,0,0,0,0,0,0,
24408,,Urse Games,urse-games,30,5,5,0,143324,32130,28665,0,20,20,100,80,20,20,0,0,0,0,
940666,,LiterallyEveryone Games,literallyeveryone-games,30,1,1,0,143267,143267,143267,1,0,0,0,0,100,100,0,0,0,0,
3001,,Nano Games,nano-games,30,4,4,0,143261,3368,35815,2,100,50,25,50,50,25,0,0,25,25,Brazil
13596,,PanGuoJun,panguojun,30,9,9,0,143176,1709,15908,9,100,22,100,33,100,11,22,0,0,0,
25040,,Synetic,synetic,30,2,2,0,143170,71585,71585,0,0,50,50,0,0,0,0,0,100,0,Germany
19029,,Vladimir Maslov,vladimir-maslov,30,9,9,1,143055,7097,15895,10,70,10,90,10,0,10,0,0,0,0,
15821,,HexGameStudio,hexgamestudio,30,4,4,1,143035,12060,35759,5,100,0,40,80,20,20,60,0,0,0,
13421,,KinifiGames LLC,kinifigames-llc,30,2,2,0,143024,0,71512,2,100,50,50,50,50,0,0,0,0,50,
6717192,,Happy213,happy213,30,1,1,2,142898,142898,142898,3,100,33,67,0,33,33,0,0,0,0,
11341,,KNP,knp,30,2,2,0,142850,0,71425,2,100,100,0,100,50,100,0,50,0,0,
91101,,Pikselnesia,pikselnesia,30,2,2,0,142792,71396,71396,0,100,0,100,100,0,0,0,0,0,0,
138073,,Laki Studios,laki-studios,30,1,1,0,142791,142791,142791,0,100,0,0,100,0,100,100,0,0,0,
28902,,Bloodirony,bloodirony,30,1,1,0,142762,142762,142762,0,100,100,0,0,0,0,0,0,0,0,Austria
27452,,Sierra Entertainment,sierra-entertainment,30,7,7,0,142711,9198,20387,0,0,14,0,100,0,0,0,0,0,0,United States
6840,,ZUGALU ENTERTAINMENT,zugalu-entertainment,30,6,6,0,142662,1228,23777,5,100,83,83,50,33,33,17,0,0,17,
25294,,Wioleta Moniuszko,wioleta-moniuszko,30,1,1,0,142588,0,142588,0,100,100,0,0,0,0,0,100,0,0,
28657,,NUKKLEAR,nukklear,30,2,2,2,142514,142514,71257,0,25,100,25,50,50,0,25,0,0,0,Germany
50814,,Just Purkey Games,just-purkey-games,30,1,1,1,142485,142485,142485,2,50,100,0,0,50,0,50,0,50,0,
47959,,Scolaro Games,scolaro-games,30,1,1,0,142457,142457,142457,1,100,100,0,0,0,0,0,0,0,0,
18819,,SneakyBox,sneakybox,30,14,14,3,142410,8827,10172,5,35,76,29,6,18,18,6,0,0,6,Lithuania
7179,,Craze Creative Studios,craze-creative-studios,30,1,1,0,142234,142234,142234,0,100,100,100,100,0,100,100,0,0,0,
3125,,Ludic Studios,ludic-studios,30,2,2,1,142233,71117,71117,3,100,100,33,33,0,0,0,0,0,0,
19209,,Mr Z Games,mr-z-games,30,3,3,1,142211,50296,47404,2,50,50,0,25,25,0,50,0,0,0,
19310,,Ignishot,ignishot,30,1,1,0,142204,142204,142204,1,0,0,0,0,0,0,0,0,0,0,
2160467,,Cat Society,cat-society,30,2,2,0,142199,142199,71100,0,50,0,100,0,100,100,0,0,0,0,South Korea
19123,,Golden Glitch,golden-glitch,30,1,1,0,141996,141996,141996,1,100,0,0,100,100,0,0,0,0,0,
5757,,Crazyant,crazyant,30,1,1,0,141880,141880,141880,1,100,100,0,100,0,0,100,0,0,0,
1642034,,Casual Brothers Ltd.,casual-brothers-ltd,30,6,6,1,141867,20591,23645,3,29,43,14,100,29,0,0,0,29,14,
13047,,Portal Entertainment,portal-entertainment,30,1,1,0,141819,141819,141819,1,100,0,0,0,0,0,100,0,0,0,United States
6645346,,Tru Hunnit,tru-hunnit,30,1,1,0,141704,141704,141704,0,0,100,0,0,100,0,100,0,0,0,
291457,,Horizont Computergrafik,horizont-computergrafik,30,1,1,0,141658,141658,141658,0,100,0,0,0,100,100,100,0,0,0,Germany
1639491,,Lepioid LLC,lepioid-llc,30,2,2,0,141584,70792,70792,1,50,50,50,0,50,0,0,0,0,0,
31411,,Power Struggle Games,power-struggle-games,30,1,1,0,141514,141514,141514,0,100,0,0,100,100,100,0,0,0,0,
43714,,Black March Studios,black-march-studios,30,2,2,1,141473,70737,70737,3,33,33,33,0,33,67,33,0,0,0,India
4327,,机迷工作室,-,30,1,1,0,141472,0,141472,0,100,0,100,100,100,100,100,0,0,0,
50074,,Kirakira monstars,kirakira-monstars,30,1,1,0,141435,141435,141435,0,0,0,100,100,0,0,0,0,0,0,
50321,,Budai,budai,30,3,3,1,141313,70657,47104,4,75,0,25,50,50,25,50,0,0,0,Hungary
140997,,Giver,giver,30,2,2,0,141248,70624,70624,0,0,0,100,0,0,0,100,0,0,0,
51475,,unstable games,unstable-games,30,1,1,2,141210,0,141210,1,67,67,33,67,0,0,67,0,0,0,
28464,,Hip Games,hip-games,30,2,2,0,141128,70564,70564,0,0,100,0,0,0,0,0,0,0,0,
27526,,Med-Art,med-art,30,1,1,0,141004,141004,141004,0,0,100,0,0,0,0,0,0,0,0,
4073817,,Bullfrog Productions,bullfrog-productions,30,5,5,0,140873,26587,28175,0,0,20,0,0,0,100,80,0,0,0,United Kingdom
23815,,Kodansha,kodansha,30,13,13,0,140844,8175,10834,0,0,0,100,15,15,0,0,0,0,0,Japan
16993,,Kamina Dimension,kamina-dimension,30,2,2,0,140838,70419,70419,2,100,50,50,50,0,0,0,0,0,0,Finland
4507,,YGGDRASIL STUDIO,yggdrasil-studio,30,4,4,0,140731,432,35183,3,100,0,25,50,0,0,0,0,0,0,South Korea
18129,,Buka Development,buka-development,30,3,3,0,140642,48453,46881,0,0,0,0,100,0,0,0,0,0,0,
27157,,Neon Deity Games,neon-deity-games,30,1,1,1,140605,140605,140605,1,100,100,0,0,0,0,0,0,0,0,
8690066,,Twin Petes,twin-petes,30,1,1,0,140587,140587,140587,0,100,0,0,100,0,0,0,0,0,0,
8690067,,Fuchs+Dachs,fuchs-dachs,30,1,1,0,140587,140587,140587,0,100,0,0,100,0,0,0,0,0,0,
1638480,,Astral Clocktower Studios,astral-clocktower-studios,30,1,1,0,140583,140583,140583,1,100,100,0,100,0,0,100,0,0,0,United States
187881,,Baby Robot Games,baby-robot-games,30,1,1,0,140541,140541,140541,0,100,100,0,100,0,0,0,0,0,0,Spain
7428,,Super Icon Ltd,super-icon-ltd,30,2,2,0,140521,70261,70261,0,100,50,0,50,0,0,0,0,0,0,
4862,,CHARON,charon,30,19,19,1,140511,2820,7395,5,70,0,15,75,25,0,25,0,0,0,
3919841,,STOIC Ent.,stoic-ent,30,1,1,1,140438,140438,140438,1,50,50,0,50,0,100,0,0,0,0,
8660005,,SD,sd,30,3,3,1,140336,59956,46779,4,100,75,25,25,25,0,0,0,0,0,
3520611,,MONTRALUZ,montraluz,30,1,1,0,140329,140329,140329,0,100,0,0,100,0,0,0,0,0,0,
9105,,Haruneko Entertainment,haruneko-entertainment,30,3,3,0,140280,30109,46760,3,100,100,67,33,0,33,0,0,0,0,Italy
292751,,株式会社タストα,-,30,2,2,0,140262,70131,70131,0,100,0,0,50,0,50,50,0,0,0,
88686,,TLR Games,tlr-games,30,5,5,2,140252,9947,28050,4,86,29,43,57,14,29,14,0,0,0,
30981,,Blue Tea Games,blue-tea-games,30,12,12,0,140195,11774,11683,0,0,0,100,100,0,0,0,0,0,0,
5775,,Abstractive Works,abstractive-works,30,1,1,0,140061,140061,140061,0,100,0,100,0,0,0,0,0,0,0,
14425,,Ambiera e.U.,ambiera-e-u,30,1,1,0,140021,140021,140021,1,0,0,0,0,0,0,0,0,0,0,Austria
1649319,,人型ですカオス,-,30,3,3,0,139955,69978,46652,2,100,0,33,67,33,67,67,0,0,0,
26330,,Matt Grimm,matt-grimm,30,2,2,0,139927,69964,69964,0,100,100,0,100,0,0,0,0,0,0,
1942,,Chondrite Games,chondrite-games,30,1,1,0,139758,139758,139758,1,100,0,0,0,100,100,0,0,0,0,
5206,,Funghisoft,funghisoft,30,2,2,0,139745,69873,69873,2,100,0,50,0,100,50,0,0,0,0,
720309,,Centurion Developments,centurion-developments,30,1,1,0,139745,139745,139745,0,0,0,0,0,0,100,0,0,0,0,
3043198,,Bingo Studio,bingo-studio,30,1,1,0,139736,139736,139736,0,100,100,0,100,0,0,100,0,0,0,
37446,,GamesByChris,gamesbychris,30,1,1,0,139604,139604,139604,0,100,100,0,100,0,0,0,0,0,0,
1709377,,KevTheDev,kevthedev,30,1,1,0,139604,139604,139604,1,100,100,0,100,0,0,0,0,0,0,
1636771,,TozukuGames,tozukugames,30,1,1,0,139522,139522,139522,1,100,0,0,0,0,0,0,0,0,0,Japan
2494,,Refactored Games OÜ,refactored-games-o,30,1,1,0,139502,139502,139502,1,100,0,0,0,100,100,0,0,0,0,
54063,,CosmicNobab Games,cosmicnobab-games,30,2,2,0,139482,139482,69741,0,100,100,0,100,0,0,100,0,0,0,
47335,,Mekworx,mekworx,30,1,1,0,139336,139336,139336,0,100,100,0,0,0,0,0,0,0,0,
6078472,,RETRO GAMES,retro-games,30,2,2,0,139296,0,69648,2,100,0,100,100,100,0,0,0,0,100,
4842582,,MsGlobal,msglobal,30,5,5,0,139200,24000,27840,2,40,100,100,100,20,40,0,0,0,0,
38485,,Bathysfear Labs,bathysfear-labs,30,1,1,0,139185,139185,139185,0,100,100,0,100,0,0,0,0,0,0,
2873,,Kinmoku,kinmoku,30,2,2,0,139170,69585,69585,2,100,0,100,100,100,0,0,0,0,0,
33257,,Salty Games,salty-games,30,2,2,1,139168,216,69584,2,67,33,0,33,67,0,33,33,0,0,
9693,,Project Whitecard Studios Inc.,project-whitecard-studios-inc,30,4,4,0,139134,41609,34784,1,25,25,25,75,75,0,50,0,25,0,
3135830,,Gami Studio,gami-studio,30,1,1,0,139105,139105,139105,0,100,100,0,100,0,0,0,0,0,0,
26196,,Biart,biart,30,1,1,0,139083,0,139083,0,0,100,0,0,0,0,0,0,0,0,Russia
4062482,,猫多游戏,-,30,2,2,1,139065,69533,69533,2,100,0,100,33,100,0,33,0,33,33,
16949,,Toco Games,toco-games,30,1,1,0,138831,138831,138831,1,100,100,100,100,0,0,0,0,0,0,
6542,,OutOfTheBit Ltd,outofthebit-ltd,30,4,4,1,138813,32309,34703,5,100,100,60,60,20,0,0,0,20,60,
188181,,作場金属製作所 Sakuba Metal Works,sakuba-metal-works,30,1,1,0,138757,138757,138757,1,100,0,0,100,0,0,100,0,0,0,
188182,,SmokymonkeyS,smokymonkeys,30,1,1,0,138757,138757,138757,0,100,0,0,100,0,0,100,0,0,0,Japan
17642,,Impromptu Games,impromptu-games,30,3,3,0,138683,31185,46228,3,100,33,100,67,33,0,0,0,0,0,Australia
25849,,"SAINT-FUN INTERNATIONAL CO., LTD.",saint-fun-international-co-ltd,30,1,1,0,138534,138534,138534,0,0,0,0,0,0,0,0,0,100,0,
48311,,Vladimir Cholokyan,vladimir-cholokyan,30,1,1,0,138510,138510,138510,1,100,0,0,0,0,0,0,0,0,0,
8615,,BrineTeam,brineteam,30,1,1,0,138496,138496,138496,1,100,0,0,100,0,0,0,0,0,0,
351444,,Bureau Bravin,bureau-bravin,30,2,2,0,138469,138469,69235,0,100,0,0,0,100,100,0,0,0,0,Georgia
612269,,inDirection Games,indirection-games,30,1,1,0,138423,138423,138423,0,100,0,0,0,100,100,0,0,0,0,
3869476,,Bloodbath Studios,bloodbath-studios,30,1,1,2,138355,138355,138355,3,100,100,0,100,33,67,100,33,0,0,
21727,,Lisa Voronova,lisa-voronova,30,1,1,0,138348,138348,138348,1,100,100,0,100,0,0,0,0,0,100,
4196,,Smoodlez,smoodlez,30,1,1,0,138327,138327,138327,1,100,100,100,100,0,0,100,0,0,0,
22141,,Stroboskop,stroboskop,30,5,5,1,138322,11478,27664,4,67,50,17,100,0,0,17,0,0,0,Sweden
941090,,HEIJUN,heijun,30,1,1,0,138288,138288,138288,0,100,0,100,0,100,0,100,0,0,0,
22018,,GoBit Games,gobit-games,30,4,4,0,138259,43002,34565,4,25,100,100,0,75,0,0,0,0,0,
19522,,SuckerFree Games,suckerfree-games,30,2,2,0,138188,69094,69094,2,100,50,50,100,0,0,0,0,0,0,United States
12723,,White Lotus Interactive,white-lotus-interactive,30,1,1,0,138179,138179,138179,1,100,0,0,100,0,0,0,0,0,0,
2834,,Boobs Dev,boobs-dev,30,1,1,0,138147,138147,138147,1,0,100,0,100,0,0,0,100,0,0,
1125,,Pixel Rice,pixel-rice,30,1,1,0,138088,0,138088,1,100,100,0,100,0,0,100,0,0,0,
28608,,Secret Lunch,secret-lunch,30,1,1,0,138000,138000,138000,0,100,100,0,100,0,0,0,0,0,0,
27189,,NYX Digital,nyx-digital,30,3,3,1,137993,659,45998,0,25,25,75,0,0,0,0,0,0,0,
11276,,KITATUS STUDIOS,kitatus-studios,30,1,1,0,137968,137968,137968,0,100,100,0,100,0,0,0,0,0,0,
37135,,EnDrew,endrew,30,1,1,0,137918,137918,137918,1,100,100,100,100,100,0,0,0,0,0,
720143,,I'm moralist,i-m-moralist,30,3,3,0,137839,32117,45946,0,100,0,33,33,0,0,100,0,0,0,
30873,,Space Cat Studios,space-cat-studios,30,2,2,0,137831,68916,68916,0,100,0,50,0,0,0,0,0,0,0,
11312,,Otherworld Interactive,otherworld-interactive,30,2,2,1,137782,68891,68891,2,33,0,33,100,0,0,0,0,0,0,
6505,,James Patton,james-patton,30,2,2,1,137757,68879,68879,0,100,0,0,67,67,33,33,0,0,0,
182,,TinyAtomGames,tinyatomgames,30,1,1,0,137619,137619,137619,1,100,100,0,100,0,0,0,0,0,0,
36995,,Pavel Kudinov,pavel-kudinov,30,1,1,0,137599,137599,137599,1,100,0,0,0,100,0,0,0,0,0,
1397537,,JustTomcuk,justtomcuk,30,8,8,0,137392,14006,17174,8,100,13,0,100,75,0,13,0,0,0,
43311,,Uglycoal,uglycoal,30,3,3,0,137368,137368,45789,1,100,33,0,67,0,0,67,0,0,0,
41022,,Ewoud van der Werf,ewoud-van-der-werf,30,1,1,0,137352,137352,137352,0,100,0,100,100,0,0,0,0,0,0,Netherlands
4803205,,Nils Slijkerman,nils-slijkerman,30,1,1,0,137352,137352,137352,0,100,0,100,100,0,0,0,0,0,0,
26970,,Good Day Games,good-day-games,30,1,1,0,137334,137334,137334,0,0,0,100,0,0,0,0,0,0,0,
12446,,SekaiFrieden,sekaifrieden,30,2,2,0,137328,68664,68664,2,100,100,50,50,0,0,0,0,0,0,
25257,,Yeah Us!,yeah-us,30,2,2,0,137290,68645,68645,0,50,0,0,0,0,0,0,0,0,100,
29818,,atelier mimina,atelier-mimina,30,1,1,1,137274,137274,137274,0,50,100,0,50,0,0,50,0,0,0,
83,,HolmCom,holmcom,30,2,2,0,137267,68634,68634,2,50,50,0,50,0,0,50,0,0,0,
897,,Overture,overture,30,1,1,0,137180,137180,137180,0,100,0,0,100,0,100,100,0,0,0,
14321,,Asmodee Digital,asmodee-digital,30,3,3,0,137171,0,45724,3,33,33,67,0,33,67,33,0,0,0,France
1297,,Fazan,fazan,30,2,2,0,137138,68569,68569,2,100,100,0,50,0,0,50,0,0,0,
32354,,Raspina Studio,raspina-studio,30,1,1,0,137129,137129,137129,0,0,100,0,0,0,0,0,0,0,0,
32564,,Cuddle Monster Games,cuddle-monster-games,30,2,2,2,137042,68521,68521,2,75,75,25,0,25,25,0,0,0,0,
30832,,Anyland + Manyland,anyland-manyland,30,2,2,0,136937,0,68469,0,100,50,50,100,0,0,0,100,0,0,
1641331,,Pixel Purrfect,pixel-purrfect,30,1,1,3,136931,136931,136931,4,75,25,50,25,0,50,25,0,0,0,
28835,,"Good Morning, Commander",good-morning-commander,30,1,1,0,136855,136855,136855,0,100,100,0,100,0,0,0,0,0,0,
6112292,,allen trivette,allen-trivette,30,1,1,0,136855,136855,136855,0,100,100,0,100,0,0,0,0,0,0,
29348,,Kokoko Soft,kokoko-soft,30,1,1,0,136835,136835,136835,0,100,0,0,0,0,0,100,0,0,0,
30599,,Falling Squirrel,falling-squirrel,30,1,1,0,136811,136811,136811,0,100,100,0,100,0,0,100,0,0,0,
26359,,Punch Punk Games,punch-punk-games,30,4,4,2,136810,38277,34203,1,83,17,67,50,50,33,0,0,33,0,
6988,,Studio TeamShuriken,studio-teamshuriken,30,1,1,0,136809,136809,136809,1,100,100,0,0,0,0,0,0,0,0,
12301,,PlayTogether Studio,playtogether-studio,30,4,4,0,136772,22144,34193,4,75,25,75,50,50,75,0,0,0,0,Canada
720284,,Nuko Majin,nuko-majin,30,2,2,0,136712,68356,68356,0,50,0,0,50,0,0,100,0,0,0,
19125,,GoldenGod Games,goldengod-games,30,12,12,1,136622,4565,11385,13,77,0,23,8,31,92,46,0,0,0,
45577,,Kuroto Zakka,kuroto-zakka,30,1,1,1,136619,136619,136619,0,100,100,0,100,0,0,100,0,0,0,
9987,,Julian Creutz,julian-creutz,30,1,1,1,136541,136541,136541,1,100,100,0,100,0,0,50,0,0,0,
3444898,,Eugene,eugene,30,1,1,0,136497,136497,136497,0,100,100,0,0,0,0,0,0,0,0,
3444899,,Archival,archival,30,1,1,0,136497,136497,136497,0,100,100,0,0,0,0,0,0,0,0,
5898859,,GOLDEN AGE,golden-age,30,1,1,0,136481,136481,136481,1,0,0,100,0,100,0,100,0,0,0,
17400,,Joshua Missile,joshua-missile,30,2,2,0,136462,68231,68231,2,100,50,50,50,0,0,50,0,0,0,
12247,,Aleksandar Kuzmanovic Games Inc.,aleksandar-kuzmanovic-games-inc,30,1,1,0,136449,136449,136449,1,100,100,0,100,0,0,100,0,0,0,
11481,,Jake Huhman,jake-huhman,30,1,1,0,136421,136421,136421,1,100,0,100,0,0,100,0,0,0,0,
28440,,Wingjoy Games,wingjoy-games,30,3,3,1,136397,18053,45466,3,100,75,50,75,25,0,25,0,0,0,
4220122,,Three Swords Studio,three-swords-studio,30,1,1,0,136385,136385,136385,1,100,100,0,100,0,0,100,0,0,0,Serbia
11299,,Recotechnology S.L.,recotechnology-s-l,30,6,6,0,136375,35753,22729,5,50,33,17,50,17,33,0,0,0,17,
21511,,Archetype Studios,archetype-studios,30,1,1,0,136345,0,136345,1,100,100,0,0,0,0,0,100,0,0,
33108,,"Softstar Technology (Shanghai) Co., Ltd.",softstar-technology-shanghai-co-ltd,30,1,1,0,136333,0,136333,0,0,0,0,0,0,0,100,0,0,0,
1634372,,BUCK,buck,30,1,1,0,136325,136325,136325,1,100,0,0,0,0,100,0,0,0,0,
1634373,,Antfood,antfood,30,1,1,0,136325,136325,136325,0,100,0,0,0,0,100,0,0,0,0,
36169,,Trinitite Team,trinitite-team,30,1,1,0,136304,136304,136304,1,0,0,0,100,0,0,0,0,0,0,
21107,,WZOGI,wzogi,30,3,3,0,136223,12370,45408,3,100,0,0,67,0,0,0,0,0,0,
25191,,Rectangle,rectangle,30,1,1,0,136151,136151,136151,0,100,100,0,0,100,0,0,0,0,0,
34577,,Alex Grade,alex-grade,30,2,2,0,136146,68073,68073,2,100,50,0,50,50,0,0,0,0,0,
38233,,Crazy Cactus Entertainment,crazy-cactus-entertainment,30,1,1,0,136086,136086,136086,0,100,0,100,100,0,0,0,0,0,0,
26974,,Tyu,tyu,30,1,1,0,136015,136015,136015,0,100,0,0,0,0,0,0,0,0,0,
28946,,Cosmic Engineers,cosmic-engineers,30,1,1,0,136015,136015,136015,0,100,0,0,0,0,0,0,0,0,0,
940033,,IGNOST,ignost,30,1,1,0,135976,135976,135976,1,100,0,0,0,0,0,100,0,0,0,
49731,,Game Logic Studio,game-logic-studio,30,2,2,0,135936,67968,67968,2,100,0,0,100,0,0,100,0,0,0,
1120153,,Massive Development,massive-development,30,2,2,0,135887,67944,67944,0,0,100,0,0,0,0,0,0,0,0,Germany
7080458,,株式会社グルーブボックスジャパン,-,30,2,2,0,135883,135883,67942,0,0,50,0,0,0,50,0,0,0,0,
10707,,SYLPH,sylph,30,6,6,2,135823,3790,22637,7,75,88,38,50,0,0,0,0,0,0,
19661,,MWM Interactive,mwm-interactive,30,2,2,0,135795,67898,67898,0,100,50,50,50,0,0,0,0,0,0,United States
48124,,MuseX,musex,30,1,1,0,135793,135793,135793,0,100,0,0,100,0,0,0,0,0,0,
187498,,Spikewave Games,spikewave-games,30,1,1,0,135780,135780,135780,0,0,100,0,100,0,100,100,0,0,0,
2160667,,AlterWorlds,alterworlds,30,1,1,1,135732,135732,135732,2,100,0,100,100,0,0,0,0,0,0,
1636281,,Sonderland,sonderland,30,2,2,0,135728,67864,67864,2,0,0,50,0,0,100,0,0,0,0,Germany
184401,,Backhole,backhole,30,3,3,0,135674,46884,45225,3,100,33,0,33,0,0,0,0,0,0,
45904,,Redcatpig Studio,redcatpig-studio,30,1,1,0,135667,135667,135667,0,100,100,0,0,0,0,0,0,100,0,
3685,,7A Games,7a-games,30,3,3,0,135647,67824,45216,2,100,0,67,0,33,33,33,0,0,0,
33532,,Rarykos,rarykos,30,3,3,0,135647,67824,45216,1,100,0,67,0,33,33,33,0,0,0,
42728,,Alambik Studio,alambik-studio,30,2,2,0,135635,135635,67818,0,0,0,0,0,100,100,50,0,0,0,
10709,,Dialogue Design,dialogue-design,30,1,1,0,135571,135571,135571,0,100,100,0,0,0,0,0,0,0,0,
12171,,Sinned Games,sinned-games,30,16,16,0,135557,429,8472,16,69,81,50,0,6,13,0,0,19,6,
5524685,,VEA Games,vea-games,30,1,1,0,135537,135537,135537,0,0,100,0,100,0,0,0,0,0,0,
268,,Egor Rezenov,egor-rezenov,30,2,2,2,135445,67723,67723,4,100,50,0,100,0,0,0,0,0,0,
36616,,Nine’s Graphics,nine-s-graphics,30,1,1,0,135443,135443,135443,0,0,0,100,100,0,0,0,0,0,0,
9449,,First Games Interactive,first-games-interactive,30,8,8,0,135399,7515,16925,8,100,13,63,0,0,63,0,0,0,0,Ukraine
26045,,Meowza Games,meowza-games,30,1,1,0,135372,135372,135372,0,100,0,100,100,100,0,0,0,0,0,
29704,,Atomix Productions,atomix-productions,30,1,1,0,135356,0,135356,0,0,0,0,0,0,0,0,0,0,0,
23986,,Shaun Inman,shaun-inman,30,1,1,0,135321,135321,135321,0,100,100,0,100,0,0,0,0,0,0,
49083,,Nik,nik,30,2,2,2,135310,14559,67655,3,75,75,0,75,75,25,25,25,0,0,
11574,,Moonworks,moonworks,30,1,1,0,135276,135276,135276,1,100,0,100,0,0,0,0,0,0,0,
15022,,Decemberborn Interactive,decemberborn-interactive,30,1,1,0,135237,135237,135237,1,100,100,0,100,0,0,0,0,0,0,
45545,,Studio Floris Kaayk,studio-floris-kaayk,30,1,1,0,135216,135216,135216,0,100,0,0,0,100,0,0,0,0,0,
30879,,Dojo Games,dojo-games,30,1,1,0,135193,135193,135193,0,0,100,0,0,0,0,0,0,0,0,
37963,,Kiary Games,kiary-games,30,1,1,1,135184,135184,135184,2,100,0,50,100,0,0,0,0,0,0,
27699,,Eggtooth Team,eggtooth-team,30,1,1,0,135171,135171,135171,0,0,100,0,0,0,0,0,0,0,0,
45076,,BerserkBoy Games,berserkboy-games,30,1,1,1,135121,135121,135121,1,50,50,50,50,50,0,0,0,0,0,
1639511,,novamicus,novamicus,30,1,1,0,135120,135120,135120,0,0,0,0,100,100,0,0,0,0,0,Japan
2181,,fluckyMachine,fluckymachine,30,2,2,1,135116,67558,67558,0,100,100,100,67,67,0,0,0,0,0,
22180,,Dracula's Cave,dracula-s-cave,30,6,6,0,135058,3134,22510,6,100,100,17,83,0,17,0,0,0,0,
33234,,DarxDev,darxdev,30,2,2,0,134996,134996,67498,2,0,100,50,0,50,100,0,50,0,0,
11647,,Unorthodox Studio,unorthodox-studio,30,1,1,0,134967,0,134967,1,100,0,100,100,0,100,100,100,0,0,
22457,,"Fair Weather Studios, LLC",fair-weather-studios-llc,30,5,5,0,134891,29627,26978,5,0,20,0,0,0,80,0,0,0,0,
38243,,Magyu Studio,magyu-studio,30,1,1,3,134891,134891,134891,4,75,75,0,100,0,0,25,0,0,0,
8866,,Aartform Games,aartform-games,30,2,2,2,134831,67416,67416,4,100,0,0,0,75,100,0,0,0,0,
3026,,The Young Socratics,the-young-socratics,30,1,1,0,134768,134768,134768,1,100,0,0,100,0,0,0,0,0,0,
136874,,HuCang Studio,hucang-studio,30,3,3,2,134742,67371,44914,2,100,40,60,40,60,40,20,0,0,0,
17667,,Travian Games GmbH,travian-games-gmbh,30,3,3,0,134668,67334,44889,3,33,33,33,0,0,67,0,33,0,0,
9773,,CP Decision,cp-decision,30,1,1,0,134641,134641,134641,1,100,0,100,0,0,100,0,0,0,0,
14554,,Deceptive Games Ltd.,deceptive-games-ltd,30,5,5,0,134576,30415,26915,5,100,80,40,100,0,0,0,0,0,0,
9046,,Brandon Brizzi,brandon-brizzi,30,5,5,0,134524,3156,26905,5,100,40,0,60,0,0,0,0,0,0,
24621,,Enigma SP,enigma-sp,30,1,1,0,134522,134522,134522,0,100,100,0,100,0,0,0,0,0,0,
299313,,Latitude,latitude,30,1,1,0,134522,0,134522,1,0,100,100,100,0,0,100,0,0,0,
11229,,Alexander Goodwin,alexander-goodwin,30,2,2,1,134510,67255,67255,2,100,33,0,100,0,0,0,0,0,0,
2425,,deviant.tech,deviant-tech,30,1,1,0,134447,134447,134447,1,100,0,0,0,0,0,0,0,0,0,
21901,,L Twigger,l-twigger,30,1,1,0,134440,134440,134440,1,100,100,0,0,100,100,0,0,0,0,
19059,,RPN Indie Developer,rpn-indie-developer,30,1,1,1,134411,134411,134411,2,100,50,50,50,50,50,0,0,0,0,
42423,,No Future,no-future,30,3,3,0,134375,54953,44792,0,67,33,0,33,0,0,100,0,0,0,
34261,,GameTomo Team,gametomo-team,30,1,1,0,134335,134335,134335,0,100,0,100,100,0,0,0,0,0,0,
32181,,疯王子,-,30,3,3,1,134317,56737,44772,0,100,0,100,25,75,0,0,0,0,0,
187318,,"Sonic Powered Co.,Ltd.",sonic-powered-co-ltd,30,5,5,0,134188,11759,26838,5,20,40,40,20,60,0,0,0,0,0,
32214,,GreyLight Entertainment,greylight-entertainment,30,1,1,0,134183,134183,134183,0,100,100,0,100,0,0,0,0,0,0,
24750,,Nitreal,nitreal,30,7,7,0,134177,14910,19168,0,14,0,100,71,71,57,0,0,0,0,Poland
3306090,,Plebeian Studio,plebeian-studio,30,1,1,0,134174,134174,134174,0,0,100,0,0,100,0,0,0,0,0,
1634362,,Fairyship Games,fairyship-games,30,2,2,0,134166,67083,67083,1,100,100,0,100,0,0,50,0,0,0,
20266,,Aldin Dynamics,aldin-dynamics,30,2,2,0,134163,134163,67082,2,100,50,0,100,100,0,50,0,0,0,Iceland
22296,,Stout Games,stout-games,30,1,1,0,134142,134142,134142,1,100,0,100,0,0,0,0,0,0,0,
3153,,Cadabra Games,cadabra-games,30,1,1,1,134119,134119,134119,2,100,100,50,50,0,0,50,0,0,0,Brazil
2462,,Sunnyside Games,sunnyside-games,30,2,2,1,134103,106793,67052,1,67,67,0,67,0,0,0,0,0,0,Switzerland
4692368,,DelusionArt Studio,delusionart-studio,30,1,1,0,134046,134046,134046,1,100,0,100,0,100,100,0,0,0,0,Turkey
33265,,DascuMaru,dascumaru,30,4,4,0,133975,10949,33494,4,75,100,0,100,0,0,0,0,0,0,
6492,,Morgondag,morgondag,30,3,3,1,133950,5011,44650,4,100,25,50,100,25,0,50,0,0,0,Sweden
28921,,Bae Team,bae-team,30,1,1,0,133950,133950,133950,0,100,0,100,100,100,0,100,0,0,0,
10496,,SPARSE//GameDev,sparse-gamedev,30,2,2,0,133949,66975,66975,2,100,0,50,0,0,50,0,0,0,0,
6288588,,Pocket Rocket Studio 🚀,pocket-rocket-studio,30,3,3,2,133827,66914,44609,0,80,0,100,20,100,20,20,0,0,0,
8420,,KUBI Games,kubi-games,30,2,2,0,133759,66880,66880,2,100,50,50,50,0,0,50,0,0,0,Czech Republic
1639386,,Mutantleg,mutantleg,30,1,1,0,133745,133745,133745,1,100,100,0,100,0,0,0,0,0,0,
20601,,Vae Victis Games,vae-victis-games,30,1,1,0,133692,0,133692,1,100,0,0,0,100,0,0,0,100,100,Italy
11629,,Squidpunch Studios,squidpunch-studios,30,2,2,0,133636,66818,66818,1,100,50,50,0,50,100,0,0,0,0,
45785,,Triheart Studio,triheart-studio,30,1,1,2,133609,133609,133609,2,100,67,100,67,0,33,0,0,0,33,
39204,,veryOK,veryok,30,5,5,0,133547,14998,26709,3,100,40,40,60,0,0,0,0,0,20,Japan
504802,,七颗枚,-,30,1,1,1,133544,0,133544,1,50,0,0,50,0,100,50,0,0,0,
5422121,,Moonloop Games,moonloop-games,30,1,1,0,133540,133540,133540,0,100,100,0,100,0,0,0,0,0,0,
504678,,Jamsanpoid,jamsanpoid,30,1,1,0,133522,133522,133522,0,100,0,100,100,0,0,0,0,0,0,
504679,,VampireK.K.,vampirek-k,30,1,1,0,133522,133522,133522,1,100,0,100,100,0,0,0,0,0,0,
48835,,Wirion,wirion,30,2,2,0,133426,66713,66713,0,100,0,50,0,0,0,0,0,0,0,
39368,,玄镜工作室,-,30,1,1,0,133403,133403,133403,0,100,0,0,100,0,0,0,0,0,0,
28726,,Studio SiestA,studio-siesta,30,2,2,0,133399,66700,66700,0,100,100,0,0,0,0,0,0,0,0,
22516,,Good Catch Games,good-catch-games,30,1,1,0,133314,133314,133314,1,0,100,0,0,0,0,0,0,0,0,
38507,,Polybay Digital Entertainment,polybay-digital-entertainment,30,1,1,0,133283,133283,133283,1,0,100,0,100,100,0,0,0,0,0,
3194,,Demon Wagon Studios,demon-wagon-studios,30,1,1,0,133231,0,133231,1,100,100,0,100,0,0,0,0,0,0,
184165,,OTL GAME,otl-game,30,2,2,0,133102,66551,66551,2,100,100,0,100,0,0,0,0,0,0,
26403,,Growing Seeds,growing-seeds,30,4,4,0,133080,33470,33270,2,25,0,0,100,50,25,50,0,0,0,South Korea
50348,,Nightmare Studios,nightmare-studios,30,2,2,1,133043,66522,66522,3,67,67,0,33,0,0,0,0,0,0,
36009,,Johan Scherft,johan-scherft,30,2,2,0,133037,133037,66519,0,100,0,0,100,0,0,0,0,0,0,
20227,,Antanas Marcelionis,antanas-marcelionis,30,1,1,0,132984,0,132984,1,100,0,100,0,100,100,0,0,0,0,
30667,,Renė Petrulienė,ren-petrulien,30,1,1,0,132984,0,132984,0,100,0,100,0,100,100,0,0,0,0,
23558,,Tom Raudys,tom-raudys,30,1,1,0,132915,132915,132915,0,100,100,0,100,0,0,100,0,0,0,
25879,,Tim van Kan,tim-van-kan,30,2,2,0,132915,132915,66458,0,100,100,50,50,0,0,50,0,0,0,
28760,,echo games,echo-games,30,1,1,0,132858,132858,132858,0,100,100,0,100,0,0,0,0,0,0,
24118,,Phoenixxx Games,phoenixxx-games,30,33,33,0,132821,1996,4025,32,61,27,45,21,6,27,0,0,3,3,
1638257,,Challengers Games Corp.,challengers-games-corp,30,2,2,0,132793,0,66397,2,100,50,50,50,0,50,50,0,0,0,
52801,,HeadArrow,headarrow,30,6,6,1,132704,4684,22117,7,100,86,43,71,14,43,0,0,0,0,United States
34249,,市松製化,-,30,3,3,0,132696,24831,44232,1,67,0,33,67,0,0,0,0,0,0,
21348,,Masterstrike,masterstrike,30,2,2,1,132491,66246,66246,3,100,100,33,33,67,33,0,0,0,0,
28460,,LadrikDev,ladrikdev,30,2,2,1,132491,66246,66246,0,100,100,33,33,67,33,0,0,0,0,
27237,,Mando productions,mando-productions,30,2,2,0,132489,5870,66245,0,50,50,50,0,0,100,0,0,0,0,France
25141,,Silky’s Plus Alpha,silky-s-plus-alpha,30,1,1,0,132451,132451,132451,0,0,0,100,100,0,0,0,0,0,0,
3444582,,Cowboy Toad Games,cowboy-toad-games,30,1,1,0,132408,132408,132408,1,100,0,0,100,0,0,0,0,0,0,
4237418,,Alpherior,alpherior,30,2,2,1,132364,132364,66182,3,100,67,100,0,0,33,100,0,0,0,
36944,,Dragons,dragons,30,1,1,0,132303,132303,132303,1,100,0,0,100,100,0,0,100,0,0,
1638491,,Tianmu Games,tianmu-games,30,1,1,0,132266,132266,132266,1,100,0,100,0,0,100,0,0,0,0,
39838,,P.+,p,30,3,3,0,132243,36504,44081,0,33,33,0,33,33,0,67,0,0,0,
7632690,,AMATA Games,amata-games,30,2,2,1,132202,66101,66101,3,67,33,0,100,0,0,0,0,0,0,
12611,,Rabotiagi games,rabotiagi-games,30,9,9,2,132076,1665,14675,11,64,100,36,64,73,9,18,0,9,18,
2809,,Causal Bit Games Inc.,causal-bit-games-inc,30,2,2,0,132033,66017,66017,0,100,100,50,0,0,0,0,0,0,0,
21144,,Doragon Entertainment,doragon-entertainment,30,2,2,0,132006,66003,66003,2,100,100,0,0,0,0,0,0,0,0,
48083,,Appci,appci,30,1,1,0,131939,131939,131939,0,0,0,0,100,100,0,100,0,0,0,
19544,,XAREA,xarea,30,2,2,0,131785,65893,65893,2,100,100,0,0,0,0,50,0,0,0,
6747,,Airborne Games,airborne-games,30,1,1,0,131773,131773,131773,1,100,100,0,0,0,100,0,100,0,0,
32562,,Innominate Games,innominate-games,30,1,1,1,131718,131718,131718,0,0,0,0,0,0,100,0,0,0,0,
3898843,,gonzeek,gonzeek,30,1,1,0,131606,131606,131606,1,100,0,0,100,100,0,0,0,0,0,
3898844,,Oxeren,oxeren,30,1,1,0,131606,131606,131606,1,100,0,0,100,100,0,0,0,0,0,
7786,,Neuronality,neuronality,30,1,1,0,131540,131540,131540,1,100,100,100,0,0,0,0,100,0,0,
32317,,EXE-CREATE,exe-create,30,1,1,0,131465,131465,131465,0,0,100,0,100,0,0,100,0,0,0,
18093,,Crosse Studios,crosse-studios,30,1,1,0,131442,131442,131442,0,0,0,0,0,0,0,0,0,0,100,
7312,,OKAM STUDIO,okam-studio,30,2,2,0,131438,131438,65719,1,50,50,50,50,50,0,0,50,0,0,Argentina
185830,,Sprouting Potato,sprouting-potato,30,2,2,1,131418,65709,65709,3,100,0,0,0,0,100,0,0,0,0,
107341,,Action Forms,action-forms,30,1,1,0,131417,131417,131417,0,0,100,0,0,0,0,0,0,0,0,
4237663,,渡里laboratory,laboratory,30,3,3,1,131417,37008,43806,0,100,0,75,25,50,0,75,0,0,0,
27955,,Team Fugl,team-fugl,30,1,1,0,131383,131383,131383,0,100,0,100,100,100,0,100,0,0,0,
3082,,OnigiriStudio,onigiristudio,30,1,1,0,131363,131363,131363,1,100,0,100,100,100,100,100,0,0,0,
12134,,Quantized Bit,quantized-bit,30,8,8,0,131348,17663,16419,7,88,100,0,0,0,0,0,0,0,0,
45871,,Sofa Mauve Studio Inc.,sofa-mauve-studio-inc,30,1,1,0,131301,131301,131301,1,100,100,100,100,0,100,100,0,0,0,
15637,,Baronnerie Games,baronnerie-games,30,2,2,0,131284,65642,65642,2,100,0,0,0,0,100,50,0,0,0,
398448,,PandaUpStudio,pandaupstudio,30,2,2,1,131226,65364,65613,2,33,0,100,0,100,33,0,0,0,0,
41252,,Jessy Lemieux,jessy-lemieux,30,1,1,0,131197,131197,131197,0,0,100,0,100,0,100,100,0,0,0,
26118,,SuperSexySoftware,supersexysoftware,30,1,1,0,130974,130974,130974,0,100,0,0,100,0,0,0,0,0,0,
1016,,GrosChevaux,groschevaux,30,1,1,1,130966,130966,130966,2,100,50,50,0,0,100,0,0,0,0,
47795,,Sysiac Games,sysiac-games,30,1,1,0,130962,130962,130962,0,100,0,0,100,0,0,0,0,0,0,Sweden
15872,,明枭网络,-,30,5,5,0,130947,19338,26189,5,80,0,60,0,40,60,60,0,0,0,
7204,,ImaginationOverflow,imaginationoverflow,30,3,3,0,130940,11969,43647,3,100,67,100,33,0,33,0,0,0,0,
3625292,,Wallimog &amp; Friends,wallimog-amp-friends,30,2,2,0,130806,65403,65403,0,0,0,0,0,100,0,0,0,0,0,
13414,,Synnergy Circle Games,synnergy-circle-games,30,4,4,2,130793,2150,32698,6,67,33,67,17,0,0,0,0,33,0,
27140,,Uniworlds Game Studios,uniworlds-game-studios,30,1,1,0,130766,130766,130766,0,100,100,0,100,0,0,0,0,0,0,
202476,,Scott Host,scott-host,30,2,2,0,130746,65373,65373,1,50,100,50,0,0,0,0,0,0,0,
1292,,VR Factory,vr-factory,30,3,3,0,130548,62279,43516,3,100,33,67,0,67,0,0,0,0,0,
924684,,Modbox,modbox,30,1,1,0,130496,130496,130496,1,100,100,100,100,100,0,0,0,0,0,
48051,,WatchDaToast,watchdatoast,30,1,1,0,130408,130408,130408,0,100,0,0,100,0,0,0,0,0,0,
4589,, Art Games Studio S.A.,art-games-studio-s-a,30,7,7,8,130403,2319,18629,12,80,47,40,27,53,7,7,0,7,7,
102031,,Vincent Ltd,vincent-ltd,30,1,1,0,130403,130403,130403,1,100,0,100,0,100,100,0,0,0,0,
36764,,badopticsgames,badopticsgames,30,1,1,0,130372,130372,130372,0,100,0,100,0,100,100,0,0,0,0,
31435,,Zordix Racing,zordix-racing,30,1,1,0,130351,130351,130351,0,0,0,0,0,100,0,0,0,100,100,Sweden
841,,VinciGames,vincigames,30,2,2,0,130280,65140,65140,2,100,100,50,0,50,0,0,0,0,50,
1643225,,flummox,flummox,30,8,8,0,130272,15576,16284,8,0,13,63,0,13,13,0,0,13,0,
1173,,L. Stotch,l-stotch,30,22,22,1,130172,10089,5917,23,100,17,91,13,4,0,17,0,0,4,
25177,,3DDUO,3dduo,30,7,7,0,130071,16510,18582,0,29,29,86,29,0,14,0,0,0,0,France
11347,,Nitrous Butterfly,nitrous-butterfly,30,1,1,1,130058,130058,130058,2,100,0,50,0,100,50,0,0,0,0,
38662,,Madlife Divertissement,madlife-divertissement,30,2,2,0,129904,129904,64952,0,100,0,100,0,50,50,0,0,0,0,
30933,,Peter Moorhead,peter-moorhead,30,2,2,0,129895,64948,64948,0,100,0,0,100,0,0,0,0,0,0,
6611579,,深圳市灵境互娱科技有限公司,-,30,1,1,0,129867,129867,129867,1,100,100,0,100,100,100,100,0,0,0,
1640939,,IXILL LLC.,ixill-llc,30,2,2,0,129856,64928,64928,0,100,50,50,100,0,0,0,0,0,0,
31289,,"Rideon,Inc.",rideon-inc,30,4,4,0,129853,32520,32463,0,0,0,25,75,50,75,100,0,0,0,
11412,,Naraven Games,naraven-games,30,2,2,1,129847,129847,64924,2,100,0,67,67,0,0,0,0,0,0,Switzerland
335,,Billy Goat Entertainment Ltd,billy-goat-entertainment-ltd,30,2,2,0,129825,64913,64913,0,50,50,0,100,0,0,0,0,50,0,
2971,,Mana Wings,mana-wings,30,1,1,0,129811,129811,129811,1,100,100,100,0,0,0,0,0,0,100,
484,,Woblyware,woblyware,30,6,6,0,129791,13225,21632,1,100,83,50,83,0,0,50,0,0,0,Finland
42693,,One Slice of Pizza Games,one-slice-of-pizza-games,30,1,1,1,129769,129769,129769,2,0,0,0,0,100,0,0,0,0,0,
77818,,Italic Pig Limited,italic-pig-limited,30,1,1,0,129759,129759,129759,1,100,100,100,100,0,0,0,0,0,0,
4064565,,OGO Play,ogo-play,30,1,1,0,129728,129728,129728,1,100,0,0,0,100,0,100,0,0,0,
25153,,Dez,dez,30,1,1,0,129710,129710,129710,0,100,100,0,0,0,100,0,0,0,0,
32053,,Sodigital,sodigital,30,2,2,0,129624,64812,64812,0,0,0,100,100,0,0,0,0,0,0,Poland
38965,,Jeff Winner,jeff-winner,30,3,3,2,129585,62600,43195,2,100,40,20,40,80,0,0,0,0,0,Brazil
2368,,Doublesix Games,doublesix-games,30,4,4,0,129583,70803,32396,2,50,50,50,0,0,0,25,0,0,0,
24576,,Muzzy Lane,muzzy-lane,30,1,1,0,129570,129570,129570,0,0,100,0,0,0,100,0,0,0,0,United States
26953,,Jae Lee Productions,jae-lee-productions,30,1,1,0,129545,129545,129545,0,100,100,0,0,0,0,0,0,0,0,
1491811,,HuaYiTianXin,huayitianxin,30,1,1,0,129496,129496,129496,0,100,100,0,100,100,100,100,0,0,0,
8124,,Lofty Sky Entertainment Inc.,lofty-sky-entertainment-inc,30,2,2,2,129396,129396,64698,3,100,25,75,50,0,0,25,0,0,0,
18829,,Selenion Games,selenion-games,30,1,1,1,129392,129392,129392,2,100,50,50,0,0,0,50,0,0,0,
36260,,Eugene Zubko,eugene-zubko,30,2,2,1,129256,64628,64628,3,100,0,67,0,0,0,0,0,0,0,
1640518,,Master Games,master-games,30,1,1,0,129226,129226,129226,1,100,0,0,0,100,100,0,0,0,100,
50786,,Uneducated Game Studio,uneducated-game-studio,30,1,1,0,129168,129168,129168,1,100,100,0,100,0,0,0,0,0,0,
448,,Eat Create Sleep,eat-create-sleep,30,2,2,1,129148,129148,64574,3,67,0,67,0,100,67,0,0,0,0,Sweden
25245,,Appnormals Team,appnormals-team,30,3,3,1,129132,42509,43044,1,100,0,0,100,0,0,0,0,0,0,Spain
11993,,Trainwreck Studios,trainwreck-studios,30,3,3,1,129126,6100,43042,4,100,25,100,0,75,0,0,0,0,0,
44450,,"Impulse Gear, Inc.",impulse-gear-inc,30,1,1,0,129114,129114,129114,1,0,100,0,0,0,0,0,0,0,0,
1020,,Viperante,viperante,30,2,2,0,129109,64555,64555,2,100,0,0,100,0,0,0,0,0,0,
52434,,VISH,vish,30,1,1,0,129095,129095,129095,1,100,100,100,0,0,100,100,0,0,0,
36450,,BrainDead Broccoli,braindead-broccoli,30,1,1,0,129006,129006,129006,1,100,100,0,0,0,0,0,0,0,0,Brazil
5544,,Timeslip Softworks,timeslip-softworks,30,2,2,1,128912,64456,64456,3,100,33,0,0,0,100,100,0,0,0,
28467,,Black Cactus,black-cactus,30,2,2,0,128886,64443,64443,0,0,0,0,0,0,100,0,0,0,0,
3135717,,Roof Cut Media,roof-cut-media,30,1,1,0,128881,128881,128881,0,0,0,0,100,0,0,0,0,0,0,Germany
18952,,VertexBreakers,vertexbreakers,30,1,1,0,128815,128815,128815,1,100,100,0,0,100,0,0,0,100,100,
3708,,Bomb Shelter Games,bomb-shelter-games,30,2,2,0,128770,64385,64385,2,100,100,0,50,0,0,0,0,0,0,
5651,,Pixel Perfect Dude,pixel-perfect-dude,30,2,2,0,128747,64374,64374,2,50,50,0,0,50,0,0,0,50,100,Poland
22595,,Modus Interactive,modus-interactive,30,3,3,3,128674,46650,42891,3,50,50,33,17,33,0,0,0,17,0,
1395813,,Never Games Limited,never-games-limited,30,1,1,0,128665,128665,128665,1,0,0,0,0,100,100,0,0,0,0,United States
6422,,Team Tripleslash,team-tripleslash,30,1,1,0,128568,128568,128568,1,100,100,0,100,0,0,0,0,0,0,
16183,,Fermenter Games,fermenter-games,30,3,3,1,128558,18419,42853,0,100,100,25,25,0,0,0,0,0,0,United States
49155,,Arrowfist Games,arrowfist-games,30,3,3,0,128532,128532,42844,0,100,100,0,67,0,0,33,0,0,0,
27921,,High Impact Games,high-impact-games,30,1,1,0,128524,128524,128524,0,0,100,0,0,0,0,0,0,0,0,United States
31128,,Kanda Technologies,kanda-technologies,30,1,1,0,128519,128519,128519,0,0,0,100,0,0,0,0,0,0,0,
5071,,Silver Cow Studio,silver-cow-studio,30,11,11,0,128473,5448,11679,11,100,27,9,73,100,0,0,0,0,0,
39155,,Minato Soft,minato-soft,30,1,1,0,128433,128433,128433,0,0,0,100,100,0,0,0,0,0,0,
8578,,Red Fox Studio,red-fox-studio,30,1,1,0,128410,0,128410,1,100,100,0,0,0,0,0,0,0,0,
476,,Spectral Games,spectral-games,30,2,2,0,128302,64151,64151,0,0,100,50,0,0,0,0,0,0,0,Poland
5463,,Pixeltales.ru,pixeltales-ru,30,1,1,0,128243,0,128243,1,100,0,0,0,0,100,0,0,0,0,
18467,,Michael Brough,michael-brough,30,2,2,0,128236,64118,64118,2,100,50,0,0,0,100,0,0,0,0,
227,,FS Studio,fs-studio,30,2,2,0,128229,0,64115,2,100,100,0,100,0,0,0,50,0,0,
10038,,The Working Parts,the-working-parts,30,2,2,0,128160,64080,64080,2,100,50,0,100,0,0,0,0,0,0,Sweden
15502,,Deep Dive Interactive,deep-dive-interactive,30,3,3,0,128156,9048,42719,3,67,33,33,33,67,33,33,0,0,33,
23331,,VR Nerds,vr-nerds,30,2,2,0,127969,63985,63985,2,50,50,0,50,0,0,0,0,0,50,Germany
6943,,Tammeka Games,tammeka-games,30,1,1,0,127754,127754,127754,1,100,100,0,0,0,0,0,0,100,0,United Kingdom
9000042,,The-Mark Entertainment,the-mark-entertainment,30,3,3,0,127672,6158,42557,2,100,0,33,67,0,0,0,0,0,0,
3906851,,Beshbarmak games,beshbarmak-games,30,7,7,0,127644,10421,18235,7,100,0,0,86,86,0,0,14,0,0,Kazakhstan
26878,,Yobob,yobob,30,4,4,2,127549,3188,31887,0,100,0,83,83,50,0,33,0,0,0,
27734,,Agar3s,agar3s,30,1,1,0,127394,127394,127394,0,0,100,0,0,0,0,0,0,0,0,
19631,,Emilios Manolidis,emilios-manolidis,30,4,4,0,127386,17497,31847,4,75,25,25,75,25,0,25,0,0,0,
18653,,Qd,qd,30,1,1,0,127362,127362,127362,1,100,0,0,0,0,0,100,0,0,0,
41933,,Sonzai Games,sonzai-games,30,2,2,1,127346,63673,63673,1,100,100,33,100,0,0,0,0,0,0,Japan
31249,,Orbit Studio,orbit-studio,30,4,4,1,127269,40483,31817,1,80,80,20,100,0,0,20,0,0,0,Brazil
26799,,OperaHouse Corporation,operahouse-corporation,30,3,3,0,127170,39967,42390,0,0,0,0,100,0,0,0,0,0,0,Japan
5339157,,Elzee,elzee,30,1,1,0,127149,127149,127149,0,100,100,0,100,0,0,100,0,0,0,
5813,,Aoca Game Lab,aoca-game-lab,30,1,1,1,127098,127098,127098,2,100,0,0,100,0,0,0,0,0,0,
39358,,Thomas Mackinnon,thomas-mackinnon,30,1,1,0,126954,126954,126954,1,100,0,0,100,0,0,0,0,0,0,
41995,,Kalla Gameworks,kalla-gameworks,30,1,1,0,126935,126935,126935,0,100,0,0,0,100,100,0,0,0,0,
15404,,Praxia Entertainment Inc,praxia-entertainment-inc,30,1,1,0,126904,0,126904,1,100,100,0,0,0,100,0,0,0,0,
48342,,Space Samurai Studio,space-samurai-studio,30,4,4,0,126890,29645,31723,4,100,25,25,100,0,0,25,0,0,0,
20200,,Kan Kikuchi,kan-kikuchi,30,8,8,5,126879,3515,15860,11,69,38,69,31,46,8,15,0,0,8,
33541,,Playstos Entertainment,playstos-entertainment,30,1,1,0,126839,0,126839,0,100,0,0,0,100,0,0,0,100,0,Italy
28880,,3rd eye project,3rd-eye-project,30,1,1,0,126814,126814,126814,0,0,0,0,100,0,0,0,0,0,0,
51157,,Frozen Way,frozen-way,30,1,1,1,126772,126772,126772,1,100,0,100,50,50,0,0,0,0,0,
1635884,,Darenn Keller,darenn-keller,30,1,1,1,126760,126760,126760,1,100,50,0,0,0,100,0,0,0,0,France
23607,,Team6 game studios B.V.,team6-game-studios-b-v,30,1,1,0,126730,0,126730,0,0,100,0,0,0,0,0,0,100,100,
34173,,Glimmer Studio,glimmer-studio,30,1,1,0,126725,126725,126725,0,100,100,0,100,0,0,100,0,0,0,
32583,,Repulse,repulse,30,7,7,1,126712,14282,18102,0,100,13,88,50,0,0,50,0,0,0,Bulgaria
29633,,Golden Gear Games,golden-gear-games,30,1,1,0,126707,126707,126707,0,100,0,0,0,100,100,0,0,0,0,
23920,,Craneballs Studio,craneballs-studio,30,1,1,0,126669,0,126669,0,0,100,0,0,100,0,0,0,0,0,
26687,,Starloop Studios,starloop-studios,30,1,1,0,126669,0,126669,0,0,100,0,0,100,0,0,0,0,0,Spain
50160,,KODgames,kodgames,30,1,1,1,126494,126494,126494,2,0,50,0,50,100,0,0,50,100,50,
18873,,Futuremark,futuremark,30,2,2,0,126444,126444,63222,2,100,100,50,0,0,50,0,0,0,0,
28134,,nDreams / Near Light,ndreams-near-light,30,2,2,0,126427,63214,63214,0,0,50,0,0,100,0,0,0,0,0,
12494,,Trickster Arts,trickster-arts,30,3,3,0,126404,63202,42135,3,100,100,67,33,0,0,67,0,0,0,Czech Republic
10488,,Millenway,millenway,30,1,1,0,126381,126381,126381,1,100,0,0,0,100,100,0,0,0,100,
1166352,,88Danuki,88danuki,30,2,2,0,126340,63170,63170,0,100,50,0,100,50,0,50,0,0,0,
6231,,Panzer Gaming Studios,panzer-gaming-studios,30,1,1,0,126335,126335,126335,1,100,100,100,100,0,0,100,0,0,0,
19799,,Sludj Games,sludj-games,30,1,1,0,126254,126254,126254,1,100,100,0,100,100,0,0,0,0,0,
6607,,OddGames,oddgames,30,3,3,2,126242,60047,42081,5,60,40,40,40,20,60,0,0,20,0,
2895,,Ratalaika Games S.L.,ratalaika-games-s-l,30,8,8,1,126220,13225,15778,9,100,89,56,33,0,11,22,0,0,0,Spain
29893,,MC2,mc2,30,2,2,0,126190,63095,63095,0,0,0,0,100,0,0,0,0,0,0,
2999670,,Pavel Leksin,pavel-leksin,30,1,1,0,126160,126160,126160,0,100,0,0,100,100,0,0,0,0,0,
20754,,Culture Attack Studio,culture-attack-studio,30,1,1,0,126137,126137,126137,1,100,100,0,0,0,0,0,0,0,0,
27181,,Tyler Doak,tyler-doak,30,1,1,0,126137,126137,126137,0,100,100,0,0,0,0,0,0,0,0,
941267,,Infinity Ape Studios,infinity-ape-studios,30,1,1,0,126029,126029,126029,0,100,100,0,0,0,0,0,0,0,0,
5017,,Crystice Softworks,crystice-softworks,30,3,3,0,126026,63013,42009,3,67,67,33,0,0,0,0,0,0,0,Canada
33391,,Vladislav Castillo Gonzalez,vladislav-castillo-gonzalez,30,5,5,0,125991,16990,25198,5,100,80,100,80,20,20,60,0,20,0,
22489,,"Act 3 Games, LLC",act-3-games-llc,30,1,1,0,125948,125948,125948,1,100,0,0,100,0,0,0,0,0,0,
28227,,Evolution Software,evolution-software,30,1,1,0,125892,125892,125892,0,0,0,0,0,0,0,0,0,0,0,
720934,,Pomelo Games,pomelo-games,30,1,1,0,125772,125772,125772,1,0,0,0,0,100,100,0,0,0,0,
7382,,Sean O'Connor,sean-o-connor,30,2,2,0,125632,62816,62816,2,0,0,0,0,0,100,0,0,0,0,
20157,,GameTrek,gametrek,30,2,2,0,125623,62812,62812,1,50,50,50,0,100,50,0,0,0,0,
28395,,Johnny Dale Lonack,johnny-dale-lonack,30,1,1,1,125583,125583,125583,1,100,100,100,0,50,0,0,0,0,50,
10717,,Grizzly Wolf Games LLC,grizzly-wolf-games-llc,30,2,2,0,125579,62790,62790,2,100,50,50,100,50,50,50,0,0,0,
146078,,LameCat Studio,lamecat-studio,30,1,1,0,125474,125474,125474,0,100,0,0,100,0,100,100,0,0,0,
2569932,,Miss Xero,miss-xero,30,1,1,0,125465,125465,125465,1,100,0,100,0,0,0,0,0,0,0,
49928,,PsychoRavens,psychoravens,30,3,3,0,125390,11549,41797,2,100,100,0,100,0,0,0,0,0,0,Estonia
30284,,星愿制作组,-,30,2,2,0,125353,2997,62677,0,100,50,100,0,100,50,100,50,0,0,
5184694,,GRAVITY GAME ARISE,gravity-game-arise,30,2,2,0,125332,62666,62666,0,0,0,0,50,100,0,50,0,0,0,Japan
9337,,Chicken Waffle,chicken-waffle,30,3,3,1,125228,31956,41743,4,100,100,50,100,75,0,50,0,0,0,
21548,,Memes Games,memes-games,30,1,1,0,125200,125200,125200,1,100,0,100,100,0,0,0,0,0,0,
15176,,My Dog Zorro,my-dog-zorro,30,1,1,0,125194,125194,125194,1,100,100,100,100,0,0,0,0,0,0,
10499,,YorkshireRifles,yorkshirerifles,30,2,2,0,125136,62568,62568,2,100,50,0,0,0,50,0,0,0,0,
31980,,Glowforth,glowforth,30,1,1,0,125096,125096,125096,0,100,0,100,100,0,0,0,0,0,0,
27163,,The Moonwalls,the-moonwalls,30,3,3,0,124984,62492,41661,0,100,67,0,100,67,33,0,0,0,0,
11776,,Battenberg Software,battenberg-software,30,5,5,0,124897,636,24979,5,100,80,100,40,0,60,0,0,0,0,
14991,,Dragon Slumber,dragon-slumber,30,6,6,1,124871,7056,20812,4,100,14,43,29,29,14,14,0,14,0,Canada
11018,,EGCL,egcl,30,1,1,0,124856,124856,124856,0,100,0,0,0,100,100,0,0,0,100,
32621,,Amplify Creations,amplify-creations,30,1,1,0,124837,0,124837,0,100,100,0,100,0,0,100,0,0,0,Portugal
16733,,Red Unit Studios,red-unit-studios,30,1,1,2,124826,0,124826,1,67,0,0,0,33,100,67,0,0,0,
1655198,,9Garden,9garden,30,4,4,1,124764,124764,31191,5,100,0,100,0,0,20,40,0,0,0,
21985,,Maxestla,maxestla,30,3,3,1,124699,27326,41566,4,75,100,50,25,0,0,25,0,0,0,France
51656,,RegulusNSFW,regulusnsfw,30,1,1,1,124664,124664,124664,2,50,100,0,0,0,0,0,0,0,0,
28264,,app2fun,app2fun,30,1,1,0,124536,124536,124536,0,0,0,0,0,100,0,0,0,0,0,
17463,,26k,26k,30,2,2,1,124528,62264,62264,3,67,67,33,0,100,0,0,0,0,100,
188361,,Mistwall Studio,mistwall-studio,30,1,1,0,124466,124466,124466,1,0,0,0,0,100,0,100,0,0,0,
28613,,Deep Red Limited,deep-red-limited,30,1,1,0,124461,0,124461,0,0,0,0,0,100,0,0,0,0,0,
5586,,Oldblood,oldblood,30,1,1,1,124418,124418,124418,2,100,0,0,50,0,0,0,0,0,0,
1199,,Mind Leak,mind-leak,30,2,2,1,124391,62196,62196,3,67,0,0,0,100,100,0,0,0,0,
353537,,Game Island,game-island,30,1,1,0,124314,124314,124314,0,100,100,0,100,100,0,0,0,0,0,
32186,,Kidalang,kidalang,30,3,3,0,124237,30874,41412,0,100,0,67,100,0,0,0,0,0,0,
5741808,,NEW FOLDER GAMES LTD,new-folder-games-ltd,30,1,1,2,124202,124202,124202,3,67,0,100,33,100,0,0,0,0,0,
17431,,Great Cogs,great-cogs,30,1,1,0,124192,124192,124192,1,100,100,0,100,0,0,0,0,0,0,
2432219,,Rare Reversee,rare-reversee,30,1,1,0,124180,124180,124180,0,100,0,0,100,0,0,100,0,0,0,
2432220,,Beaztek,beaztek,30,1,1,0,124180,124180,124180,0,100,0,0,100,0,0,100,0,0,0,
20875,,bhungry,bhungry,30,11,11,1,124157,2300,11287,12,33,8,67,8,0,0,0,0,0,0,
28790,,SpinTop Games,spintop-games,30,7,7,0,124139,9877,17734,0,0,0,100,0,0,0,0,0,0,0,
1636572,,Baltoro Games,baltoro-games,30,4,4,2,124035,2973,31009,6,83,33,67,17,33,50,0,0,17,0,
3928,,YFYX GAMES,yfyx-games,30,3,3,0,124033,6961,41344,0,100,100,100,67,33,0,0,0,0,0,
31307,,peperoncino,peperoncino,30,2,2,0,124017,62009,62009,0,100,0,0,0,100,0,50,0,0,0,
4872,,Orphic Software,orphic-software,30,1,1,0,123925,123925,123925,1,100,0,0,100,0,100,100,0,0,0,
39146,,Insane Code,insane-code,30,1,1,0,123829,123829,123829,1,100,0,0,0,0,0,0,0,100,0,Poland
1397520,,Jupiter Corporation,jupiter-corporation,30,2,2,1,123740,61870,61870,3,100,33,100,0,0,33,0,0,0,0,Japan
1640119,,Lightimpact,lightimpact,30,3,3,0,123670,74925,41223,2,100,100,0,0,0,0,100,0,0,0,
50129,,Antonio Freyre,antonio-freyre,30,6,6,0,123665,21435,20611,0,33,83,0,33,0,0,0,0,0,0,
48587,,Slava Bushuev,slava-bushuev,30,2,2,0,123529,61765,61765,2,100,50,50,50,0,0,0,0,0,0,Russia
43490,,Buff Studio,buff-studio,30,4,4,1,123465,50747,30866,5,100,0,40,60,80,40,20,0,0,0,
25225,,Jammed Up Studios,jammed-up-studios,30,1,1,0,123417,123417,123417,0,0,100,0,0,0,0,0,0,0,0,
31193,,Bitmap Galaxy,bitmap-galaxy,30,2,2,1,123413,61707,61707,0,100,67,33,67,0,0,0,0,0,0,Slovakia
18212,,Altered Matter,altered-matter,30,1,1,0,123405,123405,123405,0,100,0,0,100,0,0,0,0,0,0,Spain
13012,,bucikpro,bucikpro,30,1,1,0,123302,123302,123302,1,100,0,0,0,0,0,0,100,0,0,
46860,,XEECEE,xeecee,30,2,2,0,123223,61612,61612,2,100,0,50,50,0,0,0,0,0,0,
1395229,,mumimumi,mumimumi,30,4,4,0,123211,12494,30803,2,100,100,50,25,0,0,0,0,0,0,
17097,,Vincent Lade,vincent-lade,30,6,6,0,123210,18188,20535,6,100,100,100,83,0,0,0,0,0,0,
21830,,ShadowShifters,shadowshifters,30,1,1,0,123208,123208,123208,1,100,100,0,100,0,0,0,0,0,0,
142379,,Mizotsuki Rail / acty,mizotsuki-rail-acty,30,1,1,0,123208,123208,123208,1,0,0,0,0,100,0,0,0,0,0,
26542,,GFI Russia,gfi-russia,30,1,1,0,123144,123144,123144,0,0,0,0,0,0,100,0,0,0,0,Russia
23104,,"Rockwell Studios, LLC",rockwell-studios-llc,30,2,2,0,123130,61565,61565,2,50,0,0,0,0,50,100,0,0,0,
1639337,,Xixo Games Studio,xixo-games-studio,30,1,1,0,123129,123129,123129,1,100,100,0,0,0,0,0,0,0,0,Spain
503,,City Interactive S.A.,city-interactive-s-a,30,13,13,0,123085,7665,9468,13,0,31,0,69,8,0,0,0,0,0,Poland
941105,,墨香如故,-,30,1,1,1,123074,123074,123074,0,50,0,50,50,0,100,50,0,0,0,
13959,, EastFog Studios,eastfog-studios,30,3,3,0,123037,42824,41012,3,100,67,67,67,100,33,33,0,0,0,Singapore
612018,,tripper_room,tripper-room,30,1,1,0,122977,122977,122977,0,0,100,0,0,0,0,0,0,0,0,
612019,,以絵会友(ikaikaiyuu),ikaikaiyuu,30,1,1,0,122977,122977,122977,0,0,100,0,0,0,0,0,0,0,0,
19908,,Wizard Games Inc,wizard-games-inc,30,3,3,0,122880,61440,40960,2,67,67,33,67,33,0,0,0,0,33,
2199610,,Bloody Pixel Games,bloody-pixel-games,30,3,3,1,122862,19540,40954,4,100,100,0,100,75,0,0,0,0,0,
28923,,"Buddy Cops, LLC",buddy-cops-llc,30,1,1,0,122768,122768,122768,0,100,100,100,100,100,0,0,0,100,0,
3493613,,SpeedTutor,speedtutor,30,1,1,1,122740,122740,122740,1,100,100,0,100,0,0,0,0,0,0,
4016192,,Parabox,parabox,30,1,1,0,122663,122663,122663,1,100,0,0,100,0,100,0,0,0,0,
11531,,The Spiteful Games,the-spiteful-games,30,2,2,1,122577,61289,61289,3,100,100,0,67,33,0,33,33,0,0,
26642,,Subtle Games,subtle-games,30,1,1,0,122534,122534,122534,0,100,0,0,0,100,100,0,0,0,0,
2431983,,WYLDERZONE,wylderzone,30,1,1,1,122477,122477,122477,2,50,100,0,50,0,0,0,0,0,0,
4037141,,Lowkey GameDev,lowkey-gamedev,30,1,1,0,122477,122477,122477,0,100,100,0,100,0,0,0,0,0,0,
940786,,Digital Mind Games,digital-mind-games,30,1,1,0,122474,122474,122474,0,100,100,0,100,0,0,0,0,0,0,
20721,,Sergey Domashenkin,sergey-domashenkin,30,1,1,0,122450,122450,122450,1,100,100,0,0,100,0,0,0,0,0,
29392,,ROSEVERTE MYSTERY,roseverte-mystery,30,3,3,0,122384,20076,40795,0,100,0,100,100,0,0,0,0,0,0,
20379,,Apparition Games,apparition-games,30,2,2,0,122356,61178,61178,1,50,50,50,50,50,0,0,0,0,0,
10270,,Morningstar Game Studio,morningstar-game-studio,30,3,3,0,122340,6629,40780,3,100,100,0,0,0,0,0,0,0,0,United States
1638853,,Chreseeba Games,chreseeba-games,30,2,2,0,122330,61165,61165,2,100,100,0,100,50,0,0,0,0,0,
47384,,Half Past Yellow,half-past-yellow,30,2,2,2,122237,122237,61119,2,100,25,0,75,0,25,0,0,0,0,Denmark
18797,,Pixel Error,pixel-error,30,1,1,1,122209,122209,122209,2,100,0,50,0,0,0,0,0,0,0,
5520305,,3DO,3do,30,1,1,0,122206,122206,122206,0,0,100,0,0,0,0,0,0,0,0,
1635879,,The Catalyst Crew,the-catalyst-crew,30,1,1,0,122198,122198,122198,1,100,0,0,0,100,100,0,0,0,0,
42428,,Xendra,xendra,30,3,3,1,122196,61098,40732,4,75,75,75,0,0,25,75,0,0,0,
29875,,Mains Digitales Interactive,mains-digitales-interactive,30,1,1,0,122186,122186,122186,0,100,0,0,100,100,100,0,0,0,0,
1165955,,Nightstuff Games,nightstuff-games,30,1,1,0,122171,122171,122171,1,100,100,0,0,0,0,0,0,0,0,
21741,,Hollowings,hollowings,30,5,5,0,122076,16370,24415,3,100,0,100,80,20,0,20,0,0,0,
30976,,Random Potion Oy,random-potion-oy,30,2,2,1,122071,122071,61036,2,67,0,0,67,0,0,100,0,0,0,
33485,,COLNELIUS,colnelius,30,2,2,0,122010,6809,61005,2,100,100,0,50,0,0,50,0,0,0,
31151,,WhiteMoor,whitemoor,30,1,1,0,121985,121985,121985,0,100,0,0,0,0,0,100,0,0,0,
17578,,Neoclassic Games,neoclassic-games,30,8,8,2,121973,6016,15247,10,100,20,90,50,10,0,10,0,0,0,
228,,Neko Game,neko-game,30,6,6,0,121944,4905,20324,6,100,17,100,0,67,33,17,0,0,0,
355,,Lapioware,lapioware,30,1,1,0,121882,121882,121882,1,100,0,0,0,100,0,0,0,0,0,
6552596,,FuzzyBot,fuzzybot,30,1,1,0,121855,121855,121855,0,0,100,100,100,0,0,0,0,0,0,
9115,,Adam Spragg,adam-spragg,30,1,1,0,121752,121752,121752,1,100,100,100,0,0,0,0,0,0,0,
756,,14 Hours Productions,14-hours-productions,30,2,2,1,121723,121723,60862,3,67,67,33,67,0,0,33,0,0,0,
5639,,Pill Bug Interactive,pill-bug-interactive,30,4,4,0,121680,7702,30420,4,50,25,0,25,75,25,0,0,0,0,
5141,,Manic Hyena,manic-hyena,30,5,5,0,121655,19021,24331,5,100,20,100,0,20,0,0,0,0,0,
186330,,SixSense Studios,sixsense-studios,30,1,1,0,121607,121607,121607,1,0,100,0,100,0,0,0,0,0,0,
27659,,Fireglow,fireglow,30,3,3,0,121545,37403,40515,0,0,0,0,0,0,100,0,0,0,0,
3998,,TRIANGLE SERVICE,triangle-service,30,9,9,0,121531,6830,13503,3,33,100,22,0,0,0,0,0,0,0,
33058,,Conradical Games,conradical-games,30,3,3,1,121471,4120,40490,4,100,0,25,50,0,0,50,0,0,0,
1636506,,Topping Palette,topping-palette,30,1,1,0,121462,121462,121462,1,100,0,100,100,100,100,0,0,0,0,
1287237,,Bluespy Studios,bluespy-studios,30,4,4,4,121448,4798,30362,0,75,50,63,38,25,25,13,0,13,0,
50326,,Bumblebee Studios,bumblebee-studios,30,2,2,4,121437,60719,60719,0,100,33,33,33,50,67,33,0,17,0,Sweden
33887,,傲雪小组,-,30,1,1,0,121396,121396,121396,1,100,0,100,0,100,0,100,0,0,0,
9816,,Wavedash Games,wavedash-games,30,1,1,0,121355,0,121355,1,100,100,0,0,0,100,0,0,0,0,
18417,,Vortex Games,vortex-games,30,2,2,0,121355,0,60678,2,100,100,0,50,0,50,0,0,0,50,
15428,,Maru Project Develop Team,maru-project-develop-team,30,1,1,0,121129,121129,121129,1,100,0,0,100,0,100,100,0,0,0,
12537,,RadiationBurn,radiationburn,30,2,2,0,121124,60562,60562,2,50,0,50,50,50,100,0,0,0,0,
3444903,,MYSTERY CROWN,mystery-crown,30,3,3,1,121121,43610,40374,4,100,0,75,75,100,0,100,0,0,0,
4156,,grapefrukt games,grapefrukt-games,30,3,3,0,121071,12642,40357,3,67,67,67,0,33,33,0,0,0,33,Sweden
33464,,Roenko Games,roenko-games,30,2,2,1,121064,60532,60532,3,100,67,33,67,33,0,0,0,33,0,
3913106,,MadRails,madrails,30,2,2,0,120994,120994,60497,0,100,0,0,100,0,100,100,0,0,0,
140,,Teal Fire,teal-fire,30,1,1,0,120906,120906,120906,1,100,0,100,0,100,100,0,0,0,0,
26471,,Grimorio of Games,grimorio-of-games,30,5,5,1,120872,10083,24174,3,100,100,17,67,0,0,83,0,0,0,Spain
185152,,Zojoi LLC.,zojoi-llc,30,2,2,0,120852,60426,60426,2,0,50,0,100,0,0,0,0,0,0,
8218,,Barnstorm Games,barnstorm-games,30,1,1,1,120828,120828,120828,1,0,50,0,0,100,0,0,0,0,0,
28573,,Nate Sanders,nate-sanders,30,4,4,0,120824,17855,30206,0,75,100,0,50,0,50,0,0,0,0,
14839,,SEMISOFT,semisoft,30,1,1,0,120798,120798,120798,0,100,100,0,100,0,0,100,0,0,0,
5287,,Mystik'art,mystik-art,30,2,2,1,120789,60395,60395,3,100,0,67,67,0,33,0,0,33,33,
8958,,Dejima,dejima,30,2,2,1,120758,60379,60379,2,67,100,33,67,0,0,0,0,0,0,
2570264,,Utopia Studio,utopia-studio,30,1,1,0,120719,120719,120719,0,100,100,0,100,0,0,100,0,0,0,
3589446,,Swimming God,swimming-god,30,3,3,0,120638,0,40213,2,33,100,33,67,0,0,33,0,0,0,
1397448,,Skaule,skaule,30,1,1,0,120596,120596,120596,0,100,0,0,100,0,0,0,0,0,0,
33990,,M11 Studio,m11-studio,30,4,4,0,120590,22701,30148,1,75,100,0,100,0,0,100,0,0,0,
14477,,Procedural Level,procedural-level,30,1,1,1,120559,120559,120559,2,100,0,100,0,0,100,0,0,0,0,
18954,,V. N.,v-n,30,3,3,0,120534,120416,40178,2,100,0,0,33,0,0,0,0,0,0,
43895,,빌리 헤링턴,-,30,3,3,1,120438,47261,40146,0,100,100,100,100,25,100,100,0,0,0,
17416,,Andreas Hager Gaming,andreas-hager-gaming,30,2,2,0,120426,60213,60213,2,100,100,0,0,50,0,50,0,0,0,
6734327,,2OO2,2oo2,30,1,1,0,120416,120416,120416,1,100,0,0,100,0,0,0,0,0,0,Vietnam
29189,,Zombie Dynamics,zombie-dynamics,30,1,1,0,120373,120373,120373,0,100,100,0,0,0,0,0,0,0,0,
22540,,"AyDream Co., Ltd.",aydream-co-ltd,30,2,2,0,120359,60180,60180,2,100,100,0,0,0,0,0,0,0,0,
1641916,,cat paw game,cat-paw-game,30,3,3,0,120305,40397,40102,0,0,0,100,0,0,0,33,0,0,0,
3365,,Studio V5,studio-v5,30,2,2,0,120255,60128,60128,2,0,0,0,0,0,0,0,0,0,0,
1394925,,拾遗工作室,-,30,1,1,0,120150,120150,120150,0,100,0,0,0,0,0,0,0,0,0,
30806,,VRUnicorns,vrunicorns,30,3,3,1,120068,16280,40023,0,100,0,0,0,0,0,0,25,50,100,Denmark
17464,,Basilisk Games,basilisk-games,30,3,3,0,120006,44054,40002,3,100,0,0,33,0,0,100,0,0,0,United States
24980,,Goblinz,goblinz,30,1,1,0,119969,119969,119969,0,100,0,0,100,0,100,100,0,0,0,
17521,,Brainy Studio LLC,brainy-studio-llc,30,1,1,0,119874,119874,119874,0,100,100,100,100,0,0,0,0,0,0,
41210,,Mercury Game Studio,mercury-game-studio,30,1,1,0,119874,119874,119874,0,100,0,0,0,0,100,100,0,0,0,
32617,,Cube,cube,30,1,1,1,119822,119822,119822,0,100,0,50,50,0,0,0,0,0,0,Japan
28426,,Production Exabilities,production-exabilities,30,1,1,1,119818,119818,119818,0,50,50,0,50,50,50,0,0,0,0,
42057,,Games From Earth,games-from-earth,30,1,1,0,119813,119813,119813,0,100,100,0,100,0,0,0,0,0,0,
30602,,Nesalis Games,nesalis-games,30,2,2,2,119661,119661,59831,2,100,0,100,0,100,0,0,0,0,50,
25994,,Parallax Arts Studio,parallax-arts-studio,30,3,3,0,119616,2748,39872,0,0,100,0,67,0,0,0,0,0,0,
7184,,bitComposer Games,bitcomposer-games,30,1,1,0,119525,119525,119525,0,0,0,0,100,0,0,0,0,0,0,Germany
27585,,CATASTROPHIC_OVERLOAD,catastrophic-overload,30,2,2,0,119511,59756,59756,0,50,100,100,0,0,50,0,0,0,50,
27204,,東木酋長,-,30,1,1,0,119510,119510,119510,0,100,0,100,0,100,100,0,0,0,0,
30196,,風林火山工作室,-,30,1,1,0,119510,119510,119510,0,100,0,100,0,100,100,0,0,0,0,
783,,Panic Ensues Software,panic-ensues-software,30,3,3,0,119501,54210,39834,3,33,67,67,0,100,33,0,0,0,0,
719653,,DOKIDOKI GROOVE WORKS,dokidoki-groove-works,30,1,1,0,119467,119467,119467,0,0,0,0,100,0,100,100,0,0,0,
1396607,,more8bit,more8bit,30,1,1,0,119454,119454,119454,0,100,100,0,100,0,0,0,0,0,0,
15069,,Colorfiction,colorfiction,30,4,4,3,119378,54663,29845,5,100,43,57,86,0,0,0,0,0,0,
42496,,owlyboi,owlyboi,30,54,54,0,119246,1066,2208,54,0,0,2,98,0,0,0,0,0,2,
18004,,BatWorks Software,batworks-software,30,1,1,0,119220,119220,119220,1,100,0,0,100,0,0,100,0,0,0,
22283,,Studio Pieplus,studio-pieplus,30,2,2,0,119192,59596,59596,2,100,0,0,50,50,0,0,0,0,0,
29415,,Uri Games,uri-games,30,4,4,0,119179,13704,29795,0,100,0,100,100,0,0,0,0,0,0,
13340,,Toydea Inc.,toydea-inc,30,1,1,0,119175,119175,119175,1,100,0,0,0,0,100,100,0,0,0,
24540,,Кашковский Антон,-,30,1,1,0,119166,119166,119166,0,100,0,100,0,0,0,0,0,0,0,
24636,,Бурков Никита,-,30,1,1,0,119166,119166,119166,0,100,0,100,0,0,0,0,0,0,0,
31592,,Почежерцев Влад,-,30,1,1,0,119166,119166,119166,0,100,0,100,0,0,0,0,0,0,0,
13451,,Niels Bauer Games,niels-bauer-games,30,4,4,0,119157,0,29789,4,100,0,0,50,75,50,75,0,0,0,Germany
46019,,Napas Torteeka,napas-torteeka,30,9,9,0,119146,7923,13238,8,78,22,89,11,56,33,0,0,11,0,
3729335,,PLAYWITH GAMES Inc.,playwith-games-inc,30,1,1,0,119066,0,119066,0,0,100,100,100,0,100,0,0,100,100,
4853,,哈视奇科技,-,30,9,9,0,119018,1200,13224,7,0,44,67,44,44,11,0,0,33,44,
18672,,Simulators Live,simulators-live,30,12,12,0,119010,0,9918,12,58,17,0,0,92,0,0,0,0,8,
22544,,傅真,-,30,4,4,0,118996,18257,29749,1,100,0,50,75,0,0,50,0,0,0,
5923781,,Macrojoy,macrojoy,30,1,1,0,118949,118949,118949,1,100,100,0,100,0,0,0,0,0,0,
184278,,Drooskati Games,drooskati-games,30,1,1,0,118944,118944,118944,1,100,0,100,100,100,0,0,0,0,0,
33866,,Somavision Games,somavision-games,30,2,2,0,118920,59460,59460,1,0,0,0,0,100,0,0,0,0,0,
38864,,M3M Games,m3m-games,30,1,1,0,118887,118887,118887,1,100,100,0,0,100,0,0,0,0,0,
22558,,"Tricol Co., Ltd.",tricol-co-ltd,30,8,8,1,118840,0,14855,9,89,78,67,22,56,0,0,0,0,11,
12707,,LGe,lge,30,1,1,0,118799,0,118799,1,100,100,100,0,0,0,0,0,0,0,
3227,,REX PEX GAMES,rex-pex-games,30,3,3,0,118795,43010,39598,3,100,67,100,33,33,0,0,0,33,0,
13185,,Alexander Mirdzveli,alexander-mirdzveli,30,1,1,0,118794,118794,118794,1,100,0,0,100,0,0,100,0,0,0,
18844,,Neojac Entertainment Inc.,neojac-entertainment-inc,30,3,3,1,118787,39320,39596,4,75,75,0,75,25,0,75,75,0,0,Canada
30009,,Playmestudio,playmestudio,30,1,1,1,118784,118784,118784,0,50,0,0,100,0,0,0,0,0,0,Chile
32487,,巫女さん作法,-,30,1,1,0,118750,118750,118750,0,100,100,0,0,0,0,0,0,0,0,
19525,,R_Games,r-games,30,4,4,0,118739,14770,29685,4,75,100,0,75,0,0,0,0,0,0,
28231,,Taylor Thomas,taylor-thomas,30,1,1,0,118733,118733,118733,0,100,0,0,100,0,100,100,0,0,0,
33642,,Madison Pathe,madison-pathe,30,1,1,0,118733,118733,118733,0,100,0,0,100,0,100,100,0,0,0,
27750,,Fat Panda Games,fat-panda-games,30,1,1,0,118685,118685,118685,0,100,100,0,100,0,0,0,0,0,0,Mexico
33493,,Frogsong Studios,frogsong-studios,30,3,3,0,118654,32919,39551,2,100,67,67,0,0,33,0,0,0,0,Sweden
1166604,,Rubens Games,rubens-games,30,2,2,2,118629,118629,59315,0,100,25,100,50,100,0,0,0,0,0,
12386,,Piranha Bytes Distribution UG&amp;Co KG,piranha-bytes-distribution-ug-amp-co-kg,30,1,1,0,118560,0,118560,0,0,0,0,0,0,0,0,0,0,0,
2454,,JMJ Interactive,jmj-interactive,30,7,7,0,118515,3697,16931,4,100,29,43,43,57,0,0,0,0,0,Sweden
1634782,,Windmill Oasis,windmill-oasis,30,1,1,1,118442,118442,118442,0,0,0,100,50,0,0,0,0,0,0,
30529,,Probe Entertainment,probe-entertainment,30,1,1,0,118414,118414,118414,0,0,100,0,100,0,0,0,0,0,0,United Kingdom
92011,,Zenovia Interactive,zenovia-interactive,30,1,1,1,118369,118369,118369,0,0,100,0,0,0,0,0,0,0,0,
18076,,SaintXi,saintxi,30,1,1,0,118319,118319,118319,1,100,0,0,0,100,100,0,0,0,0,
7877,,Tup Games,tup-games,30,1,1,0,118251,118251,118251,1,100,0,0,0,0,0,0,0,0,0,
4064615,,METASLA,metasla,30,1,1,0,118187,118187,118187,1,100,100,0,100,0,0,100,0,0,0,Japan
5663,,Jötunn Games,j-tunn-games,30,2,2,0,118158,59079,59079,1,100,100,0,0,50,50,100,0,0,0,Iceland
31725,,Blaster,blaster,30,1,1,0,118140,118140,118140,0,100,0,0,0,0,100,100,0,0,0,
30513,,MeGusta Game,megusta-game,30,1,1,0,118123,118123,118123,0,100,100,0,100,0,0,100,0,0,0,
52913,,Drakhar Studios,drakhar-studios,30,2,2,0,118120,59060,59060,0,0,100,0,100,0,0,0,0,0,0,
28930,,Blue Fang,blue-fang,30,1,1,0,118107,118107,118107,0,0,0,0,0,100,0,0,0,0,0,
44408,,Allods Team Arcade,allods-team-arcade,30,1,1,0,118085,118085,118085,0,100,100,0,100,0,0,0,0,0,0,
22915,,Lucasfim,lucasfim,20,1,1,0,118025,118025,118025,1,0,100,0,0,100,0,0,0,0,0,
49757,,galesoozka,galesoozka,30,25,25,0,118008,0,4720,25,28,28,32,24,16,0,4,0,0,0,
32573,,Alasdair Beckett-King,alasdair-beckett-king,30,2,2,0,117967,58984,58984,0,100,0,0,100,0,0,0,0,0,0,
15961,,Clara Lehenaff,clara-lehenaff,30,1,1,0,117961,0,117961,1,100,0,0,100,0,0,100,0,0,0,
4220426,,AlterStaff Inc.,alterstaff-inc,30,1,1,0,117930,117930,117930,1,100,0,100,100,0,100,0,0,0,0,
46625,,Golddorf Spieleentwicklung,golddorf-spieleentwicklung,30,1,1,0,117856,117856,117856,1,0,100,0,0,100,100,0,0,0,0,
14644,,ShortRound Games,shortround-games,30,1,1,0,117786,0,117786,1,100,100,0,0,0,100,0,0,0,0,
47406,,LazyEti,lazyeti,30,1,1,0,117764,117764,117764,1,100,100,100,100,0,0,0,0,0,0,
3453,,Wave Light Games Inc.,wave-light-games-inc,30,5,5,1,117716,16619,23543,5,67,67,0,33,0,100,100,0,0,0,
11944,,Redpoint Games,redpoint-games,30,1,1,0,117670,0,117670,1,100,0,0,0,0,0,0,0,0,0,
39929,,Kenkou Land,kenkou-land,30,1,1,1,117660,117660,117660,1,50,50,100,100,0,0,0,0,0,0,
6537,,EXAMGAMES,examgames,30,8,8,1,117624,5793,14703,7,33,11,56,11,56,0,44,0,0,0,
44324,,77p Studios,77p-studios,30,1,1,0,117594,117594,117594,0,100,100,0,0,0,0,0,0,0,0,
14087,,ErayTek,eraytek,30,1,1,0,117568,117568,117568,1,100,0,100,0,0,100,0,0,0,0,
18133,,Snap Finger Click,snap-finger-click,30,3,3,2,117457,23146,39152,4,40,0,80,0,0,40,0,0,0,0,United Kingdom
9095551,,IBOL,ibol,30,1,1,0,117456,117456,117456,1,100,0,0,100,100,100,100,0,0,0,
719880,,Corax_Studios,corax-studios,30,1,1,0,117399,117399,117399,0,100,0,0,100,0,0,100,0,0,0,
31895,,Inu to Neko,inu-to-neko,30,14,14,0,117394,7389,8385,0,86,0,93,64,93,79,79,0,0,0,Japan
3207831,,Talha and Jack Co,talha-and-jack-co,30,1,1,1,117305,117305,117305,2,50,50,0,50,0,50,0,0,0,0,
1740402,,FiveTwo Games,fivetwo-games,30,1,1,0,117288,117288,117288,1,100,100,0,0,100,100,0,100,0,100,
11282,,Scorpius Games,scorpius-games,30,2,2,0,117247,58624,58624,2,100,100,0,50,0,0,50,0,0,0,
30939,,Animation Arts GmbH,animation-arts-gmbh,30,1,1,0,117241,117241,117241,0,0,0,0,100,0,0,0,0,0,0,
4411,,Hack The Publisher,hack-the-publisher,30,3,3,0,117216,41890,39072,0,100,33,0,33,0,33,33,0,0,0,Estonia
26163,,Magic Sandbox,magic-sandbox,30,1,1,0,117205,117205,117205,0,100,100,0,100,0,0,100,0,0,0,
2564874,,Chatte Noire,chatte-noire,30,1,1,0,117195,117195,117195,0,0,0,100,0,0,0,0,0,0,0,
26621,,Madlab Software,madlab-software,30,1,1,0,117143,117143,117143,0,0,100,0,0,0,100,100,0,0,0,
34995,,Crimsonite Games,crimsonite-games,30,4,4,1,117142,58571,29286,5,100,20,20,80,0,0,20,0,0,0,
3735,,Minimol Games,minimol-games,30,29,29,2,117128,1460,4039,31,26,3,97,3,13,65,3,0,0,10,
27710,,T4 Interactive,t4-interactive,30,1,1,0,117041,117041,117041,0,100,0,0,0,100,100,0,0,0,0,
23741,,RC Knight,rc-knight,30,3,3,0,117038,15583,39013,0,100,67,67,0,0,0,0,0,0,0,
1395851,,Knight Owl Games,knight-owl-games,30,3,3,3,116995,58498,38998,4,67,50,33,33,67,83,0,0,0,0,
3930343,,Team Mental,team-mental,30,1,1,0,116993,116993,116993,0,0,100,0,100,0,0,0,0,0,0,
19784,,Fat Gem,fat-gem,30,1,1,1,116966,116966,116966,2,100,100,0,100,0,0,0,0,0,0,
14197,,Ironcode Gaming,ironcode-gaming,30,17,17,0,116958,311,6880,17,18,0,100,18,0,24,0,0,0,0,India
13044,,Slikey Games,slikey-games,30,3,3,0,116920,50690,38973,3,100,33,33,67,33,0,33,67,0,0,
1099702,,Sunny Game,sunny-game,30,2,2,1,116911,58456,58456,3,100,0,67,100,0,100,100,0,0,0,
23101,,James Id,james-id,30,1,1,0,116871,116871,116871,1,100,0,100,0,0,0,0,0,0,0,
115,,AAD Productions,aad-productions,30,1,1,0,116858,116858,116858,1,100,0,100,100,0,0,100,0,0,0,
53493,,Follow The Fun,follow-the-fun,30,75,75,6,116835,768,1558,7,100,1,100,0,4,2,0,0,1,0,
15002,,Okugi Studio,okugi-studio,30,1,1,0,116785,116785,116785,0,100,100,0,0,0,100,0,0,0,0,
184612,,WILD WITS,wild-wits,30,1,1,1,116768,116768,116768,1,100,0,0,100,0,100,100,0,0,0,
6054,,Odders Lab,odders-lab,30,2,2,0,116677,58339,58339,2,50,50,50,0,0,0,0,0,0,100,
41371,,まどそふと,-,30,1,1,0,116634,116634,116634,0,0,0,0,100,0,0,0,0,0,0,
1395236,,Radhood,radhood,30,1,1,1,116515,116515,116515,0,100,0,0,50,0,0,100,0,0,0,Switzerland
80975,,European Flameworms,european-flameworms,30,1,1,0,116445,116445,116445,0,100,100,100,100,100,100,100,100,0,0,
8246,,Tower Studios,tower-studios,30,2,2,0,116438,4680,58219,2,50,50,0,0,0,0,0,0,0,100,
16642,,Benjamin Soulé,benjamin-soul,30,4,4,0,116365,14200,29091,4,75,50,75,0,0,50,25,0,0,0,
41017,,Justin Kroh,justin-kroh,30,1,1,0,116318,116318,116318,0,100,0,100,100,0,0,0,0,0,0,
8576,,Storm Sharks Production,storm-sharks-production,30,1,1,0,116208,116208,116208,1,100,100,100,100,0,0,100,0,0,0,
186962,,Studio Daimon,studio-daimon,30,1,1,1,116151,116151,116151,2,0,0,0,50,0,100,100,0,0,0,
45816,,Papertiger Studio,papertiger-studio,30,1,1,0,116133,116133,116133,0,100,100,0,0,0,0,0,0,0,0,
51432,,Heliodor,heliodor,30,1,1,0,116090,116090,116090,0,0,0,0,0,100,0,0,0,0,0,
4655,,com8com1 Software,com8com1-software,30,2,2,1,115977,57989,57989,2,100,100,33,33,0,0,0,0,0,0,Germany
45190,,BitNine Studio,bitnine-studio,30,2,2,0,115969,115969,57985,0,100,0,0,100,0,0,50,0,0,0,
9457,,Psychodev,psychodev,30,2,2,0,115957,57979,57979,0,0,0,0,100,0,0,0,0,0,0,
21484,,YAMAYURI GAMES,yamayuri-games,30,3,3,0,115956,19034,38652,0,100,0,33,100,33,0,33,0,0,0,
33014,,Platonic Partnership,platonic-partnership,30,4,4,2,115933,23260,28983,5,50,50,17,67,0,0,0,0,0,0,Finland
13789,,Mahdi Bahrami,mahdi-bahrami,30,2,2,0,115932,57966,57966,2,100,0,100,0,0,0,0,0,0,0,
5376,,Glass Knuckle Games,glass-knuckle-games,30,4,4,0,115921,30837,28980,4,100,75,0,75,0,0,50,0,0,0,
30720,,AMAX Interactive,amax-interactive,30,61,61,0,115860,1668,1899,0,0,0,100,100,0,0,0,0,0,0,
40694,,Andreev Worlds,andreev-worlds,30,8,8,1,115808,12673,14476,8,78,33,22,67,33,0,11,0,11,0,
9120,,Albin Bernhardsson,albin-bernhardsson,30,2,2,0,115760,0,57880,1,100,50,50,0,0,0,0,0,0,0,
3264,,Green Tree Games LLC,green-tree-games-llc,30,1,1,0,115743,115743,115743,1,100,0,0,0,0,100,100,0,0,0,
51451,,Dead Unicorn,dead-unicorn,30,2,2,1,115743,57872,57872,3,33,67,0,100,33,0,33,0,0,0,
13961,,Antler Interactive,antler-interactive,30,4,4,1,115686,13675,28922,5,80,20,20,80,20,0,0,20,0,0,
17857,,MyDreamForever,mydreamforever,30,13,13,1,115672,4395,8898,12,100,29,36,14,0,71,7,0,0,0,
32216,,Team Isolation,team-isolation,30,1,1,0,115642,115642,115642,0,100,0,100,0,0,0,100,0,0,0,
1940,,Henry Kucab,henry-kucab,30,1,1,0,115632,115632,115632,1,100,100,0,0,0,0,0,0,0,0,
31794,,Orthrus Studios,orthrus-studios,30,1,1,0,115612,0,115612,0,100,0,0,0,100,100,0,0,0,0,
28658,,Fun Punch Games,fun-punch-games,30,1,1,1,115590,115590,115590,0,100,100,0,0,0,0,0,0,0,0,
17370,,AK Studio,ak-studio,30,13,13,0,115530,6179,8887,13,62,77,23,77,15,8,15,0,8,0,
3458,,Woolly Walrus Games,woolly-walrus-games,30,1,1,1,115477,115477,115477,2,100,50,50,50,0,50,100,0,0,0,
27251,,Imaginati Studios,imaginati-studios,30,1,1,0,115458,115458,115458,0,100,0,0,100,0,0,0,0,0,0,United Kingdom
1634,,Retronic Games,retronic-games,30,1,1,0,115450,115450,115450,1,100,0,100,100,0,0,100,0,0,0,
25987,,Bikkuri Software,bikkuri-software,30,2,2,0,115401,57701,57701,0,0,100,100,0,0,0,0,0,0,0,Japan
9038,,Hydro Games,hydro-games,30,1,1,0,115354,115354,115354,1,100,100,0,100,0,0,100,0,0,0,
6236099,,たまぷろじぇくと,-,30,3,3,0,115310,35961,38437,0,100,0,100,0,100,0,0,0,0,0,
20295,,Chequered Ink Ltd.,chequered-ink-ltd,30,14,14,1,115298,633,8236,14,60,40,73,27,0,0,7,0,0,0,
30018,,Sharpened Edge Studios,sharpened-edge-studios,30,1,1,0,115271,115271,115271,0,100,100,0,0,0,100,0,0,0,0,Finland
4220096,,Hillhouse Holdings Limited,hillhouse-holdings-limited,30,1,1,0,115270,115270,115270,1,100,0,100,0,100,0,100,0,0,0,
941013,,Hybriona Technologies LLP,hybriona-technologies-llp,30,3,3,0,115263,5707,38421,3,67,0,0,100,100,0,0,0,0,0,
6970,,DolphinBarn,dolphinbarn,30,1,1,0,115236,0,115236,1,100,100,100,0,0,0,0,0,0,0,
27872,,CorePunch Gamestudio,corepunch-gamestudio,30,1,1,0,115203,115203,115203,0,0,0,100,0,100,0,0,0,0,0,
6717315,,Remax42,remax42,30,4,4,0,115200,24000,28800,2,25,100,100,100,0,25,0,0,0,0,
44632,,Dream Powered Games,dream-powered-games,30,1,1,0,115162,115162,115162,0,100,100,0,0,0,0,0,0,0,0,
6908455,,LOVE MOOD STUDIO LIMITED,love-mood-studio-limited,30,1,1,0,115160,115160,115160,1,0,0,0,0,100,0,100,0,0,0,
184826,,No.7 Void Mine,no-7-void-mine,30,1,1,0,115119,115119,115119,0,100,0,100,0,100,0,0,0,0,0,
15712,,Turbo Button,turbo-button,30,4,4,0,115029,22765,28757,3,75,25,0,100,0,0,0,0,0,0,United States
21849,,Team Panoptes,team-panoptes,30,1,1,0,115026,115026,115026,1,100,100,0,0,0,0,0,0,0,0,Belgium
3425,,Euphoria Games,euphoria-games,30,9,9,0,115000,6297,12778,9,89,89,0,89,0,0,0,11,0,0,
28684,,suxamethonium,suxamethonium,30,1,1,0,114993,114993,114993,0,100,100,0,0,0,0,100,0,0,0,Japan
7470,,Disparity Games,disparity-games,30,1,1,0,114943,114943,114943,1,100,100,0,0,0,0,0,0,0,0,
6548707,,TAIL-AKI,tail-aki,30,1,1,0,114917,114917,114917,0,100,0,0,0,100,0,0,0,0,0,
2030513,,Coolhot Games,coolhot-games,30,15,15,0,114894,0,7660,15,100,0,40,0,0,0,0,0,0,0,
45595,,UnicON,unicon,30,1,1,0,114821,0,114821,1,100,0,100,100,100,100,0,0,0,0,
20907,,Acuze Interactives,acuze-interactives,30,4,4,0,114782,10974,28696,2,100,75,0,100,0,0,25,0,0,0,
3589537,,RedKar Devs,redkar-devs,30,8,8,3,114759,4266,14345,11,36,45,45,36,55,45,18,9,9,9,
25916,,Seed by Seed,seed-by-seed,30,2,2,1,114742,57371,57371,1,100,33,33,100,33,0,33,0,0,0,
6229,,Autarca,autarca,30,3,3,0,114710,23583,38237,3,100,0,0,0,0,100,33,0,0,0,
17961,,Cowboy Color,cowboy-color,30,2,2,0,114708,57354,57354,2,100,100,0,0,0,0,0,0,0,0,
20299,,Black Market Games,black-market-games,30,1,1,0,114629,114629,114629,1,100,0,100,0,0,0,0,0,0,0,
20743,,Jason Oda,jason-oda,30,2,2,0,114606,57303,57303,1,100,100,0,50,0,0,0,0,0,0,United States
84046,,Bliss Brain,bliss-brain,30,1,1,0,114598,114598,114598,1,0,0,0,0,100,0,0,0,0,0,
34986,,Manufacture,manufacture,30,1,1,0,114582,114582,114582,0,0,0,0,0,0,0,100,0,0,0,
38565,,Ice Lava Games,ice-lava-games,30,1,1,0,114516,114516,114516,1,100,100,0,100,0,100,100,0,0,0,
14635,,Ant Workshop Ltd,ant-workshop-ltd,30,4,4,1,114445,30744,28611,3,100,40,40,0,0,20,0,0,20,20,United Kingdom
53157,,Animal Herb,animal-herb,30,1,1,0,114442,114442,114442,0,100,0,100,100,0,0,0,0,0,0,
39457,,Аlexandr Telminov,lexandr-telminov,30,8,8,0,114414,10408,14302,0,100,0,100,100,0,0,0,0,0,0,
19935,,PolyDigital,polydigital,30,2,2,0,114373,112647,57187,2,50,50,0,50,0,0,0,0,0,50,
10158,,Illeris,illeris,30,1,1,0,114345,114345,114345,1,100,0,0,0,100,0,0,0,0,0,
30310,,MBL Development,mbl-development,30,1,1,0,114291,114291,114291,0,0,0,100,0,100,100,0,0,0,0,
13534,,Xorcerox,xorcerox,30,2,2,0,114269,57135,57135,2,50,0,100,100,50,0,0,0,0,0,
29615,,Faultline Games,faultline-games,30,1,1,0,114266,0,114266,0,100,100,0,0,0,0,100,0,0,0,
45326,,Neon Doctrine,neon-doctrine,30,2,2,0,114246,57123,57123,2,100,0,50,50,50,100,0,0,0,0,Taiwan
24267,,Unspeakable Pixels,unspeakable-pixels,30,1,1,0,114195,114195,114195,0,100,100,0,100,0,0,100,0,0,0,
10949,,Shangri-La Game Studios Ltd,shangri-la-game-studios-ltd,30,2,2,0,114165,57083,57083,1,100,100,50,50,0,0,0,0,0,0,
31233,,Marc Zimmermann,marc-zimmermann,30,3,3,0,114159,24686,38053,0,100,0,33,0,33,0,0,0,0,0,
42371,,Paper Promises Programming,paper-promises-programming,30,1,1,0,114090,114090,114090,1,100,100,0,100,0,0,0,0,0,0,
1671,,寻弈游戏工作室,-,30,1,1,0,114069,0,114069,1,100,100,0,100,0,0,0,0,0,0,
33274,,Anthony Flack,anthony-flack,30,1,1,0,113976,113976,113976,0,0,100,0,0,0,0,0,0,0,0,
38841,,Parange Project,parange-project,30,1,1,0,113922,113922,113922,1,100,100,0,100,0,100,100,0,0,0,
4032,,FlyInside Inc.,flyinside-inc,30,1,1,0,113918,113918,113918,1,100,0,0,0,100,0,0,0,0,0,
611469,,KAMINARI GAMES Inc.,kaminari-games-inc,30,2,2,0,113870,56935,56935,0,0,100,0,0,0,0,0,0,0,0,
33560,,Near Enough Games,near-enough-games,30,1,1,0,113842,0,113842,1,100,0,0,100,100,0,0,0,0,0,
25643,,PolyKnight Games,polyknight-games,30,1,1,0,113807,113807,113807,0,100,0,0,100,0,0,0,0,0,0,United States
504835,,Joakim Larsen,joakim-larsen,30,1,1,0,113787,113787,113787,1,100,0,100,100,0,0,0,0,0,0,
18774,,simplevr.pro,simplevr-pro,30,1,1,0,113782,113782,113782,1,0,0,0,0,0,0,0,0,0,0,
5735,,Lienzo,lienzo,30,3,3,0,113764,38407,37921,3,100,100,0,100,0,0,0,0,0,0,Mexico
13553,,CubeInSquare,cubeinsquare,30,1,1,0,113696,113696,113696,1,100,0,0,100,0,0,0,0,0,0,
28555,,baron sengia,baron-sengia,30,4,4,0,113646,30044,28412,0,100,75,0,75,0,0,100,0,0,0,
2999555,,UminoKyuri,uminokyuri,30,1,1,0,113578,113578,113578,0,0,100,0,0,0,0,0,0,0,0,
31323,,Wonderfling,wonderfling,30,1,1,0,113530,113530,113530,0,100,100,0,100,0,0,0,0,0,0,
21541,,Diminished Studios,diminished-studios,30,2,2,0,113525,7379,56763,2,100,100,0,50,0,0,100,50,0,0,
38832,,Long Qi  Software Technology,long-qi-software-technology,30,1,1,0,113495,113495,113495,1,100,0,100,0,100,100,100,0,0,0,
396,,Tungsten Games,tungsten-games,30,2,2,0,113486,56743,56743,2,100,50,50,0,50,0,50,0,0,0,
851771,,Ellpeck Games,ellpeck-games,30,2,2,0,113451,56726,56726,1,100,50,100,0,50,0,0,0,0,0,
8068580,,Mass Game Devs,mass-game-devs,30,1,1,0,113437,113437,113437,0,100,100,0,100,100,0,0,0,0,0,
10332,,Herrero Games,herrero-games,30,4,4,0,113424,35556,28356,4,100,50,75,0,0,0,0,0,25,0,
2704,,U7 committee,u7-committee,30,1,1,0,113380,113380,113380,1,100,0,0,100,0,0,0,0,0,0,
15905,,The Pixel Mine Ltd,the-pixel-mine-ltd,30,1,1,0,113273,113273,113273,1,100,100,0,100,0,0,100,0,0,0,
44942,,Very Very LITTLE Studio,very-very-little-studio,30,13,13,3,113146,10081,8704,16,100,0,100,63,0,0,0,0,0,0,
3666,,Vernacular Games,vernacular-games,30,2,2,0,113138,56569,56569,2,50,50,0,0,0,0,50,0,0,0,
5329,,Pixel Hero Games,pixel-hero-games,30,1,1,0,113082,0,113082,1,0,100,0,100,0,0,0,0,0,0,
1642207,,REVVALUTION Studio,revvalution-studio,30,7,7,0,113053,18063,16150,7,100,0,0,0,43,0,0,0,0,0,
4355,,Farom Studio,farom-studio,30,1,1,0,113034,0,113034,1,100,100,0,100,100,100,100,100,0,0,Ukraine
5866,,K Monkey,k-monkey,30,2,2,0,112949,56475,56475,2,100,100,0,100,0,0,0,0,0,0,
29626,,Tiny Lab Productions,tiny-lab-productions,30,1,1,0,112931,112931,112931,0,100,100,0,0,0,0,0,0,100,0,
46267,,Duonix Studios,duonix-studios,30,1,1,0,112766,112766,112766,1,100,0,0,100,0,0,0,0,0,0,
140725,,Mark Byram II,mark-byram-ii,30,1,1,0,112766,112766,112766,0,100,0,0,100,0,0,0,0,0,0,
140726,,Sean-Michael Millard,sean-michael-millard,30,1,1,0,112766,112766,112766,0,100,0,0,100,0,0,0,0,0,0,
13177,,JE Software,je-software,30,1,1,0,112742,112742,112742,1,100,0,0,100,0,100,0,0,0,0,
7859638,,White Blanket Games,white-blanket-games,30,8,8,1,112701,17556,14088,0,89,0,22,100,0,0,0,0,0,0,
30487,,SuperSixStudios,supersixstudios,30,2,2,1,112696,56348,56348,2,33,67,33,67,67,33,67,0,0,0,
10361,,Lowe Bros. Studios LLC,lowe-bros-studios-llc,30,1,1,0,112683,112683,112683,1,100,100,0,0,0,0,0,0,0,0,
10634,,Cannibal Panda Studios,cannibal-panda-studios,30,1,1,0,112630,112630,112630,1,100,100,0,100,0,0,0,0,0,0,
28548,,Mike Bushell,mike-bushell,30,2,2,0,112588,56294,56294,0,50,50,50,0,50,0,0,0,0,0,
9479,,Artem Kotov,artem-kotov,30,3,3,0,112546,32142,37515,3,100,33,0,0,0,100,0,0,0,0,
10761,,SkyRiver Studios,skyriver-studios,30,3,3,0,112496,33661,37499,1,33,100,0,0,33,0,67,0,33,0,Russia
17449,,Himalaya Studios,himalaya-studios,30,3,3,0,112496,43603,37499,3,100,33,33,100,0,0,33,0,0,0,United States
26765,,DreaMory,dreamory,30,2,2,0,112470,56235,56235,1,100,0,100,100,0,0,50,0,0,0,
4842519,,ToddFeimanGames,toddfeimangames,30,5,5,0,112459,23015,22492,5,100,0,0,0,0,0,0,0,0,0,
43673,,cream,cream,30,5,5,1,112398,5227,22480,5,67,33,50,33,0,0,0,0,0,0,
184572,,Do Games Limited,do-games-limited,30,77,77,6,112358,1464,1459,83,0,0,100,99,0,4,0,0,0,0,
40213,,Team OFK,team-ofk,30,1,1,0,112350,112350,112350,1,100,0,0,100,0,0,0,0,0,0,
8976907,,Far Seas,far-seas,30,1,1,0,112345,112345,112345,0,0,0,100,100,0,0,0,0,0,0,
3321,,RIVERSIDE SPORTS,riverside-sports,30,9,9,0,112211,2063,12468,6,11,44,11,44,67,0,0,0,11,11,
12094,,Grip Top Games,grip-top-games,30,1,1,0,112175,112175,112175,1,100,0,0,0,0,0,0,0,0,0,
32595,,craigz,craigz,30,1,1,0,112079,112079,112079,0,100,100,0,100,0,0,100,0,0,0,
398861,,Toaplan,toaplan,30,18,18,0,112044,3954,6225,1,0,100,0,0,0,0,0,0,0,0,Japan
50810,,Rendlike,rendlike,30,1,1,0,112015,112015,112015,0,100,0,100,100,0,0,0,0,0,0,
16552,,Hearthfire Studios,hearthfire-studios,30,1,1,0,111936,111936,111936,1,100,0,0,100,0,0,100,0,0,0,
6249,,Rovio Entertainment Ltd,rovio-entertainment-ltd,30,1,1,0,111891,0,111891,1,0,0,100,0,0,0,0,0,0,0,
36114,,4Co,4co,30,1,1,0,111817,111817,111817,1,100,0,0,0,100,100,0,0,0,0,
20832,,Stonepunk Studios,stonepunk-studios,30,3,3,0,111814,16075,37271,2,67,100,33,100,33,0,0,0,0,0,
23664,,Vitaliy Ruzankin,vitaliy-ruzankin,30,1,1,0,111805,111805,111805,0,100,0,0,100,100,100,0,0,0,0,
95746,,Red Fur Games,red-fur-games,30,1,1,1,111698,111698,111698,1,100,50,50,0,50,0,0,0,0,0,
23857,,Nikita,nikita,30,2,2,0,111673,55837,55837,0,0,50,0,50,50,50,0,0,0,0,Russia
1395454,,RainyDollGames,rainydollgames,30,2,2,0,111634,55817,55817,2,100,100,0,0,0,0,0,0,0,0,
1905,,Onion Soup Interactive,onion-soup-interactive,30,2,2,2,111603,55802,55802,2,100,50,50,50,0,0,25,25,75,75,
8198625,,Amber,amber,30,1,1,0,111587,111587,111587,0,0,0,0,0,100,0,0,0,100,100,
1570,,KIMIDORI SOFT,kimidori-soft,30,17,17,1,111550,3257,6562,18,89,50,83,78,33,0,11,0,0,0,
1650894,,Andre Elijah Immersive,andre-elijah-immersive,30,1,1,0,111541,111541,111541,0,100,100,0,0,0,0,0,0,0,0,
22197,,Palmsoft,palmsoft,30,1,1,0,111518,111518,111518,1,100,0,0,100,0,0,0,0,0,0,
15154,,Screaming Villains,screaming-villains,30,5,5,0,111417,8561,22283,5,0,80,0,0,20,0,0,0,0,0,
11244,,Gingertips Game Studio,gingertips-game-studio,30,1,1,0,111403,111403,111403,0,100,0,0,100,0,0,0,0,0,0,
12119,,Clewcat Games,clewcat-games,30,2,2,0,111402,55701,55701,1,100,50,0,50,0,50,50,0,0,0,
1279759,,Königsborgs,k-nigsborgs,30,2,2,0,111395,111395,55698,0,100,0,100,0,0,100,0,0,0,0,
15117,,TwinDrills,twindrills,30,1,1,0,111358,111358,111358,1,100,100,0,100,0,0,100,0,0,0,
7983,,Wolfs Moon Studios,wolfs-moon-studios,30,12,12,1,111304,8981,9275,13,69,8,23,62,0,31,100,0,0,0,
6734255,,Joeveno,joeveno,30,1,1,0,111271,111271,111271,1,100,100,0,100,0,0,0,0,0,0,
6966751,,Moshow Games,moshow-games,30,1,1,0,111250,111250,111250,1,0,0,0,100,0,0,100,0,0,0,
19938,,Gravity Sketch Limited,gravity-sketch-limited,30,1,1,0,111231,0,111231,1,0,0,0,0,0,0,0,0,0,0,
4692344,,LookForwardGames,lookforwardgames,30,5,5,0,111162,21599,22232,5,100,0,0,0,0,0,0,0,0,0,
14773,,WISECAT,wisecat,30,4,4,0,111161,10472,27790,4,0,50,25,0,25,0,50,0,0,75,
1395551,,Moving Pieces Interactive,moving-pieces-interactive,30,4,4,2,111140,55570,27785,5,0,100,17,0,0,0,50,0,0,0,
22532,,"Sports Mogul, Inc.",sports-mogul-inc,30,7,7,0,111129,14133,15876,7,0,0,100,0,100,100,0,0,0,100,United States
30296,,Raven Travel Studios,raven-travel-studios,30,2,2,1,111103,55552,55552,2,100,100,0,67,0,0,0,0,0,0,
13752,,TBD,tbd,30,2,2,11,111016,494,55508,4,69,31,15,38,46,23,8,0,0,0,
29651,,Jeremías Babini,jerem-as-babini,30,1,1,0,110996,110996,110996,0,100,0,0,0,0,0,100,0,0,0,
32795,,Hernán Rozenwasser,hern-n-rozenwasser,30,1,1,0,110996,110996,110996,0,100,0,0,0,0,0,100,0,0,0,
3796,,MyDream Interactive Inc.,mydream-interactive-inc,30,3,3,0,110955,72567,36985,3,67,67,33,33,0,33,33,0,0,0,
12529,,nobodyshot,nobodyshot,30,4,4,0,110953,9933,27738,2,100,100,0,75,50,0,0,75,0,25,
15018,,Bit Dragon,bit-dragon,30,1,1,0,110928,110928,110928,1,100,100,0,0,0,0,0,0,0,0,
22545,,"MTB Design Works, Inc.",mtb-design-works-inc,30,1,1,1,110883,110883,110883,2,100,0,0,0,50,0,0,0,0,0,
5144211,,Ronin SoftWork,ronin-softwork,30,2,2,0,110857,55429,55429,2,100,100,100,50,0,0,100,0,0,0,
4533697,,SoAsasProGames,soasasprogames,30,5,5,0,110851,21647,22170,5,100,0,20,0,0,0,0,0,0,0,
30913,,Komar Games,komar-games,30,4,4,0,110785,1190,27696,0,75,0,75,50,0,0,50,25,0,0,Ukraine
11698,,Ashkandi,ashkandi,30,2,2,0,110765,55383,55383,2,50,100,0,0,0,0,0,0,0,0,Hungary
24981,,Truthkey,truthkey,30,2,2,0,110765,55383,55383,1,50,100,0,0,0,0,0,0,0,0,
46823,,Daniele Doesn't Matter,daniele-doesn-t-matter,30,9,9,1,110746,12669,12305,0,100,100,0,100,30,90,0,0,0,0,
47200,,Hexpion,hexpion,30,1,1,0,110746,110746,110746,1,0,0,0,0,0,100,100,0,0,0,
1397138,,Cinnamon Switch LLC,cinnamon-switch-llc,30,1,1,0,110676,110676,110676,1,100,0,100,100,0,0,0,0,0,0,
34918,,//commentout,commentout,30,1,1,0,110634,110634,110634,0,100,100,0,0,0,0,0,0,0,0,
3861,,TatriX,tatrix,30,1,1,0,110621,0,110621,1,100,0,0,100,0,0,100,100,0,0,
28453,,Nanalli,nanalli,30,1,1,0,110621,0,110621,0,100,0,0,100,0,0,100,100,0,0,
332,,1UP games,1up-games,30,3,3,0,110607,872,36869,3,100,33,67,0,0,33,33,0,0,0,
24831,,Westwood Studios,westwood-studios,30,7,7,0,110566,92016,15795,0,0,86,0,29,0,71,14,0,0,0,United States
3883946,,Knitting Games,knitting-games,30,1,1,0,110566,110566,110566,1,100,0,0,0,0,0,0,0,0,0,
53708,,1Thousand,1thousand,30,2,2,0,110553,55277,55277,2,100,50,0,50,0,0,0,0,0,0,
31030,,John Kolbek,john-kolbek,30,2,2,0,110505,55253,55253,0,50,100,0,50,0,50,0,0,0,0,
2831,,Myrtilus Entertainment,myrtilus-entertainment,30,1,1,1,110376,0,110376,1,100,0,50,0,100,100,0,0,0,0,
40470,,YUME,yume,30,1,1,0,110355,110355,110355,0,0,0,100,0,0,0,0,0,0,0,
41915,,Ready To Play,ready-to-play,30,15,15,0,110300,0,7353,15,60,27,67,47,0,0,13,0,20,7,
1200,,Medis Media,medis-media,30,2,2,0,110289,0,55145,2,0,0,0,0,0,0,0,0,0,0,
9136,,Kool2Play,kool2play,30,7,7,1,110281,17876,15754,8,50,25,38,0,38,0,0,0,0,0,Poland
625898,,Pig Candle Games,pig-candle-games,30,1,1,0,110259,110259,110259,1,100,0,0,100,0,100,100,0,0,0,
5587,,Zhongce Games,zhongce-games,30,3,3,0,110210,26089,36737,3,100,0,33,0,0,33,33,0,0,0,
4543278,,Lodos Games,lodos-games,30,1,1,0,110201,110201,110201,1,0,0,100,0,100,0,0,0,0,0,
19281,,BufoProject,bufoproject,30,10,10,0,110175,6982,11018,10,100,0,100,0,100,100,0,30,0,20,
51436,,Burgee Media,burgee-media,30,4,4,0,110170,1966,27543,4,75,75,25,50,25,25,25,0,0,0,
39692,,Spieleentwicklungskombinat GmbH,spieleentwicklungskombinat-gmbh,30,1,1,0,110150,110150,110150,0,0,0,0,100,0,100,0,0,0,0,
32150,,Glass Revolver,glass-revolver,30,2,2,1,110122,55061,55061,1,67,100,0,67,0,0,0,0,0,0,
4185,,Spiderwork Games,spiderwork-games,30,3,3,1,110096,55048,36699,3,100,75,25,50,0,25,0,0,0,0,
8339,,Unwonted Studios,unwonted-studios,30,4,4,1,110095,1257,27524,3,100,40,40,80,100,0,0,0,0,0,
6126,,Second Order,second-order,30,1,1,0,110078,110078,110078,1,100,100,100,0,0,0,0,0,0,0,Finland
5186,,IndieBug,indiebug,30,1,1,0,110064,110064,110064,0,100,0,100,100,0,0,0,0,0,0,
290542,,Double Eggs,double-eggs,30,1,1,0,110063,110063,110063,1,100,0,100,0,100,100,0,0,0,0,
24238,,Tlön Studios,tl-n-studios,30,1,1,0,110030,110030,110030,0,100,100,0,100,0,0,0,0,0,0,
2226,,TREON Games,treon-games,30,1,1,0,109984,109984,109984,1,100,0,0,0,100,100,100,0,0,0,
20406,,LavaMind,lavamind,30,3,3,0,109973,8519,36658,3,100,0,100,0,100,100,0,0,0,0,
1652682,,EE GAMES,ee-games,30,1,1,1,109961,109961,109961,0,0,0,100,50,100,50,100,0,0,0,
41187,,Coreffect Interactive,coreffect-interactive,30,3,3,1,109940,54970,36647,3,75,0,75,0,50,100,0,0,0,0,
27574,,Access Software,access-software,30,5,5,0,109912,19548,21982,0,0,20,0,100,0,0,0,0,0,0,United States
227172,,Pixel Crow Games,pixel-crow-games,30,2,2,0,109883,109883,54942,0,50,50,0,0,50,100,0,0,0,0,
1635327,,Pink Tea,pink-tea,30,5,5,0,109847,9989,21969,5,0,0,100,40,40,0,0,0,0,0,
31216,,RSK Entertainment,rsk-entertainment,30,12,12,0,109824,2080,9152,0,17,25,0,83,8,0,0,0,0,0,
20560,,Omnis Rector Studios,omnis-rector-studios,30,1,1,1,109720,109720,109720,1,50,100,50,0,0,100,0,0,0,0,
23746,,Ntronium Games,ntronium-games,30,2,2,0,109659,54830,54830,0,50,0,0,0,0,100,0,0,0,0,
18111,,Brain&amp;Brain,brain-amp-brain,30,2,2,1,109637,54819,54819,1,100,0,33,100,0,0,33,0,0,0,
25897,,IRODORI,irodori,30,1,1,0,109618,109618,109618,0,0,0,0,100,0,0,0,0,0,0,
43629,,DEFICIT Games,deficit-games,30,1,1,0,109581,109581,109581,0,100,100,0,0,100,0,0,0,100,100,
27876,,Creatio 49,creatio-49,30,2,2,0,109523,54762,54762,0,100,0,0,0,0,100,100,0,0,0,
14629,,New Bridge Games,new-bridge-games,30,11,11,0,109516,2568,9956,3,27,0,100,45,9,27,0,0,0,0,Ukraine
34212,,BKNLab,bknlab,30,1,1,0,109494,109494,109494,1,100,0,100,100,100,100,0,0,0,0,
4385235,,SomSmolGeims,somsmolgeims,30,5,5,0,109458,21599,21892,5,100,20,40,40,0,0,0,0,0,0,
63,,DarkShot Studios,darkshot-studios,30,1,1,0,109427,0,109427,1,100,100,100,100,0,0,0,0,0,0,
4142029,,Ota Mato,ota-mato,30,1,1,0,109409,109409,109409,1,100,100,0,100,100,0,0,0,0,0,
43753,,Homo Ludens,homo-ludens,30,1,1,0,109381,109381,109381,1,100,0,0,0,100,100,0,0,0,0,
3919682,,Furniture &amp; Mattress LLC,furniture-amp-mattress-llc,30,1,1,0,109334,109334,109334,0,100,0,0,100,0,0,100,0,0,0,
32123,,Intravenous Software,intravenous-software,30,3,3,0,109221,33167,36407,0,100,67,67,33,33,0,67,0,0,0,
21722,,STUDIO HG,studio-hg,30,2,2,1,109205,54603,54603,0,0,100,33,67,0,0,0,0,0,0,North Korea
18441,,Cybernetik Design,cybernetik-design,30,1,1,0,109192,109192,109192,1,100,100,100,100,0,0,0,0,0,0,
13460,,Diagrammet AB,diagrammet-ab,30,2,2,0,109160,54580,54580,2,100,50,50,50,50,0,0,0,0,0,
9003,,Team Colorblind,team-colorblind,30,1,1,0,109085,109085,109085,1,100,100,0,0,0,100,0,0,0,0,United States
41849,,Noki-Studio,noki-studio,30,2,2,0,109076,54538,54538,2,100,0,0,100,0,0,0,0,0,0,
25912,,Cosmo Machia,cosmo-machia,30,4,4,0,108986,18237,27247,2,25,100,25,0,0,0,0,0,0,0,
25097,,Kverta Limited,kverta-limited,30,1,1,0,108915,108915,108915,0,100,0,0,0,100,100,0,0,0,0,
50218,,Aaron Wise,aaron-wise,30,9,9,2,108887,1235,12099,1,91,64,9,73,0,0,0,0,0,0,
13642,,StarBlade,starblade,30,1,1,0,108834,108834,108834,1,100,100,0,100,0,0,0,0,0,0,
44032,,MonsterAttack,monsterattack,30,4,4,0,108822,27975,27206,4,100,75,25,75,50,25,0,0,0,25,
16110,,Ratz 'N' Godz,ratz-n-godz,30,1,1,0,108816,108816,108816,1,100,0,0,0,0,0,100,0,0,0,
22219,,Freedomize Studio,freedomize-studio,30,3,3,0,108813,21914,36271,3,100,67,33,0,0,0,0,0,0,0,
29827,,Playables,playables,30,2,2,1,108805,54403,54403,1,100,33,33,33,0,0,0,0,67,33,Switzerland
50064,,HiWarp,hiwarp,30,1,1,1,108775,108775,108775,2,100,0,0,100,0,0,0,0,0,0,Spain
12111,,Hippomancer,hippomancer,30,1,1,0,108722,108722,108722,1,0,100,0,0,0,0,0,0,0,0,
1705,,AGL studios,agl-studios,30,3,3,1,108719,52053,36240,4,100,25,100,25,100,0,100,0,0,0,
10983,,Yoba Games,yoba-games,30,1,1,1,108656,108656,108656,2,100,50,50,100,50,0,0,0,0,50,
13588,,Ripatti Software,ripatti-software,30,1,1,0,108605,108605,108605,1,100,0,0,0,100,0,0,0,0,0,
32173,,Lukas Jaeckel,lukas-jaeckel,30,2,2,0,108581,54291,54291,0,100,100,100,0,0,0,0,0,0,0,
8073,,Muro Studios,muro-studios,30,2,2,0,108483,54242,54242,1,100,100,0,100,0,0,0,0,0,0,Finland
32819,,MasterCode,mastercode,30,2,2,1,108483,108483,54242,0,33,33,33,0,100,0,0,33,0,33,
1165723,,Cobra Byte Digital,cobra-byte-digital,30,1,1,0,108454,108454,108454,1,100,100,0,100,0,0,100,100,0,0,
8268,,ArtVostok,artvostok,30,1,1,0,108447,108447,108447,1,100,0,100,0,0,0,0,0,100,0,
3284,,Cosmo D Studios,cosmo-d-studios,30,1,1,1,108439,108439,108439,2,100,0,0,100,0,0,100,0,0,0,United States
33172,,Arcanum Team,arcanum-team,30,1,1,0,108430,108430,108430,1,100,100,0,100,100,0,100,100,0,0,
41641,,Frozen line,frozen-line,30,2,2,0,108310,108310,54155,0,100,50,0,100,0,0,0,0,0,0,
184089,,Nordic Empire Games,nordic-empire-games,30,1,1,0,108302,108302,108302,1,100,100,100,0,0,0,0,0,0,0,
46238,,Ludogram,ludogram,30,2,2,0,108300,54150,54150,1,50,0,0,100,0,0,50,0,0,0,France
19618,,GoeX GameS,goex-games,30,3,3,0,108295,6104,36098,3,100,100,0,67,0,0,0,0,0,0,
10203,,Persona and Pixel studio,persona-and-pixel-studio,30,1,1,0,108290,108290,108290,1,100,0,0,0,100,100,0,0,0,0,
49141,,Felix Laukel,felix-laukel,30,1,1,0,108246,108246,108246,0,100,0,0,100,0,100,100,0,0,0,
185220,,Vortex00,vortex00,30,4,4,0,108154,5301,27039,0,100,25,75,75,0,0,25,0,0,0,
25908,,Denneko Yuugi,denneko-yuugi,30,2,2,1,108092,54046,54046,1,67,67,0,0,0,0,33,0,0,0,
35823,,Ulon,ulon,30,5,5,0,108029,19632,21606,0,20,60,60,60,0,60,0,0,0,0,
25921,,Zouking,zouking,30,1,1,1,108021,108021,108021,1,100,100,0,100,100,0,50,0,0,0,
10401,,Bootsnake Games,bootsnake-games,30,1,1,0,107987,107987,107987,1,100,0,100,0,0,0,0,0,0,0,
3231,,Crystal Depths Studio,crystal-depths-studio,30,1,1,0,107985,107985,107985,0,100,100,0,100,0,0,100,0,0,0,
10325,,Mens Sana Interactive,mens-sana-interactive,30,23,23,2,107955,3669,4694,25,44,0,100,4,0,12,0,0,0,4,Brazil
4064835,,hannahontrek,hannahontrek,30,1,1,1,107949,107949,107949,2,50,0,0,100,0,0,0,0,0,0,
22318,,Beer Night Studio,beer-night-studio,30,1,1,1,107935,107935,107935,1,50,50,0,50,0,50,0,0,0,0,
31185,,Trino Games,trino-games,30,1,1,0,107869,107869,107869,0,100,0,0,0,100,0,0,0,0,0,
4123,,Oliver Keppelmüller,oliver-keppelm-ller,30,1,1,0,107860,107860,107860,1,0,0,0,0,0,100,0,0,0,0,
1166059,,Prof. Scherer,prof-scherer,30,1,1,2,107849,107849,107849,1,100,0,0,0,67,100,0,0,0,0,Germany
1170160,,Alice Pie,alice-pie,30,1,1,0,107832,107832,107832,1,100,0,0,0,100,0,0,0,0,0,
6603,,Jonathan BRASSAUD,jonathan-brassaud,30,2,2,1,107806,53903,53903,3,100,67,0,67,0,33,100,0,0,0,
49489,,MUTAN,mutan,30,7,7,1,107726,1762,15389,8,88,63,88,13,0,0,0,0,0,0,
12305,,Chris Johnson,chris-johnson,30,2,2,0,107723,107723,53862,2,100,0,0,50,0,0,0,0,0,0,Australia
22705,,Chris Larkin,chris-larkin,30,1,1,0,107723,107723,107723,1,100,0,0,100,0,0,0,0,0,0,
44162,,Diophante Studio,diophante-studio,30,1,1,0,107692,107692,107692,1,0,0,0,0,100,0,0,0,0,0,
4842770,,KissKiss Studio,kisskiss-studio,30,1,1,0,107636,107636,107636,0,100,100,100,100,0,0,0,0,0,0,
4064963,,ExamlGuy,examlguy,30,1,1,0,107611,107611,107611,1,100,0,100,100,0,0,0,0,0,0,
27100,,Robot House,robot-house,30,1,1,0,107574,107574,107574,0,100,0,100,100,0,0,0,0,0,0,
2295976,,Fox House,fox-house,30,1,1,1,107529,107529,107529,0,0,0,100,0,0,0,50,0,0,0,
42788,,Tanuki Creative Studio,tanuki-creative-studio,30,1,1,0,107473,107473,107473,1,100,100,0,0,0,0,0,0,0,0,Netherlands
11401,,Five Finger Studios,five-finger-studios,30,1,1,0,107402,107402,107402,1,100,100,0,100,0,0,0,0,0,0,
47129,,STP WORKS,stp-works,30,8,8,1,107345,5590,13418,9,100,33,100,0,67,0,11,0,11,0,Japan
14960,,Argonauts Interactive,argonauts-interactive,30,1,1,0,107325,107325,107325,1,100,0,0,0,100,100,0,0,0,0,
30533,,Collectif Nemoïd,collectif-nemo-d,30,1,1,0,107325,107325,107325,0,100,0,0,0,100,100,0,0,0,0,
1770217,,L&amp;P,l-amp-p,30,8,8,1,107304,10162,13413,0,67,11,78,0,33,22,44,0,0,0,
53796,,Lancarse,lancarse,30,1,1,0,107235,107235,107235,0,100,100,0,100,0,0,0,0,0,0,
3143887,,Roboqlo,roboqlo,30,1,1,0,107189,107189,107189,0,100,0,0,0,0,100,0,0,0,0,
4616,,ISVR,isvr,30,6,6,0,107026,7969,17838,3,100,100,83,50,17,50,17,17,33,0,
9935,,GuidiGermano,guidigermano,30,1,1,1,107022,0,107022,2,100,100,0,100,0,0,0,0,0,0,
872643,,Jampacked Games,jampacked-games,30,2,2,1,107013,107013,53507,3,0,100,0,0,0,0,0,0,0,0,Canada
27344,,Julian Laufer,julian-laufer,30,1,1,0,106967,106967,106967,0,100,100,0,100,0,0,0,0,0,0,
1728395,,Open Roads Team,open-roads-team,30,1,1,0,106936,106936,106936,0,100,0,0,100,0,0,0,0,0,0,
48627,,Propulsive Games,propulsive-games,30,1,1,0,106874,106874,106874,1,100,100,0,0,100,100,0,0,0,0,
720358,,LIGHTS ARE OFF LLC,lights-are-off-llc,30,1,1,0,106861,106861,106861,1,100,100,0,100,0,0,0,0,0,0,
1850697,,Deep Red Games Ltd.,deep-red-games-ltd,30,1,1,0,106796,106796,106796,0,0,0,0,0,100,0,0,0,0,0,
46865,,TripleBricksGames,triplebricksgames,30,3,3,1,106782,106782,35594,1,100,75,0,75,0,100,75,0,0,0,
11959,,Gamenesis,gamenesis,30,25,25,4,106719,0,4269,29,79,10,55,10,3,34,0,0,0,0,
10558,,Bs1 &amp; Bslteam,bs1-amp-bslteam,30,1,1,1,106643,106643,106643,0,100,50,50,100,50,50,0,0,0,0,
1397339,,Red Square Games,red-square-games,30,2,2,0,106595,53298,53298,2,50,100,0,0,0,0,50,0,0,0,
27995,,Armnomads LLC,armnomads-llc,30,1,1,0,106514,106514,106514,0,100,100,0,100,0,0,0,0,0,0,
636,,Humble Grove,humble-grove,30,1,1,1,106509,106509,106509,1,100,0,50,100,0,0,0,0,0,0,United Kingdom
23867,,Cel Davison,cel-davison,30,1,1,0,106509,106509,106509,0,100,0,100,100,0,0,0,0,0,0,
24864,,Hana Lee,hana-lee,30,1,1,0,106509,106509,106509,0,100,0,100,100,0,0,0,0,0,0,
26233,,Adrienne Lombardo,adrienne-lombardo,30,1,1,0,106509,106509,106509,0,100,0,100,100,0,0,0,0,0,0,
32588,,Eli Rainsberry,eli-rainsberry,30,1,1,0,106509,106509,106509,0,100,0,100,100,0,0,0,0,0,0,
25606,,Pippin Games,pippin-games,30,3,3,0,106479,37462,35493,2,100,100,33,33,0,0,0,0,0,0,
4220502,,Yuliy Oneshko,yuliy-oneshko,30,1,1,1,106378,106378,106378,1,0,0,0,0,100,0,50,0,0,0,Russia
4719119,,S-Grade,s-grade,30,1,1,1,106378,106378,106378,1,0,0,0,0,100,0,50,0,0,0,
8987,,Manic Game Studios,manic-game-studios,30,1,1,0,106358,106358,106358,1,100,0,100,0,0,0,0,0,0,0,
32356,,exDream,exdream,30,1,1,0,106325,106325,106325,0,0,100,0,100,0,0,0,0,100,0,Germany
22133,,L_Draven,l-draven,30,1,1,0,106319,106319,106319,1,100,0,0,100,0,100,0,0,0,0,
13154,,Nauris Amatnieks,nauris-amatnieks,30,4,4,0,106201,14567,26550,4,100,50,75,25,0,0,0,0,0,0,
35824,,Rhowsl,rhowsl,30,5,5,0,106195,19632,21239,0,60,60,60,60,0,60,0,0,0,0,
4604,,Victorian Clambake,victorian-clambake,30,2,2,2,106183,53092,53092,4,75,75,50,50,25,25,25,0,0,0,
31146,,Team Maniax,team-maniax,30,1,1,0,106128,106128,106128,0,100,100,100,0,0,0,0,0,0,0,
9559,,Snowy Ash Games,snowy-ash-games,30,1,1,0,106125,106125,106125,1,100,0,0,0,0,100,0,0,0,0,
31286,,Fábio Fontes,f-bio-fontes,30,1,1,0,106122,106122,106122,1,100,100,0,0,0,0,0,0,100,0,
38212,,DecentMonkey,decentmonkey,30,1,1,0,106114,0,106114,1,0,0,0,100,0,0,100,0,0,0,
26733,,Bony Yousuf,bony-yousuf,30,1,1,0,106102,106102,106102,0,100,100,100,0,0,100,0,0,0,0,
13475,,Hunter Hamster,hunter-hamster,30,1,1,0,106092,106092,106092,1,100,100,100,100,100,0,100,0,0,0,
24742,,Voxler Games,voxler-games,30,2,2,0,106045,55001,53023,0,50,0,100,0,0,0,0,0,0,0,
37829,,SUCCESS Corp.,success-corp,30,9,9,2,106042,8311,11782,10,18,55,27,36,0,0,9,0,0,0,
6709,,TK,tk,30,3,3,1,106031,328,35344,4,100,25,75,50,25,50,50,0,0,0,
2765,,Double Dash Studios,double-dash-studios,30,3,3,1,106018,53009,35339,4,75,50,50,25,0,0,25,0,0,25,
504573,,Dino Rocket,dino-rocket,30,2,2,0,106008,106008,53004,0,100,0,100,0,100,100,0,0,0,0,
4385257,,Berker Games,berker-games,30,1,1,0,105976,105976,105976,1,100,0,100,0,100,100,0,0,0,0,Turkey
2003,,MadGoat Studio,madgoat-studio,30,1,1,0,105924,105924,105924,1,100,0,0,0,100,0,0,0,0,0,
14986,,Shoujo City Developer,shoujo-city-developer,30,2,2,0,105902,52951,52951,2,0,0,0,0,100,0,0,0,0,0,
128189,,"Short Sleeve Studio, LLC",short-sleeve-studio-llc,30,1,1,0,105875,105875,105875,1,0,0,0,100,0,0,0,0,0,0,
21346,,Incuvo S.A.,incuvo-s-a,30,2,2,0,105871,52936,52936,1,100,50,0,50,0,0,0,0,0,0,
30639,,La’cryma,la-cryma,30,2,2,0,105840,52920,52920,0,100,0,50,100,50,0,0,0,0,0,
86215,,Crush Depth Studios,crush-depth-studios,30,1,1,0,105838,0,105838,1,0,0,0,0,100,0,0,100,0,0,
3958,,REDWHALE GAMES Inc.,redwhale-games-inc,30,1,1,0,105826,0,105826,1,0,100,0,100,0,0,0,100,0,0,
46773,,Nico Papalia,nico-papalia,30,2,2,0,105797,105797,52899,0,100,0,0,100,0,0,100,0,0,0,
11715,,Evan Tor Games,evan-tor-games,30,1,1,0,105778,105778,105778,0,100,100,0,100,0,0,0,0,0,0,United States
27537,,LUXO Interactive,luxo-interactive,30,6,6,0,105742,7989,17624,0,83,50,50,17,33,67,17,0,0,0,
4548,,rank17,rank17,30,6,6,0,105723,10486,17621,6,33,83,67,50,17,0,0,0,0,33,
18181,,Climax Studios Ltd,climax-studios-ltd,30,2,2,0,105592,78299,52796,1,0,50,0,50,0,0,0,0,0,0,
26462,,aburasobabiyori,aburasobabiyori,30,4,4,0,105536,41839,26384,0,100,25,50,0,0,0,100,0,0,0,
9380,,Ghost Machine,ghost-machine,30,8,8,0,105515,14549,13189,8,63,50,13,0,38,25,13,0,38,50,
53641,,751 Games,751-games,30,2,2,1,105506,52753,52753,3,100,0,67,67,0,33,33,0,0,0,
3281331,,Orangeee,orangeee,30,1,1,0,105498,105498,105498,0,0,100,100,100,0,0,100,0,0,0,
46562,,ondydev,ondydev,30,5,5,1,105475,4442,21095,6,100,100,33,83,0,0,0,0,0,0,United States
42818,,蒐藏馆工作室,-,30,3,3,0,105354,52677,35118,0,100,0,67,100,33,67,67,0,0,0,
1899992,,KudPlay Games,kudplay-games,30,2,2,0,105327,52664,52664,2,100,100,0,100,0,0,0,0,0,0,
1771304,,Bonemeal Productions,bonemeal-productions,30,1,1,1,105316,105316,105316,2,100,50,50,100,0,0,0,0,0,0,
1904,,Eastasiasoft Limited,eastasiasoft-limited,30,16,16,4,105307,1565,6582,20,100,70,50,10,0,0,0,0,5,0,Hong Kong
42156,,Kurt Wojda,kurt-wojda,30,2,2,0,105283,52642,52642,0,100,0,100,0,0,0,0,0,0,0,
12857,,Rocwise Entertainment,rocwise-entertainment,30,2,2,0,105232,52616,52616,2,100,100,0,100,0,0,0,0,0,0,
1116,,Lemondo Games,lemondo-games,30,4,4,0,105217,14822,26304,4,75,50,25,50,0,0,0,0,0,0,
20417,,Vertical Reach,vertical-reach,30,3,3,0,105212,5219,35071,2,67,0,67,33,0,33,0,0,0,0,
45564,,Apphic Games,apphic-games,30,1,1,1,105196,105196,105196,2,100,100,0,100,0,0,50,0,0,0,
21961,,PlazSoft,plazsoft,30,1,1,0,105191,105191,105191,1,100,100,100,100,100,100,0,0,0,0,
45670,,ShiBoo!,shiboo,30,1,1,0,105178,105178,105178,0,100,0,0,100,0,0,100,0,0,0,
10727,,Decumanus Games,decumanus-games,30,1,1,0,105161,105161,105161,1,0,0,0,0,100,100,0,0,0,0,
41977,,No. 25,no-25,30,8,8,0,105142,13068,13143,8,0,0,100,0,0,25,0,0,0,0,
34245,,Henrique Faitta Chitolina,henrique-faitta-chitolina,30,1,1,0,105124,105124,105124,0,100,0,100,100,100,0,100,0,0,0,
99800,,Pidro Soft,pidro-soft,30,1,1,0,105124,105124,105124,0,100,0,100,100,100,0,100,0,0,0,
12233,,Flat Chest Dev,flat-chest-dev,30,1,1,0,105035,105035,105035,1,0,0,0,100,0,0,0,0,0,0,
19115,,Flying Islands Team,flying-islands-team,30,7,7,0,105034,1026,15005,7,100,57,14,43,0,0,0,0,0,0,
26808,,"Accolade, Inc.",accolade-inc,30,12,12,0,105019,563,8752,0,0,50,8,25,33,8,0,0,8,0,
1635167,,GrahfMetal,grahfmetal,30,1,1,0,105013,105013,105013,0,0,0,0,100,0,0,0,0,0,0,
5992,, yo_serjio,yo-serjio,30,3,3,1,104981,52491,34994,3,100,25,25,50,50,75,25,0,0,0,
6826,,TRI.G,tri-g,30,1,1,0,104960,104960,104960,1,100,0,0,0,0,100,0,0,0,0,
30929,,TallTech studio,talltech-studio,30,1,1,0,104874,104874,104874,0,100,0,0,100,0,0,100,0,0,0,
1633883,,Maticolotto,maticolotto,30,2,2,0,104727,52364,52364,2,50,0,50,50,100,0,50,0,0,0,
31105,,8th Floor Games,8th-floor-games,30,1,1,0,104701,0,104701,0,0,0,100,100,0,0,0,0,0,0,
1397438,,GVR Training Computer Software,gvr-training-computer-software,30,13,13,0,104640,0,8049,13,0,0,0,0,100,0,0,0,0,0,
41662,,Rosa Special Studio,rosa-special-studio,30,3,3,2,104636,26774,34879,4,20,80,20,80,100,0,20,100,0,0,
3135641,,Grand Technology Associates,grand-technology-associates,30,3,3,1,104636,26774,34879,3,25,75,25,75,100,0,25,100,0,0,
21954,,On5,on5,30,1,1,0,104597,0,104597,1,100,100,100,0,0,0,0,0,100,100,Lithuania
20280,,Magnolia Art,magnolia-art,30,3,3,0,104588,52069,34863,3,100,67,67,33,0,0,0,33,0,0,
8603827,,游影互娱,-,30,1,1,0,104559,104559,104559,1,100,0,100,100,100,100,100,0,0,0,
23997,,Tazdraperm,tazdraperm,30,7,7,1,104492,5737,14927,0,100,25,25,13,0,75,0,0,0,0,
27449,,Cabbit,cabbit,30,3,3,0,104475,18472,34825,0,67,0,33,67,0,0,67,0,0,0,Japan
18143,,Kodansha VR Lab,kodansha-vr-lab,30,10,10,0,104422,7052,10442,0,0,0,100,20,20,0,0,0,0,0,
3878975,,LCGaming,lcgaming,30,2,2,0,104411,52206,52206,2,50,100,0,100,0,0,0,0,0,0,
10220,,Yang Sun,yang-sun,30,8,8,0,104362,327,13045,8,100,0,75,13,13,63,0,0,0,0,
7959,,Studio Gauntlet,studio-gauntlet,30,3,3,0,104190,4773,34730,2,100,67,67,33,67,33,0,0,33,67,
36833,,Waving Bear Studio,waving-bear-studio,30,1,1,0,104156,104156,104156,0,100,100,100,0,0,0,0,0,0,0,
5005452,,BFS,bfs,30,1,1,0,104081,104081,104081,0,0,0,100,100,0,100,100,0,0,0,
33681,,Gregory Adam Scott,gregory-adam-scott,30,2,2,0,104079,104079,52040,2,0,0,0,0,50,100,50,0,0,0,
50097,,SuperPAC,superpac,30,1,1,0,104035,104035,104035,0,0,0,0,100,100,100,0,0,0,0,
1640553,,Quadruple-Q,quadruple-q,30,1,1,0,103898,103898,103898,1,0,0,100,100,100,0,0,0,0,0,
87686,,Disillusion Dev,disillusion-dev,30,2,2,0,103855,51928,51928,2,100,50,0,100,0,0,50,0,0,0,
398415,,雨夜枫雪制作组,-,30,1,1,0,103810,103810,103810,1,100,100,0,0,0,0,0,0,0,0,
32429,,Somer Games,somer-games,30,70,70,0,103767,723,1482,0,3,0,100,9,0,1,0,0,0,0,
519,,StormBringer Studios OU,stormbringer-studios-ou,30,1,1,1,103759,103759,103759,2,100,100,50,50,0,0,50,0,0,0,
16042,,CodeBullet,codebullet,30,1,1,0,103749,103749,103749,1,100,100,100,100,100,0,100,0,0,0,
43623,,Rat Cliff Games,rat-cliff-games,30,2,2,0,103745,51873,51873,2,100,100,0,100,0,0,0,0,0,0,Spain
1635528,,potentknight,potentknight,30,1,1,1,103725,103725,103725,2,100,100,50,0,0,50,0,0,0,0,
14648,,Rude Ghost,rude-ghost,30,2,2,0,103693,51847,51847,1,100,50,50,0,50,0,0,0,0,0,
43314,,Virtuaport,virtuaport,30,1,1,0,103644,103644,103644,1,0,100,0,0,100,0,0,0,0,0,
47634,,Cathuria Games,cathuria-games,30,1,1,0,103599,103599,103599,0,100,100,0,100,0,0,0,0,0,0,
1751,,Creative Concepts,creative-concepts,30,1,1,0,103414,103414,103414,1,100,100,0,0,100,0,0,0,0,100,
47851,,Kerzoven,kerzoven,30,1,1,0,103408,103408,103408,1,100,0,0,0,100,100,0,0,0,0,
11970,,Freetime Studio,freetime-studio,30,2,2,0,103390,51695,51695,1,50,50,50,50,50,0,50,0,0,0,
1564,,FHNBHJ,fhnbhj,30,5,5,1,103359,51680,20672,2,100,0,0,100,0,83,100,0,0,0,
36159,,G-DEVS.com,g-devs-com,30,2,2,3,103340,103340,51670,2,100,60,40,40,40,20,60,0,0,0,
32067,,Panos Tzimas,panos-tzimas,30,1,1,0,103319,103319,103319,0,100,0,100,0,100,0,0,0,0,0,
504454,,株式会社Mogura,mogura,30,1,1,0,103298,103298,103298,0,0,0,0,100,0,0,0,0,0,0,
30677,,Gl33k,gl33k,30,1,1,0,103297,103297,103297,0,100,0,100,0,0,0,0,0,0,0,
32720,,One More Dream Studios,one-more-dream-studios,30,1,1,1,103275,103275,103275,1,100,50,0,100,0,0,0,0,0,0,
25127,,Figurehead Studios,figurehead-studios,30,1,1,0,103267,103267,103267,0,0,100,0,100,0,0,100,0,0,0,
3650613,,Brettpenzer123,brettpenzer123,30,2,2,0,103241,51621,51621,2,100,0,100,50,100,50,50,0,0,0,
51125,,Amanito Computing,amanito-computing,30,1,1,1,103210,103210,103210,2,100,100,0,50,0,0,0,0,0,0,
8094,,Monochrome Paris,monochrome-paris,30,2,2,1,103159,51580,51580,2,100,100,0,67,0,0,0,0,0,0,
36686,,HeyNau,heynau,30,3,3,0,103153,7981,34384,3,67,0,100,0,33,0,0,33,0,0,
88376,,studio doodal,studio-doodal,30,1,1,1,103128,103128,103128,2,100,100,0,100,0,0,0,0,0,0,South Korea
2784,,UNBALANCE Corporation,unbalance-corporation,30,2,2,0,103070,51535,51535,2,0,0,100,0,0,100,0,0,0,0,
11606,,Dreamteck,dreamteck,30,1,1,1,102948,102948,102948,1,100,50,50,100,0,0,0,0,50,50,
12632,,Hörberg Productions,h-rberg-productions,30,5,5,0,102909,8840,20582,4,100,100,0,0,0,0,0,0,0,0,
43666,,"Soft Not Weak, LLC",soft-not-weak-llc,30,1,1,0,102861,102861,102861,1,100,0,100,0,0,0,0,0,0,0,
4688,,Among Giants,among-giants,30,3,3,0,102773,35959,34258,1,67,67,0,100,33,0,67,0,0,0,
8961399,,LuminatiGames,luminatigames,30,3,3,1,102723,11255,34241,4,50,0,100,50,50,25,25,0,0,0,
940051,,RisingPunch Studio,risingpunch-studio,30,1,1,0,102627,102627,102627,1,0,0,0,0,100,100,100,0,0,0,
5520757,,NoEye-Soft,noeye-soft,30,1,1,0,102595,102595,102595,1,100,0,0,0,0,0,100,0,0,0,
6898865,,鸭子与葱制作组,-,30,1,1,0,102580,102580,102580,0,100,0,0,100,100,0,0,0,0,0,
33021,,Chillax Games Studio,chillax-games-studio,30,1,1,0,102489,102489,102489,1,100,0,100,0,0,100,0,0,0,0,
28808,,Atomicom Limited,atomicom-limited,30,1,1,0,102403,102403,102403,0,100,100,0,0,0,0,0,0,100,0,
19887,,electrolyte,electrolyte,30,2,2,1,102369,51185,51185,3,67,67,0,0,0,33,0,0,0,33,
41768,,One Up Plus,one-up-plus,30,3,3,3,102349,22730,34116,4,100,33,33,33,0,67,33,0,0,0,
1396181,,Undreamed Games,undreamed-games,30,2,2,0,102298,102298,51149,0,50,100,0,0,0,0,0,0,0,0,Netherlands
1641854,,Enter Games,enter-games,30,1,1,0,102249,102249,102249,0,100,0,0,100,100,0,100,0,0,0,
611244,,青衣工作室,-,30,2,2,0,102202,51101,51101,2,100,0,0,100,0,50,100,0,0,0,
19233,,The Foundry,the-foundry,30,1,1,0,102171,0,102171,1,0,0,0,0,0,0,0,0,0,0,
10432,,Rogue Earth LLC,rogue-earth-llc,30,2,2,0,102131,0,51066,1,100,100,50,0,0,50,0,0,0,0,United States
38763,,Everplay Interactive,everplay-interactive,30,1,1,0,102091,102091,102091,0,100,100,0,100,0,0,0,0,0,0,
38764,,Blow and Try Again,blow-and-try-again,30,1,1,0,102091,102091,102091,0,100,100,0,100,0,0,0,0,0,0,
20817,,Celeritas Games,celeritas-games,30,5,5,5,102041,22894,20408,10,100,50,30,60,50,30,0,0,0,0,
19382,,NEW AUDIO TECHNOLOGY,new-audio-technology,30,1,1,0,102030,102030,102030,1,0,0,0,0,0,0,0,0,0,0,
1635661,,LAVABIRD,lavabird,30,1,1,0,102018,102018,102018,0,100,0,0,100,0,100,0,0,0,0,United Kingdom
5144634,,PISHO,pisho,30,2,2,0,102013,102013,51007,2,50,0,0,0,100,0,0,0,0,0,
24705,,Pocket Games,pocket-games,30,3,3,0,102000,42,34000,0,67,0,67,0,33,67,0,0,0,0,Hungary
292362,,AVIAR B.V.,aviar-b-v,30,2,2,0,101999,51000,51000,2,0,50,0,50,100,0,0,0,0,0,
26701,,GodSpeed Games,godspeed-games,30,1,1,0,101958,101958,101958,0,0,0,0,0,100,100,0,0,0,0,India
28212,,Fluid Games,fluid-games,30,1,1,0,101958,101958,101958,0,0,0,0,0,100,100,0,0,0,0,
28261,,Ian Isaro,ian-isaro,30,1,1,0,101936,101936,101936,0,100,0,0,0,100,0,100,0,0,0,
191396,,Awaken Realms,awaken-realms,30,1,1,2,101909,0,101909,3,67,67,67,33,33,0,0,0,0,0,Poland
16627,,NFA,nfa,30,1,1,0,101900,101900,101900,1,100,100,0,0,0,0,0,0,0,0,
29757,,AMASS,amass,30,1,1,0,101900,101900,101900,0,100,100,0,0,0,0,0,0,0,0,
102205,,False Prophet,false-prophet,30,1,1,1,101843,101843,101843,2,0,50,0,50,0,50,100,0,0,0,
30915,,Charles Games,charles-games,30,5,5,1,101822,50911,20364,6,83,17,17,50,17,17,0,0,0,0,Czech Republic
34121,,William at Oxford,william-at-oxford,30,55,55,0,101819,566,1851,55,2,20,98,13,13,2,9,0,0,4,
34916,,City From Naught Inc.,city-from-naught-inc,30,1,1,2,101790,101790,101790,3,100,33,0,33,33,33,33,0,0,0,
14446,,The Revills Games,the-revills-games,30,12,12,0,101772,1718,8481,11,67,0,100,0,0,8,0,0,0,0,
14887,,Future Immersive,future-immersive,30,1,1,0,101772,101772,101772,1,100,100,0,0,0,0,0,0,0,0,
21367,,Howling Moon Software,howling-moon-software,30,1,1,1,101766,101766,101766,2,50,50,50,100,50,0,50,0,0,0,
1635396,,Latest Past,latest-past,30,1,1,0,101741,101741,101741,0,100,100,0,0,0,0,0,0,0,0,
21589,,a_BAHN,a-bahn,30,1,1,0,101595,101595,101595,0,100,0,0,0,0,0,0,0,0,0,
24724,,Small Studio by Mac Guff,small-studio-by-mac-guff,30,1,1,0,101595,101595,101595,0,100,0,0,0,0,0,0,0,0,0,
5524395,,無厘頭遊戲工作室,-,30,1,1,0,101595,101595,101595,1,100,100,100,100,100,100,100,0,0,0,
2947,,Laundry Bear Games,laundry-bear-games,30,1,1,0,101552,101552,101552,1,100,0,100,0,0,0,0,0,0,0,Canada
31553,,Krin Juangbhanich,krin-juangbhanich,30,2,2,0,101535,50768,50768,0,100,50,0,50,0,100,100,0,0,0,Australia
1279867,,c3アート,c3,30,3,3,0,101506,50753,33835,1,33,33,67,33,67,0,67,0,0,0,
43364,,ASK_GAMES,ask-games,30,5,5,2,101497,13417,20299,7,100,29,0,71,86,0,0,0,0,0,
19687,,Epixx.org,epixx-org,30,1,1,0,101374,101374,101374,1,100,0,0,0,0,0,100,0,0,0,
1636103,,Current Games,current-games,30,2,2,1,101329,7682,50665,2,100,0,100,0,33,100,0,0,0,0,
21668,,Brian Lancaster,brian-lancaster,30,2,2,0,101328,50664,50664,2,100,100,0,100,100,100,100,0,0,0,
23233,,Laughing Coyote Software,laughing-coyote-software,30,2,2,0,101328,50664,50664,2,100,100,0,100,100,100,100,0,0,0,
36280,,Philosophy,philosophy,30,5,5,0,101325,20781,20265,0,100,60,100,0,100,60,80,20,20,0,
4322,,TURBOGUN,turbogun,30,1,1,0,101299,101299,101299,1,100,100,0,0,0,0,0,0,0,0,
1637668,,Chonky Loaf,chonky-loaf,30,1,1,0,101238,101238,101238,0,100,0,100,0,0,0,100,0,0,0,
17062,,Game Dynasty,game-dynasty,30,4,4,1,101223,20239,25306,4,100,60,40,80,0,20,0,0,0,0,
11075,,Sandlot Games,sandlot-games,30,8,8,0,101211,0,12651,8,0,0,100,0,0,13,0,0,0,0,
185575,,喜人一个,-,30,2,2,3,101180,50590,50590,4,40,0,40,0,0,100,0,0,0,0,
5305814,,NEGAFISH,negafish,30,1,1,0,101171,101171,101171,1,100,100,0,0,0,0,0,0,0,0,
30304,,Moving Player,moving-player,30,2,2,0,101086,50543,50543,0,100,50,50,0,0,0,0,0,0,0,France
27445,,π studio,studio,30,8,8,5,101070,4102,12634,11,85,15,62,62,23,54,62,0,8,8,
6480,,ALLPlayer Group Ltd.,allplayer-group-ltd,30,1,1,0,101063,101063,101063,1,0,0,0,0,0,0,0,0,0,0,
52828,,Comp-3 Interactive,comp-3-interactive,30,1,1,1,101036,101036,101036,1,50,100,0,100,50,0,0,0,0,0,United Kingdom
13755,,Firedog Creative Company Limited,firedog-creative-company-limited,30,3,3,0,100986,19797,33662,3,0,0,0,0,100,0,100,0,0,0,Hong Kong
11038,,Pirotexnik,pirotexnik,30,12,12,0,100984,0,8415,12,100,8,92,8,8,0,0,0,0,0,
18379,,Liam Hughes,liam-hughes,30,1,1,0,100937,100937,100937,1,100,0,0,0,0,0,0,0,0,0,
22646,,Ryan Cooper,ryan-cooper,30,1,1,0,100937,100937,100937,1,100,0,0,0,0,0,0,0,0,0,
33606,,HappyGames,happygames,30,5,5,2,100921,16963,20184,7,100,29,71,43,14,29,0,0,0,0,
34250,,https://1ma2szk.booth.pm/,https-1ma2szk-booth-pm,30,1,1,0,100915,100915,100915,0,100,0,0,0,0,0,0,0,0,0,
5676751,,"Millennium Kitchen Co., Ltd.",millennium-kitchen-co-ltd,30,1,1,0,100913,100913,100913,0,0,0,0,100,0,0,0,0,0,0,
1685,,Yobowargames,yobowargames,30,6,6,0,100893,7341,16816,3,67,0,0,0,0,100,0,0,0,0,
51321,,One Hand Games,one-hand-games,30,4,4,1,100871,27128,25218,1,40,40,80,60,40,0,20,0,0,0,
12553,,Serious Games Interactive,serious-games-interactive,30,5,5,0,100869,17595,20174,0,100,0,80,60,0,40,20,0,0,0,Sweden
2427906,,VisualPointG,visualpointg,30,1,1,0,100853,100853,100853,1,100,0,0,100,0,0,0,0,0,0,
24252,,Philip Staiger - TheBest3D.com,philip-staiger-thebest3d-com,30,4,4,0,100844,23304,25211,0,0,0,0,0,0,0,0,0,0,0,
152032,,リストランテ助六,-,30,1,1,0,100784,100784,100784,1,0,0,0,100,100,0,0,0,0,0,
5153236,,坤舆科技,-,30,1,1,1,100769,100769,100769,2,100,0,0,50,100,100,100,0,0,0,
5153237,,一冉影视,-,30,1,1,0,100769,100769,100769,0,100,0,0,0,100,100,100,0,0,0,
9368,,Monomyth Games,monomyth-games,30,1,1,0,100768,100768,100768,1,100,0,0,100,100,0,0,0,0,0,
13977,,Hangover Cat Purrroduction,hangover-cat-purrroduction,30,9,9,2,100752,9094,11195,11,64,0,82,27,0,0,0,0,0,0,
3100,,Antizero company,antizero-company,30,5,5,0,100713,1140,20143,5,100,0,100,0,20,0,0,0,0,0,
1397534,,Weasel Games,weasel-games,30,2,2,2,100676,100676,50338,4,100,50,0,25,25,75,0,0,25,25,
1641781,,Seventeen horns,seventeen-horns,30,3,3,0,100609,18039,33536,2,100,0,33,67,0,33,100,0,0,0,
1679151,,Edco Games,edco-games,30,4,4,0,100581,11477,25145,1,100,75,50,25,50,0,0,0,0,0,United States
38026,,302 Studio,302-studio,30,2,2,0,100535,50268,50268,0,100,0,50,50,0,100,50,0,0,0,
17863,,100Hr Games,100hr-games,30,1,1,1,100534,100534,100534,2,100,50,50,50,0,50,50,0,0,0,
121,,AKGames,akgames,30,2,2,0,100498,50249,50249,1,100,50,0,50,0,0,0,0,0,0,
17386,,Lines Studio,lines-studio,30,1,1,0,100491,100491,100491,1,0,0,0,0,100,0,0,0,0,0,
2414,,Giant Fox Studios,giant-fox-studios,30,3,3,3,100350,28924,33450,6,83,83,100,50,0,0,0,0,0,17,
6097,,varlamov5264,varlamov5264,30,2,2,0,100281,100281,50141,2,50,50,50,50,0,50,0,0,0,0,
2028840,,BLACK PANDA,black-panda,30,1,1,0,100264,100264,100264,0,100,0,0,100,0,0,100,0,0,0,
19873,,Wrestling Gamers United,wrestling-gamers-united,30,1,1,0,100246,100246,100246,1,100,100,0,0,0,0,0,0,0,100,
25795,,Chocolate Liberation Front,chocolate-liberation-front,30,1,1,0,100243,100243,100243,0,100,0,0,100,0,0,0,0,0,0,
19241,,Tiny Roar,tiny-roar,30,3,3,2,100228,50114,33409,1,80,40,60,40,20,40,20,0,0,0,Germany
10248,,Kormishenkov Anton,kormishenkov-anton,30,2,2,0,100215,50108,50108,2,50,0,50,50,0,0,100,0,0,0,
12488,,Twin Otter Studios,twin-otter-studios,30,1,1,0,100163,100163,100163,0,100,0,0,0,0,100,100,0,0,0,
35170,,Tomorrow Games,tomorrow-games,30,1,1,0,100148,0,100148,1,100,100,100,0,0,0,0,0,0,0,
1169938,,Nova Studio,nova-studio,30,1,1,0,100146,0,100146,0,100,0,100,0,100,0,100,0,0,0,
11139,,Headbang Club,headbang-club,30,2,2,1,100143,50072,50072,2,67,67,33,33,0,33,33,0,0,0,France
5002,,Rocket Jump,rocket-jump,30,1,1,0,100080,100080,100080,1,100,100,100,100,0,0,0,0,0,0,
14930,,Cyber Keks,cyber-keks,30,85,85,5,100028,535,1177,90,91,8,98,10,11,17,20,0,0,18,
44515,,Synthetic Domain,synthetic-domain,30,4,4,2,99967,99967,24992,2,83,0,0,33,0,83,67,0,0,0,
829804,,TashiKani,tashikani,30,1,1,1,99909,99909,99909,0,0,0,0,100,0,0,50,0,0,0,Japan
4237327,,Vivi,vivi,30,2,2,0,99884,49942,49942,2,100,0,50,100,50,0,0,0,0,0,
38917,,KAIRI SOFT,kairi-soft,30,1,1,0,99882,99882,99882,1,0,100,0,0,0,0,0,0,0,0,
47186,,Pixelian Studio,pixelian-studio,30,1,1,0,99822,99822,99822,0,100,100,0,100,0,0,100,0,0,0,
22276,,Anarkis Gaming,anarkis-gaming,30,2,2,0,99790,49895,49895,2,100,0,0,0,100,100,0,0,0,0,
37060,,"Sichuan fruit Interactive Technology Co., Ltd",sichuan-fruit-interactive-technology-co-ltd,30,2,2,0,99761,89484,49881,1,50,0,0,100,0,100,0,0,0,0,
45007,,Tmesis Studio,tmesis-studio,30,2,2,0,99746,99746,49873,1,100,0,100,100,0,0,0,0,0,0,Italy
28701,,Lunar Giant,lunar-giant,30,1,1,0,99729,99729,99729,0,100,0,0,100,0,100,100,0,0,0,
4819,,InSayn,insayn,30,1,1,0,99684,0,99684,1,100,0,100,100,0,0,0,0,0,0,
12349,,Shockwork Games,shockwork-games,30,2,2,1,99683,99683,49842,0,100,0,0,67,0,100,67,0,0,0,Poland
15004,,Frima,frima,30,1,1,0,99674,99674,99674,1,0,0,100,100,0,100,0,0,0,0,
13924,,EPICBEYOND Studios,epicbeyond-studios,30,1,1,0,99633,0,99633,1,100,100,0,100,0,0,100,100,0,0,
9484,,Tree Men Games,tree-men-games,30,5,5,1,99624,1189,19925,6,83,100,33,0,0,0,0,0,67,0,Finland
23038,,Warcave,warcave,30,1,1,0,99621,99621,99621,1,0,0,0,0,0,100,100,0,0,0,
1676745,,Autumn Moon Entertainment,autumn-moon-entertainment,30,1,1,1,99592,99592,99592,2,50,0,0,100,0,0,0,0,0,0,
12539,,Chameleon Games,chameleon-games,30,1,1,0,99551,99551,99551,1,100,100,0,100,0,0,0,0,0,0,
1448,,Walk Thru Walls Studios,walk-thru-walls-studios,30,1,1,0,99523,99523,99523,1,100,0,0,100,0,0,0,0,0,0,
32249,,Connor Ullmann,connor-ullmann,30,1,1,0,99522,99522,99522,0,100,100,0,100,0,0,0,0,0,0,
21057,,Tectonic VR,tectonic-vr,30,1,1,0,99498,0,99498,1,100,100,0,100,100,0,100,0,0,0,
33540,,5 Ants,5-ants,30,1,1,0,99479,0,99479,0,0,0,100,100,0,0,0,0,0,0,Spain
561,,G-Blood,g-blood,30,2,2,0,99476,49738,49738,2,100,0,100,100,100,0,50,0,0,0,
32586,,"Engient, Inc",engient-inc,30,1,1,0,99467,99467,99467,0,100,0,100,0,100,100,0,0,0,0,
30223,,VIS Interactive,vis-interactive,30,1,1,0,99437,99437,99437,0,0,100,0,100,0,0,0,0,0,0,United Kingdom
17036,,Jonathan Wood,jonathan-wood,30,1,1,0,99427,99427,99427,1,100,100,0,0,0,0,0,0,0,0,
2732,,GTGD,gtgd,30,8,8,3,99373,8412,12422,11,55,36,36,9,45,9,36,0,0,0,
33112,,metricminds GmbH &amp; Co KG,metricminds-gmbh-amp-co-kg,30,1,1,0,99350,99350,99350,0,0,0,0,0,100,0,0,0,0,100,
32470,,Hanakai Studio,hanakai-studio,30,1,1,0,99321,99321,99321,0,0,100,100,100,0,100,100,0,0,0,
29001,,Speelbaars,speelbaars,30,1,1,0,99319,99319,99319,0,100,0,0,100,0,0,0,0,0,0,Netherlands
51764,,Icedrop Games,icedrop-games,30,2,2,1,99182,49591,49591,1,67,33,67,33,0,0,0,0,0,0,
2028975,,dovganovskiy,dovganovskiy,30,1,1,0,99176,99176,99176,0,0,0,0,0,0,100,100,0,0,0,
1127,,269th lab games softworks,269th-lab-games-softworks,30,2,2,0,99172,49586,49586,2,0,50,0,0,50,0,50,0,0,50,
30971,,Fearem,fearem,30,1,1,0,99125,99125,99125,0,100,100,0,0,0,0,0,0,0,0,Croatia
186516,,Study Bunny Games LLC,study-bunny-games-llc,30,1,1,0,99113,99113,99113,1,0,0,0,0,0,0,100,0,0,0,
2819666,,Storytale,storytale,30,3,3,2,99011,49506,33004,5,100,40,0,60,20,20,0,0,0,0,
1409665,,SsmA,ssma,30,2,2,0,99008,49504,49504,1,50,0,0,50,0,0,0,0,0,0,
1639606,,RealPeach,realpeach,30,1,1,1,98992,98992,98992,2,100,50,50,0,0,0,0,0,0,0,
49234,,OKJOY,okjoy,30,1,1,0,98980,98980,98980,1,100,0,100,100,0,0,100,0,0,0,
38845,,Lewd Mewd,lewd-mewd,30,1,1,1,98893,98893,98893,0,50,0,100,100,0,0,50,0,0,0,
19385,,Tethys Interactive LLC,tethys-interactive-llc,30,1,1,0,98892,98892,98892,1,100,100,0,100,0,0,100,0,0,0,
21756,,Archetype Global,archetype-global,30,1,1,0,98857,98857,98857,1,100,0,0,100,0,0,0,0,0,0,
17976,,N-Tri Studio,n-tri-studio,30,4,4,1,98822,13161,24706,5,100,0,100,80,20,0,0,0,0,0,
30160,,dadako,dadako,30,1,1,1,98807,98807,98807,1,50,100,50,0,0,0,0,0,0,0,Japan
38945,,GeeSeki,geeseki,30,1,1,0,98807,98807,98807,0,100,0,100,100,100,0,0,0,0,0,
9393,,Ametist studio,ametist-studio,30,3,3,0,98797,49399,32932,2,100,33,0,0,0,67,33,0,0,0,
24083,,Alexey Bokulev,alexey-bokulev,30,2,2,0,98786,98786,49393,0,100,0,0,0,0,50,50,0,0,0,
10331,,ADOG,adog,30,1,1,0,98749,98749,98749,1,100,0,100,100,100,0,100,0,0,0,
32624,,Big Pixel Studios,big-pixel-studios,30,1,1,0,98742,0,98742,0,100,100,0,0,0,0,0,0,0,0,United Kingdom
12659,,The Snarktopus,the-snarktopus,30,1,1,0,98718,98718,98718,1,100,100,100,0,100,100,0,0,0,0,
33229,,Eternal Alice Game,eternal-alice-game,30,1,1,0,98699,98699,98699,0,100,100,100,0,0,0,0,0,0,0,
12588,,Cosmic Void,cosmic-void,30,7,7,1,98657,15281,14094,7,100,13,0,88,0,0,0,0,0,0,
32797,,Drixy Games,drixy-games,30,1,1,0,98638,98638,98638,0,100,100,100,100,0,100,0,0,0,0,
5923773,,Suteneko Lab.,suteneko-lab,30,1,1,0,98620,98620,98620,0,0,100,0,100,0,0,0,0,0,0,
49301,,Choc Abyss,choc-abyss,30,1,1,0,98586,98586,98586,1,0,100,0,0,100,0,0,0,0,100,
35211,,Papucs Games,papucs-games,30,1,1,0,98571,98571,98571,1,100,0,100,0,100,0,100,0,100,0,
2575701,,Stromatosoft Inc.,stromatosoft-inc,30,1,1,0,98541,98541,98541,1,100,0,0,100,0,0,100,0,0,0,
19581,,Abylight Studios,abylight-studios,30,1,1,0,98532,98532,98532,0,100,0,100,0,100,100,0,0,0,0,Spain
36881,,Frinky,frinky,30,3,3,2,98514,49257,32838,5,60,80,20,0,20,0,0,0,0,0,Australia
4263158,,Yustas,yustas,30,2,2,0,98488,49244,49244,0,100,0,100,50,0,50,0,0,0,0,
4751,,wins_84,wins-84,30,1,1,0,98442,98442,98442,0,100,100,100,100,0,0,0,0,0,0,
32581,,gamebalance,gamebalance,30,1,1,0,98442,98442,98442,0,100,100,100,100,0,0,0,0,0,0,
7789,,Paperash Studio,paperash-studio,30,1,1,1,98393,98393,98393,2,100,0,0,100,0,0,0,0,0,0,Czech Republic
5355,,Celsius Game Studios,celsius-game-studios,30,1,1,0,98342,98342,98342,1,100,100,0,0,100,0,0,0,0,0,Canada
4778,,Mizar Games,mizar-games,30,1,1,1,98327,0,98327,1,100,0,0,50,0,0,100,50,0,0,
32055,,LiLith,lilith,30,7,7,0,98297,45701,14042,0,14,29,14,86,0,0,29,0,0,0,Japan
50282,,Blank Dream Studios,blank-dream-studios,30,4,4,0,98276,48388,24569,4,75,100,25,25,0,0,0,0,0,0,
7214,,Fugazo,fugazo,30,2,2,0,98258,98258,49129,0,0,50,100,0,0,0,0,0,0,0,
142979,,Adam Travers,adam-travers,30,4,4,1,98255,32672,24564,5,60,60,20,20,0,60,40,0,0,0,Australia
1052988,,A Little More Games,a-little-more-games,30,2,2,1,98241,49121,49121,3,33,0,67,100,67,67,0,0,0,0,
28929,,BigBlaze Games,bigblaze-games,30,5,5,0,98224,14880,19645,1,0,20,20,0,80,80,0,0,0,80,
18761,,takayakata,takayakata,30,3,3,0,98193,13412,32731,3,33,100,0,0,0,0,0,0,0,0,Japan
1279974,,Wit Studio,wit-studio,30,1,1,0,98179,98179,98179,1,100,0,0,0,100,100,0,0,0,0,
51263,,Studio Kit,studio-kit,30,1,1,0,98075,98075,98075,1,100,100,100,0,0,100,0,0,0,0,
974,,Attic Door Productions,attic-door-productions,30,1,1,0,98065,98065,98065,1,100,0,0,100,0,0,0,0,0,0,
41249,,Codrin Bradea,codrin-bradea,30,1,1,0,98059,98059,98059,1,100,0,100,100,0,0,0,0,0,0,
2431780,,Studio Lalala,studio-lalala,30,1,1,1,97961,97961,97961,2,50,50,50,100,50,0,0,0,0,50,
86403,,Andrew Hussie,andrew-hussie,30,1,1,0,97957,0,97957,0,100,0,100,100,0,0,0,0,0,0,
10553,,inbetweengames,inbetweengames,30,2,2,0,97938,0,48969,2,100,50,50,50,0,0,50,0,0,0,Germany
2699,,RAC7 Games,rac7-games,30,1,1,0,97918,97918,97918,1,100,0,0,100,0,0,0,0,0,0,Canada
1634664,,Lunar Division,lunar-division,30,1,1,1,97840,97840,97840,0,100,0,0,0,50,100,0,0,0,0,
6169819,,Andre Gareis,andre-gareis,30,1,1,0,97739,97739,97739,0,100,0,100,100,0,0,0,0,0,0,
17726,,NoBreadStudio,nobreadstudio,30,3,3,1,97700,29110,32567,4,100,0,100,50,0,0,0,0,0,0,
31652,,X-Bow Software,x-bow-software,30,2,2,0,97671,48836,48836,0,0,0,0,0,0,100,100,0,0,0,Russia
43531,,SilverForge,silverforge,30,1,1,0,97639,97639,97639,1,100,0,0,0,0,100,0,0,0,0,
28053,,Rebelephant,rebelephant,30,1,1,0,97615,97615,97615,0,100,0,0,100,100,0,0,0,0,0,United Kingdom
1052368,,vamX,vamx,30,1,1,0,97605,0,97605,1,0,0,0,100,100,0,100,0,0,0,
1054258,,MeshedVR,meshedvr,30,1,1,0,97605,0,97605,0,0,0,0,100,100,0,100,0,0,0,
6923,,Venineth Team,venineth-team,30,1,1,0,97458,97458,97458,0,100,100,0,100,0,0,0,0,0,0,
4005001,,mort-art,mort-art,30,1,1,1,97458,97458,97458,1,100,50,0,100,0,0,0,0,0,0,
19999,,Guillotine,guillotine,30,1,1,1,97449,97449,97449,2,100,0,100,100,0,0,0,0,0,0,Israel
840,,Topstitch Games,topstitch-games,30,3,3,0,97447,48724,32482,3,100,33,33,0,33,67,33,0,0,0,
1397371,,Irox Games,irox-games,30,1,1,1,97440,97440,97440,0,100,50,50,0,50,50,50,0,0,0,
22603,,"Case in Point Studios, LLC",case-in-point-studios-llc,30,1,1,0,97394,0,97394,1,0,0,0,0,100,100,0,0,0,0,
1395769,,Wikkl Works,wikkl-works,30,1,1,0,97360,97360,97360,1,100,0,0,0,100,0,0,0,0,100,
18122,,DreamGate,dreamgate,30,1,1,0,97336,97336,97336,1,100,100,0,0,0,100,0,0,0,0,
4385581,,18bitStudio,18bitstudio,30,1,1,0,97307,97307,97307,0,0,100,0,0,0,0,100,0,0,0,
13320,,TECHHOME,techhome,30,2,2,0,97251,48626,48626,1,100,0,0,0,50,50,50,0,0,0,
31157,,ENTERi,enteri,30,3,3,0,97251,39320,32417,0,100,100,100,0,0,0,0,0,0,0,
45446,,G CHOICE,g-choice,30,1,1,0,97183,97183,97183,0,0,100,0,0,0,0,100,0,0,0,Japan
2167,,Fuming,fuming,30,1,1,1,97135,97135,97135,1,100,0,0,100,0,0,100,0,0,0,Japan
33301,,Friend &amp; Fairy,friend-amp-fairy,30,2,2,1,97048,48524,48524,0,100,67,33,0,0,33,0,0,0,0,
2165167,,Spickasoft,spickasoft,30,1,1,0,96992,96992,96992,1,100,0,0,100,0,0,0,0,0,0,
24508,,Gabriel Interactive,gabriel-interactive,30,1,1,0,96991,96991,96991,0,0,0,0,0,100,0,0,0,0,100,
188196,,RB Wolf Design,rb-wolf-design,30,1,1,0,96963,96963,96963,0,100,0,100,100,0,0,0,0,0,0,
6059386,,Mayni prod.,mayni-prod,30,1,1,0,96959,96959,96959,1,100,100,100,0,0,0,0,0,0,0,Ukraine
411,,TribeXR Inc.,tribexr-inc,30,1,1,0,96949,0,96949,1,100,0,100,0,100,100,0,0,0,0,
25968,,Valkeala Software,valkeala-software,30,79,79,4,96922,999,1227,40,95,35,41,67,22,4,2,0,23,2,
1407395,,ALLAF GAMES,allaf-games,30,3,3,0,96922,48461,32307,3,67,67,0,33,0,33,0,0,0,0,
5901139,,ChaoGames,chaogames,30,1,1,1,96912,96912,96912,2,50,50,0,50,0,0,50,0,0,0,
940361,,Mountain &amp; Sea Studio,mountain-amp-sea-studio,30,1,1,1,96853,0,96853,0,50,50,50,50,50,50,100,0,0,0,
940676,,picture4u,picture4u,30,2,2,0,96845,96845,48423,1,100,50,100,0,100,50,0,0,0,0,
30315,,FragOut,fragout,30,1,1,0,96836,96836,96836,0,100,0,0,0,100,0,0,0,0,0,
19332,,Perchang,perchang,30,3,3,0,96816,48408,32272,2,0,0,33,33,0,67,33,0,0,0,
20838,,内购人生PABL,pabl,30,2,2,1,96792,48396,48396,3,100,0,0,0,0,0,0,0,0,0,
17841,,White Ink,white-ink,30,2,2,1,96669,96027,48335,3,67,0,33,33,100,33,0,0,0,0,
54373,,Kruger &amp; Flint Productions,kruger-amp-flint-productions,30,2,2,0,96629,96629,48315,0,100,100,0,0,0,0,0,0,0,0,
6993,,Valera Entertainment,valera-entertainment,30,4,4,0,96619,1752,24155,4,100,0,25,100,0,0,0,0,0,0,
127,,Rionix,rionix,30,10,10,1,96593,4589,9659,3,45,27,82,36,55,64,9,0,0,0,Russia
37622,,Atelier Choice,atelier-choice,30,1,1,0,96593,96593,96593,0,100,0,0,0,0,0,100,0,0,0,
28831,,Remar Games,remar-games,30,2,2,0,96590,96590,48295,0,50,100,0,50,0,0,0,0,0,0,Sweden
8255,,Frozen Flame,frozen-flame,30,2,2,0,96587,48294,48294,2,0,0,0,0,0,0,0,0,0,0,
1396606,,Tulpar Games,tulpar-games,30,2,2,0,96586,96586,48293,2,0,100,0,100,100,0,100,0,0,0,
2564474,,Tsukki's Tea Party,tsukki-s-tea-party,30,2,2,0,96573,48287,48287,0,100,0,50,50,50,0,100,0,0,0,
1395521,,Wildman,wildman,30,1,1,0,96549,96549,96549,0,0,0,100,0,0,0,0,0,0,0,
1125944,,Jacob Navarro,jacob-navarro,30,1,1,0,96516,96516,96516,0,100,100,0,0,0,0,0,0,0,0,
3203,,Displacement Studios,displacement-studios,30,6,6,0,96472,358,16079,5,100,67,50,50,0,0,17,0,33,0,
30025,,GameOn Production,gameon-production,30,28,28,0,96421,2997,3444,0,36,7,93,43,29,61,0,0,0,0,
13424,,Nuclear Tales,nuclear-tales,30,1,1,1,96413,96413,96413,1,100,0,50,100,50,50,50,0,0,0,
28315,,Orbi Universo Team,orbi-universo-team,30,4,4,1,96412,2292,24103,5,100,20,0,40,60,60,20,0,0,0,France
1053321,,IMaiIna,imaiina,30,2,2,1,96408,48204,48204,0,67,0,0,67,33,67,100,0,0,0,
940614,,Letibus Design,letibus-design,30,1,1,0,96389,96389,96389,0,100,0,100,0,0,0,0,0,0,0,
4353,,invrse studios,invrse-studios,30,1,1,0,96368,0,96368,1,100,100,0,0,100,0,0,0,0,100,
13993,,Sam Enright,sam-enright,30,2,2,0,96361,48181,48181,1,100,100,0,100,0,0,100,0,0,0,
1771406,,Sebasa Games,sebasa-games,30,3,3,1,96333,16593,32111,4,50,75,0,100,100,0,50,0,0,0,
192240,,HappyDaram Inc.,happydaram-inc,30,3,3,0,96325,720,32108,3,100,33,33,33,67,0,33,0,0,0,
16416,,Nikolai Usachev,nikolai-usachev,30,7,7,1,96314,2118,13759,0,100,38,75,25,13,38,13,0,0,0,
27854,,Too Kind Studio,too-kind-studio,30,1,1,0,96312,96312,96312,0,100,100,0,100,0,0,0,0,0,0,France
398017,,RudeFrog Studios,rudefrog-studios,30,1,1,0,96302,96302,96302,1,100,100,0,100,0,0,0,0,0,0,
1652389,,stoun3,stoun3,30,5,5,0,96288,0,19258,5,20,40,0,20,0,20,0,0,0,0,
8064,,Polynetix Studio,polynetix-studio,30,3,3,0,96253,7086,32084,3,67,0,0,0,33,33,0,0,33,0,
6936,,HELM Systems,helm-systems,30,1,1,1,96228,96228,96228,1,100,100,0,50,0,0,50,0,0,0,United States
1640689,,Jubei Games,jubei-games,30,2,2,0,96201,48101,48101,2,50,0,0,100,0,0,0,0,0,0,
3884109,,Shuuko,shuuko,30,1,1,0,96199,96199,96199,0,100,0,100,0,0,0,0,0,0,0,
3884110,,Amber Fiend,amber-fiend,30,1,1,0,96199,96199,96199,0,100,0,100,0,0,0,0,0,0,0,
9319,,Casual Labs,casual-labs,30,1,1,0,96172,96172,96172,1,0,0,100,0,0,0,0,0,0,0,
36855,,Helmet Fox,helmet-fox,30,1,1,0,96171,96171,96171,1,100,0,100,100,0,0,100,0,0,0,
19024,,Touch Times Studio,touch-times-studio,30,1,1,0,96162,96162,96162,1,100,0,0,100,0,100,100,0,0,0,
33965,,Actoon Studio,actoon-studio,30,2,2,1,96112,48056,48056,3,100,0,67,100,0,0,0,0,0,0,
2160627,,Sunny Peak,sunny-peak,30,1,1,0,96107,96107,96107,0,100,100,0,100,0,0,0,0,0,0,
3072,,Great Boolean,great-boolean,30,2,2,0,96064,48032,48032,2,50,0,50,0,0,0,0,0,0,100,
3401,,Renegade Sector Games,renegade-sector-games,30,17,17,0,96039,3125,5649,17,65,100,0,47,0,0,0,0,0,0,
6387402,,DYSTOPIAN,dystopian,30,1,1,0,96013,96013,96013,1,100,0,100,0,0,100,0,0,0,0,
42417,,Lovenuts,lovenuts,30,2,2,0,95984,47992,47992,0,50,0,100,0,0,0,0,0,0,0,
71471,,VICTORIA Games,victoria-games,30,12,12,0,95976,4404,7998,7,92,17,33,83,17,25,8,0,8,17,
42105,,Max Pedro,max-pedro,30,18,18,0,95915,3818,5329,5,67,56,50,83,11,0,28,0,0,6,
20410,,Veritex Studios LLC,veritex-studios-llc,30,1,1,0,95819,0,95819,1,100,100,0,100,0,0,100,0,0,0,
5492602,,Galactic Geckon,galactic-geckon,30,28,28,0,95818,3093,3422,28,0,46,43,14,0,0,0,0,4,0,
11946,,Serkan Bakar,serkan-bakar,30,4,4,0,95781,27357,23945,4,100,100,75,100,0,0,25,0,0,0,
12517,,Alien Jellyfish,alien-jellyfish,30,4,4,0,95781,702,23945,4,100,75,100,25,75,0,0,0,0,0,
6528560,,Fergify,fergify,30,1,1,0,95753,95753,95753,1,100,0,0,0,0,0,0,0,0,0,
30872,,Wicpar,wicpar,30,1,1,1,95750,95750,95750,1,100,50,100,0,50,0,0,0,0,0,
27284,,Shadow Tor Studios,shadow-tor-studios,30,2,2,1,95734,47867,47867,1,100,0,0,100,33,33,0,0,0,0,United Kingdom
186402,,Secret Character,secret-character,30,3,3,1,95693,30812,31898,1,75,0,75,25,50,25,0,0,0,0,
5053,,Loftur Studio,loftur-studio,30,1,1,0,95664,95664,95664,1,100,0,0,100,0,100,100,0,0,0,
43188,,Opendix147,opendix147,30,1,1,0,95662,0,95662,0,100,100,0,100,100,100,0,100,0,0,
21449,,Steel Arts,steel-arts,30,2,2,0,95647,0,47824,2,100,100,50,100,0,0,0,0,0,0,
1396688,,kabocha renga,kabocha-renga,30,2,2,1,95631,47816,47816,2,100,100,33,0,0,0,0,0,0,0,
25077,,Rekim,rekim,30,1,1,0,95604,95604,95604,0,0,100,0,100,0,0,0,0,0,100,
6554558,,Featherweight Games,featherweight-games,30,1,1,0,95580,95580,95580,1,100,0,0,0,0,0,100,0,0,0,
26161,,System Prisma,system-prisma,30,1,1,0,95578,95578,95578,0,100,100,0,0,0,0,100,0,0,0,
105116,,vertex4 entertainment GmbH,vertex4-entertainment-gmbh,30,1,1,0,95562,95562,95562,1,100,100,0,0,0,100,0,0,0,0,
13502,,Jarrod Brown,jarrod-brown,30,1,1,0,95496,95496,95496,1,100,0,100,0,100,100,0,0,0,0,
143089,,琉璃花糖制作组,-,30,6,6,0,95471,11178,15912,5,100,0,100,17,0,0,83,0,0,0,
12972,,Chubby Pixel,chubby-pixel,30,5,5,0,95469,26419,19094,1,20,100,0,100,0,0,0,0,0,0,Italy
7834,,Frostwood Interactive,frostwood-interactive,30,3,3,0,95455,24267,31818,2,100,0,0,100,0,0,0,0,0,0,India
21757,,PlayZilla.tk,playzilla-tk,30,2,2,0,95444,47722,47722,2,100,0,100,100,0,0,0,0,0,0,
31103,,Highcastle Studios,highcastle-studios,30,1,1,0,95438,95438,95438,0,100,100,100,0,0,0,0,0,0,0,
1647636,,Good Mood Games,good-mood-games,30,1,1,3,95409,95409,95409,4,50,75,50,0,25,75,0,0,0,0,Turkey
8661168,,Atree,atree,30,1,1,0,95344,95344,95344,0,100,100,100,0,0,0,0,0,0,0,
1514801,,Xylem Studios,xylem-studios,30,1,1,0,95341,95341,95341,1,100,100,0,0,0,0,0,0,0,0,Canada
5054,,Disney interactive,disney-interactive,10,2,2,0,95317,47659,47659,0,0,50,0,50,0,0,0,0,0,0,United States
19924,,Skyboy Games,skyboy-games,30,2,2,1,95310,47655,47655,3,100,100,33,0,0,0,0,0,0,0,
3960480,,Sexy Hentai Games Factory,sexy-hentai-games-factory,30,4,4,3,95259,22343,23815,0,86,14,100,14,71,29,14,0,0,0,
7517429,,JANS Dev Team,jans-dev-team,30,1,1,0,95223,95223,95223,1,100,100,100,0,0,100,0,0,0,0,
26083,,Littlewitch,littlewitch,30,1,1,0,95116,95116,95116,0,0,0,100,0,100,100,0,0,0,0,
16235,,Echodog Games,echodog-games,30,2,2,0,95026,95026,47513,2,100,0,50,50,0,0,100,0,0,0,
37634,,Talegames,talegames,30,1,1,0,95023,95023,95023,1,100,0,0,100,0,0,100,0,0,0,
828,,7DOTS,7dots,30,7,7,0,95011,9070,13573,5,100,0,86,57,0,0,0,0,0,0,
41151,,"Beijing AmazGame Age Internet Technology Co., Ltd.",beijing-amazgame-age-internet-technology-co-ltd,30,1,1,1,94993,0,94993,0,0,50,0,0,0,0,50,100,0,0,
6387623,,AAD Games,aad-games,30,2,2,0,94993,47497,47497,2,50,50,50,50,50,0,0,50,0,0,
10271,,Dinosaur Bytes Studio,dinosaur-bytes-studio,30,1,1,0,94990,94990,94990,0,0,100,0,100,0,0,0,0,0,0,
11882,,Daisu Games,daisu-games,30,3,3,0,94953,1242,31651,3,33,33,0,0,0,67,0,0,0,0,
28635,,Rémi Coulom SAS,r-mi-coulom-sas,30,1,1,0,94942,94942,94942,0,0,0,100,0,0,100,0,0,0,0,
28297,,Mada Labo,mada-labo,30,2,2,0,94939,47470,47470,1,50,0,0,100,50,0,50,0,0,0,Japan
31257,,ExDream GmbH,exdream-gmbh,30,1,1,0,94924,94924,94924,0,0,100,0,0,0,100,0,0,0,0,
20144,,Chewa,chewa,30,3,3,2,94904,8423,31635,5,60,60,60,0,0,20,0,0,0,0,
85050,,Sergey Chernenko,sergey-chernenko,30,1,1,0,94879,94879,94879,1,100,0,0,100,100,0,0,0,0,0,
2085861,,Great Gretuski Studios,great-gretuski-studios,30,1,1,1,94865,94865,94865,2,100,0,100,0,100,0,0,0,0,0,
1319,,Plasterbrain,plasterbrain,30,1,1,0,94856,94856,94856,1,100,0,100,0,100,0,0,0,0,0,
22810,,"Createdelic, LLC",createdelic-llc,30,2,2,0,94815,94815,47408,2,100,50,100,100,0,0,100,0,0,0,
17278,,Epic Devs LLC,epic-devs-llc,30,2,2,0,94747,47374,47374,1,0,0,0,50,100,50,50,0,0,0,
27680,,VipaGames,vipagames,30,1,1,0,94675,94675,94675,0,0,0,0,0,100,0,0,0,0,0,
9313,,Alder Games,alder-games,30,5,5,0,94673,23982,18935,1,60,0,100,20,0,40,20,0,0,0,Hungary
16926,,Submersivo Game Studio,submersivo-game-studio,30,1,1,0,94652,94652,94652,1,100,0,0,0,0,0,0,0,0,0,
52741,,FreezyCat,freezycat,30,4,4,1,94642,9817,23661,5,60,80,0,0,0,0,0,0,0,0,
1396917,,Mikanbatake,mikanbatake,30,3,3,2,94627,23287,31542,0,40,0,0,20,20,0,80,0,0,0,
24312,,Blackfox Studios,blackfox-studios,30,2,2,0,94611,94611,47306,0,100,0,0,0,0,100,0,0,0,0,
11364,,SAT-BOX,sat-box,30,51,51,3,94597,394,1855,54,91,85,87,2,2,0,0,0,22,33,
25027,,Monolith of Minds,monolith-of-minds,30,2,2,0,94570,47285,47285,0,100,100,0,100,0,0,0,0,0,0,
14713,,oddbreeze,oddbreeze,30,2,2,0,94541,47271,47271,1,100,50,50,100,0,0,0,0,0,0,
28340,,"TREND, Soft Pro",trend-soft-pro,30,2,2,0,94487,47244,47244,0,0,0,0,0,100,0,0,0,0,0,
1280403,,UNICO INC.,unico-inc,30,15,15,2,94460,3600,6297,1,0,0,0,94,0,0,6,0,0,0,
8067,,Vinoo,vinoo,30,2,2,0,94433,47217,47217,2,100,0,100,0,100,0,0,0,0,0,
26662,,Yadon Studio,yadon-studio,30,2,2,0,94429,47215,47215,0,50,100,0,100,50,0,50,0,0,0,
7665,,Polygon Art,polygon-art,30,12,12,3,94385,3480,7865,5,87,80,7,13,20,0,0,0,0,0,
11261,,kido,kido,30,2,2,1,94365,47183,47183,3,100,100,0,0,0,0,0,0,0,0,
26052,,Piotr Wolk,piotr-wolk,30,1,1,0,94304,94304,94304,0,100,100,0,0,0,0,0,0,0,0,
720260,,Wet n' Juicy Games,wet-n-juicy-games,30,1,1,2,94294,94294,94294,3,67,33,33,67,0,0,0,0,0,0,
41286,,WASD Games,wasd-games,30,4,4,0,94256,17369,23564,4,50,25,25,75,75,25,75,25,0,0,
29498,,tomeapp,tomeapp,30,1,1,0,94244,94244,94244,0,100,0,0,0,100,0,0,0,0,0,
47151,,VR Storm Studio,vr-storm-studio,30,1,1,1,94173,94173,94173,2,100,100,50,50,0,0,0,50,0,50,
5472754,,DiceHit Games,dicehit-games,30,1,1,1,94146,94146,94146,0,50,0,100,50,50,100,100,0,0,50,
187840,,Black Tower Basement,black-tower-basement,30,1,1,0,94145,94145,94145,0,100,100,0,100,0,0,100,0,0,0,
9866,,Rascal Devworks,rascal-devworks,30,4,4,0,94139,46296,23535,4,100,0,100,75,0,0,50,0,0,0,
34177,,Hooksoft,hooksoft,30,1,1,0,94130,94130,94130,0,0,0,100,0,100,0,0,0,0,0,
46540,,199 Cents STUDIO,199-cents-studio,30,2,2,1,94127,25613,47064,3,67,67,67,67,67,33,100,67,0,0,
653,,VReleased,vreleased,30,1,1,0,94038,94038,94038,1,0,0,100,0,100,0,0,0,0,0,
52096,,有杕之杜,-,30,2,2,0,93996,46998,46998,2,100,0,0,50,50,50,0,0,0,0,
11943,,Up Multimedia,up-multimedia,30,4,4,0,93991,13263,23498,4,25,0,25,50,0,25,0,0,0,0,
9015227,,An Open Ben,an-open-ben,30,1,1,0,93978,93978,93978,1,100,0,0,100,0,0,0,0,0,0,
4390,,Morgopolis Studios,morgopolis-studios,30,1,1,0,93963,93963,93963,1,100,100,0,100,0,0,0,0,0,0,
42675,,Dan McGrath,dan-mcgrath,30,1,1,0,93942,93942,93942,0,0,100,0,100,0,0,0,0,0,0,
10869,,Strange Company,strange-company,30,1,1,0,93906,93906,93906,1,100,0,0,100,0,0,100,0,0,0,
2179,,SP Digital Arts Inc.,sp-digital-arts-inc,30,5,5,1,93896,1932,18779,6,83,83,100,0,83,50,0,0,0,0,
4073944,,Noforgetit,noforgetit,30,2,2,0,93851,46926,46926,2,100,100,100,100,50,0,100,0,0,0,
11736,,Waveor,waveor,30,1,1,0,93843,93843,93843,1,100,100,0,100,100,0,0,0,100,100,
27280,,Steve McRae,steve-mcrae,30,2,2,0,93837,46919,46919,0,50,50,100,0,0,0,0,0,0,0,
32137,,NCC Moore,ncc-moore,30,2,2,0,93837,46919,46919,0,50,50,100,0,0,0,0,0,0,0,
1395836,,indieGiant,indiegiant,30,1,1,0,93837,93837,93837,1,100,100,100,0,0,0,100,0,0,0,
68755,,Fallalypse studio,fallalypse-studio,30,6,6,0,93833,11830,15639,0,100,100,83,83,83,100,67,33,33,17,
44129,,Appetite,appetite,30,23,23,0,93810,2720,4079,0,9,0,0,100,0,0,0,0,0,0,
13851,,NOTvil,notvil,30,1,1,0,93791,93791,93791,1,100,100,100,100,0,0,0,0,0,0,
14847,,Meerkat Gaming,meerkat-gaming,30,3,3,0,93684,10299,31228,3,100,67,67,33,67,0,0,0,0,0,
1282216,,Korion Interactive,korion-interactive,30,16,16,1,93679,3648,5855,1,6,24,65,6,6,18,0,0,12,6,
10649,,N-Game Studios,n-game-studios,30,3,3,0,93668,39802,31223,2,100,100,0,0,0,67,67,0,0,0,Ukraine
18900,,Sherman3D,sherman3d,30,1,1,0,93647,93647,93647,1,100,0,100,100,0,100,100,0,0,0,Malaysia
23365,,Mazen Games,mazen-games,30,4,4,0,93622,6241,23406,1,100,100,100,100,25,0,0,0,25,0,
7611466,,HAHAHA,hahaha,30,1,1,0,93586,93586,93586,1,100,0,100,0,0,0,0,0,0,0,
24086,,Circle Gyu,circle-gyu,30,3,3,0,93518,19913,31173,0,100,0,0,67,0,0,100,0,0,0,
186982,,Wunarg,wunarg,30,1,1,0,93487,93487,93487,1,0,0,0,0,0,100,0,0,0,0,
27822,,Meteorbyte Studios,meteorbyte-studios,30,2,2,1,93479,46740,46740,1,67,33,0,0,0,67,0,0,33,0,Spain
53400,,Reverie Foundry,reverie-foundry,30,1,1,0,93475,93475,93475,1,0,0,0,0,100,0,0,0,0,0,
1397399,,Ilogin Studio,ilogin-studio,30,1,1,0,93471,93471,93471,1,100,0,100,100,0,0,100,0,0,0,
47590,,Wield Interactive,wield-interactive,30,1,1,0,93416,93416,93416,0,0,0,0,0,0,100,0,0,0,0,
46136,,Steamy Buns Games,steamy-buns-games,30,1,1,1,93410,93410,93410,1,50,0,0,50,100,50,0,0,0,0,
37905,,GidAzGames,gidazgames,30,5,5,0,93326,12810,18665,5,100,60,0,0,100,0,0,0,0,0,
28913,,とらいあんぐる！,-,30,4,4,0,93237,16773,23309,1,75,0,0,25,25,0,75,0,0,0,
1633872,,Ocelot,ocelot,30,1,1,0,93212,93212,93212,1,100,0,0,100,0,100,100,0,0,0,
44556,,Lingon Studios,lingon-studios,30,3,3,0,93200,2859,31067,3,100,67,67,0,33,33,33,0,0,0,
8190,,Entheogen Studios LLC,entheogen-studios-llc,30,1,1,0,93191,0,93191,1,100,100,0,0,0,0,100,0,0,0,
46180,,Seal,seal,30,4,4,3,93184,38775,23296,7,57,100,0,0,0,0,0,0,0,0,
19867,,Monticube,monticube,30,1,1,0,93170,93170,93170,1,100,0,0,0,0,100,0,0,0,0,
1395730,,HowlingRain,howlingrain,30,2,2,1,93109,93109,46555,3,67,67,33,67,33,0,67,0,0,0,
8997539,,台灣響雨互娛,-,30,1,1,0,93109,93109,93109,1,100,100,0,100,0,0,100,0,0,0,
8997540,,響雨@OSAKA,osaka,30,1,1,0,93109,93109,93109,1,100,100,0,100,0,0,100,0,0,0,
45008,,Killer7,killer7,30,2,2,0,93086,46543,46543,2,100,0,100,100,0,0,0,0,0,0,
721018,,Three Dots Games,three-dots-games,30,2,2,0,93083,93083,46542,0,100,100,0,100,0,0,0,0,0,0,Montenegro
8603794,,Nachosama Games,nachosama-games,30,1,1,0,93076,93076,93076,1,100,0,100,100,100,0,0,0,0,0,
720904,,02GAMES,02games,30,1,1,1,93072,93072,93072,2,100,50,100,0,50,0,0,0,0,0,
1642878,,Woziva,woziva,30,1,1,1,93062,93062,93062,2,0,100,0,0,0,0,0,0,0,0,Turkey
2188,,Huy Phan,huy-phan,30,3,3,0,93034,13837,31011,3,100,0,0,0,67,100,100,0,0,0,
3894,,StickyStoneStudio,stickystonestudio,30,3,3,0,93033,46517,31011,3,100,67,33,100,0,0,67,0,0,0,
830262,,silver978,silver978,30,1,1,0,92965,92965,92965,0,100,0,0,100,0,0,0,0,0,0,
2905873,,Crustacean Interactive,crustacean-interactive,30,1,1,0,92940,92940,92940,1,100,100,100,100,0,100,0,100,0,0,
3306101,,Norb Software Development LLC,norb-software-development-llc,30,3,3,0,92899,23758,30966,3,100,67,0,0,100,100,0,0,0,0,
54221,,Pierre Vandermaesen,pierre-vandermaesen,30,2,2,1,92897,46449,46449,0,100,33,33,0,33,33,33,0,0,0,
53349,,Rabbit Games,rabbit-games,30,2,2,0,92885,46443,46443,2,0,0,0,0,100,0,0,0,0,0,
1637988,,百歌CentChansons,centchansons,30,1,1,0,92849,92849,92849,1,100,0,0,0,100,0,100,0,0,0,
28828,,Shifting Tides,shifting-tides,30,1,1,0,92839,92839,92839,0,100,0,0,100,0,0,0,0,0,0,United Kingdom
1640620,,Humble Reeds,humble-reeds,30,1,1,0,92776,92776,92776,0,0,0,100,0,100,0,0,0,0,0,France
8198688,,zagawee,zagawee,30,1,1,1,92769,92769,92769,2,100,100,0,50,0,0,0,0,0,0,
19686,,NAISU,naisu,30,12,12,3,92739,4231,7728,15,100,47,80,7,33,7,27,0,0,13,
2570249,,at0m,at0m,30,2,2,0,92733,46367,46367,2,0,0,50,50,0,0,0,0,0,0,
40082,,ambai,ambai,30,1,1,0,92657,92657,92657,1,100,0,100,0,0,0,0,0,0,0,
13435,,Crystalia Games,crystalia-games,30,3,3,0,92624,92624,30875,1,67,33,0,33,67,0,0,0,0,0,
43863,,bmrec,bmrec,30,1,1,0,92618,92618,92618,1,100,0,100,100,0,0,0,0,0,0,
43489,,Berg Games,berg-games,30,1,1,0,92513,92513,92513,0,0,0,0,0,100,0,0,0,0,0,
3899028,,MemoGaming,memogaming,30,1,1,0,92466,92466,92466,1,100,100,100,100,0,0,100,0,0,0,
16910,,Inmatrix LTD,inmatrix-ltd,30,1,1,0,92414,92414,92414,1,0,0,0,0,0,0,0,0,0,0,
12378,,Peter Whalen,peter-whalen,30,1,1,0,92402,92402,92402,1,0,0,0,0,0,0,100,0,0,0,
14889,,Accolade,accolade,30,7,7,0,92402,571,13200,0,0,29,0,14,57,14,0,0,14,71,United States
43425,,Gamedust,gamedust,30,5,5,0,92375,22194,18475,5,100,100,40,80,80,20,0,0,0,0,Poland
1638788,,Videlectrix,videlectrix,30,2,2,0,92367,46184,46184,2,100,0,0,100,0,0,0,0,0,0,United States
31601,,Uprising Studios,uprising-studios,30,1,1,1,92364,92364,92364,1,50,50,50,50,50,0,0,0,0,0,Spain
24918,,epic dreams,epic-dreams,30,1,1,0,92314,92314,92314,0,100,100,0,100,100,0,0,100,0,0,
15990,,Yunus Ayyildiz,yunus-ayyildiz,30,5,5,1,92267,20053,18453,6,100,0,83,0,33,0,0,0,0,0,
22188,,Asylum Square,asylum-square,30,2,2,0,92250,46125,46125,1,100,50,50,100,0,50,0,0,0,0,
7326639,,Hough Studio,hough-studio,30,3,3,2,92249,46125,30750,5,80,0,60,0,40,0,20,0,0,60,
5048,,Watercolor Games,watercolor-games,30,2,2,0,92235,46118,46118,2,100,50,50,100,50,0,0,0,0,0,
17288,,Ithiro Sumi,ithiro-sumi,30,2,2,0,92186,46093,46093,2,100,100,0,50,0,0,100,0,0,0,Brazil
51723,,Lucas Perdomo,lucas-perdomo,30,2,2,0,92186,46093,46093,0,100,100,0,50,0,0,100,0,0,0,
14171,,Synetic GmbH,synetic-gmbh,30,4,4,0,92182,18869,23046,0,50,100,0,50,50,0,0,0,100,25,
5480,,Graverobber Foundation,graverobber-foundation,30,10,10,1,92150,5883,9215,11,36,36,27,55,0,0,82,0,0,0,
21003,,Electrocosmos,electrocosmos,30,2,2,1,92147,46074,46074,1,100,33,33,67,0,33,33,0,0,0,
28161,,Driving Force Games,driving-force-games,30,1,1,0,92144,92144,92144,0,100,100,0,0,0,0,0,0,0,0,
53833,,WindField Games,windfield-games,30,2,2,4,92132,46066,46066,4,83,0,33,83,17,17,100,0,0,0,
26435,,Harmorise,harmorise,30,1,1,0,92107,92107,92107,0,100,0,0,100,0,0,100,0,0,0,
26028,,Pixel Night,pixel-night,30,1,1,0,92032,92032,92032,0,100,0,0,100,0,0,0,0,0,0,
26205,,Creazn Studio,creazn-studio,30,1,1,0,91984,91984,91984,0,100,100,0,100,0,0,0,0,0,0,Canada
2395,,SharF Co.,sharf-co,30,4,4,0,91968,1534,22992,4,100,50,75,25,50,0,0,0,50,0,
15448,,Firesprite Ltd,firesprite-ltd,30,1,1,0,91950,91950,91950,1,100,100,0,100,0,0,0,0,0,0,United Kingdom
9029024,,A Memory of Eternity,a-memory-of-eternity,30,3,3,2,91925,5724,30642,5,60,0,0,0,40,0,80,0,0,0,
243581,,hikarumiwa.,hikarumiwa,30,1,1,0,91908,91908,91908,1,0,0,0,0,0,100,0,0,0,0,
2984,,DID Games,did-games,30,2,2,0,91877,45939,45939,2,50,0,50,50,50,0,50,0,0,0,
4073765,,Frosty,frosty,30,2,2,1,91838,45919,45919,1,33,67,0,33,33,0,0,0,0,0,
6349,,Paper Cult,paper-cult,30,2,2,1,91819,45910,45910,3,100,100,0,0,0,0,0,0,0,0,Canada
21956,,Sekai Project,sekai-project,30,3,3,0,91819,27895,30606,3,0,0,33,67,0,0,0,0,0,0,United States
1515468,,feng,feng,30,3,3,2,91819,27895,30606,0,0,0,60,80,0,0,0,0,0,0,
16507,,BrainStrainStudios,brainstrainstudios,30,1,1,0,91789,91789,91789,1,100,100,0,100,100,0,0,0,100,0,
15651,,HA Studio Ltd.,ha-studio-ltd,30,6,6,0,91777,7369,15296,0,100,100,83,100,17,17,17,0,0,0,
6059687,,次元边界,-,30,1,1,2,91750,91750,91750,3,67,33,67,33,0,33,67,0,0,0,
27291,,Critique Gaming,critique-gaming,30,2,2,3,91723,45862,45862,4,60,0,20,80,60,60,80,0,0,0,Romania
2435294,,Vdani,vdani,30,15,15,0,91717,0,6114,15,100,7,27,13,0,0,40,0,20,0,
8037,,Atomicom,atomicom,30,1,1,1,91682,91682,91682,1,50,50,50,50,50,0,0,0,0,50,
14774,,LifeSpark Entertainment,lifespark-entertainment,30,1,1,0,91640,91640,91640,1,100,100,0,100,0,0,100,0,0,0,
6494,,Magicvalley Studio,magicvalley-studio,30,5,5,0,91618,2996,18324,5,100,100,100,100,100,20,80,0,100,80,
1003,,Orchid Games,orchid-games,30,2,2,0,91613,45807,45807,1,50,0,100,100,0,0,0,0,0,0,Poland
50796,,Walking Tree Games GmbH,walking-tree-games-gmbh,30,1,1,0,91605,91605,91605,0,100,0,0,0,100,100,0,0,0,0,
13261,,Ramjet Anvil,ramjet-anvil,30,1,1,0,91590,91590,91590,1,100,100,0,0,100,0,0,0,0,100,
38532,,Trippin Bears,trippin-bears,30,2,2,1,91516,91516,45758,3,33,100,0,67,0,0,33,33,0,0,
6947,,Andromeda Entertainment,andromeda-entertainment,30,1,1,0,91441,0,91441,1,100,0,0,0,100,0,0,0,0,0,
4724,,727 Not Hound,727-not-hound,30,12,12,1,91422,4956,7619,13,62,46,15,15,8,15,8,0,0,0,Japan
15726,,Ranmantaru Games,ranmantaru-games,30,2,2,1,91415,45708,45708,3,100,100,0,33,0,67,0,0,0,0,
22070,,Nine Tales Digital,nine-tales-digital,30,2,2,0,91394,45697,45697,2,100,0,0,0,0,100,0,0,0,0,
2861112,,Egg or Chicken Games,egg-or-chicken-games,30,1,1,1,91386,91386,91386,1,100,50,0,100,0,0,50,0,0,0,
25262,,Funsolve LTD,funsolve-ltd,30,1,1,0,91372,91372,91372,0,0,100,0,0,0,0,0,0,0,0,
43016,,Daniel Ritchie - PDHowler.com,daniel-ritchie-pdhowler-com,30,2,2,0,91354,45677,45677,0,0,0,0,0,0,0,0,0,0,0,
38179,,Binary Planets,binary-planets,30,1,1,0,91349,0,91349,0,0,0,0,0,0,100,0,0,0,0,
20450,,Zing Games Inc.,zing-games-inc,30,2,2,1,91345,91345,45673,1,100,100,0,67,0,67,0,0,0,0,
12866,,Horse Games,horse-games,30,5,5,1,91317,11236,18263,6,83,50,50,50,0,17,33,83,0,50,
2059,,SQRT3,sqrt3,30,17,17,4,91304,4604,5371,0,5,5,100,100,5,100,5,0,0,5,
50775,,Studio Klondike Australia,studio-klondike-australia,30,1,1,1,91290,91290,91290,0,100,0,0,100,0,50,0,0,0,0,
18545,,3DPet,3dpet,30,3,3,0,91277,21120,30426,3,100,0,100,0,0,0,0,0,0,0,
4429987,,SaraJS,sarajs,30,1,1,1,91263,91263,91263,2,100,50,0,50,0,0,0,0,0,0,
25038,,Linked Dimensions,linked-dimensions,30,3,3,0,91189,18247,30396,0,33,0,0,0,33,100,0,0,0,0,
1237,,DuCats Games Studio,ducats-games-studio,30,4,4,0,91103,11848,22776,4,100,25,25,75,0,0,25,0,0,0,
6084,,Mouse Hat Games,mouse-hat-games,30,1,1,0,91080,91080,91080,1,100,0,0,0,100,0,0,0,0,0,
38625,,ProYuga Advanced Technologies Ltd,proyuga-advanced-technologies-ltd,30,2,2,1,91074,91074,45537,3,33,0,33,0,100,33,0,0,0,100,
18632,,MojoTouch,mojotouch,30,6,6,0,91036,8835,15173,6,0,0,0,100,0,0,0,0,0,0,Israel
49454,,PTGames,ptgames,30,3,3,0,91014,15125,30338,3,100,0,100,0,67,0,0,0,0,0,United Kingdom
135973,,elyzio,elyzio,30,1,1,0,90995,90995,90995,1,100,100,0,100,0,0,0,0,0,0,United States
15241,,EvilCoGames,evilcogames,30,2,2,1,90978,45489,45489,3,100,67,100,67,67,0,33,0,0,33,
12516,,Red twice potato,red-twice-potato,30,8,8,0,90820,673,11353,8,100,25,38,75,0,13,0,0,0,0,
19376,,Gatling Goat Studios,gatling-goat-studios,30,2,2,0,90798,0,45399,1,100,100,50,50,0,0,0,0,0,0,Sweden
30153,,BEPLAYER,beplayer,30,1,1,1,90775,90775,90775,0,50,100,0,0,50,0,0,0,0,0,
1771431,,E-Jade,e-jade,30,1,1,0,90774,90774,90774,1,100,0,0,0,100,100,0,0,0,0,
51724,,Lucas Bressan,lucas-bressan,30,1,1,0,90737,90737,90737,0,100,100,0,0,0,0,100,0,0,0,
26387,,Thoughtshelter Games,thoughtshelter-games,30,1,1,0,90706,90706,90706,0,100,0,0,0,0,100,0,0,0,0,
8158,,Fun Infused Games,fun-infused-games,30,8,8,2,90700,2273,11338,10,100,90,70,10,20,0,0,0,20,10,
6626,,Gwyn Games,gwyn-games,30,5,5,1,90654,12797,18131,6,100,83,33,17,0,17,0,0,0,0,
9369,,Minicore Studios,minicore-studios,30,1,1,0,90650,90650,90650,1,100,100,0,100,0,0,0,0,0,0,
38464,,kamti,kamti,30,3,3,2,90635,26141,30212,5,80,0,20,40,0,0,20,0,0,0,
1338,,Genuine Studio,genuine-studio,30,2,2,1,90630,45315,45315,3,100,0,0,100,0,0,0,0,0,0,
50501,,Cyber Gaming,cyber-gaming,30,3,3,0,90622,0,30207,2,67,100,0,33,33,33,33,0,33,0,
26489,,Mikhail Maksimov,mikhail-maksimov,30,4,4,0,90506,45253,22627,0,100,25,100,25,50,0,25,0,0,0,
4993086,,筠悦游戏,-,30,1,1,0,90491,90491,90491,1,0,0,100,0,100,0,100,0,0,0,
1637436,,LIICA INC.,liica-inc,30,2,2,2,90488,45244,45244,3,100,25,25,0,75,0,0,0,0,0,Japan
3306313,,Meadow Studios,meadow-studios,30,1,1,0,90411,90411,90411,1,100,100,0,100,0,0,0,0,0,0,
49933,,Drop Rate Studio,drop-rate-studio,30,1,1,0,90190,90190,90190,0,100,0,0,0,0,100,100,0,0,0,France
18695,,Tower Up Studios,tower-up-studios,30,3,3,1,90144,6855,30048,4,100,100,25,25,0,0,0,0,0,0,
187399,,Rone Vine,rone-vine,30,2,2,0,90140,45070,45070,2,100,50,0,100,0,0,0,100,0,0,
35344,,Wild River Games GmbH ,wild-river-games-gmbh,30,3,3,0,90108,22212,30036,3,0,33,0,67,0,33,0,0,0,0,
4073821,,Ghost Hug Games,ghost-hug-games,30,1,1,0,90048,90048,90048,1,100,0,0,100,0,0,0,0,0,0,
26282,,Picola Inc.,picola-inc,30,3,3,0,90043,626,30014,2,0,33,33,67,0,33,0,0,0,0,
720012,,ooze,ooze,30,1,1,1,90030,90030,90030,1,100,0,50,50,50,50,50,0,0,0,
21508,,Storybird Studio,storybird-studio,30,3,3,0,89990,39486,29997,0,67,100,0,67,0,0,0,0,0,0,
504062,,Ember Trail,ember-trail,30,1,1,0,89927,89927,89927,0,100,0,100,100,0,0,0,0,0,0,
21598,,Dog Theory,dog-theory,30,1,1,0,89847,89847,89847,1,100,100,0,0,0,0,0,0,0,0,
40692,,Bonte Avond,bonte-avond,30,2,2,1,89834,44917,44917,1,100,0,100,100,0,0,33,0,0,0,
5172484,,playuntrusted.com,playuntrusted-com,30,1,1,1,89819,89819,89819,2,100,0,0,0,0,50,100,0,0,0,
35517,,Gniller,gniller,30,2,2,0,89808,89808,44904,2,100,0,50,0,0,0,50,0,0,0,
3469,,KUKRGAME,kukrgame,30,1,1,0,89776,0,89776,1,100,100,0,100,100,0,100,0,100,100,
1676,,Spider Key Games,spider-key-games,30,1,1,0,89771,89771,89771,0,100,0,100,100,0,0,0,0,0,0,
20661,,Alterego Games,alterego-games,30,4,4,0,89741,15891,22435,1,75,50,50,100,0,0,0,0,0,0,
12164,,Idea Cabin,idea-cabin,30,6,6,0,89733,19195,14956,6,100,50,83,50,0,17,0,0,0,0,
1692804,,Goodwin Games,goodwin-games,30,1,1,1,89706,89706,89706,1,100,100,0,50,0,0,50,0,0,0,
87683,,Yanako RPGs,yanako-rpgs,30,3,3,0,89666,9612,29889,3,67,0,100,67,0,67,100,0,0,0,
107883,,Atomic Games,atomic-games,30,28,28,6,89569,2376,3199,29,85,9,85,82,82,24,0,0,3,74,United States
24099,,Space Monkey International,space-monkey-international,30,5,5,0,89559,17025,17912,0,0,0,100,100,0,0,0,0,0,0,United Kingdom
38293,,1001 Studio,1001-studio,30,1,1,0,89548,89548,89548,1,100,0,0,100,0,0,0,0,0,0,
28529,,Schulenburg Software,schulenburg-software,30,1,1,0,89546,89546,89546,0,100,0,100,100,0,0,0,0,0,0,
1638310,,Rotten Raccoons,rotten-raccoons,30,1,1,0,89530,89530,89530,1,100,0,0,0,100,0,0,0,0,0,Sweden
35257,,Loomiarts,loomiarts,30,2,2,0,89504,89504,44752,0,100,100,0,100,0,0,0,0,100,0,
35258,,Fehorama Filmes,fehorama-filmes,30,2,2,0,89504,89504,44752,0,100,100,0,100,0,0,0,0,100,0,
33020,,NIKSTE,nikste,30,1,1,2,89449,0,89449,3,100,0,0,0,100,33,0,33,100,0,
1634731,,Chaos Theory Games,chaos-theory-games,30,1,1,0,89445,89445,89445,0,100,0,0,100,100,100,0,0,0,0,Australia
5402,,Aquatic Moon Games,aquatic-moon-games,30,1,1,0,89423,89423,89423,0,100,100,0,100,0,0,100,0,0,0,
38451,,"Banana Bird Studios, LLC",banana-bird-studios-llc,30,1,1,0,89350,89350,89350,0,100,0,100,100,0,0,0,0,0,0,
14020,,Gaweb Studio,gaweb-studio,30,3,3,0,89309,1620,29770,2,67,33,67,33,33,0,33,0,0,0,
17511,,Meridian'93,meridian-93,30,5,5,1,89272,19173,17854,2,17,0,100,67,0,33,17,0,0,0,Ukraine
3305977,,GrassField Ent.,grassfield-ent,30,5,5,0,89270,0,17854,5,100,0,100,20,0,0,0,0,20,0,
1571,,Queen Bee Games,queen-bee-games,30,2,2,0,89253,44627,44627,0,100,100,0,50,0,50,50,0,0,0,Canada
1634567,,Wooden Alien,wooden-alien,30,1,1,0,89250,89250,89250,0,0,0,0,100,100,100,100,0,0,0,Poland
1638196,,JOX Studio,jox-studio,30,2,2,0,89196,44598,44598,2,100,0,0,100,0,0,0,0,0,0,
187991,,Luis G. Bento,luis-g-bento,30,2,2,0,89185,44593,44593,2,50,50,0,100,0,0,50,0,0,0,
11530,,ThankCreate Studio,thankcreate-studio,30,1,1,0,89131,89131,89131,1,100,0,0,100,0,0,0,0,0,0,
3192,,Ithaqua Labs,ithaqua-labs,30,6,6,0,89107,16494,14851,6,83,17,50,100,17,0,0,0,0,0,
1556,,emergeWorlds,emergeworlds,30,2,2,0,89093,44547,44547,2,100,100,100,50,0,0,0,0,0,50,Australia
44992,,wuwukai studio,wuwukai-studio,30,2,2,0,89086,0,44543,2,0,0,100,0,0,100,0,0,0,0,
30,,Aksys Games,aksys-games,30,1,1,0,89081,89081,89081,1,0,0,0,100,0,0,0,0,0,0,United States
30340,,TOYBOX lnc.,toybox-lnc,30,1,1,0,89081,89081,89081,0,0,0,0,100,0,0,0,0,0,0,
5643,,Double Dice Games,double-dice-games,30,3,3,0,89080,44540,29693,2,67,33,33,33,0,0,33,0,0,0,
26461,,FaceIT,faceit,30,1,1,0,89036,89036,89036,0,100,100,100,100,0,0,0,0,100,0,Ukraine
9849,,Aéronie,a-ronie,30,1,1,0,89008,0,89008,1,100,100,0,100,0,0,0,0,0,0,
22268,,Dreadlocks Mobile,dreadlocks-mobile,30,2,2,0,89003,34027,44502,2,100,0,50,100,0,0,0,0,0,0,
23474,,Silicon Jelly,silicon-jelly,30,2,2,0,89003,34027,44502,2,100,0,50,100,0,0,0,0,0,0,
603,,Critical Forge,critical-forge,30,1,1,0,88994,88994,88994,1,100,0,0,100,0,100,100,0,0,0,
2992,,Burrito Studio,burrito-studio,30,1,1,0,88941,88941,88941,1,100,0,0,0,0,100,100,0,0,0,
33334,,NipoBox,nipobox,30,7,7,0,88937,3813,12705,0,71,71,43,57,43,0,0,0,0,0,
4135,,Intelligent Systems,intelligent-systems,30,1,1,0,88923,88923,88923,1,100,100,0,0,0,0,0,0,0,0,Japan
29036,,Ansimuz Games,ansimuz-games,30,1,1,0,88862,88862,88862,0,100,100,0,100,0,0,100,0,0,0,
10848,,inVantage Technologies,invantage-technologies,30,1,1,0,88838,88838,88838,1,100,0,0,0,100,100,0,0,0,0,
2427612,,Matej 'Retro' Jan,matej-retro-jan,30,2,2,0,88828,44414,44414,0,50,0,0,0,50,50,50,0,0,0,
3444797,,Robo Cat,robo-cat,30,2,2,0,88774,88774,44387,0,100,0,0,100,0,100,0,0,0,0,
38117,,Jan Jileček,jan-jile-ek,30,2,2,0,88773,44387,44387,2,100,50,0,100,50,0,0,0,0,0,
38987,,SwordRP5,swordrp5,30,2,2,0,88764,44382,44382,1,100,0,50,0,0,0,100,0,0,0,
2164808,,Game Frontier,game-frontier,30,1,1,0,88746,88746,88746,1,0,100,0,100,0,0,100,100,0,0,China
941532,,Hack Dack Soft,hack-dack-soft,30,1,1,0,88743,88743,88743,0,100,0,0,0,0,0,100,0,0,0,
1395045,,Gamesforfarm,gamesforfarm,30,21,21,2,88732,2280,4225,23,74,39,74,61,61,30,17,4,9,61,
1638550,,made in fairyland,made-in-fairyland,30,1,1,2,88732,88732,88732,3,67,100,0,67,0,0,67,0,0,0,United States
6972,,Professional Villains,professional-villains,30,5,5,1,88730,14000,17746,6,100,67,50,100,33,0,0,0,0,0,
29058,,Cabygon,cabygon,30,1,1,0,88729,88729,88729,0,100,100,100,0,0,0,0,0,0,0,
27052,,Pixadome,pixadome,30,2,2,1,88722,44361,44361,0,67,33,0,33,0,33,0,0,0,0,
25532,,John Carline,john-carline,30,2,2,0,88719,44360,44360,0,50,0,0,0,100,0,0,0,0,0,
4746,,Samer Khatib (Snowconesolid Productions),samer-khatib-snowconesolid-productions,30,3,3,0,88652,44326,29551,3,100,100,33,100,33,0,0,0,0,0,
147993,,White Birds,white-birds,30,1,1,0,88632,88632,88632,0,100,0,0,100,0,0,0,0,0,0,
8898,,Aegon Games,aegon-games,30,2,2,0,88570,44285,44285,2,100,0,0,100,0,0,0,0,0,0,
6636075,,Evil Goose Games,evil-goose-games,30,2,2,0,88562,88562,44281,1,50,0,100,0,100,100,0,0,0,0,
13595,,FreeAnimals_Software,freeanimals-software,30,27,27,0,88554,2909,3280,2,85,96,74,96,0,0,0,0,0,0,
4669,,Lock 'n Load Publishing,lock-n-load-publishing,30,4,4,1,88524,12166,22131,5,100,20,0,0,100,100,0,0,0,0,
15773,,RaveyLarge,raveylarge,30,1,1,0,88523,0,88523,1,100,100,0,100,0,0,100,0,0,0,
24518,,GameORE,gameore,30,1,1,0,88474,88474,88474,0,100,0,0,0,0,0,0,0,0,0,
26678,,QZQ Studio,qzq-studio,30,35,35,3,88463,760,2528,26,95,11,8,66,13,3,21,0,0,0,
20112,,Dreamlight Games Studios SL,dreamlight-games-studios-sl,30,3,3,2,88461,5075,29487,5,100,80,0,100,0,0,0,0,0,0,
26167,,Big Moustache Games,big-moustache-games,30,2,2,0,88460,0,44230,0,0,0,0,0,100,100,0,0,0,0,Bulgaria
33530,,tiny cactus studio,tiny-cactus-studio,30,4,4,2,88452,11525,22113,2,83,83,17,17,17,17,0,0,0,17,Japan
27047,,Antuan Johnson,antuan-johnson,30,1,1,0,88399,88399,88399,0,100,0,0,0,100,100,0,0,0,0,
939677,,Highball Games,highball-games,30,2,2,0,88382,44191,44191,0,0,50,50,50,0,0,0,0,0,0,
1638243,,Studio Cut to Bits,studio-cut-to-bits,30,1,1,0,88357,88357,88357,0,100,100,0,100,0,0,100,0,0,0,
24258,,Cryo Interactive,cryo-interactive,30,8,8,0,88347,9863,11043,0,0,38,13,50,0,13,0,0,38,0,France
18538,,L&amp;L Technology,l-amp-l-technology,30,1,1,0,88328,88328,88328,0,100,100,0,0,100,0,0,0,0,100,
30714,,Yang.L,yang-l,30,1,1,0,88328,88328,88328,0,100,100,0,0,100,0,0,0,0,100,
1060,,Crania Games,crania-games,30,3,3,0,88326,12038,29442,3,100,67,0,100,0,0,0,0,0,0,
47505,,NUU,nuu,30,1,1,0,88293,88293,88293,1,0,100,0,0,0,0,0,0,0,0,Japan
19054,,Vector Games,vector-games,30,1,1,0,88289,88289,88289,1,100,100,0,0,0,0,0,0,0,0,
6308,,EP Games®,ep-games,30,2,2,1,88278,44139,44139,3,33,100,33,67,67,0,0,0,0,0,
33010,,Rival Games,rival-games,30,1,1,0,88190,88190,88190,0,100,100,0,100,0,0,0,0,0,0,Finland
19523,,La Poule Noire,la-poule-noire,30,2,2,0,88178,44089,44089,1,100,0,0,100,0,0,0,0,0,0,
4132,,BrainDistrict,braindistrict,30,1,1,0,88176,0,88176,1,0,0,0,0,0,0,0,0,0,0,
40319,,Cartoon game,cartoon-game,30,8,8,0,88122,0,11015,8,100,0,100,0,0,63,0,0,0,0,
33450,,Marco Sadowski,marco-sadowski,30,1,1,1,88072,88072,88072,0,100,100,0,0,0,0,0,0,0,0,
105137,,camefrom.space,camefrom-space,30,1,1,0,88072,88072,88072,1,100,100,0,0,0,0,0,0,0,0,
19438,,Chronic Logic,chronic-logic,30,2,2,0,88071,44036,44036,1,50,0,0,0,50,50,0,0,0,0,United States
45764,,地霊研究院,-,30,2,2,1,88045,88045,44023,3,67,33,67,67,0,33,67,0,0,0,China
29147,,Seenapsis Studio,seenapsis-studio,30,1,1,0,87968,87968,87968,0,100,0,0,0,0,100,100,0,0,0,
4502,,Crazysoft Limited,crazysoft-limited,30,8,8,0,87939,1152,10992,8,100,75,63,38,0,50,0,13,0,13,
3571,,Boat Anchor Games,boat-anchor-games,30,1,1,0,87919,87919,87919,1,100,0,0,0,100,0,100,0,0,100,
20388,,Rogue Moon Studios,rogue-moon-studios,30,1,1,0,87906,87906,87906,1,100,0,0,0,0,100,0,0,0,0,
29162,,Starcolt,starcolt,30,1,1,0,87902,87902,87902,0,100,0,0,0,100,100,0,0,0,0,
5520508,,Oriol Cosp Games,oriol-cosp-games,30,1,1,1,87902,87902,87902,2,50,0,0,0,0,100,0,0,0,0,Spain
30711,,Mathieu Leyssenne,mathieu-leyssenne,30,1,1,0,87894,87894,87894,0,100,0,100,0,0,100,100,0,0,0,
31261,,Yoann Laulan,yoann-laulan,30,1,1,0,87894,87894,87894,0,100,0,100,0,0,100,100,0,0,0,
26746,,Noviy Disk,noviy-disk,30,1,1,0,87893,87893,87893,0,0,0,0,0,0,100,0,0,0,0,Russia
28633,,Lesta Studios Inc,lesta-studios-inc,30,1,1,0,87893,87893,87893,0,0,0,0,0,0,100,0,0,0,0,
4678,,Digitalfossils Ltd,digitalfossils-ltd,30,1,1,0,87887,87887,87887,1,0,0,0,0,0,0,0,0,0,0,
21369,,Keybol,keybol,30,3,3,0,87873,31928,29291,1,100,67,33,67,0,0,0,0,0,0,
19549,,Strange Journey,strange-journey,30,1,1,0,87869,87869,87869,1,100,100,0,0,100,100,0,0,0,100,
439,,Finifugal Games,finifugal-games,30,1,1,0,87865,87865,87865,1,0,0,0,0,100,100,0,0,0,0,
13881,,FallenMaster,fallenmaster,30,1,1,0,87852,87852,87852,1,0,100,0,0,0,100,0,0,0,0,
26180,,Chris Sawyer,chris-sawyer,30,1,1,0,87768,87768,87768,0,0,0,0,0,100,100,0,0,0,0,
26664,,Original Power,original-power,30,1,1,0,87737,0,87737,1,100,0,100,0,0,0,100,0,0,0,
15343,,The End of the Sun Team,the-end-of-the-sun-team,30,1,1,0,87690,87690,87690,1,100,0,100,100,0,0,0,0,0,0,
25278,,TechnoBrake,technobrake,30,2,2,0,87688,43844,43844,0,100,0,0,100,0,0,100,0,0,0,
45671,,Monuments Games,monuments-games,30,2,2,2,87687,87687,43844,1,100,50,50,25,100,0,0,0,0,0,
45486,,HardEdge Games,hardedge-games,30,1,1,0,87642,87642,87642,1,100,100,0,0,0,0,0,100,0,0,
4599347,,Save Giant Girl,save-giant-girl,30,3,3,0,87592,30477,29197,3,100,67,100,100,100,100,100,0,100,100,
16643,,Koya Game,koya-game,30,2,2,0,87493,43747,43747,2,100,50,0,50,0,50,50,0,0,0,
4683,,Dangerous Derk Interactive,dangerous-derk-interactive,30,4,4,3,87455,7344,21864,7,71,0,14,0,29,0,0,0,71,100,United Kingdom
14308,,Minddesk Software GmbH,minddesk-software-gmbh,30,1,1,0,87433,87433,87433,1,0,0,0,0,0,0,0,0,0,0,
7565,,Elven Workshop,elven-workshop,30,1,1,1,87426,87426,87426,1,100,0,50,100,0,0,100,0,0,0,
18510,,Deimos Games,deimos-games,30,2,2,0,87378,0,43689,2,50,50,0,0,100,50,0,0,0,0,
103923,,Richard East,richard-east,30,1,1,0,87297,87297,87297,0,100,100,0,0,0,100,0,0,0,0,
9871,,Gemini Stars Games,gemini-stars-games,30,9,9,1,87263,5920,9696,3,20,0,20,0,10,70,70,0,0,0,
1633953,,Traviteam Games,traviteam-games,30,2,2,2,87252,43626,43626,4,100,75,50,50,0,50,0,0,0,0,
504562,,Three Bees,three-bees,30,1,1,1,87200,87200,87200,2,50,0,50,100,0,0,0,0,0,0,United States
26871,,selenophobia,selenophobia,30,3,3,0,87191,19550,29064,0,67,0,33,67,0,0,67,0,0,0,
14582,,_Echelon Software,echelon-software,30,1,1,0,87147,87147,87147,1,0,0,0,0,0,100,0,0,0,0,
16677,,Laboratory Systems,laboratory-systems,30,1,1,0,87107,87107,87107,1,100,0,0,0,0,100,0,0,0,0,
3894390,,Emerald City Games,emerald-city-games,30,1,1,1,87048,87048,87048,1,0,100,0,100,0,0,50,0,0,0,
9969,,ICA GAMES,ica-games,30,1,1,0,87012,87012,87012,1,100,100,0,100,0,0,0,0,0,0,
20509,,BioWare Corporation,bioware-corporation,10,1,1,0,87004,87004,87004,0,0,100,0,0,0,0,0,0,0,0,
940104,,Jaklub,jaklub,30,1,1,0,86943,86943,86943,1,100,100,0,0,0,0,0,0,0,0,
7005,,Cyber Eye,cyber-eye,30,3,3,0,86941,9981,28980,1,100,0,100,33,67,67,0,33,0,0,
32194,,The Poundry,the-poundry,30,6,6,0,86923,10590,14487,0,67,0,83,50,17,0,0,0,0,0,
22424,,"Bat Country Games, LLC",bat-country-games-llc,30,2,2,0,86910,43455,43455,2,100,50,50,50,0,50,0,0,0,0,
43976,,Phobia Interactive,phobia-interactive,30,1,1,1,86910,86910,86910,2,50,50,0,50,0,0,0,0,0,0,
17086,,Supreme Clans Entertainment,supreme-clans-entertainment,30,1,1,0,86884,86884,86884,1,100,0,0,100,0,0,100,0,0,0,
4543066,,Sphere Studios,sphere-studios,30,1,1,1,86867,86867,86867,1,100,0,0,0,0,100,100,0,0,0,
50213,,SleepTeam,sleepteam,30,2,2,0,86866,8343,43433,2,100,50,100,100,0,0,0,0,0,0,
157,,Ninja Whale Studios,ninja-whale-studios,30,5,5,0,86804,4328,17361,5,40,100,20,0,60,20,0,0,40,80,
27709,,Bacronym,bacronym,30,1,1,0,86776,86776,86776,0,100,0,0,0,100,0,0,0,0,0,
10905,,Systemic Games,systemic-games,30,1,1,0,86740,86740,86740,1,100,0,100,0,100,100,0,0,0,0,
13103,,Triple Topping,triple-topping,30,2,2,1,86734,43367,43367,0,100,33,33,67,0,0,0,0,0,0,Denmark
27775,,Photon Arena,photon-arena,30,1,1,0,86723,86723,86723,0,100,0,0,0,100,100,100,0,0,0,
4064864,,kuetaro (くえたろう),kuetaro,30,1,1,0,86654,86654,86654,1,100,0,0,0,0,0,100,0,0,0,
36667,,MOTIONX STUDIO,motionx-studio,30,1,1,0,86535,86535,86535,1,0,100,100,0,100,0,0,0,100,100,
32043,,Relative Games,relative-games,30,1,1,0,86533,86533,86533,0,0,100,0,100,0,0,0,0,0,0,
1634314,,osur,osur,30,1,1,0,86520,86520,86520,0,0,100,0,100,0,0,100,0,0,0,
11337,,Dragon's Games,dragon-s-games,30,2,2,0,86482,43241,43241,2,100,50,0,50,0,50,100,0,0,0,
50370,,Escu:de,escu-de,30,4,4,0,86442,10576,21611,0,25,0,25,75,0,0,75,0,0,0,Japan
12456,,Terminist Arcade,terminist-arcade,30,2,2,1,86438,43219,43219,1,100,100,0,67,0,0,0,0,0,0,United States
20183,,Yellow Dot,yellow-dot,30,3,3,0,86433,14394,28811,3,100,33,100,33,0,0,0,0,0,0,
25801,,Ben Aprigliano,ben-aprigliano,30,3,3,0,86427,23209,28809,0,100,67,100,100,0,0,0,0,0,0,
31739,,V.P. TEAM,v-p-team,30,4,4,0,86390,21904,21598,1,100,0,100,100,50,0,100,0,0,0,
49901,,YUKIUSAGI Games,yukiusagi-games,30,1,1,0,86358,86358,86358,1,100,100,0,0,0,0,100,0,0,0,
23734,,Calvares,calvares,30,2,2,0,86325,0,43163,0,100,50,0,0,0,0,0,0,0,0,
39661,,gamigo Publishing GmbH,gamigo-publishing-gmbh,30,1,1,0,86317,0,86317,1,0,0,0,0,0,100,0,0,0,0,
46899,,Loolust,loolust,30,24,24,3,86281,2459,3595,27,100,0,96,7,11,0,7,0,0,0,
20633,,ScopeNext Inc,scopenext-inc,30,1,1,0,86275,86275,86275,1,100,0,0,0,0,100,100,0,0,0,
184216,,"FREE STYLE, Inc.",free-style-inc,30,1,1,0,86274,86274,86274,0,0,100,100,0,0,0,0,0,0,100,
11128,,ElagoTech,elagotech,30,1,1,0,86265,86265,86265,1,100,100,0,0,0,0,0,0,0,0,
188243,,锁眼工作室,-,30,1,1,1,86143,86143,86143,1,100,0,50,50,50,100,0,0,0,0,
35234,,FairPlay Studios Co. Ltd,fairplay-studios-co-ltd,30,2,2,2,86142,43071,43071,2,75,75,25,25,25,25,0,0,0,0,
4543048,,Wabisabi Games,wabisabi-games,30,1,1,0,86131,86131,86131,0,100,100,0,100,0,0,0,0,0,0,Mexico
4064584,,RetroStyle Games,retrostyle-games,30,1,1,0,86090,86090,86090,1,100,100,0,100,100,0,0,0,0,0,Ukraine
2137,,Tatamibeya 畳部屋,tatamibeya,30,2,2,1,86067,43034,43034,3,100,0,0,67,0,33,33,0,0,0,
25633,,PaperSeven LTD,paperseven-ltd,30,1,1,0,86054,86054,86054,0,100,0,0,100,0,0,0,0,0,0,
6285,,MeDungeon Ltd.,medungeon-ltd,30,1,1,0,86050,86050,86050,1,100,0,100,100,0,0,100,0,0,0,
11126,,Nikita Markin,nikita-markin,30,2,2,0,86039,43020,43020,2,100,50,0,0,100,0,0,0,0,0,
5418,,Spicy Horse,spicy-horse,30,1,1,0,86031,0,86031,1,100,100,0,0,0,0,100,0,0,0,
5744,,Let it roll AB,let-it-roll-ab,30,1,1,0,85991,85991,85991,1,100,100,0,0,100,0,0,0,100,100,
38578,,Astral Pixel,astral-pixel,30,1,1,0,85991,85991,85991,0,100,100,0,100,0,0,0,0,0,0,Spain
24879,,DarkLord,darklord,30,3,3,0,85941,2212,28647,0,67,67,0,67,0,0,33,0,0,0,China
44964,,Dan Hathaway,dan-hathaway,30,1,1,0,85919,85919,85919,0,100,100,0,100,0,0,0,0,0,0,
26291,,David Kanaga,david-kanaga,30,1,1,0,85918,85918,85918,0,100,0,0,0,0,0,0,0,0,0,
32367,,Fernando Ramallo,fernando-ramallo,30,2,2,0,85918,85918,42959,0,100,0,50,0,0,0,0,0,0,0,
46502,,Kazuhide Oka,kazuhide-oka,30,5,5,1,85915,27855,17183,2,67,0,17,100,0,0,0,0,0,0,
20618,,Pavel Jamal,pavel-jamal,30,1,1,0,85911,85911,85911,1,100,0,0,0,0,0,0,0,0,100,
14876,,GameCask,gamecask,30,1,1,0,85893,85893,85893,1,0,0,0,0,100,0,0,0,0,0,
14934,,takk,takk,30,1,1,0,85876,85876,85876,1,0,0,100,0,0,0,0,0,0,0,
30922,,9TH.ART,9th-art,30,1,1,0,85808,0,85808,0,100,100,100,100,0,0,0,0,0,0,
48530,,Bit Rot,bit-rot,30,1,1,0,85806,85806,85806,0,100,100,100,100,0,0,0,0,0,0,
52063,,John Pywell,john-pywell,30,1,1,0,85782,85782,85782,1,100,100,0,100,0,0,100,0,0,0,
10243,,Moon Lens,moon-lens,30,1,1,0,85761,85761,85761,1,100,100,0,100,0,0,0,0,0,0,
185241,,ArrowSoftGames,arrowsoftgames,30,1,1,0,85761,85761,85761,1,0,0,0,0,0,0,100,0,0,0,
52907,,Max Loh,max-loh,30,3,3,0,85723,4679,28574,3,100,33,0,33,33,0,67,0,0,0,
26854,,"Big Splash Games, LLC",big-splash-games-llc,30,1,1,0,85674,85674,85674,0,0,0,0,0,100,0,0,0,0,0,
43491,,Miwu Studio,miwu-studio,30,2,2,0,85636,864,42818,1,100,0,0,100,0,0,100,0,0,0,
177562,,ShellSnore Games,shellsnore-games,30,1,1,0,85601,85601,85601,1,100,100,0,0,0,0,0,0,0,0,
5374268,,MEK Games,mek-games,30,1,1,0,85591,85591,85591,1,100,0,0,100,0,0,100,0,0,0,
18134,,Anate Studio,anate-studio,30,5,5,0,85556,23797,17111,5,100,0,0,100,0,0,0,0,0,0,Ukraine
24798,,SharkGame,sharkgame,30,8,8,0,85527,13123,10691,0,100,75,50,38,0,0,0,0,0,0,
1636637,,Yin Games,yin-games,30,2,2,0,85504,42752,42752,2,100,100,100,50,0,0,0,0,100,0,
6000,,Adam DeLease,adam-delease,30,6,6,0,85501,7560,14250,6,83,50,17,83,17,0,0,0,0,0,
8324,,BekkerDev Studio,bekkerdev-studio,30,9,9,0,85483,6077,9498,8,100,89,44,100,33,0,44,0,0,0,
26562,,Overhaul Games,overhaul-games,30,1,1,0,85441,85441,85441,0,0,100,0,0,0,0,0,0,0,0,
1247,,Candescent Games,candescent-games,30,2,2,0,85439,42720,42720,1,100,50,0,0,50,0,0,0,0,0,
32418,,Microprose,microprose,30,16,16,1,85432,1364,5340,0,0,24,0,18,76,41,12,0,0,6,United States
31112,,Bookmark Games,bookmark-games,30,3,3,0,85430,23538,28477,2,0,0,0,0,0,100,0,0,0,0,
33817,,Lasse Zacho Malver,lasse-zacho-malver,30,4,4,2,85399,6354,21350,6,50,33,17,0,17,50,17,0,0,0,
16101,,Anticto,anticto,30,1,1,0,85390,85390,85390,1,100,0,0,100,0,0,0,0,0,0,
24978,,Right Nice Games,right-nice-games,30,1,1,1,85387,0,85387,1,100,50,100,50,0,50,0,0,0,0,Sweden
54410,,Digitality Games,digitality-games,30,2,2,3,85366,42683,42683,3,100,80,40,20,40,60,80,0,0,0,
32285,,Corncrow Games,corncrow-games,30,1,1,0,85345,85345,85345,0,100,100,0,0,0,100,0,0,0,0,Sweden
26304,,Sierra On-Line,sierra-on-line,30,3,3,0,85341,31922,28447,0,0,0,0,100,0,0,0,0,0,0,United States
40030,,Algo.Rocks,algo-rocks,30,3,3,1,85259,5276,28420,3,50,25,75,25,50,75,0,0,0,0,
2862097,,SOGA Std,soga-std,30,3,3,2,85172,13252,28391,5,100,40,60,80,60,0,0,0,0,0,
3636,,Indigo Entertainment,indigo-entertainment,30,1,1,0,85168,85168,85168,1,100,100,0,0,0,0,0,0,0,0,
8686,,polynation games ltd,polynation-games-ltd,30,1,1,0,85158,85158,85158,1,100,0,0,0,0,100,0,0,0,0,
7149,,Kirillkrm,kirillkrm,30,1,1,1,85125,85125,85125,1,100,0,0,100,0,0,100,0,0,0,
5323,,Sergey Bobrov,sergey-bobrov,30,6,6,0,85117,12080,14186,6,100,50,0,50,0,17,17,0,0,0,
22248,,Fibrum Limited,fibrum-limited,30,3,3,0,85084,42542,28361,3,67,33,67,0,0,0,0,33,0,33,
11605,,9 Eyes Game Studio,9-eyes-game-studio,30,5,5,0,85062,9487,17012,5,100,20,60,40,0,0,0,0,0,0,
2572718,,Trunka,trunka,30,1,1,0,85050,85050,85050,0,100,100,100,100,0,0,100,0,0,0,
1771166,,TurtleFox Games,turtlefox-games,30,1,1,0,85044,85044,85044,1,100,100,0,0,0,0,0,0,0,0,
1640339,,Hippo Rider Games,hippo-rider-games,30,1,1,2,85027,85027,85027,3,0,33,0,0,0,100,0,0,0,0,
18363,,EIRTeam,eirteam,30,1,1,0,84943,84943,84943,1,100,0,0,0,0,0,0,0,0,0,
28245,,Alexey Lavrov,alexey-lavrov,30,1,1,0,84903,84903,84903,0,100,100,0,0,100,0,0,0,0,0,
3483,,Mindfield Games,mindfield-games,30,1,1,0,84902,84902,84902,1,100,0,0,100,0,0,0,0,0,0,Finland
19442,,8 CIRCUIT STUDIOS,8-circuit-studios,30,1,1,0,84902,84902,84902,1,100,100,0,0,0,0,0,0,0,0,United States
42106,,Louie Inc,louie-inc,30,18,18,0,84883,3261,4716,18,100,11,94,33,6,0,0,0,17,0,
11394,,Ondrej Angelovic,ondrej-angelovic,30,2,2,2,84842,84842,42421,4,100,75,50,100,25,0,0,0,0,25,Slovakia
719385,,180°,180,30,2,2,0,84815,42408,42408,2,100,100,0,0,100,0,0,0,0,0,
616,,Section Studios,section-studios,30,3,3,0,84756,43770,28252,1,100,67,33,67,0,33,33,0,0,0,United States
5177,,Venugopalan Sreedharan,venugopalan-sreedharan,30,1,1,0,84748,84748,84748,1,100,100,100,100,100,0,0,0,0,0,
504855,,Nero Games,nero-games,30,1,1,0,84696,84696,84696,1,100,0,0,0,100,100,0,0,0,0,Portugal
8535,,Schmidt Workshops,schmidt-workshops,30,7,7,0,84682,7414,12097,7,100,57,29,43,43,14,43,0,0,0,United States
51533,,Acute Owl Studio,acute-owl-studio,30,1,1,1,84678,84678,84678,2,100,50,50,0,100,50,50,0,0,0,United States
2321248,,Hoolignomes,hoolignomes,30,2,2,0,84625,84625,42313,0,100,0,0,100,0,100,100,0,0,0,
20487,,Globiss Interactive,globiss-interactive,30,2,2,0,84569,42285,42285,1,100,100,50,50,0,50,0,0,0,0,
24922,,Domini Games,domini-games,30,35,35,0,84525,2127,2415,0,0,0,97,100,0,0,0,0,0,0,Cyprus
5492400,,Bober Bros,bober-bros,30,3,3,1,84510,30866,28170,4,100,100,75,75,25,0,0,0,0,0,
24605,,KBJGames,kbjgames,30,1,1,0,84494,84494,84494,1,100,100,0,100,0,0,0,0,0,0,
31990,,John Holmvall,john-holmvall,30,2,2,0,84492,42246,42246,0,0,0,0,0,100,0,0,0,0,0,
2735,,DyingCat,dyingcat,30,2,2,0,84489,42245,42245,1,100,0,50,0,100,50,0,0,0,0,
25939,,desunoya,desunoya,30,10,10,1,84475,6779,8448,3,82,64,27,18,0,18,18,0,0,0,Japan
1899727,,Bunny Eats Tiger,bunny-eats-tiger,30,1,1,0,84471,84471,84471,0,100,0,0,100,0,0,100,0,0,0,
77742,,Removed,removed,30,2,2,0,84419,0,42210,2,50,0,50,0,50,50,0,0,50,0,
8174,,Zero Research Institute,zero-research-institute,30,3,3,0,84417,0,28139,3,67,0,100,67,33,33,67,0,0,0,
40702,,AndyLaw,andylaw,30,6,6,0,84371,12220,14062,6,100,100,17,50,0,0,50,0,17,17,
3939783,,Spirit Games Studio,spirit-games-studio,30,4,4,3,84338,30159,21085,4,86,14,14,29,71,0,0,0,0,0,
6067707,,Xeirel,xeirel,30,1,1,0,84239,84239,84239,1,100,0,100,100,100,100,100,0,0,0,Turkey
553,,Exponential Games Inc.,exponential-games-inc,30,1,1,1,84226,84226,84226,2,50,50,0,50,100,0,0,0,0,0,
40482,,Kwing works,kwing-works,30,7,7,4,84218,5990,12031,11,91,9,73,73,91,27,100,0,0,0,
828690,,Windmill Slam,windmill-slam,30,1,1,0,84204,84204,84204,1,0,0,0,0,0,100,0,0,0,0,
185583,,Binary Tree Studio,binary-tree-studio,30,1,1,0,84159,84159,84159,0,0,0,0,100,0,100,100,0,0,0,
26321,,OfficialAndy,officialandy,30,4,4,1,84113,18401,21028,0,100,60,100,80,80,80,0,0,0,0,
41588,,Enodo Games,enodo-games,30,1,1,0,84089,84089,84089,0,100,0,100,0,0,0,0,0,0,0,
17633,,Nodbrim Interactive,nodbrim-interactive,30,4,4,0,84045,28837,21011,1,75,0,0,100,0,75,75,0,0,0,Sweden
290969,,Mindev Games,mindev-games,30,2,2,0,83974,83974,41987,2,100,0,100,50,50,0,50,0,50,50,
17886,,momoStorm Entertainment,momostorm-entertainment,30,3,3,1,83957,83957,27986,4,50,50,75,75,0,100,25,50,0,0,
16568,,SEEP,seep,30,21,21,1,83938,2159,3997,22,100,95,14,95,0,0,32,0,0,0,Italy
44115,,DeskClub Games,deskclub-games,30,2,2,0,83918,41959,41959,2,50,50,0,100,50,0,100,0,0,0,Japan
44808,,Outer Heaven,outer-heaven,30,2,2,0,83903,83903,41952,1,50,100,0,0,50,50,50,0,0,0,
53986,,Virtua Ride System,virtua-ride-system,30,1,1,0,83892,83892,83892,0,100,100,0,100,0,0,100,0,0,0,
4073991,,糯米团子工作室,-,30,1,1,0,83891,83891,83891,1,100,0,0,100,0,0,100,0,0,0,
19071,,Angry Cat Studios,angry-cat-studios,30,2,2,0,83876,41938,41938,1,100,50,50,50,0,50,50,0,0,0,
12221,,Valga Games Studio,valga-games-studio,30,1,1,0,83866,0,83866,1,100,100,0,100,100,0,100,100,0,0,
23805,,Bit Byterz,bit-byterz,30,1,1,0,83818,83818,83818,0,100,0,0,100,0,0,0,0,0,0,Iran
4006,,TheMiddleGray,themiddlegray,30,1,1,0,83814,83814,83814,1,100,0,100,0,100,100,0,0,0,0,
3179,,t&T Studios,t-t-studios,30,2,2,0,83741,41871,41871,1,100,0,50,100,0,0,0,0,0,0,
17735,,Idea Factory International,idea-factory-international,20,1,1,0,83699,83699,83699,1,0,100,0,0,0,0,0,0,0,0,
26093,,Qoobrand,qoobrand,30,1,1,0,83697,83697,83697,0,0,0,100,0,0,0,0,0,0,0,Japan
761,,Fluxscopic Ltd.,fluxscopic-ltd,30,3,3,0,83653,83653,27884,0,100,100,0,100,0,0,0,0,0,0,
8603033,,Loys,loys,30,3,3,0,83652,21590,27884,2,100,0,0,100,0,0,0,0,0,0,
15206,,Impossible,impossible,30,1,1,0,83648,83648,83648,1,100,0,100,100,0,0,100,0,0,0,
15315,,Samobee Games,samobee-games,30,3,3,0,83642,41821,27881,2,100,33,100,0,33,33,33,0,0,0,
14209,,Hello John,hello-john,30,1,1,0,83628,83628,83628,1,100,100,0,100,0,0,100,0,0,0,
13028,,Radio Silence Entertainment ,radio-silence-entertainment,30,1,1,0,83552,83552,83552,1,100,100,100,0,100,100,100,100,0,0,
152207,,TxK Gaming Studios,txk-gaming-studios,30,2,2,0,83538,83538,41769,2,100,0,0,100,0,100,100,0,0,0,
24275,,Yumenamakon,yumenamakon,30,2,2,0,83503,41752,41752,0,100,0,0,100,0,0,100,0,0,0,
3884369,,Hardi,hardi,30,9,9,0,83497,9983,9277,9,89,11,89,44,0,0,22,0,33,0,
30142,,Hunter Games Australia,hunter-games-australia,30,1,1,0,83471,83471,83471,0,0,100,0,100,0,100,0,0,0,0,
32268,,Hunter Games Studio China,hunter-games-studio-china,30,1,1,0,83471,83471,83471,0,0,100,0,100,0,100,0,0,0,0,
17518,,Isokron,isokron,30,1,1,0,83466,0,83466,1,0,0,0,0,100,0,0,100,0,100,United Kingdom
22375,,Benjamin Rommel Games,benjamin-rommel-games,30,3,3,0,83459,9102,27820,3,100,67,100,100,67,67,33,0,0,0,
504831,,Perspektik,perspektik,30,4,4,1,83335,18551,20834,5,100,0,0,0,0,0,0,0,0,0,
9228,,Tiny Bull Studios,tiny-bull-studios,30,2,2,2,83315,41658,41658,2,100,25,25,100,0,0,25,0,0,0,Italy
48496,,轻梨工作室,-,30,1,1,0,83315,83315,83315,0,100,0,100,100,0,0,100,0,0,0,
3309,,The Secret Pie,the-secret-pie,30,3,3,0,83268,9305,27756,3,100,67,0,33,0,33,33,0,0,0,Poland
31722,,Joey Sipos,joey-sipos,30,2,2,0,83197,41599,41599,0,0,50,100,100,100,0,0,50,50,100,
6578,,Path Games,path-games,30,1,1,1,83116,83116,83116,2,100,0,0,100,50,0,0,0,0,0,Spain
16942,,Neotro Inc.,neotro-inc,30,2,2,1,83063,41532,41532,1,100,67,33,33,33,0,33,0,0,0,
24249,,Pixelnicks,pixelnicks,30,2,2,0,83015,41508,41508,0,100,100,0,100,0,0,50,0,0,0,
292072,,Buttergirl Studio,buttergirl-studio,30,3,3,0,83002,1510,27667,3,33,0,67,0,100,0,33,0,0,33,
33323,,Dawnblaze Entertainment,dawnblaze-entertainment,30,2,2,0,82999,41500,41500,1,50,0,50,50,50,100,100,0,0,0,
15190,,Lithic Entertainment Inc.,lithic-entertainment-inc,30,1,1,2,82967,82967,82967,3,100,33,33,33,0,33,0,0,33,0,Canada
4615,,OverPowered Team,overpowered-team,30,3,3,4,82947,41474,27649,1,71,43,29,43,57,43,14,0,0,0,Spain
48061,,妖妖灵制作组,-,30,1,1,0,82937,82937,82937,1,100,0,0,100,0,0,100,0,0,0,
137379,,燃心游戏工作室,-,30,1,1,0,82937,82937,82937,0,100,0,0,100,0,0,100,0,0,0,
45993,,Symphonic Games,symphonic-games,30,2,2,1,82924,41462,41462,3,67,0,0,0,67,33,0,0,0,0,Spain
39871,,MadRock,madrock,30,1,1,1,82906,82906,82906,2,100,50,0,100,0,0,100,0,0,0,
51137,,Maetdol Games,maetdol-games,30,1,1,0,82844,82844,82844,1,100,100,0,0,0,0,0,0,0,0,
3038,,like Charlie,like-charlie,30,2,2,0,82837,82837,41419,1,50,0,50,100,0,0,0,0,0,0,
24306,,Oleg Skutte,oleg-skutte,30,4,4,1,82831,32606,20708,3,100,60,40,40,60,0,0,0,0,40,
2438,,REMIMORY,remimory,30,6,6,0,82816,17111,13803,5,83,83,50,0,0,17,17,0,0,0,
292171,,Tanglefoot Games,tanglefoot-games,30,2,2,0,82816,82816,41408,0,0,0,0,0,100,0,0,0,0,0,
10250,,NOHAM Games,noham-games,30,5,5,0,82805,19048,16561,5,20,40,20,0,40,0,0,0,0,0,
2431976,,XSSPACE,xsspace,30,1,1,0,82793,82793,82793,1,100,0,0,0,0,0,100,0,0,0,
48993,,Hot Chili Games,hot-chili-games,30,1,1,0,82757,82757,82757,0,100,100,0,100,0,0,0,0,0,0,France
1710750,,Simmersiv,simmersiv,30,1,1,0,82755,82755,82755,0,100,0,100,0,100,0,0,0,100,0,
53972,,Whitethorn Games,whitethorn-games,30,1,1,1,82711,82711,82711,2,50,0,50,0,50,50,50,0,0,0,
52937,,SecretGame,secretgame,30,2,2,0,82707,41354,41354,1,100,0,0,100,0,50,0,0,0,0,
1635602,,Mikael Bihl,mikael-bihl,30,1,1,0,82703,82703,82703,1,100,100,0,100,0,0,0,0,0,0,
53202,,Atom Brain Games,atom-brain-games,30,1,1,0,82640,82640,82640,0,100,0,0,100,0,0,100,0,0,0,
44027,,Leenzee Games,leenzee-games,30,1,1,0,82596,82596,82596,1,0,100,0,100,0,0,100,0,0,0,
1770511,,Paper Dog,paper-dog,30,1,1,0,82584,82584,82584,1,100,0,100,0,0,100,100,0,0,0,
87,,Owl Tribe Entertainment,owl-tribe-entertainment,30,1,1,0,82564,0,82564,1,100,100,0,100,0,0,100,100,0,0,
31555,,1C Wireless,1c-wireless,30,3,3,0,82484,12656,27495,0,0,0,100,100,0,0,0,0,0,0,
1395235,,Zero Sun Games,zero-sun-games,30,2,2,0,82438,79070,41219,2,100,50,50,0,0,50,50,0,0,0,Canada
52501,,Kid Onion Studio,kid-onion-studio,30,1,1,0,82434,82434,82434,0,100,100,100,100,0,0,0,0,0,0,
9556,,Chronicle Bench,chronicle-bench,30,1,1,0,82423,82423,82423,1,100,100,0,100,0,0,0,0,0,0,
36271,,Silken Sail Entertainment,silken-sail-entertainment,30,1,1,0,82400,82400,82400,1,100,0,0,100,0,0,0,0,0,0,
6575,,Duaik Entretenimento,duaik-entretenimento,30,3,3,0,82354,612,27451,2,100,0,0,67,0,0,0,0,0,0,
10813,,Sørb,s-rb,30,3,3,1,82318,37349,27439,3,100,100,50,25,0,0,50,0,0,0,
32778,,Hega Studio,hega-studio,30,1,1,0,82316,82316,82316,0,0,0,100,100,100,0,0,0,0,0,
25955,,Independent Arts Software,independent-arts-software,30,9,9,0,82311,8344,9146,0,11,11,89,11,78,11,11,0,11,11,Germany
16622,,Sounding Stone / 老奉毊,sounding-stone,30,11,11,2,82304,6043,7482,12,100,0,100,92,8,8,77,0,0,0,
17787,,SimProse Studios,simprose-studios,30,15,15,0,82304,1445,5487,6,80,0,60,40,53,67,47,0,7,7,
13446,,RunServer,runserver,30,5,5,1,82288,13359,16458,6,100,33,50,17,0,17,33,33,0,0,
45728,,Amonga99,amonga99,30,7,7,6,82245,4843,11749,13,100,100,8,23,8,23,23,77,0,0,
23846,,Artem Basko,artem-basko,30,1,1,0,82115,82115,82115,0,100,100,0,0,100,0,0,0,0,0,
1165081,,Interflix Media,interflix-media,30,1,1,0,82113,82113,82113,0,0,0,0,100,0,0,0,0,0,0,United Kingdom
4256840,,Bismuth Studio,bismuth-studio,30,1,1,2,82097,82097,82097,3,67,67,33,0,0,0,0,0,0,0,
13495,,DIVR Labs,divr-labs,30,2,2,1,82091,81971,41046,3,33,100,0,33,0,0,0,0,0,33,
1658,,Basecamp Games,basecamp-games,30,1,1,0,82032,82032,82032,1,100,0,0,100,0,0,0,0,0,0,Netherlands
15111,,Psychic Software,psychic-software,30,4,4,2,82015,18090,20504,5,67,67,17,50,0,33,50,33,33,17,
89950,,TeamSnowball,teamsnowball,30,4,4,0,81991,9229,20498,0,75,0,50,100,0,0,0,0,0,0,
21653,,SVGames,svgames,30,17,17,0,81965,2333,4821,17,100,6,6,71,35,18,24,0,0,0,
2505,,MOR Museum Inc.,mor-museum-inc,30,1,1,0,81939,0,81939,1,0,0,100,0,100,0,0,0,0,0,
1742009,,WindyVerse,windyverse,30,1,1,0,81939,81939,81939,1,100,0,100,0,100,0,0,0,0,0,
7155,,Fireline Games,fireline-games,30,2,2,0,81905,40953,40953,2,100,100,50,0,50,0,0,0,0,0,
47246,,BitBros Inc,bitbros-inc,30,1,1,0,81902,81902,81902,1,100,0,100,0,100,0,0,0,0,0,
12253,,Triple Eh? Ltd,triple-eh-ltd,30,2,2,2,81898,40949,40949,3,100,75,25,75,0,0,25,0,0,0,
138613,,Wondernaut Studio,wondernaut-studio,30,1,1,1,81891,81891,81891,0,100,0,100,50,0,50,0,0,0,0,
4073955,,Pakkuri Paradise,pakkuri-paradise,30,1,1,0,81857,81857,81857,0,0,0,0,0,0,0,100,0,0,0,
17588,,Lightsoutgames,lightsoutgames,30,4,4,0,81834,144,20459,4,100,50,100,75,25,0,0,0,0,0,
9432,,For Kids,for-kids,30,36,36,0,81823,0,2273,36,100,6,100,6,0,0,3,0,14,0,
8207101,,Brandon Moore,brandon-moore,30,1,1,0,81727,81727,81727,1,100,100,0,100,0,0,100,0,0,0,
39542,,Delta Shore Games,delta-shore-games,30,1,1,0,81687,81687,81687,1,100,100,0,0,0,0,0,0,0,0,
8298,,Silver Moon Internet,silver-moon-internet,30,2,2,0,81678,40839,40839,2,0,50,50,0,0,0,50,0,0,0,
22101,,MOONBEAR,moonbear,30,1,1,0,81664,81664,81664,1,100,0,100,0,100,0,0,0,0,0,
6407682,,BN Games,bn-games,30,1,1,0,81658,81658,81658,1,100,100,0,100,0,100,0,0,0,0,
6371,,StellarXiela,stellarxiela,30,3,3,0,81656,25407,27219,3,100,0,100,0,0,0,100,0,0,0,
1397381,,NINEHECTARE,ninehectare,30,1,1,0,81653,81653,81653,1,100,100,100,100,0,0,100,0,0,0,
6336435,,猫台班子工作室 Cat Caboodle,cat-caboodle,30,1,1,0,81647,81647,81647,1,100,0,100,0,100,0,100,0,0,0,
17669,,Ortharion project,ortharion-project,30,3,3,0,81630,40815,27210,3,100,100,0,100,0,0,100,0,0,0,
8036,,ehmprah,ehmprah,30,4,4,0,81566,40783,20392,2,100,50,50,0,0,100,50,0,0,0,Germany
27512,,Starfish-SD Inc,starfish-sd-inc,30,3,3,0,81545,20417,27182,0,0,67,0,33,0,33,67,0,0,0,
31313,,Innomen Team,innomen-team,30,1,1,0,81494,81494,81494,0,100,0,100,100,0,100,0,0,0,0,
10642,,Kurenaibook,kurenaibook,30,5,5,0,81448,14015,16290,4,100,20,40,60,0,0,0,0,0,0,
14322,,Hyper Hippo Games,hyper-hippo-games,30,8,8,0,81447,4231,10181,8,75,25,75,0,25,25,25,0,13,0,
30343,,Phoenix Game Studio,phoenix-game-studio,30,2,2,0,81431,0,40716,0,100,50,0,0,0,0,0,0,50,0,Serbia
43922,,Shmoops Games,shmoops-games,30,4,4,0,81404,8577,20351,4,100,0,100,75,75,0,25,0,0,0,
2323,,Cat-astrophe Games,cat-astrophe-games,30,3,3,1,81388,4702,27129,1,100,50,25,75,0,0,0,0,25,25,
46373,,Tomás Esconjaureguy,tom-s-esconjaureguy,30,3,3,1,81365,28019,27122,1,100,50,0,75,0,0,0,0,0,0,
30239,,Tachi,tachi,30,1,1,0,81355,81355,81355,0,100,0,0,0,0,0,100,0,0,0,
32196,,Alex Thomas,alex-thomas,30,1,1,0,81345,81345,81345,0,100,100,0,0,100,100,100,0,0,0,
5897,,rebel rabbit,rebel-rabbit,30,2,2,2,81305,40653,40653,1,100,100,25,50,0,0,25,0,0,0,
38327,,Amon26,amon26,30,2,2,0,81299,40650,40650,0,50,100,50,50,50,0,0,0,0,0,
184245,,Dramatic Iceberg,dramatic-iceberg,30,1,1,2,81292,81292,81292,2,0,0,100,33,33,0,33,0,0,0,
34273,,room6,room6,30,2,2,1,81212,40606,40606,1,0,0,0,100,0,0,0,0,0,0,Japan
10337,,Digital Astrowalker,digital-astrowalker,30,3,3,0,81193,0,27064,3,67,67,0,0,0,33,0,0,0,0,
46631,,fishwind,fishwind,30,1,1,0,81108,81108,81108,1,100,100,0,100,0,0,100,0,0,0,
2295927,,Damned Studios,damned-studios,30,1,1,0,81087,81087,81087,0,100,0,100,100,0,0,100,0,0,0,
38324,,Adam Pype &amp; Viktor Kraus,adam-pype-amp-viktor-kraus,30,1,1,0,81059,81059,81059,0,0,100,0,0,0,0,0,0,0,0,
38325,,corpsepile,corpsepile,30,1,1,0,81059,81059,81059,0,0,100,0,0,0,0,0,0,0,0,
38326,,Breogan Hackett,breogan-hackett,30,1,1,0,81059,81059,81059,0,0,100,0,0,0,0,0,0,0,0,
38328,,Basalt Tower,basalt-tower,30,1,1,0,81059,81059,81059,0,0,100,0,0,0,0,0,0,0,0,
38329,,Blood Machine,blood-machine,30,1,1,0,81059,81059,81059,0,0,100,0,0,0,0,0,0,0,0,
38331,,Moya Horror,moya-horror,30,1,1,1,81059,81059,81059,1,50,50,50,50,50,0,0,0,0,0,Japan
1395473,,Don Pachi,don-pachi,30,2,2,1,81015,40508,40508,3,67,33,33,0,0,0,0,0,0,0,
1658215,,TA Publishing,ta-publishing,30,1,1,0,80969,80969,80969,0,0,100,100,0,0,0,0,0,0,0,France
21092,,Mi'pu'mi Games GmbH,mi-pu-mi-games-gmbh,30,3,3,0,80953,40477,26984,2,100,0,0,100,0,33,0,0,0,0,
6664,,The Light Sword Team,the-light-sword-team,30,3,3,0,80937,21388,26979,3,100,0,0,67,0,33,33,0,0,0,
186034,,Yellow Gem,yellow-gem,30,1,1,0,80923,80923,80923,0,0,0,0,100,0,0,100,0,0,0,
1640669,,Bontemps Games,bontemps-games,30,1,1,0,80916,80916,80916,0,0,0,0,100,0,0,0,0,0,0,
1639728,,Indecision Labs,indecision-labs,30,1,1,0,80881,80881,80881,1,100,100,0,0,0,0,0,0,0,0,
21398,,Turtle Juice,turtle-juice,30,1,1,0,80877,80877,80877,1,100,100,0,0,0,100,0,0,0,0,
36430,,あうとさいど,-,30,3,3,0,80859,19984,26953,2,0,100,0,0,0,0,0,0,0,0,
25945,,Christopher Anselmo,christopher-anselmo,30,2,2,0,80854,40427,40427,0,50,0,100,50,0,50,50,0,0,0,
5406631,,Lemport,lemport,30,2,2,1,80822,80822,40411,3,100,100,0,100,0,0,100,0,0,0,
187035,,Michael Janisch,michael-janisch,30,2,2,0,80793,65806,40397,1,50,100,0,100,100,0,0,0,0,0,
1515286,,puzzled_squid,puzzled-squid,30,1,1,0,80779,80779,80779,1,100,0,0,100,0,0,0,0,0,0,
398070,,kaniheadcrab,kaniheadcrab,30,1,1,0,80760,80760,80760,0,100,0,0,100,0,0,100,0,0,0,
34889,,azucat,azucat,30,6,6,1,80745,5382,13458,7,14,43,0,14,57,0,29,0,0,0,
35071,,Drunk Robot,drunk-robot,30,7,7,0,80745,0,11535,7,100,14,86,86,0,0,29,0,0,0,
35301,,Crawly Games,crawly-games,30,1,1,0,80731,80731,80731,1,100,0,0,0,0,100,100,0,0,0,
5901324,,700 Games Studio,700-games-studio,30,1,1,0,80711,80711,80711,1,100,100,0,0,100,0,0,0,0,0,
52012,,Primal Seed,primal-seed,30,1,1,0,80684,80684,80684,0,100,100,0,100,0,0,100,0,0,0,
55501,,Hexaluga mines,hexaluga-mines,30,5,5,0,80661,15584,16132,0,100,100,80,100,100,100,100,60,20,40,
32531,,Flashpoint Studios,flashpoint-studios,30,1,1,0,80632,80632,80632,1,100,100,0,0,100,0,0,0,0,0,
44308,,nolsoft,nolsoft,30,1,1,0,80604,80604,80604,1,100,0,100,0,0,0,0,0,0,0,
4065047,,Poolside games,poolside-games,30,1,1,0,80570,80570,80570,1,100,0,100,100,100,0,0,0,0,0,
37373,,BadRez Games,badrez-games,30,1,1,1,80567,80567,80567,1,50,100,0,0,0,50,0,0,0,0,
35280,,Trigger Labs,trigger-labs,30,2,2,2,80552,40276,40276,2,0,75,0,25,100,75,0,0,0,0,Poland
4675,,AGC,agc,30,1,1,0,80549,80549,80549,1,100,100,0,100,0,0,0,0,0,0,
16429,,冷笑黑妖,-,30,21,21,0,80549,1745,3836,20,100,0,95,10,10,0,5,0,0,0,
185749,,Poptropica,poptropica,30,1,1,0,80535,80535,80535,1,0,0,100,100,0,0,0,0,0,0,
1397427,,Advance Nine,advance-nine,30,1,1,0,80471,80471,80471,1,0,0,0,100,0,0,100,0,0,0,
5306000,,こねこぼくし,-,30,1,1,0,80451,80451,80451,0,0,0,0,0,100,0,100,0,0,0,
2190015,,YueTang(Xiamen),yuetang-xiamen,30,1,1,0,80424,80424,80424,0,0,0,0,0,0,0,0,0,0,0,
2029070,,D.N.A. Softwares,d-n-a-softwares,30,1,1,0,80387,80387,80387,0,100,0,100,0,0,0,0,0,0,100,
17420,,Warp Turtle,warp-turtle,30,1,1,0,80361,80361,80361,1,100,100,0,100,100,0,100,0,0,0,
3879,,PrimeBit Games S.A.,primebit-games-s-a,30,7,7,0,80339,1566,11477,7,57,43,29,71,0,29,14,0,0,0,
187227,,Vanargand Games,vanargand-games,30,1,1,0,80329,80329,80329,1,100,0,0,0,100,100,100,0,0,0,Israel
26367,,Argali Entertainment,argali-entertainment,30,3,3,0,80282,25279,26761,0,100,0,100,33,0,0,0,0,0,0,Ukraine
3468,,Street Lamp Games,street-lamp-games,30,1,1,0,80280,80280,80280,1,100,0,100,100,0,0,0,0,0,0,
1780,,piratecat games,piratecat-games,30,3,3,1,80278,35409,26759,3,100,25,75,25,100,0,25,0,0,0,
10973,,RichMakeGame,richmakegame,30,2,2,0,80268,40134,40134,1,100,100,50,0,0,50,0,0,0,0,
21408,,Tambouille,tambouille,30,2,2,1,80246,40123,40123,2,100,67,67,0,0,33,0,0,0,0,
46839,,Géraud Zucchini,g-raud-zucchini,30,2,2,1,80246,40123,40123,0,100,67,67,0,0,33,0,0,0,0,
24409,,Twilight -日月之境-,twilight,30,2,2,1,80239,40120,40120,0,33,0,33,67,0,0,67,0,0,0,
32291,,UNDEAD,undead,30,1,1,0,80228,80228,80228,0,100,100,0,100,0,0,0,0,0,0,
7795,,D-Games,d-games,30,4,4,0,80160,2902,20040,4,100,50,50,25,0,50,25,25,0,0,
14613,,PROJECT YNP,project-ynp,30,3,3,0,80136,13421,26712,3,100,67,0,0,33,33,0,0,33,33,Japan
18375,,Diego Rodrigues,diego-rodrigues,30,2,2,0,80136,40068,40068,2,100,100,50,50,50,50,0,0,0,0,
137855,,基本操作PlayClass,playclass,30,2,2,1,80135,40068,40068,3,100,0,67,33,0,67,0,0,0,0,
17763,,DQ Team,dq-team,30,4,4,0,80082,40041,20021,1,100,0,75,50,0,50,0,0,0,0,
2564660,,SWAIN GAMES,swain-games,30,1,1,1,80082,80082,80082,2,100,50,50,0,50,0,0,0,0,0,
1634363,,Revenant Games,revenant-games,30,1,1,0,80081,80081,80081,0,100,100,0,100,0,0,0,0,0,0,
3733644,,PiHoEntertainment,pihoentertainment,30,4,4,0,80044,13706,20011,0,100,75,100,50,25,50,0,0,0,75,
293136,,Tasty Pics Studio,tasty-pics-studio,30,2,2,0,80011,40006,40006,2,100,0,0,100,0,0,0,0,0,0,
40795,,Pico Games,pico-games,30,4,4,0,79940,24237,19985,4,100,25,75,0,0,50,0,0,0,0,
28360,,"Action Button Entertainment, LLC",action-button-entertainment-llc,30,1,1,0,79871,79871,79871,0,100,100,0,0,0,0,0,0,0,100,
24343,,Ino-Co,ino-co,30,1,1,0,79864,79864,79864,0,0,0,0,0,0,100,0,0,0,0,Russia
25235,,Solid9 Studio,solid9-studio,30,2,2,0,79851,67238,39926,0,100,50,0,50,0,50,0,0,0,0,
710,,Paper House,paper-house,30,1,1,1,79831,79831,79831,2,100,0,100,50,50,0,0,0,0,0,Australia
15932,,Pillow Pig Games,pillow-pig-games,30,3,3,0,79773,32553,26591,3,100,100,0,33,0,0,33,0,0,0,
26912,,Dracue Software,dracue-software,30,1,1,0,79718,79718,79718,0,0,100,0,0,0,0,0,0,0,0,
27199,,Wabisabi Play,wabisabi-play,30,1,1,0,79715,79715,79715,0,100,0,0,100,0,0,0,0,0,0,United Kingdom
30418,,Void Studios,void-studios,30,3,3,0,79697,39849,26566,1,33,100,0,100,0,0,67,0,0,0,Brazil
47610,,Nullpointer Games,nullpointer-games,30,1,1,2,79668,79668,79668,2,67,33,0,0,33,33,33,0,0,0,
27664,,Honig Studios,honig-studios,30,1,1,1,79621,79621,79621,1,100,50,0,50,0,50,0,0,0,0,Germany
49997,,Flannel Bear Games,flannel-bear-games,30,2,2,2,79595,79595,39798,4,25,75,0,25,0,25,0,0,0,0,
548587,,摸鱼猫工作室,-,30,2,2,0,79564,39782,39782,2,100,0,100,0,0,100,100,0,0,0,
18080,,Fantasy Creations,fantasy-creations,30,1,1,0,79509,79509,79509,1,100,0,0,0,100,100,100,0,0,0,
139553,,TheClassifiedX,theclassifiedx,30,2,2,2,79476,840,39738,2,100,0,25,50,0,0,0,0,0,0,
18948,,Dedication Games,dedication-games,30,2,2,0,79398,39699,39699,2,100,100,50,0,0,0,0,0,0,0,
1408,,Stingbot Games,stingbot-games,30,2,2,0,79372,39686,39686,2,100,100,0,50,0,0,50,0,0,0,
14827,,Quad-Games,quad-games,30,3,3,0,79340,39670,26447,2,100,67,67,0,0,0,0,0,0,0,
23093,,"Hamumu Games, Inc.",hamumu-games-inc,30,4,4,2,79331,9821,19833,6,83,100,0,50,0,0,33,0,0,0,
3869498,,Zetlaff,zetlaff,30,1,1,0,79226,79226,79226,1,0,0,0,0,0,0,100,0,0,0,
1396702,,Stone Lake,stone-lake,30,1,1,0,79221,79221,79221,1,100,0,100,0,100,100,100,0,0,0,
41227,,Arimac Lanka Private Limited,arimac-lanka-private-limited,30,1,1,0,79219,79219,79219,1,100,100,0,0,0,0,0,0,0,0,
24195,,Britt Brady,britt-brady,30,2,2,0,79191,39596,39596,0,50,50,0,50,0,0,0,0,0,0,
45083,,琉璃花糖制作组（Garakowa Marshmallow）,garakowa-marshmallow,30,4,4,0,79179,11192,19795,3,100,0,100,0,0,0,100,0,0,0,
49043,,LCB Game Studio,lcb-game-studio,30,4,4,1,79171,12182,19793,2,100,0,0,100,0,0,0,0,0,0,Argentina
2165084,,TANER GAMES,taner-games,30,1,1,0,79157,79157,79157,0,0,100,0,0,0,0,100,0,0,0,
45611,,Aerie Digital,aerie-digital,30,1,1,0,79135,79135,79135,1,100,0,0,0,0,100,0,0,0,0,
10714,,Bartosz Bojarowski,bartosz-bojarowski,30,3,3,0,79075,22064,26358,3,100,33,0,0,0,0,33,0,0,0,
43612,,NEO-C Productions L.L.C,neo-c-productions-l-l-c,30,1,1,0,79038,79038,79038,0,100,0,0,100,0,0,100,0,0,0,
1656260,,by Mike Robins,by-mike-robins,30,1,1,0,79014,79014,79014,1,100,0,0,0,0,100,100,0,0,0,
16823,,Xefier Games Inc.,xefier-games-inc,30,7,7,0,78959,10982,11280,5,86,71,14,57,0,14,43,14,0,0,
7567,,RetroEpic Software,retroepic-software,30,2,2,0,78925,39463,39463,1,100,0,100,0,0,100,0,0,0,0,
14916,,Tea &amp; Cake Games,tea-amp-cake-games,30,1,1,0,78909,78909,78909,0,100,100,0,0,0,0,0,0,0,0,
53476,,Maboroshi Artworks,maboroshi-artworks,30,1,1,0,78893,78893,78893,0,100,0,100,100,0,0,0,0,0,0,Japan
26073,,Luoriver studio-洛神游戏工作室,luoriver-studio,30,1,1,0,78883,78883,78883,0,100,0,0,0,0,0,0,0,0,0,
28312,,Lonhong Team,lonhong-team,30,3,3,0,78878,20034,26293,0,100,33,67,100,0,0,100,0,0,0,
14456,,Triple Hill Interactive,triple-hill-interactive,30,1,1,1,78854,78854,78854,0,100,100,50,0,50,50,0,0,0,0,Slovakia
33164,,Toko Midori Games,toko-midori-games,30,1,1,0,78854,78854,78854,0,100,100,100,0,0,0,0,0,0,0,
4455,,Rocket Vulture,rocket-vulture,30,2,2,0,78822,39411,39411,2,100,100,50,50,50,0,0,0,0,0,
51428,,Lemonade Flashbang,lemonade-flashbang,30,1,1,0,78821,78821,78821,1,100,0,100,0,100,0,100,0,0,0,
49264,,涂途,-,30,1,1,0,78802,78802,78802,0,100,0,100,0,100,100,100,0,0,0,
1396544,,TakoYuh,takoyuh,30,1,1,1,78795,78795,78795,2,100,0,100,0,0,0,0,0,0,100,
10356,,Crashable Studios,crashable-studios,30,2,2,1,78782,39391,39391,1,100,33,0,67,0,0,33,0,0,0,
34659,,Endflame,endflame,30,1,1,1,78725,78725,78725,1,50,0,50,50,0,0,0,0,0,0,Spain
3909,,onomatope*,onomatope,30,2,2,0,78710,39355,39355,2,0,0,100,100,100,0,0,0,0,0,
23456,,MiKandi Japan,mikandi-japan,30,2,2,0,78710,39355,39355,2,0,0,100,100,100,0,0,0,0,0,
30632,,Chernov Vyacheslav,chernov-vyacheslav,30,1,1,0,78669,78669,78669,0,100,100,0,100,0,0,100,0,0,0,
3962,,Doublehit Games,doublehit-games,30,1,1,0,78641,78641,78641,0,100,0,0,100,0,0,0,0,0,0,
17199,,Wang Liwen,wang-liwen,30,1,1,0,78611,78611,78611,1,0,100,0,0,0,0,0,100,0,0,
21685,,frecle,frecle,30,1,1,0,78609,78609,78609,1,100,100,0,100,0,0,0,0,0,0,
152075,,Shuffle Up Games,shuffle-up-games,30,1,1,0,78583,78583,78583,1,0,0,0,0,0,100,0,0,0,0,
28483,,Jurlo,jurlo,30,1,1,0,78560,78560,78560,0,100,0,0,100,0,0,0,0,0,0,
30210,,JetPackGone,jetpackgone,30,1,1,0,78560,78560,78560,0,100,0,0,100,0,0,0,0,0,0,
18511,,Atomic VR Inc.,atomic-vr-inc,30,1,1,0,78546,0,78546,1,0,100,0,0,100,0,0,0,0,100,
19367,,Denside Studios,denside-studios,30,1,1,0,78543,78543,78543,1,100,0,0,100,100,0,100,100,0,0,
21767,,Toxic studio,toxic-studio,30,3,3,2,78515,15395,26172,4,60,60,40,0,20,20,0,40,0,20,
45494,,Rockbee,rockbee,30,1,1,0,78511,78511,78511,1,100,0,0,100,100,100,100,0,0,0,
2206,,Sector-K Games,sector-k-games,30,1,1,0,78510,78510,78510,1,100,100,0,0,0,0,0,0,0,0,United States
2569998,,Sam Cohle,sam-cohle,30,1,1,0,78483,78483,78483,1,100,0,100,0,100,0,0,0,0,0,
35750,,catnipstudio,catnipstudio,30,26,26,3,78473,1265,3018,29,55,7,97,3,41,7,3,0,0,3,
4766,,Lizard Hazard Games,lizard-hazard-games,30,3,3,0,78472,30272,26157,2,100,0,33,33,67,0,0,0,0,0,Finland
25787,,Yamadaya,yamadaya,30,1,1,0,78470,78470,78470,0,100,100,0,0,0,0,0,0,0,0,
7397,,Gordon Little,gordon-little,30,3,3,0,78446,33083,26149,3,100,0,100,33,33,0,0,0,0,0,
112267,,Miolhr Company,miolhr-company,30,1,1,1,78443,78443,78443,2,100,100,50,100,100,100,100,0,0,50,
1462972,,Spinoff Games,spinoff-games,30,2,2,1,78440,39220,39220,2,0,0,67,0,100,0,0,0,0,100,
15867,,Ertal Games,ertal-games,30,7,7,1,78419,9996,11203,8,100,0,63,13,0,0,0,0,0,0,Spain
38430,,Asephy,asephy,30,3,3,0,78382,39191,26127,3,100,33,33,67,0,0,0,0,0,0,
2563,,Aegon Games Ltd,aegon-games-ltd,30,4,4,0,78348,4755,19587,4,100,25,25,50,0,0,0,0,0,0,
29131,,Horgee Games,horgee-games,30,1,1,0,78294,78294,78294,0,100,0,0,0,100,100,100,0,0,0,
11673,,lamb of game,lamb-of-game,30,8,8,0,78288,3507,9786,7,88,0,50,50,38,0,100,0,0,0,
6705,,Vovoid Media Technologies AB,vovoid-media-technologies-ab,30,2,2,0,78280,39140,39140,1,100,100,0,100,0,0,0,0,0,0,
1280502,,Night Icons,night-icons,30,1,1,0,78254,78254,78254,0,100,0,100,100,0,0,0,0,0,0,
188140,,MuccyGames,muccygames,30,3,3,2,78245,14968,26082,5,60,0,100,20,60,0,80,0,0,0,
18552,,KranX Productions,kranx-productions,30,2,2,0,78185,39093,39093,2,100,0,100,0,0,0,0,0,0,0,Russia
20725,,Seventh Knight,seventh-knight,30,2,2,0,78178,39089,39089,2,0,0,0,0,0,0,0,0,0,0,
36563,,zerogame,zerogame,30,1,1,0,78163,78163,78163,1,100,100,100,100,100,0,0,100,0,0,
38804,,Evilwind Studio,evilwind-studio,30,1,1,0,78160,78160,78160,0,100,0,0,100,100,0,0,0,0,0,
11547,,Cave Monsters,cave-monsters,30,1,1,0,78156,78156,78156,1,100,0,0,100,0,0,0,0,0,0,United Kingdom
11345,,Valravn Games,valravn-games,30,1,1,0,78147,78147,78147,1,100,0,0,0,0,100,0,0,0,0,
51002,,loonyware,loonyware,30,2,2,0,78136,39068,39068,2,50,0,100,100,0,0,0,0,0,0,
12664,,Dan &amp; Gary Games,dan-amp-gary-games,30,1,1,0,78135,78135,78135,0,100,100,0,0,0,0,100,0,0,0,
54148,,"Haiku, Inc",haiku-inc,30,1,1,0,78078,0,78078,1,0,0,0,0,0,0,100,0,0,0,
50666,,okyakusama,okyakusama,30,14,14,0,78077,5289,5577,14,86,7,71,0,21,21,50,0,0,0,
36558,,Glitch Factory,glitch-factory,30,1,1,1,78047,78047,78047,1,100,100,0,50,0,0,100,0,0,0,
5721,,e-visualsoft,e-visualsoft,30,1,1,0,78022,0,78022,1,100,0,0,100,100,100,100,100,0,0,
3576,,Lite Microsystems,lite-microsystems,30,1,1,0,77977,77977,77977,1,100,100,0,0,100,100,0,0,0,0,
9829,,Binary Impact,binary-impact,30,3,3,0,77926,38927,25975,1,67,33,33,33,33,33,0,0,0,0,Germany
12764,,HOF Studios,hof-studios,30,1,1,0,77919,77919,77919,1,0,0,0,0,0,100,100,0,0,0,United States
9333,,Jigxor,jigxor,30,1,1,0,77913,0,77913,1,100,100,0,100,0,100,100,0,0,0,
1638628,,Guilty Pleasure Games,guilty-pleasure-games,30,13,13,0,77901,2176,5992,13,100,100,92,100,100,0,77,0,8,8,
4084,,Diggidy.net,diggidy-net,30,7,7,2,77893,2400,11128,9,100,22,22,33,67,0,0,0,0,0,
2274,,Hongyuan Game,hongyuan-game,30,1,1,0,77880,77880,77880,1,0,0,0,0,0,0,100,0,0,0,
292818,,弘煜科技事業股份有限公司,-,30,8,8,0,77858,7022,9732,0,0,0,0,100,0,100,100,0,0,0,
91892,,Bevel bakery,bevel-bakery,30,1,1,0,77813,77813,77813,0,0,100,0,0,0,0,0,0,0,0,France
4276,,Lewis Bergin,lewis-bergin,30,1,1,0,77697,77697,77697,1,100,100,0,100,100,100,100,0,0,0,
27756,,GorePixelGames,gorepixelgames,30,1,1,0,77697,77697,77697,0,100,100,0,100,100,100,100,0,0,0,
114625,,Daniele Ferraro,daniele-ferraro,30,1,1,0,77638,77638,77638,0,100,100,0,0,100,0,100,0,0,0,
33232,,Moonbit,moonbit,30,9,9,0,77623,2613,8625,9,78,11,0,56,0,78,0,0,0,0,United Kingdom
52854,,"Beijing Pixel Software Technology Joint-Stock Co.,Ltd.",beijing-pixel-software-technology-joint-stock-co-ltd,30,1,1,0,77614,77614,77614,0,0,100,0,100,0,0,100,0,0,0,
31407,,Jason Lovett,jason-lovett,30,3,3,1,77540,4117,25847,0,100,50,100,25,100,50,50,0,0,0,
10944,,Curious Planet,curious-planet,30,2,2,0,77515,38758,38758,2,100,100,0,100,0,0,0,0,0,0,
1280265,,Boring Games,boring-games,30,1,1,0,77509,77509,77509,1,100,0,0,100,0,0,0,0,0,0,
48831,,艾露比工作室,-,30,7,7,0,77472,3039,11067,7,0,0,100,100,0,0,100,0,0,0,
26632,,Alfa System,alfa-system,30,2,2,0,77455,38728,38728,0,0,100,0,0,0,0,0,0,0,0,Japan
5671,,Juicy Beast,juicy-beast,30,2,2,0,77447,38724,38724,2,100,100,100,0,0,0,0,0,0,0,Canada
27517,,Onur Uça,onur-u-a,30,1,1,0,77400,77400,77400,0,100,100,100,0,100,0,0,0,100,0,
31768,,OCR Dev Team,ocr-dev-team,30,1,1,0,77400,77400,77400,0,100,100,100,0,100,0,0,0,100,0,
22267,,NiVision,nivision,30,4,4,0,77329,14150,19332,4,75,75,75,0,0,0,0,0,0,50,
2848,,Score Studios LLC,score-studios-llc,30,4,4,0,77328,15548,19332,1,75,25,100,25,25,0,0,0,0,0,
45888,,Petit Fabrik,petit-fabrik,30,3,3,0,77324,26386,25775,0,33,100,33,100,0,0,0,0,0,0,Brazil
30480,,Pirita Studio,pirita-studio,30,1,1,1,77316,77316,77316,1,100,0,50,100,0,0,0,0,0,0,Spain
40231,,青岛三脚猫工作室,-,30,1,1,0,77306,77306,77306,1,100,100,0,0,0,0,0,0,0,0,
22928,,"Warrior General Games, LLC",warrior-general-games-llc,30,2,2,0,77275,38638,38638,2,100,50,0,0,0,50,50,0,0,0,
12041,,Black Curtain Studio,black-curtain-studio,30,5,5,0,77244,4319,15449,5,80,80,0,80,20,0,0,0,0,0,
51155,,Papaonn,papaonn,30,1,1,1,77207,77207,77207,2,50,0,50,50,100,100,50,0,0,0,
20553,,Sleepy Studios,sleepy-studios,30,2,2,0,77190,75554,38595,2,100,100,0,0,0,0,0,0,0,0,
2160494,,Sugarcane Games,sugarcane-games,30,3,3,1,77177,10579,25726,4,75,25,75,0,25,25,25,0,0,0,
23952,,睡神飞工作室-SleeeeepFly,sleeeeepfly,30,1,1,0,77157,77157,77157,0,100,0,100,0,0,0,100,0,0,0,
26084,,雾屿镜式制作组,-,30,1,1,0,77157,77157,77157,0,100,0,100,0,0,0,100,0,0,0,
3926543,,Sins of Succubus,sins-of-succubus,30,1,1,0,77149,77149,77149,0,100,0,0,0,100,0,100,0,0,0,
7930,,Matt Glanville,matt-glanville,30,5,5,0,77133,5487,15427,5,100,80,60,0,0,20,40,0,0,20,United Kingdom
37931,,KAYAC Inc.,kayac-inc,30,6,6,0,77060,5763,12843,6,17,0,83,0,67,33,17,0,0,0,
4064572,,ぬるぬる坊主,-,30,4,4,0,77053,6641,19263,4,0,0,0,100,0,0,0,0,0,0,
53402,,Mizoriot Creative Company LTD.,mizoriot-creative-company-ltd,30,2,2,0,77045,77045,38523,0,50,50,50,50,0,0,50,0,0,0,
1447332,,"Fun2 Studio CO., LTD.",fun2-studio-co-ltd,30,1,1,0,77045,77045,77045,0,0,100,0,100,0,0,0,0,0,0,
5742033,,ceroro,ceroro,30,1,1,0,77038,77038,77038,1,100,100,0,100,0,0,0,0,0,0,
13285,,Soma Games,soma-games,30,8,8,0,77006,3579,9626,4,88,25,25,63,25,0,0,0,0,0,United States
10424,,Cup of Pixels,cup-of-pixels,30,1,1,0,77004,77004,77004,0,100,0,0,100,0,0,0,0,0,0,
34223,,Milky Way,milky-way,30,1,1,0,76996,76996,76996,0,100,100,0,100,100,0,100,0,0,0,
29637,,Team Replay,team-replay,30,1,1,0,76995,76995,76995,0,100,0,0,100,0,0,0,0,0,0,
10080,,Goloso Games,goloso-games,30,3,3,0,76944,38472,25648,3,67,0,0,100,0,0,0,0,0,0,France
291227,,NGDEV,ngdev,30,1,1,0,76916,76916,76916,1,0,100,0,0,0,0,0,0,0,0,
33228,,VIRTUAL MAGIC,virtual-magic,30,3,3,0,76910,38455,25637,1,100,67,67,100,67,0,0,0,0,0,
7266194,,mañana studios,ma-ana-studios,30,1,1,1,76907,76907,76907,1,50,0,50,0,50,100,0,0,0,0,
34068,,scopatgames,scopatgames,30,1,1,0,76888,76888,76888,1,0,0,100,0,100,0,0,0,0,0,
115263,,Flatline,flatline,30,1,1,0,76848,76848,76848,0,100,0,0,100,0,0,100,0,0,0,
32062,,The Software Refinery,the-software-refinery,30,2,2,0,76836,38418,38418,0,0,100,0,0,50,0,0,0,50,50,
15955,,Make Real,make-real,30,1,1,0,76820,76820,76820,1,100,100,100,0,0,0,0,0,0,0,
8101,,Filament Games,filament-games,30,1,1,0,76807,76807,76807,1,100,0,0,0,100,0,0,0,0,0,United States
26219,,Fantahorn Studio,fantahorn-studio,30,2,2,0,76787,22179,38394,0,0,100,0,0,0,0,0,0,0,0,
12578,,Heydeck Games,heydeck-games,30,2,2,0,76743,38372,38372,2,100,0,100,0,100,100,0,0,0,0,
41763,,DEVBEEF,devbeef,30,1,1,1,76690,76690,76690,2,100,0,50,50,0,0,0,0,0,0,United States
185921,,魔界あ号営業所,-,30,3,3,0,76647,26838,25549,0,0,0,100,0,67,0,100,0,0,0,
1430,,Madit Entertainment,madit-entertainment,30,2,2,1,76625,76625,38313,3,67,0,0,100,0,0,0,0,0,0,
30453,,Lovely Pretty Ultra Loving You,lovely-pretty-ultra-loving-you,30,2,2,0,76598,38299,38299,0,100,0,0,0,0,0,100,0,0,0,
292888,,Skyflare Studios,skyflare-studios,30,1,1,1,76594,76594,76594,2,50,50,0,0,0,0,50,0,0,0,
19939,,Dark Castle Software,dark-castle-software,30,1,1,0,76571,76571,76571,1,100,0,100,0,0,0,0,0,0,0,
24432,,Hen Wen Studio,hen-wen-studio,30,1,1,0,76522,76522,76522,0,100,0,100,0,0,0,0,0,0,0,
184910,,FELISTELLA Inc.,felistella-inc,30,1,1,0,76505,76505,76505,0,0,100,0,0,0,0,100,0,0,0,
1649655,,Monster Eye Games,monster-eye-games,30,1,1,1,76499,76499,76499,2,100,0,0,100,0,0,0,0,0,0,
31246,,TALEROCK,talerock,30,1,1,0,76491,76491,76491,0,100,0,0,100,0,100,100,0,0,0,
5202200,,Rapturous Studio,rapturous-studio,30,1,1,0,76465,76465,76465,0,100,0,0,100,0,0,100,0,0,0,
20689,,KR Games,kr-games,30,9,9,1,76447,2494,8494,4,100,40,0,80,50,0,0,0,0,20,
17520,,Kurisu no Patto,kurisu-no-patto,30,2,2,0,76434,0,38217,2,100,0,100,50,50,0,0,0,0,0,
56275,,Enigmatic Machines,enigmatic-machines,30,1,1,0,76351,76351,76351,0,100,100,0,100,0,0,0,0,0,0,
26655,,Lost the Game Studios,lost-the-game-studios,30,3,3,0,76347,26118,25449,0,33,0,67,33,67,33,0,0,0,33,Germany
5378892,,BingX,bingx,30,1,1,0,76345,76345,76345,0,100,100,0,0,0,0,100,0,0,0,
15689,,Daily Magic Productions,daily-magic-productions,30,13,13,0,76302,2215,5869,2,15,15,85,92,0,0,0,0,0,0,
13710,,icefill,icefill,30,2,2,0,76276,38138,38138,2,100,0,50,0,0,100,100,0,0,0,
7825,,PixelGreeds,pixelgreeds,30,9,9,0,76267,7232,8474,9,56,44,44,89,0,11,0,0,0,0,
38119,,Gambir Studio,gambir-studio,30,3,3,1,76235,38118,25412,2,75,50,25,75,50,0,25,0,0,0,
1770250,,Quackpond Games,quackpond-games,30,2,2,0,76221,76221,38111,2,50,100,0,0,0,0,0,0,0,0,
30651,,SPVD,spvd,30,1,1,0,76213,76213,76213,0,100,0,0,0,0,100,100,0,0,0,
1770149,,C2 Game Studio,c2-game-studio,30,1,1,0,76183,76183,76183,0,100,100,100,100,0,0,100,0,0,0,Colombia
22192,,CrackedGhostGames,crackedghostgames,30,5,5,0,76097,3392,15219,2,100,80,20,100,40,0,60,0,0,0,United States
19051,,Enigmatic,enigmatic,30,1,1,0,76090,76090,76090,1,100,100,0,0,0,0,0,0,0,0,
158,,Lumenox ehf,lumenox-ehf,30,2,2,0,76085,38043,38043,2,100,100,50,50,0,0,0,0,0,50,
3788,,Monothetic LLC,monothetic-llc,30,1,1,0,76068,0,76068,1,100,100,0,0,0,0,0,0,0,0,
15291,,Will Sykes Games,will-sykes-games,30,3,3,0,76042,6886,25347,2,100,67,0,0,0,33,0,0,0,0,United Kingdom
14005,,Yousoi,yousoi,30,2,2,0,76008,38004,38004,2,0,100,0,100,0,100,50,50,0,0,
15944,,DreamPunks,dreampunks,30,2,2,0,76004,76004,38002,2,100,50,100,50,0,50,0,0,0,0,
50383,,Askalot Games,askalot-games,30,1,1,1,75993,75993,75993,2,0,50,0,50,0,50,100,0,0,0,
29808,,PomPom,pompom,30,2,2,0,75981,37991,37991,0,100,100,0,0,0,0,0,0,0,0,
40947,,Syun-kan Flowlighter,syun-kan-flowlighter,30,2,2,0,75930,37965,37965,0,100,0,0,100,0,0,100,0,0,0,
4336,,GB Patch Games,gb-patch-games,30,5,5,1,75917,75917,15183,6,100,0,100,0,33,0,0,0,0,0,
16913,,Muddy Pixel,muddy-pixel,30,1,1,0,75911,75911,75911,1,100,100,0,0,100,0,0,0,0,0,
16380,,Guanpeng Chen,guanpeng-chen,30,1,1,1,75894,75894,75894,1,100,0,0,100,100,50,0,0,0,0,
20611,,Moonradish Inc.,moonradish-inc,30,1,1,0,75892,75892,75892,1,100,100,0,0,0,0,0,0,0,100,
17742,,Nerve Software LLC,nerve-software-llc,30,1,1,0,75883,75883,75883,1,100,100,0,100,0,100,0,0,0,0,
37691,,Whalestork Interactive,whalestork-interactive,30,1,1,0,75873,75873,75873,1,100,0,100,100,0,0,0,0,0,0,
30424,,HomeBearStudio,homebearstudio,30,3,3,0,75856,37928,25285,0,100,0,67,100,0,0,0,0,0,0,
29495,,Protoculture Games,protoculture-games,30,1,1,0,75847,75847,75847,0,0,100,0,0,0,0,0,0,0,0,
29867,,KROBON station,krobon-station,30,1,1,0,75831,75831,75831,0,100,100,0,100,0,0,0,0,0,0,
10067,,TrueThought,truethought,30,1,1,0,75791,75791,75791,1,100,0,100,0,0,100,0,0,0,0,
291430,,Xian,xian,30,2,2,1,75688,37844,37844,0,0,0,67,0,100,0,100,0,0,0,
1634487,,Keep Games,keep-games,30,1,1,1,75678,75678,75678,2,50,50,50,50,50,50,100,0,0,0,Turkey
12340,,Apillo,apillo,30,3,3,0,75655,18844,25218,3,100,33,67,100,67,67,33,0,33,33,
27867,,Muteki,muteki,30,2,2,0,75655,37828,37828,0,0,0,0,0,0,0,100,0,0,0,
11631,,Falcon Interactive,falcon-interactive,30,1,1,2,75650,75650,75650,3,67,100,33,100,67,0,67,0,67,67,
26293,,LION HEART,lion-heart,30,1,1,0,75621,75621,75621,0,100,100,0,0,0,0,0,0,0,0,Japan
33498,,1337 &amp; Senri AB,1337-amp-senri-ab,30,1,1,0,75621,75621,75621,0,100,0,0,100,0,0,0,0,0,0,
1636652,,Panitia GameDev,panitia-gamedev,30,3,3,0,75596,75596,25199,1,100,0,100,0,100,33,0,0,0,0,Indonesia
3479721,,五条虾仁(5 shrimps),5-shrimps,30,1,1,2,75575,75575,75575,3,100,0,33,67,33,67,100,0,0,0,
39419,,Jimmy Arcade Limited,jimmy-arcade-limited,30,2,2,1,75560,37780,37780,3,67,0,0,0,100,0,0,0,0,0,
9293,,Perpetual FX Creative,perpetual-fx-creative,30,1,1,0,75552,75552,75552,1,100,0,100,0,0,0,0,0,0,100,
40055,,Hero Game Co LLC,hero-game-co-llc,30,3,3,1,75520,14472,25173,4,100,0,100,0,0,0,0,0,0,0,
13064,,Salix Games Ltd,salix-games-ltd,30,1,1,0,75514,75514,75514,1,100,0,100,100,0,0,0,0,0,0,
25180,,Tea Clipper Games Ltd,tea-clipper-games-ltd,30,1,1,0,75514,75514,75514,0,100,0,100,100,0,0,0,0,0,0,
43784,,Black Hole Games,black-hole-games,30,2,2,1,75488,37744,37744,1,100,33,33,67,33,0,0,0,0,0,Brazil
1910,,Completely Fair Games LLC,completely-fair-games-llc,30,1,1,0,75458,75458,75458,1,100,0,0,0,100,100,0,0,0,0,
27812,,OPQAM,opqam,30,2,2,0,75452,37726,37726,0,100,100,0,0,50,0,0,0,0,0,Argentina
27118,,Playcademy,playcademy,30,8,8,0,75390,8933,9424,0,13,0,100,0,13,0,0,0,0,0,
23653,,Aero Games,aero-games,30,2,2,1,75270,1758,37635,2,100,100,67,0,0,67,0,33,0,0,
12991,,ReverseImpact,reverseimpact,30,3,3,1,75258,2817,25086,4,100,0,100,0,0,75,0,0,0,0,
1641310,,Wristwork,wristwork,30,1,1,0,75238,75238,75238,0,100,100,0,0,100,100,0,0,0,0,United Kingdom
30357,,Simpleton,simpleton,30,3,3,1,75236,37618,25079,1,100,25,75,75,25,0,0,0,0,0,
1053423,,213℉,213,30,1,1,2,75222,75222,75222,1,100,33,33,67,0,0,33,0,0,0,
26376,,StudioS,studios,30,8,8,0,75218,5300,9402,2,88,100,50,25,0,0,25,0,0,0,Japan
1748,,Retro Dreamer,retro-dreamer,30,2,2,0,75215,37608,37608,2,100,100,50,0,0,0,0,0,0,0,
16197,,Polar Bunny Ltd,polar-bunny-ltd,30,1,1,0,75210,75210,75210,1,100,0,0,100,0,100,0,0,0,0,
5153372,,RainbowGame,rainbowgame,30,1,1,0,75191,75191,75191,1,100,0,100,100,100,0,100,0,0,0,
367975,,Frogteam Games,frogteam-games,30,1,1,1,75177,75177,75177,2,100,100,0,50,0,0,50,0,0,0,
6339429,,Bee Braun,bee-braun,30,1,1,1,75177,75177,75177,0,100,100,0,50,0,0,50,0,0,0,
15893,,CM Softworks,cm-softworks,30,1,1,0,75152,75152,75152,1,100,100,0,100,100,100,100,0,0,0,
2030466,,Eneida Games,eneida-games,30,1,1,1,75150,75150,75150,2,100,100,0,100,0,0,50,0,0,0,Poland
3905595,,Glove Games,glove-games,30,1,1,0,75141,75141,75141,1,100,100,0,0,0,0,0,0,0,0,
4692684,,batcholi,batcholi,30,1,1,0,75133,75133,75133,1,100,0,0,0,100,0,0,0,0,0,
6704485,,FloDKSM,flodksm,30,1,1,0,75133,75133,75133,1,100,0,0,0,100,0,0,0,0,0,
3136174,,Dinosaur Studio,dinosaur-studio,30,1,1,1,75109,0,75109,0,50,50,0,100,0,0,50,50,0,0,
87297,,KSYM,ksym,30,1,1,1,75090,75090,75090,2,0,0,50,0,0,0,0,0,50,0,
26617,,Galaxy Wars,galaxy-wars,30,2,2,0,75070,37535,37535,0,50,0,50,0,0,0,100,0,0,0,Japan
2029086,,Five Head Games,five-head-games,30,1,1,0,75061,75061,75061,1,0,0,0,0,0,100,0,0,0,0,
3869665,,Kylyk Games,kylyk-games,30,1,1,0,75028,75028,75028,0,100,0,100,0,100,0,0,0,0,0,
14801,,Xform,xform,30,2,2,1,75025,37513,37513,3,100,100,0,67,0,0,0,0,67,0,Netherlands
24392,,Coreplay,coreplay,30,2,2,0,75004,37502,37502,0,50,50,100,0,0,0,0,0,0,0,Germany
8466,,narayana games UG,narayana-games-ug,30,1,1,2,74969,74969,74969,3,100,0,100,0,0,0,0,0,0,100,Germany
1642430,,SUPERBAD,superbad,30,1,1,0,74961,74961,74961,0,100,0,100,100,100,0,100,0,0,0,
3945071,,Daniel Li,daniel-li,30,7,7,0,74915,9213,10702,7,86,57,100,100,0,0,0,0,0,0,
20595,,Green127,green127,30,1,1,0,74891,74891,74891,1,100,0,0,0,100,0,0,0,0,0,
17183,,Chris Danelon,chris-danelon,30,3,3,0,74833,37417,24944,3,33,67,0,67,0,0,0,0,0,0,
908,,Frontline: Games Series,frontline-games-series,30,8,8,0,74808,7763,9351,8,100,50,25,25,88,88,13,0,0,0,
49699,,Fuz Games,fuz-games,30,2,2,2,74798,37399,37399,3,100,0,50,50,50,0,50,0,0,0,
1636223,,Recette,recette,30,1,1,0,74779,74779,74779,0,0,0,100,0,0,0,0,0,0,0,
4250954,,bike studio,bike-studio,30,5,5,0,74757,12464,14951,0,100,40,80,40,80,20,0,0,40,40,
829721,,Robot Cat Limited,robot-cat-limited,30,1,1,1,74754,74754,74754,1,50,0,0,0,0,100,50,0,0,0,
6798,,Afterschool Studio,afterschool-studio,30,1,1,0,74746,74746,74746,0,100,0,0,0,100,100,0,0,0,0,
3589515,,CLLGames,cllgames,30,1,1,0,74724,74724,74724,1,100,0,100,100,0,0,100,0,0,0,
40998,,Poleaxe Games LLC,poleaxe-games-llc,30,1,1,1,74540,74540,74540,2,50,50,0,50,50,50,50,0,0,0,
438,,Sad Spaghetti Entertainment,sad-spaghetti-entertainment,30,1,1,0,74538,74538,74538,1,100,100,0,0,0,0,0,0,0,0,
26483,,Yahu,yahu,30,1,1,0,74497,74497,74497,0,100,0,100,100,0,0,100,0,0,0,
43959,,StrelitziaGames,strelitziagames,30,9,9,0,74474,2742,8275,9,22,89,0,33,0,0,0,0,0,0,
25428,,Sanzaru Games,sanzaru-games,30,1,1,0,74439,74439,74439,0,100,0,100,0,0,0,0,0,0,0,United States
28546,,Mint Age Studios,mint-age-studios,30,2,2,0,74439,37220,37220,0,100,50,0,100,0,50,100,0,0,0,
720598,,tomadan,tomadan,30,1,1,0,74432,74432,74432,0,0,0,0,100,0,100,100,0,0,0,
709,,Storming Tech,storming-tech,30,4,4,0,74420,12189,18605,4,100,50,50,50,0,0,50,0,0,0,
27931,,AuraLab,auralab,30,1,1,0,74417,74417,74417,0,100,0,100,100,0,0,0,0,0,0,
25599,,Dowino,dowino,30,1,1,0,74390,74390,74390,0,100,100,0,100,0,0,0,0,0,0,France
3409,,Z9K Games,z9k-games,30,2,2,0,74382,37191,37191,0,100,0,0,0,50,100,0,0,0,0,
30597,,Nekrosoft,nekrosoft,30,1,1,0,74377,74377,74377,0,100,0,0,0,0,100,0,0,0,0,
37839,,Clockwork Bird,clockwork-bird,30,1,1,1,74348,74348,74348,2,100,0,0,100,50,0,50,0,0,0,
45055,,hangry owl games,hangry-owl-games,30,1,1,1,74348,74348,74348,1,0,100,50,0,0,50,0,0,0,0,
2862099,,EMSRoy,emsroy,30,2,2,0,74336,37168,37168,2,100,100,0,50,0,0,0,0,0,0,
7701,,YummyYummyTummy,yummyyummytummy,30,2,2,2,74318,37159,37159,2,50,75,25,0,0,25,25,0,0,0,
19015,,Wingware,wingware,30,1,1,0,74304,74304,74304,1,0,0,0,0,0,0,0,0,0,0,
24541,,Leif Ian Anderson,leif-ian-anderson,30,1,1,0,74295,74295,74295,0,100,0,0,0,0,0,100,0,0,0,
1515568,,Cem Boray Yıldırım,cem-boray-y-ld-r-m,30,1,1,0,74271,74271,74271,0,100,0,0,100,0,0,0,0,0,0,
6776,,AjiGohanGames,ajigohangames,30,1,1,0,74260,74260,74260,1,100,100,0,100,0,0,0,0,0,0,
42282,,Sunwolf  Entertainment,sunwolf-entertainment,30,1,1,0,74244,74244,74244,0,100,100,0,100,0,0,0,0,0,0,
4251516,,KTMG.LLC,ktmg-llc,30,1,1,0,74234,74234,74234,0,100,100,0,0,0,0,0,0,0,0,
30334,,Big Blue Studios,big-blue-studios,30,3,3,0,74209,31477,24736,0,33,0,100,100,67,33,0,0,0,0,Romania
9297,,Robert Gammon,robert-gammon,30,1,1,0,74130,74130,74130,1,100,0,0,0,100,0,0,0,0,0,
940155,,Black Cyc,black-cyc,30,1,1,0,74119,74119,74119,0,100,0,100,0,0,0,0,0,0,0,
46763,,bad_vertex,bad-vertex,30,1,1,0,74074,74074,74074,1,100,100,0,0,0,0,0,0,0,0,
31093,,Portponky,portponky,30,3,3,0,74050,2157,24683,0,100,0,67,33,0,0,0,0,0,0,
3583861,,Mediocre Umaaji Lady II,mediocre-umaaji-lady-ii,30,1,1,0,74049,74049,74049,0,100,0,0,0,100,0,0,0,0,0,
28384,,Plasticity Studios,plasticity-studios,30,1,1,0,74028,74028,74028,0,100,0,100,0,100,100,100,0,0,0,
1684,,GentleDriver,gentledriver,30,52,52,0,74016,1079,1423,12,100,2,98,0,0,98,2,0,0,0,
32070,,Nuclear Strawberry,nuclear-strawberry,30,1,1,0,73936,73936,73936,0,100,100,0,0,0,0,0,0,0,0,
30813,,Naddic Games,naddic-games,30,1,1,0,73933,0,73933,1,0,100,0,0,0,0,100,100,0,0,
47696,,Alexander Taylor,alexander-taylor,30,3,3,0,73914,13151,24638,3,100,33,33,0,33,67,0,0,0,0,
12103,,Iocaine Studios,iocaine-studios,30,2,2,0,73877,21023,36939,1,100,50,50,50,0,50,50,0,0,0,
33773,,Miradil,miradil,30,2,2,0,73863,72365,36932,2,100,0,50,0,50,100,0,0,0,0,
1395871,,Pow Pixel Games,pow-pixel-games,30,2,2,0,73788,73788,36894,0,100,100,0,100,0,0,0,0,0,0,
44963,,Black Mammoth Games,black-mammoth-games,30,1,1,0,73775,73775,73775,0,100,100,0,100,0,0,100,100,0,0,
1166024,,Simplicity Games,simplicity-games,30,6,6,3,73762,1776,12294,8,89,33,44,44,44,11,0,0,0,33,
27044,,Morphcat Games,morphcat-games,30,1,1,0,73753,73753,73753,0,100,100,0,0,0,0,0,0,0,0,Germany
31044,,Bread Team,bread-team,30,1,1,0,73689,73689,73689,0,100,100,0,100,0,0,0,0,0,0,
18554,,FinalBoss Games,finalboss-games,30,3,3,0,73673,7567,24558,1,100,0,33,33,0,0,0,0,0,33,Spain
646076,,Demon Girl,demon-girl,30,1,1,1,73669,73669,73669,2,50,100,0,50,0,0,0,0,50,0,
31413,,Reddoll Srl,reddoll-srl,30,3,3,0,73666,28490,24555,0,67,33,33,0,33,0,0,0,0,67,
38122,,Dreamirl,dreamirl,30,3,3,3,73639,36820,24546,5,50,67,17,67,17,17,0,17,17,17,France
42404,,Planeshift Interactive,planeshift-interactive,30,1,1,0,73637,73637,73637,1,0,0,0,100,0,0,100,0,0,0,
504620,,Wolf holiday,wolf-holiday,30,1,1,0,73627,73627,73627,0,0,0,0,100,0,0,100,0,0,0,
821,,Rogue Sun,rogue-sun,30,2,2,0,73621,51403,36811,0,100,0,0,50,0,0,0,0,0,0,
22843,,AlphaNuts,alphanuts,30,5,5,0,73617,15728,14723,4,100,0,80,40,0,0,60,0,0,0,
1680540,,Risa Interactive,risa-interactive,30,1,1,0,73614,73614,73614,1,100,100,0,0,0,0,0,0,0,0,
14699,,Doble Punch Games,doble-punch-games,30,1,1,0,73606,73606,73606,0,100,0,100,100,0,100,0,0,0,0,
51845,,Unbalanced Equations,unbalanced-equations,30,1,1,0,73603,73603,73603,1,100,100,0,100,0,0,100,100,0,0,
19617,,2ndUp Studios,2ndup-studios,30,1,1,0,73590,73590,73590,1,100,100,0,100,0,0,0,0,0,0,
6869,,Meteoric Games,meteoric-games,30,1,1,0,73589,73589,73589,1,100,100,0,100,100,0,0,0,0,0,
15325,,SharkFishFish,sharkfishfish,30,1,1,0,73584,73584,73584,1,100,100,0,0,0,0,0,0,0,0,
27206,,Icehole Games,icehole-games,30,4,4,0,73564,18060,18391,0,25,0,0,0,50,75,0,0,0,25,
4159,,Duckbridge,duckbridge,30,2,2,0,73556,36778,36778,2,100,100,0,100,0,0,0,0,0,0,Netherlands
51715,,∇,-,30,3,3,0,73513,36757,24504,3,100,0,67,0,33,67,67,0,0,0,
14868,,TERARIN GAMES,terarin-games,30,8,8,1,73502,8278,9188,9,100,100,100,0,11,0,0,0,0,0,
9195,,MDA Digital,mda-digital,30,1,1,0,73471,0,73471,1,100,100,0,0,100,100,0,0,0,0,
11601,,Portal Studios,portal-studios,30,2,2,0,73445,36723,36723,2,100,100,50,50,0,0,0,0,0,0,
6488,,Vertex Pop,vertex-pop,30,4,4,0,73436,5746,18359,4,100,100,0,0,0,0,0,0,0,0,
1640751,,Right Sized Games,right-sized-games,30,1,1,0,73434,73434,73434,0,0,100,0,0,100,100,0,0,0,0,
184553,,Asami,asami,30,2,2,0,73424,36712,36712,0,0,0,50,0,100,0,50,0,0,0,
31557,,Nathan Rowe,nathan-rowe,30,1,1,0,73398,73398,73398,0,100,0,0,0,0,0,0,0,0,0,
14189,,Touch Dimensions Interactive,touch-dimensions-interactive,30,1,1,1,73364,73364,73364,2,100,100,0,50,0,50,50,0,0,0,
24803,,TallRoad Studio,tallroad-studio,30,1,1,0,73361,73361,73361,0,100,0,100,100,0,100,100,0,0,0,
52019,,Sunspot,sunspot,30,2,2,0,73342,36671,36671,0,0,0,50,0,100,0,50,0,0,0,
48748,,sadboy/受气小胖,sadboy,30,2,2,3,73305,36653,36653,0,0,80,20,80,0,20,60,20,20,0,
31798,,Endi Milojkoski,endi-milojkoski,30,1,1,0,73283,73283,73283,0,100,0,0,0,0,100,0,0,0,0,
2750,,Samuel Manier,samuel-manier,30,1,1,0,73269,73269,73269,1,100,0,0,0,100,0,0,0,0,100,
29796,,Emir Cerimovic,emir-cerimovic,30,1,1,0,73233,73233,73233,0,100,100,0,100,0,100,100,0,0,0,
28088,,NanoPiko,nanopiko,30,1,1,0,73121,73121,73121,0,100,0,100,0,0,0,0,0,0,0,
6820919,,OppaiMan 2D,oppaiman-2d,30,3,3,0,73106,24132,24369,3,33,100,33,0,0,0,0,0,0,0,
31175,,IF Games,if-games,30,1,1,0,73065,73065,73065,0,100,0,0,100,0,0,0,0,0,0,
25324,,Amegami,amegami,30,4,4,0,73013,29275,18253,0,25,0,100,50,25,50,0,0,0,0,Belarus
8780334,,M for Mother,m-for-mother,30,1,1,0,73005,73005,73005,1,100,0,100,0,0,0,0,0,0,0,
291995,,Xekvera,xekvera,30,1,1,0,72935,72935,72935,1,100,100,0,0,0,0,0,0,0,0,
27378,,Unique Development Studios AB,unique-development-studios-ab,30,1,1,0,72889,72889,72889,0,0,100,0,0,0,0,0,0,100,100,
13609,,GLOAM,gloam,30,1,1,0,72882,72882,72882,1,100,0,0,0,0,100,100,0,0,0,
26110,,Winterbyte,winterbyte,30,1,1,0,72879,72879,72879,0,100,100,0,100,0,0,0,0,0,0,
6397,,That Indie Studio,that-indie-studio,30,2,2,0,72832,36416,36416,2,100,0,50,50,0,100,100,0,0,0,
3663,,bitSmith Games,bitsmith-games,30,2,2,0,72831,57280,36416,2,100,100,0,50,0,0,50,0,0,0,
11434,,Robert Weaver,robert-weaver,30,1,1,0,72805,72805,72805,1,0,100,0,100,100,0,0,0,0,0,
11811,,Rebuff Reality,rebuff-reality,30,2,2,0,72793,71513,36397,2,100,100,50,0,50,0,0,0,0,100,
184434,,GoHoGames,gohogames,30,1,1,0,72785,72785,72785,0,100,100,100,100,100,0,100,0,0,0,
44984,,RePatrick21,repatrick21,30,1,1,0,72783,72783,72783,1,100,100,0,100,100,100,100,100,0,0,
28812,,Miroko,miroko,30,5,5,0,72749,34147,14550,0,80,60,0,60,0,20,0,0,0,0,
38228,,Superacid,superacid,30,1,1,0,72699,72699,72699,1,0,100,0,0,0,0,0,0,0,0,
38229,,Manlev Games,manlev-games,30,1,1,0,72699,72699,72699,0,0,100,0,0,0,0,0,0,0,0,
38985,,Sean Weech,sean-weech,30,1,1,0,72676,72676,72676,0,100,100,0,100,0,0,100,0,0,0,
29389,,webfoot,webfoot,30,17,17,0,72669,306,4275,0,0,12,94,0,12,71,0,0,6,59,
26336,,StudioGIW,studiogiw,30,8,8,0,72633,3724,9079,0,38,13,25,0,75,25,13,0,0,0,
5741728,,CLOCKUP,clockup,30,3,3,0,72624,31191,24208,0,0,0,67,100,0,0,0,0,0,0,Japan
30275,,KDV Games,kdv-games,30,2,2,0,72600,43163,36300,0,0,0,0,0,0,100,0,0,0,0,
6793,,Philip Day,philip-day,30,1,1,0,72592,72592,72592,1,0,0,0,0,0,0,0,0,0,0,
22517,,"Metaware Limited, LLC",metaware-limited-llc,30,2,2,0,72494,36247,36247,2,100,100,0,50,100,50,50,0,0,0,
20841,,Wisefool Studio,wisefool-studio,30,1,1,0,72483,0,72483,1,100,0,0,100,0,0,0,0,0,0,
1407922,,TITI Studios,titi-studios,30,1,1,0,72462,72462,72462,1,100,0,100,0,100,0,0,0,100,0,
18727,,Two Mammoths,two-mammoths,30,1,1,0,72445,72445,72445,1,100,0,100,100,0,0,0,0,0,0,
1397712,,かわいそうなのは抜ける,-,30,1,1,0,72415,72415,72415,0,100,0,0,100,100,0,100,0,0,0,
186258,,Mobirate,mobirate,30,4,4,0,72361,36181,18090,4,100,100,50,75,0,0,0,0,0,0,
51805,,[untitledDev],untitleddev,30,3,3,0,72359,36180,24120,3,100,100,100,100,33,100,0,67,100,0,Australia
28505,,Clouds,clouds,30,1,1,0,72339,72339,72339,0,0,100,0,0,0,0,0,0,0,0,
10674,,Plain Concepts Corp,plain-concepts-corp,30,1,1,0,72288,0,72288,1,100,0,100,0,0,100,0,0,0,0,United Kingdom
26382,,Stormcloud Games,stormcloud-games,30,1,1,0,72256,72256,72256,0,0,100,0,100,0,0,0,0,0,0,United Kingdom
47404,,Warsaw Film School Video Game &amp; Film Production Studio,warsaw-film-school-video-game-amp-film-production-studio,30,1,1,0,72249,72249,72249,0,100,0,0,100,0,0,0,0,0,0,
862,,Real Game Machine,real-game-machine,30,1,1,0,72240,72240,72240,1,100,100,0,100,0,0,0,0,0,0,
10222,,MC Games,mc-games,30,6,6,0,72167,14767,12028,6,83,67,50,67,50,33,0,0,0,0,
7421639,,Sunseeker Games,sunseeker-games,30,3,3,0,72163,11621,24054,3,100,0,100,33,0,0,0,0,0,0,
46045,,Shotx,shotx,30,6,6,0,72146,13995,12024,4,100,67,0,17,0,33,50,0,0,0,
292954,,Studio Hatch Co. Ltd.,studio-hatch-co-ltd,30,1,1,0,72136,72136,72136,1,100,100,0,100,0,0,0,0,0,0,
3982911,,SealDev,sealdev,30,1,1,0,72130,72130,72130,1,0,0,100,0,0,0,0,0,0,0,
13744,,Blacksea Odyssey,blacksea-odyssey,30,1,1,0,72129,72129,72129,0,100,100,0,0,0,0,0,0,0,0,United States
5901120,,画域互动,-,30,1,1,0,72114,72114,72114,1,0,0,100,0,100,0,100,0,0,0,
13874,,BBG Entertainment GmbH,bbg-entertainment-gmbh,30,6,6,1,72112,5452,12019,7,71,86,86,14,14,14,0,0,0,0,
31026,,3rdEye,3rdeye,30,1,1,0,72101,72101,72101,0,0,0,0,100,0,0,0,0,0,0,
377437,,Hat Games,hat-games,30,1,1,0,72071,72071,72071,1,100,100,100,0,0,0,0,0,0,0,
142249,,Crucial Experiment,crucial-experiment,30,2,2,0,71987,71987,35994,0,100,0,0,50,50,0,0,0,0,0,
233,,Tolga Ay,tolga-ay,30,2,2,1,71962,35981,35981,3,100,100,67,33,0,0,0,0,67,33,
23753,,Lipplen,lipplen,30,1,1,0,71946,71946,71946,0,100,0,0,100,0,0,0,0,0,0,
25435,,舒尔佳,-,30,1,1,0,71936,71936,71936,0,100,0,100,100,0,0,100,0,0,0,
29125,,舞刀弄影,-,30,1,1,0,71936,71936,71936,0,100,0,100,100,0,0,100,0,0,0,
6717259,,MOON SCAPE,moon-scape,30,1,1,0,71875,71875,71875,0,100,0,100,0,100,0,0,0,0,0,
1637653,,nikukyu,nikukyu,30,7,7,1,71873,10002,10268,0,100,25,25,75,25,25,100,0,0,0,
5100,,Squinkifer Productions	,squinkifer-productions,30,1,1,0,71841,71841,71841,1,100,0,0,100,0,0,0,0,0,0,
40759,,Themisian,themisian,30,3,3,0,71832,16319,23944,3,100,0,0,0,0,0,0,0,0,0,
4472,,SIM720 LIMITED,sim720-limited,30,1,1,0,71792,0,71792,1,100,100,100,0,0,0,0,0,0,0,
186435,,GeSEI unkan,gesei-unkan,30,1,1,0,71792,71792,71792,0,100,0,100,0,100,0,0,0,0,0,
10062,,MedievalNexus,medievalnexus,30,1,1,0,71791,71791,71791,1,100,100,100,0,100,100,0,0,0,0,
3869592,,CRT GAMES,crt-games,30,2,2,0,71791,35896,35896,0,0,100,100,0,0,0,0,0,0,0,
45970,,Red Stage Entertainment,red-stage-entertainment,30,1,1,1,71773,71773,71773,0,100,50,0,100,0,0,0,0,0,0,Finland
35090,,XeloGames,xelogames,30,2,2,0,71770,35885,35885,0,100,50,50,100,0,0,0,0,0,0,
23491,,ToasterFuel,toasterfuel,30,1,1,0,71713,71713,71713,1,100,100,100,0,0,0,0,0,0,0,
46500,,Bigboot Studios,bigboot-studios,30,3,3,2,71697,19685,23899,4,40,40,40,60,20,40,80,20,0,0,
8220,,Pixel Prophecy,pixel-prophecy,30,1,1,0,71688,71688,71688,1,100,0,100,0,0,0,0,0,0,0,
732,,Red Cabin Games,red-cabin-games,30,1,1,1,71673,71673,71673,2,100,50,0,50,0,0,0,0,0,0,Sweden
24359,,Curiosity Computing,curiosity-computing,30,7,7,0,71644,10031,10235,5,43,0,0,0,100,100,0,0,0,100,
25372,,Elushis,elushis,30,4,4,0,71610,2293,17903,0,100,50,50,75,50,25,100,0,0,0,
8440,,Protection Games,protection-games,30,2,2,1,71606,71606,35803,2,100,0,67,0,67,100,33,0,0,0,
4772,,Boxhead Bros.,boxhead-bros,30,2,2,0,71596,35798,35798,2,100,0,100,0,50,0,0,0,0,0,
1403,,Pixel Prototype,pixel-prototype,30,2,2,0,71561,35781,35781,2,100,0,50,100,50,50,0,0,0,0,
3872661,,pixel games SARL-S,pixel-games-sarl-s,30,5,5,1,71532,10580,14306,6,67,100,50,17,0,0,0,0,0,0,
151850,,ATOM VOID,atom-void,30,1,1,0,71528,71528,71528,1,100,0,0,0,0,100,100,0,0,0,
27187,,Zeenoh,zeenoh,30,1,1,0,71519,71519,71519,0,100,0,0,100,100,0,0,0,0,0,
30419,,7 Seals,7-seals,30,1,1,0,71519,71519,71519,0,100,0,0,100,100,0,0,0,0,0,
26599,,Capricia Productions,capricia-productions,30,2,2,0,71511,35756,35756,0,100,100,0,50,0,0,0,0,0,0,Israel
7850,,Tall Story Studios,tall-story-studios,30,2,2,0,71490,35745,35745,0,50,50,50,50,50,0,50,0,0,0,
45487,,wow wow Games,wow-wow-games,30,19,19,0,71461,2356,3761,19,42,26,79,26,16,26,0,0,0,0,
16223,,Miracle Moon,miracle-moon,30,2,2,1,71405,35703,35703,3,100,0,67,100,0,0,0,0,0,0,
32138,,Quaint Emerald,quaint-emerald,30,1,1,0,71351,71351,71351,0,100,100,100,0,0,100,0,0,0,0,
3878699,,Warshop,warshop,30,1,1,0,71304,71304,71304,0,0,0,0,0,0,0,100,0,0,0,
6545,,Ravegan,ravegan,30,3,3,0,71264,8548,23755,2,100,100,33,33,0,0,0,0,0,0,Argentina
12249,,Individual Software,individual-software,30,39,39,0,71258,544,1827,39,0,0,10,0,0,0,0,0,0,0,
3415,,ALIEN studio,alien-studio,30,3,3,0,71220,7999,23740,3,33,67,33,100,67,33,33,0,33,0,
25911,,iosoftware,iosoftware,30,2,2,0,71207,35604,35604,0,100,0,0,50,0,100,50,0,0,0,
16144,,Dotoyou Games,dotoyou-games,30,5,5,0,71181,3011,14236,5,100,40,80,40,0,40,0,0,0,0,
8895,,Jollypunch Games,jollypunch-games,30,4,4,0,71144,35572,17786,4,100,100,0,0,0,0,0,0,0,50,Italy
206564,,"Team 21 Studio, Inc.",team-21-studio-inc,30,1,1,0,71110,71110,71110,1,0,100,0,100,0,0,100,100,0,0,
5533,,PIXYUL,pixyul,30,1,1,0,71020,71020,71020,1,100,100,0,0,0,0,0,0,0,0,
25315,,Igrek Games,igrek-games,30,2,2,0,70975,35488,35488,0,100,100,50,0,0,0,50,0,0,0,
33834,,Darkania Works,darkania-works,30,4,4,1,70938,35469,17735,2,80,0,0,100,0,0,0,0,0,0,
41661,,Stas Paty9mkin,stas-paty9mkin,30,20,20,0,70928,3321,3546,0,100,0,100,15,40,75,5,0,5,0,
4526,,KirUn,kirun,30,2,2,1,70927,35464,35464,3,100,0,67,0,0,67,0,0,0,0,
14763,,Soaphog,soaphog,30,2,2,0,70852,35426,35426,1,100,0,0,100,0,50,50,0,0,0,
39377,,Tong Li Publishing Co.,tong-li-publishing-co,30,1,1,0,70829,70829,70829,1,0,0,100,100,0,0,0,0,0,0,
4231,,threeW,threew,30,2,2,3,70813,35407,35407,3,100,100,40,40,60,20,0,20,0,0,
830030,,ハチクマソフト,-,30,2,2,0,70797,35399,35399,0,0,0,0,50,0,0,100,0,0,0,
45210,,Curious Fate,curious-fate,30,1,1,0,70723,70723,70723,0,0,100,0,0,0,100,0,0,0,0,
24036,,Rhema Press,rhema-press,30,1,1,0,70664,70664,70664,0,100,0,100,0,0,0,0,0,0,0,
1396566,,Steel Games,steel-games,30,1,1,0,70652,70652,70652,1,100,0,0,0,100,100,100,0,0,0,Turkey
26973,,Brainbox Games,brainbox-games,30,1,1,0,70639,70639,70639,0,0,100,0,0,0,0,0,0,0,0,
2677,,Horus Games,horus-games,30,1,1,0,70636,70636,70636,1,100,100,0,100,100,0,100,0,100,0,
20471,,Toasty Games,toasty-games,30,1,1,0,70586,70586,70586,1,100,0,0,0,0,0,0,0,0,0,
6059796,,Jujubee,jujubee,30,1,1,0,70575,70575,70575,0,100,0,0,0,100,100,0,0,0,0,
2861063,,Cointinue Games,cointinue-games,30,1,1,1,70570,70570,70570,2,100,0,100,50,50,50,100,0,0,0,
15019,,喵鼎工作室,-,30,2,2,0,70557,0,35279,2,100,100,0,100,0,0,100,0,0,0,
5151216,,我的同居女神竟是小姨子,-,30,1,1,0,70535,70535,70535,1,100,0,100,0,0,0,100,0,0,0,
10042,,Sergey Marchenko,sergey-marchenko,30,2,2,0,70515,35258,35258,2,100,50,50,0,0,0,0,0,0,0,
26520,,TNT Team,tnt-team,30,2,2,0,70508,35254,35254,0,0,100,0,0,0,0,0,0,0,0,
30460,,Linus Fredriksson,linus-fredriksson,30,1,1,1,70445,0,70445,0,50,100,50,0,0,0,0,0,0,0,
9241,,Lesser Evil Games,lesser-evil-games,30,1,1,0,70418,70418,70418,1,100,0,0,100,0,0,100,0,0,0,
2427893,,7th Door,7th-door,30,1,1,0,70384,70384,70384,0,100,0,0,0,0,0,100,0,0,0,
52767,,Kredyn,kredyn,30,1,1,1,70307,70307,70307,2,0,50,0,100,50,0,50,0,0,0,
23151,,"Axis Game Factory, Inc.",axis-game-factory-inc,30,1,1,0,70302,70302,70302,1,0,0,0,0,0,0,0,0,0,0,
48774,,Suzuki Suzuzou,suzuki-suzuzou,30,1,1,0,70268,70268,70268,1,0,0,0,0,0,0,100,0,0,0,
6148,,Beldarak Games,beldarak-games,30,2,2,0,70232,35116,35116,2,100,100,0,0,0,0,100,0,0,0,
29879,,Elizabeth Flynn,elizabeth-flynn,30,1,1,0,70137,0,70137,0,100,0,100,100,100,0,100,0,0,0,
41338,,Yannick,yannick,30,1,1,1,70106,70106,70106,0,100,100,100,50,0,0,0,0,0,50,
39477,,埋月山枯,-,30,3,3,1,70077,21639,23359,2,100,0,75,25,0,0,100,0,0,0,
41677,,Thomas K. Young,thomas-k-young,30,8,8,0,70060,6695,8758,8,100,100,13,75,0,0,0,0,0,0,
7109,,Mr.Lordy,mr-lordy,30,1,1,0,70048,70048,70048,1,100,0,0,0,100,100,100,0,0,0,
44495,,Zino,zino,30,1,1,0,70047,0,70047,0,0,100,100,0,0,0,0,0,0,0,
28644,,[bracket]games,bracket-games,30,1,1,1,70021,70021,70021,0,100,0,0,100,0,0,0,0,0,0,United States
36414,,GRUMPY,grumpy,30,2,2,0,70012,35006,35006,1,50,100,0,50,50,0,50,50,0,0,
13127,,314 Arts,314-arts,30,1,1,1,69978,69978,69978,1,100,100,50,50,0,100,50,0,0,0,
42820,,Demolish Games S.A.,demolish-games-s-a,30,3,3,1,69974,69974,23325,4,75,25,25,25,100,0,0,0,0,0,
33979,,FrostLeaf Games LLC,frostleaf-games-llc,30,1,1,0,69962,69962,69962,1,100,100,0,100,0,0,0,0,0,0,
41430,,Charlie Brej,charlie-brej,30,3,3,0,69916,9671,23305,3,0,0,100,0,67,67,0,0,0,0,
51685,,EverCats,evercats,30,3,3,2,69864,19279,23288,5,0,0,100,20,0,0,0,0,0,0,
2160775,,GNT BOKUJO,gnt-bokujo,30,1,1,0,69857,69857,69857,0,100,0,100,0,100,0,100,0,0,0,
1515609,,Hulu World,hulu-world,30,1,1,0,69841,69841,69841,0,100,0,0,100,0,0,0,0,0,0,
21247,,Alex Zhang,alex-zhang,30,1,1,0,69831,69831,69831,1,0,0,100,0,0,0,100,0,0,0,
2295945,,Goosix Games,goosix-games,30,2,2,0,69829,34915,34915,2,100,100,0,100,100,0,0,50,0,0,
54408,,ICCreations,iccreations,30,1,1,0,69816,69816,69816,1,100,0,100,100,0,0,100,0,0,0,
217611,,OhDeer Studio,ohdeer-studio,30,1,1,0,69784,69784,69784,0,100,0,0,100,0,0,0,0,0,0,
537292,,100 GAMES,100-games,30,1,1,0,69784,69784,69784,0,100,0,0,100,0,0,0,0,0,0,
31856,,Vladimir Kudelka,vladimir-kudelka,30,2,2,1,69783,34892,34892,0,100,67,33,100,0,0,0,0,0,0,
20479,,unbeGames,unbegames,30,2,2,2,69776,34888,34888,4,50,0,0,25,25,50,0,0,0,0,
13051,,eMedia Music,emedia-music,30,3,3,0,69775,14760,23258,3,0,0,0,0,0,0,0,0,0,0,
37513,,Craftshop Arts Inc.,craftshop-arts-inc,30,1,1,0,69768,69768,69768,1,100,100,100,0,0,0,0,0,0,0,
10324,,Fossil Games,fossil-games,30,4,4,1,69761,9849,17440,0,100,100,40,100,0,0,20,0,0,0,
38627,,Paddle Creek Games,paddle-creek-games,30,1,1,0,69755,0,69755,1,100,100,0,100,100,0,100,100,0,0,
37165,,2MEDYA,2medya,30,4,4,1,69753,32038,17438,5,0,40,60,40,60,0,20,0,40,0,
28099,,4Friends Games,4friends-games,30,1,1,0,69741,69741,69741,0,0,0,100,100,0,0,0,0,0,0,
2983,,HappyGiant,happygiant,30,2,2,0,69740,34870,34870,1,100,50,0,50,0,0,0,0,0,0,
940144,,Barista Lab,barista-lab,30,1,1,0,69734,69734,69734,0,0,0,100,0,0,0,0,0,0,0,
26644,,XenoAisam,xenoaisam,30,3,3,0,69715,34858,23238,0,0,100,0,33,0,0,0,0,0,0,
46842,,Cloisters Interactive,cloisters-interactive,30,1,1,0,69701,69701,69701,0,100,0,100,100,0,0,0,0,0,0,
4993160,,Ge-Aivan,ge-aivan,30,2,2,0,69691,34846,34846,2,100,100,100,100,50,100,0,0,0,0,
10244,,Somnambulist Games,somnambulist-games,30,7,7,1,69648,8463,9950,8,13,25,25,25,38,13,0,0,0,0,
5901552,,Actus Games,actus-games,30,1,1,0,69640,69640,69640,1,100,0,100,0,100,0,0,0,0,0,Poland
3843,,Game Master LLC,game-master-llc,30,1,1,0,69589,69589,69589,1,100,100,100,100,100,100,100,0,0,0,
3790,,Devoga,devoga,30,1,1,0,69547,0,69547,1,100,100,0,0,0,0,0,0,0,0,
20394,,Kamyker,kamyker,30,1,1,0,69538,69538,69538,1,100,100,0,0,100,0,0,0,0,0,
20320,,Pen and Sword Games,pen-and-sword-games,30,1,1,0,69527,69527,69527,1,100,100,100,0,0,0,0,0,0,0,
25752,,Graveck,graveck,30,3,3,0,69503,10116,23168,0,67,33,67,33,0,67,0,0,0,0,United States
152087,,Zeldars Zone,zeldars-zone,30,1,1,1,69484,69484,69484,1,100,100,0,0,0,0,0,0,0,0,
2490,,Horny NPC Games,horny-npc-games,30,1,1,0,69476,69476,69476,1,100,0,0,100,0,0,0,0,0,0,
7849922,,Dominik Vojta,dominik-vojta,30,1,1,0,69473,69473,69473,1,100,0,100,100,100,0,0,0,0,0,
22372,,Elev8 Games,elev8-games,30,1,1,0,69468,69468,69468,1,100,100,0,100,0,0,0,0,0,0,
1397605,,Harvey games,harvey-games,30,2,2,0,69467,69467,34734,2,100,0,100,0,100,0,0,0,0,0,Russia
3868,,Autoexec Games,autoexec-games,30,3,3,0,69456,69456,23152,3,100,100,0,0,0,100,0,0,0,0,
20933,,Another Reality,another-reality,30,2,2,1,69429,34715,34715,3,67,0,0,33,67,33,0,0,0,0,
27613,,Daniel Marques,daniel-marques,30,1,1,0,69429,69429,69429,0,100,0,100,100,0,0,100,0,0,0,
26402,,Turnfollow,turnfollow,30,2,2,0,69421,34711,34711,1,100,0,100,0,50,0,50,0,0,0,
15049,,Caravel Games,caravel-games,30,3,3,0,69383,7740,23128,3,100,0,0,100,0,100,33,0,0,0,
2427663,,キラ☆タマ,-,30,3,3,1,69375,24600,23125,0,100,0,50,100,0,0,100,0,0,0,
24188,,Robit Games,robit-games,30,2,2,0,69359,69359,34680,1,100,50,0,100,0,0,0,0,0,0,United States
19991,,5am Games GmbH,5am-games-gmbh,30,1,1,0,69322,69322,69322,1,100,0,0,100,0,0,0,0,0,0,
3729356,,"ZHUYUAN Co.,Ltd",zhuyuan-co-ltd,30,1,1,1,69309,69309,69309,2,100,0,0,100,100,0,0,0,0,0,
15648,,Zordix AB,zordix-ab,30,2,2,0,69297,34649,34649,2,100,100,0,0,100,0,0,0,100,100,
27618,,FAKT Software Gmbh,fakt-software-gmbh,30,1,1,0,69277,69277,69277,0,0,0,100,0,0,100,0,0,0,0,
243667,,Rubber Duck Games,rubber-duck-games,30,2,2,0,69263,34632,34632,0,100,50,50,50,0,50,100,0,0,0,
398139,,POISON,poison,30,22,22,1,69257,1995,3148,0,0,26,35,74,0,0,0,0,0,0,Japan
24935,,Polywick Studio,polywick-studio,30,2,2,0,69250,34625,34625,0,50,0,0,0,50,100,0,0,0,0,
47002,,Team Corn Field,team-corn-field,30,1,1,0,69236,69236,69236,0,100,0,0,100,0,0,0,0,0,0,
14352,,Songquito UG,songquito-ug,30,1,1,0,69214,0,69214,1,100,0,100,0,100,0,0,0,0,0,
48900,,Art of Lust,art-of-lust,30,1,1,0,69179,69179,69179,0,100,0,0,100,100,0,0,0,0,0,
15177,,Skeleton Star Game,skeleton-star-game,30,1,1,0,69177,69177,69177,1,100,100,100,100,100,0,100,0,0,0,
31701,,The Software Farm,the-software-farm,30,1,1,0,69153,69153,69153,0,0,100,0,100,0,0,0,0,0,0,
23897,,"21c.Ducks Co., Ltd.",21c-ducks-co-ltd,30,2,2,0,69131,34566,34566,0,100,100,0,50,0,0,0,0,50,0,
148894,,Ringzero Game Studio,ringzero-game-studio,30,1,1,0,69124,69124,69124,0,0,0,0,0,100,0,0,0,0,0,Thailand
7247663,,Lipsar Studio,lipsar-studio,30,1,1,0,69120,69120,69120,1,0,100,0,0,0,100,0,0,0,0,Russia
19891,,Lycian Studio,lycian-studio,30,5,5,0,69109,13613,13822,4,100,0,0,60,80,100,100,0,0,0,
3878499,,浮游石游戏FuseGame,fusegame,30,1,1,0,69100,69100,69100,0,100,100,0,0,0,0,0,0,0,0,
38414,,图纳密游戏,-,30,3,3,0,69025,28936,23008,3,100,67,0,100,0,0,100,0,0,0,
4377,,Dark-Spot Studio,dark-spot-studio,30,1,1,0,68978,68978,68978,1,100,100,0,0,0,0,0,0,0,0,
720596,,Elite Lords Studios,elite-lords-studios,30,3,3,0,68954,24737,22985,3,100,0,0,100,0,0,0,0,0,0,
1397521,,Azurite,azurite,30,1,1,0,68917,68917,68917,0,0,0,0,100,0,0,0,0,0,0,
37467,,M先生,m,30,4,4,1,68900,2544,17225,1,100,20,80,40,60,20,60,0,0,0,
23550,,Cocopo,cocopo,30,1,1,0,68839,68839,68839,0,100,100,0,100,100,100,0,0,0,0,
37868,,Rocket Adrift,rocket-adrift,30,2,2,0,68838,34419,34419,1,100,0,50,50,50,0,0,0,0,0,
23469,,"Thiemo Bolder, ONEMANGAMES",thiemo-bolder-onemangames,30,1,1,0,68830,68830,68830,1,100,100,0,0,0,100,0,0,0,0,
4000638,,Aeromir,aeromir,30,1,1,0,68818,68818,68818,1,100,100,0,0,0,0,100,0,0,0,
5993,,Flynn's Arcade,flynn-s-arcade,30,4,4,1,68750,10571,17188,4,100,100,20,60,0,0,20,0,0,0,
35106,,MaouCat Studio / 魔王貓工作室,maoucat-studio,30,10,10,2,68748,6023,6875,2,100,0,100,92,8,8,67,0,0,0,
1412209,,MOONSEER VR,moonseer-vr,30,1,1,1,68690,68690,68690,2,100,100,0,50,0,50,50,50,0,0,
3415703,,HOT CODE COMPANY,hot-code-company,30,2,2,0,68670,68670,34335,0,100,50,100,100,100,0,0,0,0,0,
291168,,Dead Pixel Productions,dead-pixel-productions,30,1,1,0,68644,68644,68644,0,0,100,0,100,0,0,0,0,0,0,
6006,,Narko Games,narko-games,30,8,8,0,68627,2735,8578,8,75,100,50,100,50,25,63,0,38,63,
4042527,,AIROTS,airots,30,2,2,0,68598,34299,34299,1,0,50,100,0,0,0,0,0,0,0,
2334,,Red Team Games,red-team-games,30,2,2,0,68596,0,34298,2,100,0,0,0,0,100,0,50,0,0,United States
205,,Ignis Sanat,ignis-sanat,30,2,2,2,68542,34271,34271,4,100,0,0,100,25,25,0,0,0,0,
33254,,LonePlanetStudios,loneplanetstudios,30,1,1,0,68528,0,68528,0,100,0,0,0,0,0,0,0,0,0,
4970,,VIEWER READY,viewer-ready,30,2,2,0,68511,34256,34256,2,50,50,0,0,100,100,0,0,0,100,
1395018,,Dev Kacper,dev-kacper,30,1,1,0,68508,68508,68508,1,100,100,0,100,0,0,100,0,0,0,
2899,,Peakway Software LLC,peakway-software-llc,30,1,1,0,68505,68505,68505,1,100,0,0,100,0,0,100,0,0,0,
38635,,双叶小组,-,30,2,2,0,68486,34243,34243,2,100,0,100,100,0,0,0,0,0,0,
3870260,,HiKing Mind Studio,hiking-mind-studio,30,1,1,0,68438,68438,68438,0,100,0,0,100,0,0,0,0,0,0,
27239,,Liquid Dragon Studios,liquid-dragon-studios,30,1,1,0,68437,68437,68437,0,100,100,0,100,100,100,0,0,0,0,
2165032,,Ghosts,ghosts,30,1,1,0,68403,68403,68403,0,100,0,100,0,0,0,0,0,100,100,
3870127,,Wave Ecstacy,wave-ecstacy,30,1,1,0,68390,68390,68390,1,100,0,100,0,0,0,0,0,0,0,
2768,,Quicksilver Software,quicksilver-software,30,5,5,0,68347,5009,13669,0,0,0,0,40,0,100,40,0,0,0,United States
32341,,Unison Shift: Blossom,unison-shift-blossom,30,3,3,0,68330,15030,22777,0,0,0,67,33,0,0,0,0,0,0,Japan
49952,,星环游戏,-,30,3,3,0,68329,240,22776,0,67,33,67,100,0,33,100,0,0,0,
29988,,SEROSOO,serosoo,30,2,2,0,68308,34154,34154,1,100,100,100,50,0,0,0,0,0,0,
18618,,Bilge Kaan,bilge-kaan,30,2,2,1,68274,34137,34137,2,100,67,33,67,33,0,0,0,0,0,
1792,,Florian van Strien,florian-van-strien,30,2,2,1,68243,34122,34122,3,100,0,33,0,33,67,0,0,0,0,
22735,,Console Labs S.A.,console-labs-s-a,30,2,2,0,68233,34117,34117,2,100,100,50,100,0,0,0,0,0,0,
3878964,,BalloonsGame,balloonsgame,30,1,1,0,68224,68224,68224,1,100,0,100,0,0,0,100,0,0,0,
6933,,Bloom Digital Media,bloom-digital-media,30,4,4,1,68192,13892,17048,4,80,0,100,20,60,0,60,0,0,0,Canada
184558,,alloy mushroom,alloy-mushroom,30,1,1,1,68189,68189,68189,1,100,100,0,100,0,0,50,0,0,0,China
4359,,Sylvain Harlaut,sylvain-harlaut,30,2,2,0,68179,34090,34090,2,100,0,0,0,0,100,100,0,0,0,
15921,,Tracer Interactive,tracer-interactive,30,1,1,0,68141,0,68141,1,100,100,0,0,0,100,0,0,0,0,
26517,,Nightly Studios,nightly-studios,30,1,1,0,68111,68111,68111,0,100,0,0,100,0,0,0,0,0,0,
612347,,Final Screw,final-screw,30,3,3,1,68103,34052,22701,4,50,25,75,0,0,75,0,0,0,0,
1641951,,Mendoka,mendoka,30,2,2,0,68043,34022,34022,2,100,100,50,100,0,0,100,50,0,0,
9854,,Raxasoft Games,raxasoft-games,30,2,2,0,68028,9064,34014,2,100,100,0,0,0,0,0,0,0,0,
67011,,ALPHA-NEXT,alpha-next,30,1,1,0,68022,0,68022,1,0,0,0,100,0,0,0,0,0,0,
38915,,Vittgen Inc.,vittgen-inc,30,1,1,0,67996,67996,67996,1,100,0,0,100,100,0,0,0,0,0,
291525,,IT Roy,it-roy,30,1,1,0,67949,67949,67949,1,100,0,100,100,0,0,0,0,0,0,
4237516,,國王互娛King Interactive,king-interactive,30,1,1,0,67930,67930,67930,1,100,0,0,0,100,0,100,0,0,0,
1395042,,Metavision Studio,metavision-studio,30,1,1,0,67907,67907,67907,1,100,100,0,100,0,0,0,0,0,0,Turkey
301,,Punk Notion,punk-notion,30,3,3,1,67889,33945,22630,1,100,75,75,75,0,0,0,0,0,25,
27623,,Studio Work3,studio-work3,30,1,1,0,67886,67886,67886,0,100,100,100,0,0,0,0,0,0,0,
33520,,Lampert &amp; Sons,lampert-amp-sons,30,1,1,0,67886,67886,67886,0,100,100,100,0,0,0,0,0,0,0,
15886,,BigTapir Games,bigtapir-games,30,1,1,0,67885,67885,67885,1,100,100,0,100,0,0,0,0,0,0,
36429,,Gametopia,gametopia,30,1,1,0,67856,67856,67856,0,100,0,0,100,0,0,0,0,0,0,
22006,,IceTorch Interactive,icetorch-interactive,30,1,1,0,67853,67853,67853,1,0,0,100,0,100,0,0,0,0,0,
24037,,Xuse,xuse,30,2,2,0,67785,33893,33893,0,50,0,50,0,0,50,100,0,0,0,
40384,,LTZinc,ltzinc,30,61,61,0,67775,707,1111,52,100,69,98,100,100,11,34,15,7,15,
17692,,Pwnee Studios,pwnee-studios,30,2,2,0,67774,67774,33887,1,100,0,0,0,0,50,0,0,0,0,
9992,,FastGame,fastgame,30,6,6,0,67769,7360,11295,6,100,50,50,83,50,33,17,0,33,50,
185150,,Brianode,brianode,30,1,1,0,67761,67761,67761,0,100,100,0,0,0,0,100,0,0,0,Japan
8842,,Trapdoor Games,trapdoor-games,30,1,1,0,67759,67759,67759,1,100,0,0,0,0,0,0,0,0,0,
32618,,Hot Cross Games,hot-cross-games,30,1,1,0,67759,67759,67759,0,100,0,0,0,0,0,0,0,0,0,
72190,,Bohdan Taraba,bohdan-taraba,30,1,1,0,67722,67722,67722,1,100,100,100,100,0,0,0,0,0,0,
22088,,Mudpike,mudpike,30,1,1,0,67659,67659,67659,1,100,100,0,0,0,100,0,0,0,0,
52554,,Gluten Free Games,gluten-free-games,30,2,2,0,67653,67653,33827,2,50,50,0,50,50,0,100,0,0,0,
2588,,Frogshark,frogshark,30,1,1,0,67629,67629,67629,1,100,100,100,100,0,0,0,0,0,100,New Zealand
25723,,"AndrewDrumov, Sanke Berdochan",andrewdrumov-sanke-berdochan,30,1,1,0,67626,67626,67626,0,100,100,100,100,100,0,0,0,0,0,
5538,,Flying Star Games,flying-star-games,30,6,6,0,67624,12412,11271,5,0,0,0,50,17,100,100,0,0,0,
6444,,Mikołaj Spychał,miko-aj-spycha,30,15,15,0,67615,2990,4508,15,100,7,100,87,80,7,0,0,0,0,
45338,,Mustafa Caner Tonbul,mustafa-caner-tonbul,30,1,1,1,67590,0,67590,2,50,0,0,0,100,50,50,0,0,0,
6387307,,Старый Билд,-,30,1,1,0,67567,67567,67567,1,100,0,0,100,100,0,0,0,0,0,
28973,,Bonus Level Entertainment,bonus-level-entertainment,30,2,2,0,67566,33783,33783,0,50,100,0,100,0,0,100,0,0,0,Germany
11994,,Nuno Donato,nuno-donato,30,3,3,0,67559,25519,22520,0,100,33,100,0,33,33,0,0,0,0,
68666,,独立游戏开发组：,-,30,1,1,0,67494,67494,67494,0,100,0,0,0,100,100,100,0,0,0,
68667,,萌逗,-,30,1,1,0,67494,67494,67494,0,100,0,0,0,100,100,100,0,0,0,
68668,,joy,joy,30,1,1,0,67494,67494,67494,0,100,0,0,0,100,100,100,0,0,0,
504225,,BraveCat'Studios,bravecat-studios,30,2,2,1,67470,33735,33735,3,100,100,100,33,0,0,0,0,0,0,
13473,,MERJ Media,merj-media,30,1,1,0,67468,67468,67468,1,100,100,100,0,0,0,0,0,0,100,
25464,,bluffman,bluffman,30,3,3,0,67463,19544,22488,0,100,67,0,0,0,0,100,0,0,0,
2701,,Organic Humans,organic-humans,30,1,1,0,67449,67449,67449,1,100,0,0,100,0,0,0,0,0,0,
16035,,Hamster On Coke Games,hamster-on-coke-games,30,5,5,2,67438,14022,13488,7,100,14,100,0,14,29,0,0,0,0,
6899373,,WaveBox Labs,wavebox-labs,30,2,2,0,67434,33717,33717,2,50,50,50,0,50,0,50,0,0,100,
15803,,吃了就睡工作室,-,30,8,8,2,67374,8370,8422,9,90,10,40,60,0,10,50,0,0,0,
30010,,Lunar Great Wall Studios,lunar-great-wall-studios,30,2,2,0,67344,67344,33672,0,100,100,100,100,0,0,0,0,0,0,Italy
3716051,,Charlie Oscar,charlie-oscar,30,1,1,1,67320,67320,67320,1,100,0,0,50,0,100,100,0,0,0,
7849600,,Purple Heads Games,purple-heads-games,30,1,1,0,67283,67283,67283,1,100,0,100,0,100,100,0,0,0,0,
27791,,Froach Club,froach-club,30,1,1,0,67271,67271,67271,0,0,0,100,100,0,0,0,0,0,0,
8081,,BambuseaeGames,bambuseaegames,30,5,5,0,67244,12826,13449,0,100,40,60,0,40,0,0,0,0,0,
8886,,hOSHI,hoshi,30,5,5,0,67227,1805,13445,5,80,40,40,60,20,0,0,0,20,0,
53624,,EroticGamesClub,eroticgamesclub,30,218,218,5,67219,258,308,223,100,0,100,38,23,0,0,0,0,0,
5270,,Interactive Gaming Studios,interactive-gaming-studios,30,10,10,1,67206,4702,6721,11,73,64,55,82,55,0,0,9,0,0,
24725,,Studio Clangore,studio-clangore,30,4,4,0,67190,17521,16798,0,25,25,50,0,0,50,0,0,0,0,
45587,,Black Cube Games,black-cube-games,30,1,1,0,67170,67170,67170,0,100,100,100,100,0,0,0,0,0,0,Netherlands
720116,,Button Factory Games,button-factory-games,30,1,1,0,67150,67150,67150,0,100,0,0,0,0,0,100,0,0,0,
9894,,蓝铂工作室,-,30,1,1,0,67118,67118,67118,0,100,0,100,100,100,0,100,0,0,0,
24475,,Mirball Games,mirball-games,30,2,2,0,67082,33541,33541,0,0,0,100,0,0,50,0,0,0,0,
41324,,Laputa Labs,laputa-labs,30,1,1,0,67046,67046,67046,1,0,0,0,0,100,0,0,0,0,0,
29109,,Light,light,30,8,8,0,66999,9360,8375,0,0,0,38,63,38,0,0,0,0,0,
830271,,Renka,renka,30,5,5,0,66995,10883,13399,5,100,0,20,0,0,40,0,0,0,0,
16501,,studiocime,studiocime,30,1,1,0,66978,66978,66978,1,100,0,0,100,0,0,0,0,0,0,
7436,,Perfoon,perfoon,30,1,1,1,66969,66969,66969,2,100,50,0,50,50,0,100,0,0,0,
53937,,Bungarra Software Pty Ltd,bungarra-software-pty-ltd,30,1,1,0,66959,66959,66959,1,100,100,0,0,100,0,0,0,0,100,
1395416,,MILLIDIA,millidia,30,3,3,2,66959,12804,22320,3,100,60,0,40,60,60,100,0,0,0,
23682,,AweKteaM,awekteam,30,2,2,0,66935,66935,33468,0,50,100,0,100,0,0,50,0,0,0,
9846,,IzHard,izhard,30,2,2,0,66934,33467,33467,2,50,100,0,100,0,0,0,0,0,0,
38888,,Empty Head Games,empty-head-games,30,1,1,1,66921,66921,66921,1,50,50,0,100,0,0,0,0,0,0,Cuba
44715,,Glacerose,glacerose,30,1,1,0,66911,0,66911,1,100,0,100,0,0,0,0,0,0,0,
13869,,Nikita Kaf,nikita-kaf,30,3,3,0,66892,28730,22297,0,100,0,0,67,0,0,0,0,0,0,
26285,,Eagre Games,eagre-games,30,1,1,0,66882,66882,66882,0,100,0,100,100,0,0,0,0,0,0,United States
25655,,Stefan Kraus,stefan-kraus,30,1,1,0,66881,66881,66881,0,0,0,0,0,0,0,0,0,0,0,
27466,,Timo Armbruster,timo-armbruster,30,1,1,0,66881,66881,66881,0,0,0,0,0,0,0,0,0,0,0,
31034,,Johannes Rosenberg,johannes-rosenberg,30,1,1,0,66881,66881,66881,0,0,0,0,0,0,0,0,0,0,0,
1637132,,Whiteleaf Studio,whiteleaf-studio,30,3,3,2,66860,25318,22287,5,100,0,100,0,60,0,0,0,0,0,
16936,,Terrarium,terrarium,30,1,1,0,66850,66850,66850,1,100,100,0,0,0,0,0,0,0,0,
941229,,smellymoo,smellymoo,30,1,1,0,66841,66841,66841,1,100,0,100,0,100,0,0,0,0,0,
2564690,,Doorknob22,doorknob22,30,1,1,0,66825,66825,66825,1,100,0,0,100,0,100,100,0,0,0,
16096,,Catze,catze,30,2,2,0,66821,33411,33411,2,50,50,0,0,50,0,0,0,100,50,
31943,,Wolf Knight,wolf-knight,30,1,1,0,66759,66759,66759,0,100,100,0,100,0,0,0,0,0,0,
32574,,Burst,burst,30,1,1,0,66747,66747,66747,0,0,0,0,100,0,0,0,0,0,0,
1052343,,Cygnus Entertainment,cygnus-entertainment,30,2,2,0,66734,33367,33367,2,0,0,100,100,0,100,0,0,0,0,
49432,,Triomatica Games,triomatica-games,30,2,2,1,66674,33337,33337,3,100,0,0,100,0,0,0,0,0,0,
15960,,Mountainwheel Games,mountainwheel-games,30,1,1,0,66646,66646,66646,1,100,100,100,100,100,0,100,100,0,0,
19244,,Pauloondra,pauloondra,30,3,3,0,66607,33304,22202,3,100,67,33,0,0,33,67,0,0,0,
26922,,Oliver Boyce,oliver-boyce,30,1,1,0,66579,66579,66579,0,100,100,0,100,0,0,0,0,0,0,
11514,,68k Studios,68k-studios,30,4,4,0,66573,18906,16643,3,25,25,0,0,0,0,100,0,0,0,
24989,,Anguis Game Studio,anguis-game-studio,30,1,1,0,66546,66546,66546,0,100,100,0,100,0,0,100,0,0,0,
49501,,小五,-,30,2,2,0,66538,0,33269,0,100,0,100,100,0,100,0,0,0,0,
26064,,Solest Games,solest-games,30,1,1,0,66537,66537,66537,0,100,0,100,100,0,0,0,0,0,0,
1640028,,Above a Damage Tile,above-a-damage-tile,30,1,1,0,66534,66534,66534,0,100,100,0,0,0,0,100,0,0,0,
43413,,Third Sphere Game Studios,third-sphere-game-studios,30,1,1,0,66494,66494,66494,1,100,100,0,0,0,0,100,0,0,0,
9943,,Sleeper Games,sleeper-games,30,3,3,2,66439,22332,22146,5,100,80,0,20,20,20,0,0,0,0,Germany
42335,,Korpus,korpus,30,2,2,0,66434,33217,33217,1,50,100,0,100,0,0,0,0,0,0,
26286,,Painted Black Games,painted-black-games,30,1,1,0,66420,66420,66420,0,100,100,0,100,0,0,0,0,0,0,Ukraine
4993204,,CATINRAIN LLC,catinrain-llc,30,1,1,0,66413,66413,66413,1,100,0,100,0,100,100,0,0,0,0,
38731,,HARUMURASAKI,harumurasaki,30,1,1,0,66388,66388,66388,0,100,0,0,100,0,0,100,0,0,0,
504426,,Ryan Forrester,ryan-forrester,30,2,2,1,66290,33145,33145,3,67,0,67,33,67,33,0,0,0,0,
28028,,Criss Cross Games,criss-cross-games,30,1,1,0,66279,66279,66279,0,0,0,100,0,0,100,0,0,0,0,
24919,,Private Moon Studios,private-moon-studios,30,4,4,0,66254,16561,16564,0,0,0,0,100,0,0,0,0,0,0,Hungary
1899998,,The Greys,the-greys,30,1,1,1,66254,66254,66254,2,100,0,0,0,0,0,0,0,0,0,
15147,,TheShortAndTheTall,theshortandthetall,30,1,1,0,66245,66245,66245,1,100,100,0,100,0,0,0,0,0,0,
25593,,"Bimboosoft Co.,Ltd.",bimboosoft-co-ltd,30,1,1,0,66233,66233,66233,0,100,0,100,0,0,0,0,0,0,0,
9317,,Loria,loria,30,1,1,0,66220,0,66220,1,0,0,0,0,0,100,0,0,0,0,
5492744,,勾八游戏,-,30,1,1,0,66218,0,66218,1,100,0,0,100,100,0,100,0,0,0,
22256,,Lemuria,lemuria,30,1,1,0,66214,66214,66214,0,100,0,100,0,0,100,0,0,0,0,
719893,,Shadow Owl Studios,shadow-owl-studios,30,1,1,1,66205,66205,66205,2,100,0,50,50,50,0,0,0,0,0,Pakistan
6387501,,Ashen Studios,ashen-studios,30,1,1,0,66205,66205,66205,1,100,0,0,100,0,0,0,0,0,0,Pakistan
32949,,GamePlanet,gameplanet,30,2,2,1,66164,33082,33082,2,100,67,100,67,67,67,0,0,0,0,
26827,,tinyDino Games,tinydino-games,30,1,1,0,66149,66149,66149,0,100,100,100,100,0,0,100,0,0,0,
8138,,HyperKat Games,hyperkat-games,30,3,3,0,66105,24957,22035,3,67,33,0,67,67,0,67,0,0,0,
48171,,Quantum Gear Studios,quantum-gear-studios,30,2,2,0,66090,66090,33045,2,100,0,0,0,100,100,100,0,0,100,
29501,,Beam Software,beam-software,30,15,15,0,66082,600,4405,0,0,80,0,40,7,27,13,0,7,7,Australia
43715,,Kids With Sticks,kids-with-sticks,30,1,1,0,66081,66081,66081,0,100,100,0,100,0,0,0,0,0,0,
19750,,Red Fly Studio,red-fly-studio,30,1,1,0,66038,66038,66038,1,100,100,0,0,0,0,0,0,0,0,
186557,,Keiby,keiby,30,1,1,1,66021,66021,66021,2,50,50,50,50,0,0,0,0,0,50,
54249,,HON Team,hon-team,30,2,2,0,66008,33004,33004,0,100,100,0,0,0,0,0,0,0,0,
20432,,Lone Hero Studios,lone-hero-studios,30,1,1,0,65976,65976,65976,1,100,0,0,100,0,0,0,0,0,0,Sweden
2956,,Chaphat,chaphat,30,1,1,0,65974,65974,65974,1,0,0,0,0,0,100,0,0,0,0,
47443,,LoPoly Games,lopoly-games,30,2,2,0,65972,65972,32986,1,100,100,50,100,0,0,0,0,0,0,
3281243,,Akari-blast!,akari-blast,30,2,2,0,65968,32984,32984,0,100,0,0,50,0,0,100,0,0,0,
777,,Blue Entropy Studios,blue-entropy-studios,30,5,5,0,65966,7357,13193,5,100,40,60,100,0,60,0,0,0,0,
38964,,Sakana Studios,sakana-studios,30,1,1,0,65954,65954,65954,1,100,0,100,0,100,0,0,0,0,0,
18157,,David Mulder,david-mulder,30,17,17,0,65950,4337,3879,9,53,41,47,0,0,6,0,0,6,0,
31525,,Alpha Wave Entertainment,alpha-wave-entertainment,30,3,3,0,65933,9047,21978,0,100,67,67,0,0,0,0,0,0,0,United States
17385,,Eren Aydin,eren-aydin,30,3,3,0,65899,20176,21966,3,33,67,33,33,0,0,67,33,0,0,
46462,,MalumGames,malumgames,30,3,3,1,65886,32943,21962,4,75,100,25,50,25,0,25,0,0,0,
50718,,Circle Fairy Flower,circle-fairy-flower,30,8,8,0,65847,4536,8231,0,75,0,38,50,0,0,88,0,0,0,
5144575,,LuLuDu Tech Co. Ltd.,luludu-tech-co-ltd,30,1,1,0,65847,65847,65847,1,0,0,0,100,0,0,100,0,0,0,
29213,,Wellore,wellore,30,4,4,0,65841,14701,16460,0,25,0,100,0,0,25,0,0,0,0,
4992853,,Clean Bean Studios,clean-bean-studios,30,1,1,0,65838,65838,65838,1,0,0,0,0,100,0,0,0,0,100,
9308,,Mihiraghi,mihiraghi,30,1,1,0,65823,65823,65823,1,100,0,0,0,0,0,100,0,0,0,
2693,,Simon Says: Play!,simon-says-play,30,6,6,1,65817,15776,10970,7,100,29,0,100,0,0,0,0,0,0,
43422,,Odyssey Studios,odyssey-studios,30,1,1,0,65801,65801,65801,0,100,0,100,0,100,100,0,0,0,0,Latvia
12986,,Polyák Kristóf,poly-k-krist-f,30,1,1,0,65778,65778,65778,1,100,0,100,0,100,0,0,0,0,0,
24758,,In Images,in-images,30,4,4,0,65771,15404,16443,0,75,25,75,25,25,25,0,0,0,25,
6059699,,"Girls on Campus, from Freshmen to Faculty, All Fall for Me!",girls-on-campus-from-freshmen-to-faculty-all-fall-for-me,30,1,1,0,65769,65769,65769,1,0,0,100,100,100,0,100,0,0,0,
1503,,DreamsSoftGames,dreamssoftgames,30,6,6,0,65750,9189,10958,6,100,83,100,17,17,17,0,0,0,0,Spain
6554510,,Carnality INC,carnality-inc,30,3,3,2,65714,19990,21905,0,0,20,100,60,60,0,60,0,0,0,
15521,,Shattered Journal Games,shattered-journal-games,30,4,4,1,65702,62407,16426,4,100,80,60,0,0,0,0,0,0,0,United States
7535797,,LTZ,ltz,30,9,9,0,65701,6119,7300,0,100,22,100,100,100,22,0,0,33,56,
20600,,Jugilus,jugilus,30,3,3,0,65671,14706,21890,2,33,0,0,0,0,33,0,0,0,0,
50905,,Indie-us Games,indie-us-games,30,2,2,1,65647,65647,32824,0,100,100,33,0,0,0,0,0,0,0,
40285,,Plus 81,plus-81,30,2,2,0,65637,55139,32819,0,0,0,0,100,0,0,0,0,0,0,
2272878,,HiRabbitgame,hirabbitgame,30,1,1,0,65629,65629,65629,1,100,100,100,100,100,100,100,0,0,0,
4392,,Polygon Dust Entertainment Ltd.,polygon-dust-entertainment-ltd,30,4,4,2,65619,4080,16405,5,50,67,33,0,17,17,0,0,33,0,
40895,,Family Devs,family-devs,30,6,6,2,65609,1956,10935,8,50,63,0,13,13,25,25,0,0,0,Spain
42962,,Art Witch Studios,art-witch-studios,30,2,2,1,65574,65574,32787,0,100,0,100,0,67,0,0,0,0,0,
6611450,,muratsubo Games,muratsubo-games,30,1,1,0,65555,65555,65555,1,100,0,100,0,0,0,0,0,0,0,
8791311,,Mr. Snail Dev,mr-snail-dev,30,1,1,1,65553,65553,65553,2,100,100,100,100,100,0,0,100,0,0,
829677,,Femdom Wife Game,femdom-wife-game,30,1,1,1,65542,65542,65542,2,0,0,100,100,100,0,0,0,0,0,
6107633,,Verterial Flur,verterial-flur,30,4,4,0,65501,15390,16375,0,100,0,100,100,75,0,0,0,0,0,
49573,,BadBit Games,badbit-games,30,1,1,0,65500,65500,65500,1,100,100,0,100,100,0,0,100,0,0,
13760,,Pathfinder Games,pathfinder-games,30,1,1,0,65499,65499,65499,1,0,100,0,0,0,0,0,0,0,0,
6717666,,Leaping Turtle,leaping-turtle,30,1,1,0,65475,65475,65475,1,100,0,100,0,100,100,0,0,0,0,Netherlands
1769335,,So Peculiar,so-peculiar,30,1,1,0,65424,65424,65424,1,100,0,0,0,100,0,0,0,0,0,United States
397991,,Polyscape Inc.,polyscape-inc,30,1,1,1,65413,65413,65413,2,100,50,50,0,0,50,50,0,0,0,
34955,,Cogoo,cogoo,30,3,3,1,65404,31190,21801,4,75,0,50,75,50,0,0,0,0,0,
25195,,Office 5656,office-5656,30,1,1,0,65393,65393,65393,0,0,0,0,0,0,100,0,0,0,0,
33700,,欢乐不二,-,30,2,2,0,65363,56053,32682,0,50,0,0,50,50,50,100,0,0,0,
32841,,Trapped in Despair,trapped-in-despair,30,1,1,0,65360,0,65360,1,100,100,0,0,0,0,0,0,0,0,
4280,,Viva Games,viva-games,30,4,4,0,65351,26858,16338,4,100,75,0,75,0,0,25,25,0,0,
6387691,,PrisMaze棱镜迷阵,prismaze,30,1,1,0,65344,65344,65344,0,100,0,100,0,100,0,0,0,0,0,
29180,,DTF games,dtf-games,30,1,1,0,65336,65336,65336,0,0,0,0,0,0,100,0,0,0,0,Russia
17862,,Picklefeet Games,picklefeet-games,30,1,1,0,65275,65275,65275,1,100,0,0,0,0,100,100,0,0,0,
55302,,Imilkowski Dev,imilkowski-dev,30,2,2,1,65267,65267,32634,1,100,67,100,100,67,33,33,0,0,0,
1640442,,Sand Door Studio,sand-door-studio,30,1,1,0,65262,65262,65262,0,100,100,0,0,0,100,0,0,0,0,
37032,,Crest Helm Studios,crest-helm-studios,30,2,2,0,65260,65260,32630,0,50,100,0,0,0,0,0,0,0,0,
186446,,Innoverse Ltd,innoverse-ltd,30,2,2,0,65251,32626,32626,0,50,100,50,50,50,0,0,0,0,0,
3091,,iEntertainment Network Inc,ientertainment-network-inc,30,4,4,0,65238,10024,16310,4,0,100,0,25,100,0,0,100,0,0,
7075058,,KwaKwaGames,kwakwagames,30,1,1,0,65218,65218,65218,1,0,0,0,0,100,100,100,0,0,0,
3807095,,Soulpotion,soulpotion,30,2,2,0,65215,65215,32608,0,100,100,100,100,0,100,100,0,0,0,Germany
1638695,,Aslak Karlsen Hauglid,aslak-karlsen-hauglid,30,1,1,0,65156,65156,65156,0,100,100,0,100,0,0,0,0,0,0,
12908,,Post Mortem Pixels,post-mortem-pixels,30,4,4,0,65154,21953,16289,0,100,0,25,50,25,75,50,0,0,0,Brazil
29643,,Cyberflix Incorporated,cyberflix-incorporated,30,1,1,0,65131,65131,65131,0,0,0,100,100,100,0,0,0,0,0,
47283,,yomogi_soft,yomogi-soft,30,1,1,0,65131,65131,65131,0,100,0,0,0,0,0,100,0,0,0,
4712413,,Zombie Survival Game Online LLC,zombie-survival-game-online-llc,30,1,1,0,65122,65122,65122,1,100,100,0,100,0,100,100,0,0,0,
29939,,Adam Dubi,adam-dubi,30,1,1,0,65120,65120,65120,0,100,100,0,100,0,0,0,0,0,0,
19243,,GuraShop,gurashop,30,8,8,0,65119,10188,8140,8,63,38,63,63,38,13,0,0,0,0,
184546,,皓际,-,30,1,1,0,65086,65086,65086,0,100,0,100,100,0,0,0,0,0,0,
138272,,KPC,kpc,30,1,1,1,65084,65084,65084,2,100,0,100,0,0,100,0,0,0,0,
35782,,Joshua Janik,joshua-janik,30,1,1,0,65080,65080,65080,1,100,100,0,100,0,0,0,0,0,0,
35826,,Skymachine Studios,skymachine-studios,30,1,1,1,65055,65055,65055,1,0,100,0,100,0,50,50,0,0,0,
3108,,Evolutionary Games,evolutionary-games,30,1,1,0,65021,65021,65021,1,100,100,100,0,0,0,0,0,0,0,
24613,,Sourcenity,sourcenity,30,3,3,0,64996,23701,21665,1,100,33,33,67,0,0,0,0,0,0,
6554468,,Ludu Arts,ludu-arts,30,1,1,1,64984,64984,64984,2,100,0,0,0,100,0,0,0,0,100,
4866,,One Bit Studio,one-bit-studio,30,3,3,0,64967,3209,21656,3,67,33,67,33,33,0,0,0,0,0,
46453,,Aries,aries,30,2,2,0,64954,32477,32477,2,50,0,0,0,0,100,0,0,0,0,
30128,,Barking Dog Studios,barking-dog-studios,30,1,1,0,64877,64877,64877,0,0,100,0,100,0,100,0,0,0,0,
23560,,Cheetah Mobile Inc.,cheetah-mobile-inc,30,2,2,0,64864,32432,32432,0,0,100,100,0,0,0,0,0,100,0,
8819,,Inertia Game Studios,inertia-game-studios,30,3,3,0,64858,32429,21619,3,67,33,67,33,0,0,0,0,0,0,United Kingdom
12545,,Cubicle Ninjas,cubicle-ninjas,30,1,1,0,64852,64852,64852,1,100,0,100,0,0,0,0,0,0,0,
29002,,开水工作室,-,30,2,2,0,64851,64851,32426,0,100,0,50,100,0,0,50,0,0,0,
1164467,,insomnia,insomnia,30,1,1,0,64821,64821,64821,1,100,100,100,0,0,0,0,0,0,0,
187624,,Neighborhood Games,neighborhood-games,30,1,1,0,64819,0,64819,1,0,100,0,0,0,0,0,0,0,0,
3005529,,无人之境,-,30,1,1,0,64803,0,64803,1,100,100,100,100,100,100,100,100,100,100,
18407,,Enigma Dragons LLC,enigma-dragons-llc,30,2,2,0,64700,32350,32350,2,50,0,0,0,0,50,0,0,0,0,
31547,,Virtual Playground,virtual-playground,30,2,2,0,64688,32344,32344,0,0,0,0,0,50,50,0,0,0,0,
32986,,firepillar2,firepillar2,30,5,5,3,64677,11430,12935,8,100,13,25,63,25,50,38,0,0,0,
16975,,David Erosa,david-erosa,30,2,2,0,64673,32337,32337,0,100,100,50,0,0,0,0,0,0,100,
36525,,Clovelt,clovelt,30,2,2,2,64618,32309,32309,0,75,25,0,100,0,25,0,0,0,0,
17053,,FelGC.GamesDevelopment,felgc-gamesdevelopment,30,7,7,0,64607,0,9230,7,100,43,71,0,0,71,0,0,0,0,
27922,,ChairKilling,chairkilling,30,1,1,0,64603,0,64603,0,100,100,0,100,0,0,100,0,0,0,
1636340,,Nicholas McDonnell,nicholas-mcdonnell,30,1,1,0,64598,64598,64598,0,0,100,0,0,0,0,0,0,0,0,
49473,,橘音,-,30,1,1,0,64591,64591,64591,1,100,0,100,100,0,100,100,0,0,0,
5524841,,Multicast,multicast,30,1,1,0,64585,0,64585,0,100,0,100,100,0,0,0,0,0,0,
38052,,Somber Pixel,somber-pixel,30,2,2,0,64563,64563,32282,2,100,0,100,100,0,0,0,0,0,0,
31729,,TavroxGames,tavroxgames,30,1,1,1,64499,64499,64499,0,100,50,0,0,0,50,100,0,0,0,
187256,,The Evergloom Team,the-evergloom-team,30,2,2,1,64496,32248,32248,2,100,0,33,0,100,100,67,0,0,0,
7536,,Shotgun with Glitters,shotgun-with-glitters,30,3,3,0,64474,21334,21491,1,100,100,0,67,0,0,0,0,0,0,
4304653,,AIKUN,aikun,30,2,2,0,64438,32219,32219,2,0,100,100,100,0,0,0,0,0,0,
124650,,FromLefcourt,fromlefcourt,30,4,4,1,64374,7971,16094,5,100,80,20,0,0,20,60,0,0,20,
1638501,,Simon Au Yeung,simon-au-yeung,30,2,2,0,64361,32181,32181,2,100,50,0,50,50,0,0,0,0,0,
1052411,,70`Strike,70-strike,30,2,2,1,64355,64355,32178,0,0,67,33,0,33,0,67,0,33,0,
4543292,,Karin Project,karin-project,30,1,1,0,64300,64300,64300,0,0,0,0,0,0,100,0,0,0,0,
5815,,Sayan,sayan,30,2,2,0,64284,32142,32142,2,50,100,0,0,0,0,0,0,0,0,
17259,,Northplay,northplay,30,3,3,1,64263,6048,21421,3,75,50,0,50,25,25,50,0,0,0,
23887,,OCCA Studios,occa-studios,30,1,1,0,64257,64257,64257,0,100,100,100,100,100,0,0,0,0,0,
12461,,Leaning Tower Studio,leaning-tower-studio,30,1,1,0,64204,0,64204,1,100,100,100,0,0,0,100,0,0,0,
21437,,Chaosoft Games,chaosoft-games,30,1,1,0,64202,64202,64202,1,100,100,0,100,0,0,100,0,0,0,
5152,,S.T.T,s-t-t,30,1,1,0,64198,64198,64198,1,100,0,100,0,100,100,0,0,0,0,
26361,,Marudice,marudice,30,7,7,0,64155,7566,9165,3,86,57,57,29,0,0,0,0,14,14,Japan
12336,,FX Interactive,fx-interactive,30,1,1,0,64126,0,64126,1,0,0,0,0,100,100,0,0,0,100,Spain
20078,,Icebird Studios,icebird-studios,30,1,1,0,64122,64122,64122,1,0,0,0,0,0,0,0,0,0,0,Germany
504205,,Dylan Bassett,dylan-bassett,30,1,1,1,64122,64122,64122,0,100,100,0,100,0,0,0,0,0,0,
6161,,Round Cube Studio,round-cube-studio,30,1,1,0,64095,64095,64095,1,100,0,0,100,100,0,0,0,0,0,
3305996,,XO_PROJECT,xo-project,30,1,1,0,64087,64087,64087,0,100,0,0,100,100,0,100,0,0,0,
3919814,,Nyou,nyou,30,1,1,0,64052,64052,64052,1,0,0,0,0,0,100,100,0,0,0,South Korea
1280060,,Authogin,authogin,30,4,4,1,64041,17012,16010,5,100,0,40,80,0,0,0,0,0,0,United States
14984,,属音制作组,-,30,1,1,0,63994,63994,63994,0,100,0,0,100,100,0,0,0,0,0,
34167,,Elasto Mania Team,elasto-mania-team,30,3,3,0,63994,2868,21331,3,100,0,100,0,100,0,0,0,100,100,
34168,,Balazs Rozsa,balazs-rozsa,30,3,3,0,63994,2868,21331,0,100,0,100,0,100,0,0,0,100,100,
29575,,Piotr Bunkowski,piotr-bunkowski,30,1,1,0,63890,63890,63890,0,100,100,100,100,0,0,0,0,0,0,
32141,,Hades Productions,hades-productions,30,1,1,0,63890,63890,63890,0,100,100,100,100,0,0,0,0,0,0,
5916,,Flat Hill Games,flat-hill-games,30,2,2,0,63880,31940,31940,2,50,0,100,0,100,0,0,0,0,0,
25964,,Brady Soglin,brady-soglin,30,2,2,1,63871,60532,31936,0,100,33,33,67,33,0,0,0,0,0,
31465,,Kucing Rembes,kucing-rembes,30,1,1,0,63847,63847,63847,0,100,100,0,100,0,0,0,0,0,0,
504453,,Arcane Miracle Entertainment,arcane-miracle-entertainment,30,1,1,0,63839,63839,63839,1,0,100,0,0,100,100,0,0,0,0,
1761676,,Two More Games,two-more-games,30,1,1,0,63826,63826,63826,1,100,0,100,0,0,0,0,0,0,0,
32555,,Curiobot,curiobot,30,1,1,0,63823,63823,63823,0,100,0,100,0,0,0,0,0,0,0,Canada
12093,,Silesia Games Sp. z o.o.,silesia-games-sp-z-o-o,30,1,1,0,63808,0,63808,0,0,100,0,100,100,0,0,0,0,0,
21699,,Gugila,gugila,30,1,1,0,63791,63791,63791,1,0,100,0,0,100,0,0,0,100,100,
11575,,DIMANCHE CORP.,dimanche-corp,30,1,1,1,63789,63789,63789,1,100,0,50,50,50,50,0,0,0,0,
49862,,Uu,uu,30,1,1,0,63786,63786,63786,0,100,100,0,100,0,0,0,0,0,0,
38467,,Novity,novity,30,1,1,0,63744,63744,63744,1,100,0,100,0,100,0,0,0,0,0,
24579,,Untold Games,untold-games,30,3,3,0,63727,15730,21242,1,33,0,0,67,33,33,33,0,0,0,United Kingdom
23583,,Grave Danger Games,grave-danger-games,30,3,3,0,63684,13027,21228,1,100,67,33,33,33,33,0,0,0,0,
4099,,SZEINER,szeiner,30,3,3,0,63683,2789,21228,3,67,67,0,33,33,33,67,0,0,33,
3737,,Meng Games,meng-games,30,23,23,0,63638,1134,2767,23,100,70,91,4,74,0,9,0,43,30,
17516,,Awesome Enterprises,awesome-enterprises,30,2,2,0,63625,31813,31813,2,100,100,50,50,0,0,0,0,0,0,
42309,,SuQing,suqing,30,1,1,0,63611,63611,63611,1,100,0,100,0,100,0,100,0,0,0,
43719,,Red Phantom Games,red-phantom-games,30,1,1,0,63598,63598,63598,0,0,100,0,0,0,0,0,0,100,0,
141274,,PetalCatGames,petalcatgames,30,1,1,0,63566,63566,63566,1,100,0,100,0,100,0,100,0,0,0,
9026,,Dark Inertia Studios,dark-inertia-studios,30,1,1,0,63559,63559,63559,0,100,0,0,0,0,100,0,0,0,0,
719409,,Simon Eftestol,simon-eftestol,30,7,7,0,63524,9355,9075,7,100,0,100,29,14,0,0,0,0,0,Norway
30547,,Octeto Studios,octeto-studios,30,3,3,0,63521,31761,21174,0,67,67,0,0,67,67,67,0,0,0,Chile
22230,,Violet Feature,violet-feature,30,2,2,0,63494,31747,31747,0,100,0,100,0,0,0,0,0,0,0,
35232,,Robert Raulus,robert-raulus,30,1,1,0,63490,63490,63490,0,100,100,0,100,0,0,0,0,0,0,
35233,,Mikko Tamper,mikko-tamper,30,1,1,0,63490,63490,63490,0,100,100,0,100,0,0,0,0,0,0,
98084,,Antti Allén,antti-all-n,30,1,1,0,63490,63490,63490,0,100,100,0,100,0,0,0,0,0,0,
25798,,Absorb Reality,absorb-reality,30,5,5,0,63480,720,12696,3,100,80,40,20,20,20,0,0,0,20,Belgium
17094,,Ryan Jensen,ryan-jensen,30,2,2,0,63477,31739,31739,2,100,100,0,100,0,0,0,0,0,0,
3598795,,by Jan Zizka,by-jan-zizka,30,2,2,1,63476,31738,31738,3,100,0,0,0,100,67,0,0,0,0,
47141,,3-50,3-50,30,1,1,1,63460,63460,63460,1,100,50,50,50,0,0,0,0,0,0,
47142,,Lance,lance,30,1,1,0,63460,63460,63460,0,100,0,100,100,0,0,0,0,0,0,
32995,,Detalion Games S.A.,detalion-games-s-a,30,3,3,2,63449,31725,21150,4,80,60,80,60,80,40,0,0,0,0,
36306,,Open House Games,open-house-games,30,1,1,0,63449,63449,63449,0,100,0,0,100,0,0,0,0,0,0,
19913,,Warm Kitten,warm-kitten,30,1,1,0,63442,63442,63442,1,100,0,100,100,0,0,0,0,0,0,
296092,,Empress,empress,30,1,1,0,63442,63442,63442,0,0,0,0,100,0,0,0,0,0,0,
48477,,Low-Hi Tech,low-hi-tech,30,2,2,0,63428,63428,31714,2,100,0,50,0,100,0,0,0,0,0,Vietnam
43252,,Paleodev,paleodev,30,1,1,0,63420,63420,63420,1,100,0,0,0,100,0,0,0,0,0,
38780,,The Strategy Game Studio,the-strategy-game-studio,30,5,5,0,63418,13950,12684,0,0,0,0,0,80,100,0,0,0,0,
291967,,Ludokultur,ludokultur,30,3,3,0,63396,31698,21132,2,100,0,33,0,0,67,33,0,0,0,Germany
290564,,Cubyte Games,cubyte-games,30,2,2,1,63362,31681,31681,2,67,67,0,67,0,0,0,0,0,0,
4385289,,SCIKA,scika,30,1,1,0,63360,63360,63360,1,100,0,0,100,0,0,0,0,0,0,
3306155,,Goodboy Galaxy Ltd.,goodboy-galaxy-ltd,30,1,1,0,63345,63345,63345,1,100,0,0,100,0,0,0,0,0,0,
11438,,Jan Zizka,jan-zizka,30,1,1,0,63339,63339,63339,0,100,0,0,100,0,0,0,0,0,0,
20285,,Follow the Feathers,follow-the-feathers,30,2,2,0,63289,63289,31645,0,100,100,50,100,0,0,0,0,0,0,Austria
46320,,Sven Ahlgrimm,sven-ahlgrimm,30,1,1,0,63286,63286,63286,1,100,0,100,0,0,0,0,0,0,0,
46321,,Mathilde Hoffmann,mathilde-hoffmann,30,1,1,0,63286,63286,63286,0,100,0,100,0,0,0,0,0,0,0,Germany
6848066,,Bastian Clausdorff,bastian-clausdorff,30,1,1,0,63286,63286,63286,0,100,0,100,0,0,0,0,0,0,0,Germany
25267,,Tamamo Studio,tamamo-studio,30,2,2,0,63271,8111,31636,0,50,0,0,0,0,50,100,0,0,0,
4064605,,TeamOGM,teamogm,30,1,1,0,63246,63246,63246,1,100,0,0,100,100,0,0,0,0,0,
37894,,Subliminal,subliminal,30,1,1,1,63227,63227,63227,2,100,50,50,100,0,0,50,0,0,50,
29101,,Urchin Games,urchin-games,30,13,13,0,63203,4560,4862,0,100,31,100,100,31,69,8,0,0,0,
107,,The 3DO Company,the-3do-company,30,4,4,0,63196,14919,15799,0,0,100,0,25,0,50,0,0,0,0,United States
35458,,DragonBear Studios,dragonbear-studios,30,1,1,0,63178,63178,63178,0,100,100,100,100,100,0,100,0,0,0,Australia
150899,,QSN,qsn,30,1,1,0,63171,63171,63171,1,100,100,0,100,100,0,0,0,0,0,
32927,,"Catch &amp; Release, LLC",catch-amp-release-llc,30,2,2,0,63170,31585,31585,0,100,100,50,0,50,0,0,0,0,0,
19906,,Rafael Ben-Ari,rafael-ben-ari,30,1,1,0,63108,63108,63108,1,100,0,0,100,0,0,100,0,0,0,
29502,,Grimnir Media,grimnir-media,30,1,1,0,63096,63096,63096,0,0,0,0,100,0,0,0,0,0,0,
3211190,,Lionel Marsden,lionel-marsden,30,1,1,1,63092,63092,63092,2,100,50,50,100,0,0,0,0,0,0,
1635803,,Ofuro Works,ofuro-works,30,3,3,0,63066,23023,21022,0,100,0,0,33,0,0,100,0,0,0,
1279762,,BRANE,brane,30,2,2,0,63051,63051,31526,2,0,0,0,0,50,0,0,0,0,100,
41012,,SPG Mistarille,spg-mistarille,30,2,2,0,63035,47515,31518,2,100,0,0,100,0,0,100,0,0,0,
26166,,immersionFX,immersionfx,30,1,1,0,62984,62984,62984,0,100,0,100,0,100,0,0,0,0,0,
1774850,,The Growing Stones,the-growing-stones,30,2,2,1,62979,62979,31490,1,0,0,0,100,0,0,33,0,0,0,
12645,,Brain and Nerd Ltd,brain-and-nerd-ltd,30,1,1,0,62975,62975,62975,1,100,0,0,0,0,100,0,0,0,0,
4543188,,althi Inc.,althi-inc,30,3,3,0,62929,20873,20976,3,67,0,0,33,100,0,100,0,0,0,
6682,,3D Avenue,3d-avenue,30,1,1,0,62903,62903,62903,1,100,0,0,100,0,0,0,0,0,0,Venezuela
1637897,,Sam Kennedy,sam-kennedy,30,1,1,0,62876,62876,62876,1,100,100,0,100,100,100,100,0,0,0,
5126,,Mind Flayer Studios,mind-flayer-studios,30,3,3,0,62806,12306,20935,3,100,100,67,100,0,33,0,0,0,0,
12298,,Lucas Parise,lucas-parise,30,3,3,0,62806,12306,20935,2,100,100,67,100,0,33,0,0,0,0,
18355,,Animus Interactive Inc,animus-interactive-inc,30,1,1,0,62803,62803,62803,1,100,100,0,100,100,100,0,0,0,0,
4533506,,Snail Bite,snail-bite,30,1,1,0,62803,62803,62803,0,100,0,0,0,0,100,0,0,0,0,
5901226,,DPA Studios,dpa-studios,30,1,1,0,62797,62797,62797,1,100,100,0,0,0,0,100,0,0,0,
49280,,Fair Pixel LLC,fair-pixel-llc,30,1,1,0,62796,62796,62796,0,100,100,0,100,0,0,0,0,0,0,
4933037,,Patrik Nagy,patrik-nagy,30,1,1,0,62791,62791,62791,0,100,100,100,100,0,100,100,0,0,0,
10103,,Glaive Games,glaive-games,30,1,1,0,62772,62772,62772,1,100,100,0,0,0,0,0,0,0,0,
40382,,Dmitry Zheltobriukhov,dmitry-zheltobriukhov,30,2,2,0,62771,62771,31386,2,100,50,0,0,50,100,50,0,0,0,
3894098,,BLAMCAM Interactive,blamcam-interactive,30,1,1,0,62750,62750,62750,1,100,0,100,0,100,0,0,0,0,100,Australia
39374,,Lo-Fi People,lo-fi-people,30,1,1,0,62742,62742,62742,1,100,100,0,0,0,0,0,0,0,0,
25126,,Tahoe Games,tahoe-games,30,2,2,0,62732,62732,31366,0,100,100,0,0,0,0,0,0,0,0,Indonesia
13604,,The_Kiddy,the-kiddy,30,2,2,0,62711,31356,31356,2,100,100,50,50,50,0,0,0,0,0,
19407,,Force Of Habit,force-of-habit,30,2,2,0,62698,31349,31349,2,100,100,50,0,0,50,0,0,0,0,United Kingdom
3446,,Viktor Yurchuk,viktor-yurchuk,30,2,2,0,62683,31342,31342,2,100,0,0,100,0,0,0,0,0,0,
10066,,Butterflyware,butterflyware,30,2,2,0,62667,31334,31334,2,50,50,0,100,0,0,0,0,0,0,
48896,,Racjin,racjin,30,1,1,0,62637,62637,62637,0,0,0,0,0,0,0,100,0,0,0,Japan
42055,,Little_Amethyst,little-amethyst,30,2,2,0,62614,31307,31307,2,100,0,100,100,0,0,100,0,0,0,
33918,,PaulArt,paulart,30,25,25,0,62596,846,2504,25,96,36,12,20,76,28,48,0,0,0,Belarus
7874,,Thunderbox Entertainment,thunderbox-entertainment,30,3,3,0,62566,29933,20855,3,0,0,33,0,0,100,0,0,0,0,
50976,,PolyDemons,polydemons,30,1,1,1,62540,0,62540,2,0,0,50,50,50,50,50,0,0,0,
20777,,Blob Games Studio,blob-games-studio,30,1,1,0,62539,0,62539,1,100,100,0,0,0,0,0,0,0,0,
27221,,Delphine Software,delphine-software,30,1,1,0,62533,62533,62533,0,0,100,0,0,0,0,100,0,0,0,France
25959,,Barbara Bode,barbara-bode,30,1,1,0,62519,62519,62519,0,0,0,0,0,100,0,0,0,0,0,
6671,,Kayabros,kayabros,30,2,2,0,62443,31222,31222,2,100,50,0,50,0,0,0,0,0,0,
24142,,DeathMofuMofu,deathmofumofu,30,2,2,0,62439,31220,31220,0,100,100,0,0,0,0,0,0,0,0,
133332,,Unreliable Narrators,unreliable-narrators,30,1,1,0,62427,62427,62427,1,100,100,100,100,0,0,0,0,0,0,
949581,,KIG Team,kig-team,30,2,2,0,62412,31206,31206,0,100,50,50,50,100,100,0,0,50,50,
4047593,,Imagine Wings Studio,imagine-wings-studio,30,1,1,0,62401,62401,62401,0,100,0,0,0,0,0,0,0,0,0,
53655,,SHN Games,shn-games,30,1,1,1,62397,62397,62397,2,50,50,0,0,0,100,50,0,0,0,
33251,,Ankama Canada,ankama-canada,30,1,1,0,62377,0,62377,0,100,0,0,100,0,0,100,100,0,0,
44287,,Friendly Fox,friendly-fox,30,31,31,0,62341,1968,2011,0,0,0,100,97,0,0,0,0,0,0,Ukraine
27693,,Sector3 Games,sector3-games,30,1,1,0,62340,62340,62340,0,0,0,100,100,0,0,0,0,100,0,
41986,,Jinthree Studio,jinthree-studio,30,1,1,0,62328,62328,62328,1,100,0,100,0,0,100,0,0,0,0,
38394,,Peanut Button,peanut-button,30,3,3,1,62313,31157,20771,4,50,0,25,75,0,0,0,0,0,0,
39981,,DarkKnight,darkknight,30,1,1,0,62312,62312,62312,0,100,0,0,0,100,100,0,0,0,0,
185287,,LavGames,lavgames,30,1,1,1,62264,62264,62264,1,50,100,0,50,50,50,50,0,0,0,
31649,,Inaccurate Interactive,inaccurate-interactive,30,1,1,0,62217,62217,62217,0,100,0,100,0,0,0,0,0,0,0,
49845,,迩来工作室,-,30,1,1,0,62210,62210,62210,0,100,0,0,100,0,0,0,0,0,0,
50658,,DigitalDream,digitaldream,30,4,4,2,62208,14344,15552,5,83,33,83,17,33,0,0,0,0,0,
9712,,Galaxy Pest Control,galaxy-pest-control,30,1,1,0,62200,62200,62200,1,0,0,0,0,0,100,100,0,0,0,
29089,,MPS Labs,mps-labs,30,5,5,0,62170,3592,12434,0,0,40,0,60,40,20,20,0,0,0,
26744,,Anton Riot and Co,anton-riot-and-co,30,2,2,0,62155,31078,31078,0,100,100,0,100,50,0,50,50,0,0,
4107,,Pahris Entertainment SIA,pahris-entertainment-sia,30,1,1,0,62088,62088,62088,1,0,0,0,0,0,0,100,0,0,0,
48087,,Sam Stubbings,sam-stubbings,30,1,1,0,62082,62082,62082,1,0,0,0,100,100,0,0,0,0,0,United Kingdom
24001,,Dan Smith Studios,dan-smith-studios,30,1,1,0,62072,62072,62072,0,100,0,0,100,0,100,0,0,0,0,
26977,,Midnight Party,midnight-party,30,1,1,0,62069,62069,62069,0,100,0,0,0,0,0,0,0,0,0,
40282,,Lukas Trötzmüller,lukas-tr-tzm-ller,30,1,1,0,62069,62069,62069,1,100,0,0,0,100,0,0,0,0,0,
13286,,Stave Studios,stave-studios,30,1,1,0,62053,62053,62053,1,100,0,0,100,0,0,0,0,0,0,United Kingdom
38895,,Arvydas Žemaitis,arvydas-emaitis,30,1,1,0,62049,62049,62049,0,100,0,0,100,100,0,0,0,0,0,
38580,,Wired Dreams Studio,wired-dreams-studio,30,6,6,1,62037,7633,10340,5,100,71,29,57,0,29,0,0,0,0,
1071,,Studio Eres,studio-eres,30,1,1,0,62029,62029,62029,1,100,100,0,0,0,100,0,0,0,0,
25142,,Skunkape Interactive,skunkape-interactive,30,2,2,1,62017,31009,31009,1,67,100,0,33,0,0,0,0,0,0,
5520200,,F Project,f-project,30,1,1,0,62011,62011,62011,0,100,100,100,100,0,0,100,0,0,0,
8959,,Potata Company,potata-company,30,5,5,4,62003,14937,12401,7,100,67,33,89,0,33,11,0,0,0,
3878910,,IKUN&amp;KUN,ikun-amp-kun,30,1,1,0,61958,61958,61958,0,0,100,100,100,0,0,0,0,0,0,
397124,,Silvernode Games,silvernode-games,30,1,1,0,61913,61913,61913,1,100,0,0,100,0,0,0,0,0,0,
9077,,Monkey Stories,monkey-stories,30,1,1,0,61875,61875,61875,1,100,100,0,100,0,0,100,0,0,0,
41265,,ebb &amp; flow games,ebb-amp-flow-games,30,1,1,0,61870,0,61870,0,100,100,0,0,0,100,100,0,0,0,
3894603,,Lustration Team,lustration-team,30,1,1,1,61868,61868,61868,0,50,0,50,100,100,0,50,0,0,0,
32385,,Happy Square Productions,happy-square-productions,30,1,1,0,61835,61835,61835,0,100,100,0,0,0,0,0,0,0,0,
3135,,DreamSail Games,dreamsail-games,30,2,2,0,61785,61785,30893,2,100,100,50,0,50,0,0,0,0,0,United States
20800,,ELECTROSTALIN ENTERTAINMENT,electrostalin-entertainment,30,5,5,0,61774,15674,12355,3,100,60,0,60,40,0,0,0,0,0,
2597,,Sandbox Games,sandbox-games,30,3,3,0,61652,300,20551,3,100,0,67,33,33,33,0,0,33,33,
53769,,VisceralError,visceralerror,30,2,2,0,61643,30822,30822,0,100,50,0,50,0,0,0,0,0,0,
33243,,Explorasaurus Studios,explorasaurus-studios,30,1,1,0,61617,0,61617,1,100,0,0,0,100,100,0,0,0,0,
28343,,Homph,homph,30,3,3,0,61607,30804,20536,0,33,67,0,0,0,33,0,0,0,33,
18946,,RhinoGearz,rhinogearz,30,7,7,0,61598,3399,8800,7,57,0,100,0,100,0,0,0,0,0,
454,,NEZOS GAMES,nezos-games,30,2,2,0,61573,30787,30787,2,100,50,100,50,0,0,0,0,0,0,
39781,,NovaSoft Interactive Ltd.,novasoft-interactive-ltd,30,5,5,0,61559,18064,12312,5,80,0,60,100,0,0,0,0,0,0,
1395079,,XCentric,xcentric,30,3,3,3,61521,3594,20507,6,83,0,33,33,17,0,83,0,0,0,
21793,,Tall Studios,tall-studios,30,1,1,0,61517,61517,61517,1,0,0,0,0,0,0,0,0,0,0,
16158,,WTFOMGames,wtfomgames,30,7,7,0,61489,5292,8784,7,100,71,100,43,0,14,14,0,0,14,
36082,,Koro.Games,koro-games,30,2,2,4,61452,30726,30726,4,100,33,17,83,67,50,0,0,33,17,
28817,,Rabbiroo,rabbiroo,30,1,1,0,61413,61413,61413,0,100,0,100,100,100,0,100,0,0,0,
33117,,Affliction Networks,affliction-networks,30,1,1,0,61379,0,61379,1,100,100,0,0,0,100,100,100,0,0,
51071,,IMV Studio,imv-studio,30,2,2,0,61339,30670,30670,1,0,50,0,0,50,50,50,0,50,50,
33651,,MaverickMatryoshka,maverickmatryoshka,30,1,1,0,61332,61332,61332,1,100,100,0,100,100,0,0,100,0,0,
28274,,PiGravity,pigravity,30,3,3,0,61288,17748,20429,0,100,67,33,0,0,0,0,0,33,0,
10137,,Lantana Games,lantana-games,30,3,3,0,61272,6254,20424,3,100,67,67,0,0,0,0,0,0,0,United States
32348,,Xaloc Studios,xaloc-studios,30,7,7,0,61252,6228,8750,0,14,14,57,43,43,0,0,0,0,14,
3899128,,Insignis Games,insignis-games,30,2,2,1,61252,30626,30626,3,100,0,0,0,100,100,0,0,0,0,
31508,,Black Hand Studio,black-hand-studio,30,1,1,0,61212,61212,61212,0,0,0,0,0,100,100,0,0,0,0,
7023,,Levity Play,levity-play,30,1,1,0,61203,61203,61203,1,100,100,0,0,100,0,0,0,0,0,
19132,,FishermanGameDev,fishermangamedev,30,1,1,0,61173,0,61173,1,100,100,0,0,0,0,100,0,0,0,
1641421,,HeatPot Games,heatpot-games,30,1,1,0,61130,61130,61130,0,0,0,0,0,0,0,100,0,0,0,Taiwan
17001,,Gamecosm,gamecosm,30,1,1,0,61117,61117,61117,1,100,100,100,100,100,0,0,0,0,0,
18095,,"Player Of Music Technology Co.,Ltd",player-of-music-technology-co-ltd,30,2,2,0,61112,30556,30556,2,100,100,100,0,100,0,0,0,0,100,
18475,,Crunchy Leaf Games,crunchy-leaf-games,30,3,3,0,61110,61110,20370,3,0,100,33,67,33,33,33,0,0,0,Germany
29634,,Flat-Software,flat-software,30,1,1,1,61097,0,61097,0,100,50,50,50,0,0,0,0,0,0,
53771,,Shakles,shakles,30,2,2,0,61086,30543,30543,1,50,100,0,100,0,0,0,0,0,0,
24715,,Mad About Pandas,mad-about-pandas,30,1,1,1,61083,61083,61083,1,100,50,0,100,0,0,0,0,0,0,Germany
31031,,Makee,makee,30,2,2,1,61077,30539,30539,0,100,33,100,100,0,67,67,0,0,0,
23049,,银月网络,-,30,1,1,0,61071,61071,61071,1,0,0,100,0,0,0,100,0,0,0,
28991,,Starloop Studios SL,starloop-studios-sl,30,2,2,0,61029,30515,30515,0,100,100,50,50,0,0,0,0,50,0,
28448,,2 Monkeys,2-monkeys,30,1,1,0,61027,61027,61027,0,100,0,0,100,0,0,0,0,0,0,
28841,,Lotte|EoD,lotte-eod,30,4,4,0,61001,10238,15250,0,100,100,100,50,100,25,0,50,25,75,
18422,,FYRE Games,fyre-games,30,5,5,1,60995,60635,12199,5,100,33,33,83,0,0,0,0,0,0,
1712393,,WRG,wrg,30,3,3,0,60993,18600,20331,0,100,100,33,100,67,33,0,0,0,33,
1638063,,とっくり海月,-,30,2,2,0,60990,30495,30495,1,100,0,0,50,0,0,100,0,0,0,
36112,,Hobo Cat Games,hobo-cat-games,30,2,2,0,60910,30455,30455,2,50,100,0,50,0,0,0,0,0,50,
96738,,Robin,robin,30,1,1,1,60905,60905,60905,1,50,50,0,100,0,0,50,0,0,0,
51037,,Lucky Cat,lucky-cat,30,1,1,0,60883,60883,60883,1,100,0,0,100,0,0,100,0,0,0,
2296244,,TTrickGames,ttrickgames,30,1,1,0,60838,60838,60838,1,100,0,100,0,0,0,0,0,0,0,
19659,,Ripened Peach Entertainment,ripened-peach-entertainment,30,1,1,0,60834,60834,60834,1,100,0,100,100,100,0,0,0,0,0,
49814,,Kulplant,kulplant,30,1,1,0,60793,60793,60793,1,100,0,100,100,0,100,100,0,0,0,
3819,,AB Studio,ab-studio,30,1,1,0,60747,0,60747,1,0,0,0,0,0,0,0,0,0,0,
23181,,Ukrainian Bears,ukrainian-bears,30,1,1,0,60739,60739,60739,1,100,100,0,100,100,100,100,0,0,0,
29075,,Hideo Milos,hideo-milos,30,1,1,0,60739,60739,60739,0,100,100,0,100,100,100,100,0,0,0,
37623,,StudioDobby,studiodobby,30,1,1,0,60700,60700,60700,0,100,0,0,0,0,0,100,0,0,0,
6908821,,Maximus,maximus,30,1,1,0,60695,60695,60695,1,0,0,0,0,0,0,100,0,0,0,
43370,,potato-life,potato-life,30,1,1,0,60684,60684,60684,0,100,0,0,100,0,0,100,0,0,0,
8957938,,Deathtrap,deathtrap,30,3,3,5,60674,16736,20225,8,75,50,50,25,13,13,13,0,25,0,
18634,,Tobias Cornwall,tobias-cornwall,30,2,2,1,60668,30334,30334,3,100,0,0,33,0,0,67,0,0,0,United Kingdom
11046,,Doublequote Studio,doublequote-studio,30,2,2,0,60658,30329,30329,2,50,100,0,50,0,100,100,0,0,0,Slovakia
1166462,,NOBODY,nobody,30,1,1,0,60646,60646,60646,0,100,0,0,100,100,0,0,0,0,0,
42139,,iwilliams,iwilliams,30,1,1,3,60635,60635,60635,2,25,100,0,50,0,0,25,0,0,0,United States
49297,,Matt Reeves,matt-reeves,30,2,2,1,60635,60635,30318,0,67,100,0,33,0,0,0,0,0,0,
53770,,Nikk F.,nikk-f,30,2,2,2,60635,60635,30318,2,100,100,25,75,0,25,25,0,0,0,
10116,,Blake Garner,blake-garner,30,2,2,0,60631,30316,30316,2,100,0,100,0,0,0,0,0,0,0,
1100,,Psychotic Psoftware,psychotic-psoftware,30,2,2,0,60623,30312,30312,2,100,100,0,0,0,0,0,0,0,0,
16836,,Performance Simulations,performance-simulations,30,1,1,0,60595,60595,60595,1,100,0,0,0,100,0,0,0,0,0,
39034,,Boomzap Inc,boomzap-inc,30,21,21,1,60590,1337,2885,22,5,5,95,45,0,9,0,5,0,0,
7412474,,Woodland Development,woodland-development,30,1,1,0,60589,60589,60589,1,0,100,100,0,0,0,100,0,0,0,
26090,,Illuminated Games,illuminated-games,30,3,3,0,60574,12850,20191,1,100,0,67,67,0,0,33,0,0,0,
291341,,Twins Halo,twins-halo,30,3,3,0,60567,4840,20189,3,100,100,0,33,0,0,0,0,0,0,South Korea
8141,,Vivid Helix,vivid-helix,30,2,2,0,60552,30276,30276,2,100,0,0,0,50,50,0,0,0,0,Canada
940259,,Arcadie &amp; Utopie,arcadie-amp-utopie,30,1,1,1,60527,60527,60527,1,50,0,0,0,0,0,100,0,0,0,
44284,,Square Weasel Studio,square-weasel-studio,30,3,3,2,60518,59366,20173,5,100,0,100,40,0,0,60,0,0,0,
18066,,KAVA Game Studio,kava-game-studio,30,1,1,0,60510,0,60510,1,100,100,0,0,0,100,0,0,0,0,
26300,,Crispon Games,crispon-games,30,1,1,0,60492,60492,60492,0,100,0,0,0,0,100,0,0,0,0,
20205,,CarloC,carloc,30,4,4,1,60490,26477,15123,5,80,20,40,0,60,60,0,0,0,0,
1899870,,Finn Schuuring,finn-schuuring,30,1,1,0,60481,60481,60481,1,0,0,0,100,0,100,100,0,0,0,
215570,,Gungrounds (Macanga Games j.d.o.o.),gungrounds-macanga-games-j-d-o-o,30,1,1,0,60476,60476,60476,0,100,100,0,0,0,0,0,0,0,0,
47045,,Ada Rook,ada-rook,30,1,1,0,60472,60472,60472,1,0,0,0,100,0,0,0,0,0,0,Canada
43721,,DOPPELGESICHT,doppelgesicht,30,2,2,0,60469,30235,30235,0,100,50,0,50,0,0,100,0,0,0,
263,,GameRealmMadness,gamerealmmadness,30,3,3,0,60465,4801,20155,3,67,100,0,67,0,0,0,0,0,0,
4073484,,Seeking-chan,seeking-chan,30,1,1,0,60432,60432,60432,0,0,100,100,0,0,0,0,0,0,0,
5565491,,West Tech,west-tech,30,1,1,0,60430,60430,60430,1,100,100,0,100,0,0,100,0,100,0,
46283,,Senmu Studio,senmu-studio,30,1,1,0,60385,60385,60385,0,100,0,0,100,100,100,100,0,0,0,
48104,,Noisy Head Games,noisy-head-games,30,1,1,0,60385,60385,60385,0,100,100,0,100,0,0,0,0,0,0,
16286,,Psydra Games LLC,psydra-games-llc,30,2,2,0,60370,43369,30185,2,100,50,50,100,0,0,50,0,0,0,
25002,,Andrew Ryan Henke,andrew-ryan-henke,30,2,2,1,60366,30183,30183,0,33,0,0,33,0,33,100,0,0,0,
22004,,Terminal Press,terminal-press,30,1,1,0,60361,0,60361,1,100,100,100,0,0,0,0,0,0,0,
15000,,Lucasfilm,lucasfilm,30,1,1,0,60352,60352,60352,1,0,0,0,100,0,0,0,0,0,0,United States
125598,,Tsukinomizu Project,tsukinomizu-project,30,1,1,0,60318,60318,60318,0,100,0,0,0,0,0,100,0,0,0,
15957,,LeGrudge &amp; Rugged,legrudge-amp-rugged,30,1,1,0,60304,60304,60304,0,100,100,0,0,0,0,0,0,100,0,
46086,,helpnode,helpnode,30,1,1,0,60262,60262,60262,1,0,0,0,100,0,0,0,0,0,0,
231044,,Dark Root Gardeners,dark-root-gardeners,30,1,1,0,60261,60261,60261,0,0,0,0,0,0,100,100,0,0,0,
24200,,Infogames Europe SA,infogames-europe-sa,30,1,1,0,60234,60234,60234,0,0,0,0,0,0,0,100,0,0,0,
30469,,Happy Snake,happy-snake,30,3,3,0,60230,7226,20077,0,67,33,33,33,0,0,0,0,0,0,
6552460,,Today's Games,today-s-games,30,1,1,0,60216,60216,60216,0,100,100,0,100,0,0,0,0,0,0,Croatia
1639713,,PROTOTYPE,prototype,30,1,1,0,60209,60209,60209,1,0,0,0,100,0,0,0,0,0,0,Japan
6155519,,Korpi Games Oy,korpi-games-oy,30,1,1,1,60133,60133,60133,2,100,0,50,0,50,0,0,0,0,100,
5341600,,Maxi Molina (MaxiMJdev),maxi-molina-maximjdev,30,1,1,0,60124,60124,60124,1,100,0,0,100,100,0,100,0,0,0,
5228,,Red Fox Studios,red-fox-studios,30,5,5,0,60107,7455,12021,5,100,20,60,0,100,100,0,0,0,0,United States
8901664,,上海泼泼猫文化传媒有限公司,-,30,1,1,0,60105,60105,60105,1,100,0,0,100,0,100,100,0,0,0,
22310,,Funcraft Games,funcraft-games,30,5,5,0,60098,5610,12020,5,80,80,40,20,60,0,0,0,20,0,
18388,,CSGAMES,csgames,30,2,2,0,60086,59900,30043,1,0,100,50,100,50,0,0,0,50,0,
17653,,DareLooks,darelooks,30,3,3,0,60081,30041,20027,3,100,100,67,0,0,0,0,0,0,0,
1395094,,Phantasmica Studios,phantasmica-studios,30,1,1,0,60075,60075,60075,1,100,0,0,100,0,100,100,0,0,0,
26454,,AWE Games,awe-games,30,3,3,0,60041,60041,20014,0,0,0,0,100,0,0,0,0,33,0,United States
15849,,Studio Namaapa,studio-namaapa,30,3,3,0,60002,16486,20001,2,100,0,33,33,67,33,33,0,0,0,
