id,game_id,igdb_id,vgi_id,name,released,steam_id,price,revenue,units_sold,reviews,followers,rating,avg_playtime,genres,developers,publishers,publishers_type,tags,game_classification
1,38541,2058,699568,"PAYDAY 2",2013-08-13,218620,9.99,232600000,26000000,662000,8200000,89.618,135,"Action, RPG","OVERKILL - a Starbreeze Studio.","Starbreeze Publishing",Indie,"['Strategy', 'Action', 'Simulation', 'Singleplayer', 'Multiplayer', 'Gun Customization', 'Co-op', 'First-Person', 'Online Co-Op', 'PvE', 'Crime', 'Tactical', 'Team-Based', 'Heist', 'Looter Shooter', 'FPS', 'Stealth', 'Shooter', 'Funny', 'Great Soundtrack']",NULL
2,38119,1372,673947,"Counter-Strike 2",2012-08-21,730,0,543700000,93800000,8600000,4300000,86.817,510,"Action, Free to Play",Valve,Valve,AAA,"['Strategy', 'Action', 'Multiplayer', 'Competitive', 'Co-op', 'First-Person', 'Moddable', 'Online Co-Op', 'War', 'Military', 'Tactical', 'Team-Based', 'eSports', 'Trading', 'FPS', 'Shooter', 'Difficult', 'Fast-Paced', 'PvP', 'Realistic']",NULL
3,37953,134710,715952,"Grand Theft Auto V Legacy",2015-04-13,271590,0,912700000,35800000,2000000,3400000,87.315,212,"Action, Adventure","Rockstar Games","Rockstar Games",AAA,"['Action', 'Adventure', 'Singleplayer', 'Multiplayer', 'Automobile Sim', 'Racing', 'Co-op', 'First-Person', 'Third-Person Shooter', 'Moddable', 'Third-Person', 'Crime', 'Shooter', 'Open World', 'Comedy', 'Sandbox', 'Funny', 'Atmospheric', 'Great Soundtrack', 'Mature']",NULL
4,55193,15938,703573,"1... 2... 3... KICK IT! (Drop That Beat Like an Ugly Baby)",2011-04-02,15540,0,275000,40842,551,719,28.131,2,"Action, Indie, Early Access","Dejobaan Games, LLC","Dejobaan Games, LLC",Indie,"['Action', 'Indie', 'Singleplayer', 'Early Access', 'Music', 'Rhythm', 'Music-Based Procedural Generation', 'Procedural Generation']",NULL
5,39670,27134,684170,"Deep Rock Galactic",2018-02-28,548430,29.99,148000000,9600000,335000,2700000,97.263,55,Action,"Ghost Ship Games","Coffee Stain Publishing",AA,"['Action', 'Co-op', 'First-Person', 'Dwarf', 'Dark', 'Loot', 'PvE', 'Action Roguelike', 'Combat', 'Class-Based', 'Looter Shooter', 'Survival', 'FPS', 'Shooter', 'Exploration', 'Space', 'Sci-fi', 'Atmospheric', 'Procedural Generation', 'Horror']",NULL
6,53934,2963,728253,"Dota 2",2013-07-09,570,0,0,95500000,2500000,2400000,81.572,773,"Action, Strategy, Free to Play",Valve,Valve,AAA,"['Strategy', 'Action', 'Simulation', 'Free to Play', 'RPG', 'Multiplayer', 'Competitive', 'Action RPG', 'Co-op', 'MOBA', 'Online Co-Op', 'Character Customization', 'Team-Based', 'eSports', 'Tower Defense', 'RTS', 'Fantasy', 'Difficult', 'PvP', 'Replay Value']",NULL
7,37079,1365,712180,AirMech,2012-08-03,206500,0,0,2100000,10632,44651,84.095,8,"Action, Indie, Strategy, Free to Play","Carbon Games","Carbon Games",Indie,"['Strategy', 'Action', 'Adventure', 'Indie', 'Singleplayer', 'Free to Play', 'Early Access', 'RPG', 'Massively Multiplayer', 'Multiplayer', 'Robots', 'Co-op', 'Mechs', 'MOBA', 'Online Co-Op', 'RTS', 'Shooter', 'Sci-fi', 'Fast-Paced', 'PvP']",NULL
8,37598,18866,683400,"Dead by Daylight",2016-06-14,381210,19.99,271600000,21100000,783000,1600000,79.026,180,Action,"Behaviour Interactive","Behaviour Interactive",Indie,"['Strategy', 'Action', 'Multiplayer', 'Gore', 'Psychological Horror', 'Co-op', 'First-Person', 'Online Co-Op', 'Third-Person', 'Survival Horror', 'Blood', 'Team-Based', 'Survival', 'Stealth', 'Comedy', 'Atmospheric', 'Difficult', 'Violent', 'Horror', 'Mature']",NULL
9,49328,1877,702422,"Cyberpunk 2077",2020-12-10,1091500,59.99,905000000,21500000,823000,1500000,83.963,78,RPG,"CD PROJEKT RED","CD PROJEKT RED",AA,"['Action', 'Adventure', 'Singleplayer', 'RPG', 'Immersive Sim', 'Action RPG', 'First-Person', 'Character Customization', 'Cyberpunk', 'Futuristic', 'FPS', 'Exploration', 'Open World', 'Story Rich', 'Sci-fi', 'Atmospheric', 'Great Soundtrack', 'Violent', 'Mature', 'Nudity']",NULL
10,53886,891,622819,"Team Fortress 2",2007-10-10,440,0,0,81600000,1100000,1400000,89.493,258,"Action, Free to Play",Valve,Valve,AAA,"['Action', 'Free to Play', 'Multiplayer', 'Competitive', 'Robots', 'Co-op', 'First-Person', 'Cartoon', 'Online Co-Op', 'Crafting', 'Tactical', 'Team-Based', 'Trading', 'Hero Shooter', 'Class-Based', 'Cartoony', 'FPS', 'Shooter', 'Comedy', 'Funny']",NULL
11,1616124,136879,692415,"Black Myth: Wukong",2024-08-20,2358720,59.99,948400000,19800000,1100000,1300000,96.673,51,"Action, Adventure, RPG","Game Science","Game Science",Indie,"['Action', 'Adventure', 'Singleplayer', 'RPG', 'Music', 'Action-Adventure', 'Drama', 'Action RPG', 'Souls-like', 'Dark Fantasy', 'Hack and Slash', 'Third-Person', 'Combat', 'Mythology', '3D', 'Fantasy', 'Story Rich', 'Atmospheric', 'Difficult', 'Violent']",NULL
12,46371,7360,704313,"Tom Clancy's Rainbow Six Siege",2015-12-01,359550,19.99,281100000,20500000,1400000,1300000,84.05,232,Action,Ubisoft,Ubisoft,AAA,"['Strategy', 'Action', 'Multiplayer', 'Competitive', 'Co-op', 'First-Person', 'Online Co-Op', 'War', 'Military', 'Tactical', 'Destruction', 'Team-Based', 'eSports', 'Hero Shooter', '3D', 'FPS', 'Shooter', 'Difficult', 'PvP', 'Realistic']",NULL
13,53888,124,645531,"Left 4 Dead 2",2009-11-16,550,9.99,460900000,55800000,946000,1200000,97.538,37,Action,Valve,Valve,AAA,"['Action', 'Adventure', 'Singleplayer', 'Multiplayer', 'Gore', 'Co-op', 'First-Person', 'Moddable', 'Online Co-Op', 'Survival Horror', 'Zombies', 'Tactical', 'Post-apocalyptic', 'Team-Based', 'Local Co-Op', 'Survival', 'FPS', 'Shooter', 'Horror', 'Replay Value']",NULL
14,38079,2649,642906,StarForge,2013-03-20,227680,0,5300000,519000,8454,18603,13.248,4,"Action, Adventure, Indie, Simulation, Strategy, RPG",Code}{atch,Code}{atch,Indie,"['Strategy', 'Action', 'Adventure', 'Indie', 'Simulation', 'Singleplayer', 'Early Access', 'RPG', 'Multiplayer', 'Co-op', 'First-Person', 'Crafting', 'Building', 'Survival', 'FPS', 'Exploration', 'Open World', 'Space', 'Sandbox', 'Sci-fi']",NULL
15,39941,3070,674191,"Euro Truck Simulator 2",2012-10-18,227300,19.99,155600000,13400000,849000,1200000,97.362,112,"Indie, Simulation","SCS Software","SCS Software",AA,"['Adventure', 'Indie', 'Simulation', 'Casual', 'Multiplayer', 'Automobile Sim', 'Controller', 'Economy', 'Driving', 'Immersive Sim', 'Moddable', 'Third-Person', 'Transportation', 'Exploration', 'Management', 'Relaxing', 'Open World', 'Atmospheric', 'Family Friendly', 'Realistic']",NULL
16,61529,119133,650839,"ELDEN RING",2022-02-24,1245620,59.99,698100000,15000000,1000000,1100000,92.846,128,"Action, RPG",FromSoftware,"Bandai Namco, FromSoftware",AAA,"['Action', 'Singleplayer', 'RPG', 'Multiplayer', 'Action RPG', 'Souls-like', 'Co-op', 'Online Co-Op', 'Dark Fantasy', 'Character Customization', 'Third-Person', '3D', 'Fantasy', 'Open World', 'Atmospheric', 'Difficult', 'Great Soundtrack', 'Violent', 'Family Friendly', 'PvP']",NULL
17,17460,1942,703994,"The Witcher 3: Wild Hunt",2015-05-18,292030,39.99,350000000,14000000,823000,961000,96.116,56,RPG,"CD PROJEKT RED","CD PROJEKT RED",AA,"['Action', 'Adventure', 'Singleplayer', 'RPG', 'Choices Matter', 'Action RPG', 'Medieval', 'Dark', 'Dark Fantasy', 'Third-Person', 'Magic', 'Fantasy', 'Open World', 'Story Rich', 'Sandbox', 'Atmospheric', 'Great Soundtrack', 'Multiple Endings', 'Mature', 'Nudity']",NULL
18,36155,119171,717274,"Baldur's Gate 3",2020-10-06,1086940,59.99,768000000,16200000,735000,919000,96.83,112,"Adventure, Strategy, RPG","Larian Studios","Larian Studios",AA,"['Strategy', 'Adventure', 'Singleplayer', 'RPG', 'Multiplayer', 'Choices Matter', 'Turn-Based Combat', 'CRPG', 'Online Co-Op', 'Dark Fantasy', 'Character Customization', 'Co-op Campaign', 'Combat', 'Romance', 'Class-Based', 'Dungeons & Dragons', 'Fantasy', 'Story Rich', 'Sexual Content', 'Nudity']",NULL
19,38415,17000,710048,"Stardew Valley",2016-02-26,413150,14.99,176100000,16300000,860000,912000,98.429,69,"Indie, Simulation, RPG",ConcernedApe,ConcernedApe,AA,"['Indie', 'Simulation', 'Singleplayer', 'Casual', 'RPG', 'Multiplayer', 'Agriculture', 'Crafting', 'Dating Sim', 'Fishing', 'Life Sim', 'Farming Sim', '2D', 'Pixel Graphics', 'Building', 'Relaxing', 'Open World', 'Sandbox', 'Great Soundtrack', 'Cute']",NULL
20,36198,9630,704394,"Fallout 4",2015-11-10,377160,19.99,440300000,15100000,388000,911000,83.015,91,RPG,"Bethesda Game Studios","Bethesda Softworks",AAA,"['Action', 'Adventure', 'Singleplayer', 'RPG', 'Action RPG', 'First-Person', 'Third-Person Shooter', 'Character Customization', 'Third-Person', 'Post-apocalyptic', 'Survival', 'FPS', 'Shooter', 'Exploration', 'Open World', 'Story Rich', 'Sandbox', 'Sci-fi', 'Atmospheric', 'Great Soundtrack']",NULL
21,38684,36926,684333,"Monster Hunter: World",2018-08-09,582010,29.99,375000000,12800000,486000,888000,87.945,143,Action,Capcom,Capcom,AAA,"['Action', 'Adventure', 'Singleplayer', 'RPG', 'Multiplayer', 'Action RPG', 'Souls-like', 'Co-op', 'MMORPG', 'Character Customization', 'Hack and Slash', 'Third-Person', 'Exploration', 'JRPG', 'Fantasy', 'Open World', 'Atmospheric', 'Difficult', 'Great Soundtrack', 'Replay Value']",NULL
22,39281,2903,712234,Warframe,2013-03-25,230410,0,0,35600000,617000,871000,87.095,204,"Action, Free to Play, RPG","Digital Extremes","Digital Extremes",Indie,"['Action', 'Singleplayer', 'Free to Play', 'RPG', 'Massively Multiplayer', 'Ninja', 'Action RPG', 'Co-op', 'Third-Person Shooter', 'Online Co-Op', 'Character Customization', 'PvE', 'Hack and Slash', 'Third-Person', 'Parkour', 'Lore-Rich', 'Looter Shooter', 'Shooter', 'Space', 'Sci-fi']",NULL
23,55047,1879,622775,Terraria,2011-05-16,105600,9.99,175800000,25900000,1400000,866000,97.496,116,"Action, Adventure, Indie, RPG",Re-Logic,Re-Logic,Indie,"['Action', 'Adventure', 'Indie', 'Singleplayer', 'RPG', 'Multiplayer', 'Co-op', 'Online Co-Op', 'Crafting', 'Open World Survival Craft', '2D', 'Pixel Graphics', 'Platformer', 'Building', 'Survival', 'Exploration', 'Open World', 'Sandbox', 'Atmospheric', 'Replay Value']",NULL
24,35470,9627,674182,Gnomoria,2013-03-20,224500,14.99,1500000,208000,3513,17319,75.804,28,"Indie, Simulation, Strategy","Robotronic Games","Robotronic Games",Indie,"['Strategy', 'Indie', 'Simulation', 'Singleplayer', 'Early Access', 'Addictive', 'Colony Sim', 'Crafting', 'Isometric', '2D', 'Pixel Graphics', 'Building', 'Survival', 'RTS', 'City Builder', 'Base Building', 'Resource Management', 'Management', 'Fantasy', 'Sandbox']",NULL
25,39301,25076,687411,"Red Dead Redemption 2",2019-12-05,1174180,59.99,651700000,18200000,695000,846000,92.085,71,"Action, Adventure","Rockstar Games","Rockstar Games",AAA,"['Action', 'Adventure', 'Singleplayer', 'Multiplayer', 'Gore', 'First-Person', 'Third-Person Shooter', 'Third-Person', 'Beautiful', 'Western', 'Horses', 'FPS', 'Shooter', 'Open World', 'Story Rich', 'Sandbox', 'Atmospheric', 'Great Soundtrack', 'Realistic', 'Mature']",NULL
26,38892,9066,699672,"Cities: Skylines",2015-03-10,255710,29.99,229700000,12600000,270000,815000,93.046,57,"Simulation, Strategy","Colossal Order Ltd.","Paradox Interactive",AA,"['Strategy', 'Action', 'Simulation', 'Singleplayer', 'Casual', 'Real-Time with Pause', 'Economy', 'Moddable', 'Modern', 'Mod', 'Building', 'City Builder', 'Resource Management', 'Management', 'Sandbox', 'Funny', 'Great Soundtrack', 'Family Friendly', 'Realistic', 'Replay Value']",NULL
27,36172,3225,703934,"No Man's Sky",2016-08-12,275850,59.99,138400000,3600000,347000,803000,82.905,52,"Action, Adventure","Hello Games","Hello Games",AA,"['Action', 'Adventure', 'Indie', 'Simulation', 'Singleplayer', 'Multiplayer', 'VR', 'Space Sim', 'First-Person', 'Crafting', 'Open World Survival Craft', 'Survival', 'FPS', 'Exploration', 'Open World', 'Space', 'Sandbox', 'Sci-fi', 'Atmospheric', 'Procedural Generation']",NULL
28,39335,19130,682913,"Sid Meier's Civilization VI",2016-10-21,289070,59.99,401000000,11700000,345000,788000,86.808,81,Strategy,"Aspyr, Firaxis Games","2K, Aspyr","AA, AAA","['Strategy', 'Simulation', 'Singleplayer', 'Multiplayer', 'Co-op', 'Hex Grid', 'Moddable', 'Online Co-Op', 'War', 'Historical', 'Grand Strategy', 'Tactical', 'Turn-Based Strategy', 'Building', '4X', 'Turn-Based', 'City Builder', 'Management', 'Atmospheric', 'Great Soundtrack']",NULL
29,35420,15415,712226,"Kinetic Void",2013-03-21,227160,9.99,1300000,90857,1552,5509,17.332,3,"Action, Indie, Simulation","Badland Studio","Badland Studio",Indie,"['Action', 'Adventure', 'Indie', 'Simulation', 'Singleplayer', 'Early Access', 'Space Sim', 'Building', 'Open World', 'Space', 'Sandbox', 'Sci-fi']",NULL
30,53937,3278,712004,"Garry's Mod",2006-11-29,4000,9.99,155500000,23000000,1100000,770000,96.788,162,"Indie, Simulation, Casual","Facepunch Studios",Valve,AAA,"['Action', 'Indie', 'Simulation', 'Singleplayer', 'Casual', 'Multiplayer', 'Co-op', 'First-Person', 'Moddable', 'Online Co-Op', 'Building', 'FPS', 'Shooter', 'Exploration', 'Physics', 'Comedy', 'Sandbox', 'Funny', 'PvP', 'Realistic']",NULL
31,55009,1881,703694,"Arma 3",2013-09-12,107410,29.99,284300000,10800000,280000,732000,90.436,185,"Action, Simulation, Strategy","Bohemia Interactive","Bohemia Interactive",AAA,"['Strategy', 'Action', 'Simulation', 'Singleplayer', 'Multiplayer', 'Co-op', 'First-Person', 'Third-Person Shooter', 'Moddable', 'Online Co-Op', 'War', 'Military', 'Tactical', 'Team-Based', 'Combat', 'FPS', 'Shooter', 'Open World', 'Sandbox', 'Realistic']",NULL
32,38163,3042,715833,"Dying Light",2015-01-27,239140,19.99,364200000,16400000,451000,716000,95.204,36,"Action, RPG",Techland,,,"['Action', 'Multiplayer', 'Gore', 'Action RPG', 'First-Person', 'Online Co-Op', 'PvE', 'Hack and Slash', 'Survival Horror', 'Zombies', 'Post-apocalyptic', 'Parkour', 'Open World Survival Craft', 'Survival', 'FPS', 'Stealth', 'Open World', 'Story Rich', 'Horror', 'PvP']",NULL
33,36230,25657,655445,"Destiny 2",2019-10-01,1085660,0,0,18200000,621000,713000,79.709,256,"Action, Adventure, Free to Play",Bungie,Bungie,AA,"['Action', 'Adventure', 'Free to Play', 'Massively Multiplayer', 'Multiplayer', 'Competitive', 'Co-op', 'First-Person', 'MMORPG', 'Loot', 'PvE', 'Lore-Rich', 'Looter Shooter', 'FPS', 'Shooter', 'Open World', 'Space', 'Sci-fi', 'Atmospheric', 'PvP']",NULL
34,39149,17832,728835,"Don't Starve Together",2014-12-15,322330,14.99,153100000,16100000,491000,702000,95.413,50,"Action, Adventure, Indie, Simulation, Strategy, RPG","Klei Entertainment","Klei Entertainment",AA,"['Strategy', 'Action', 'Adventure', 'Indie', 'Singleplayer', 'Multiplayer', 'Co-op', 'Online Co-Op', 'Crafting', 'Survival Horror', 'Open World Survival Craft', '2D', 'Survival', 'Roguelike', 'Open World', 'Sandbox', 'Funny', 'Atmospheric', 'Difficult', 'Horror']",NULL
35,39527,119313,612076,"Fall Guys",2020-08-04,1097150,0,253600000,18600000,475000,701000,81.298,25,"Action, Indie, Casual, Sports, MMO",Mediatonic,,,"['Action', 'Indie', 'Casual', 'Massively Multiplayer', 'Multiplayer', 'Controller', 'Co-op', 'Online Co-Op', 'Party Game', 'Battle Royale', '3D Platformer', 'Platformer', 'Physics', 'Comedy', 'Funny', 'Difficult', 'Cute', 'Family Friendly', 'Colorful', 'PvP']",NULL
36,37880,9495,709956,Squad,2015-12-15,393380,49.99,201700000,6100000,204000,690000,82.975,107,"Action, Indie, Strategy, MMO",Offworld,Offworld,Indie,"['Strategy', 'Action', 'Simulation', 'Massively Multiplayer', 'Multiplayer', 'Immersive Sim', 'First-Person', 'War', 'Military', 'Wargame', 'Tactical', 'Modern', 'Team-Based', 'FPS', 'Shooter', 'Base Building', 'Open World', 'Atmospheric', 'PvP', 'Realistic']",NULL
37,71382,136625,726131,"Hogwarts Legacy",2023-02-10,990080,59.99,416900000,9300000,312000,661000,90.372,37,"Action, Adventure, RPG","Avalanche Software","Warner Bros. Games",AAA,"['Action', 'Adventure', 'Singleplayer', 'RPG', 'Choices Matter', 'Action-Adventure', 'Action RPG', 'Dark', 'Character Customization', 'Third-Person', 'Magic', 'Combat', 'Puzzle', 'Exploration', 'Fantasy', 'Open World', 'Story Rich', 'Atmospheric', 'Great Soundtrack', 'Family Friendly']",NULL
38,36118,2117,703758,DayZ,2013-12-16,221100,49.99,287900000,10800000,422000,657000,76.499,251,"Action, Adventure, MMO","Bohemia Interactive","Bohemia Interactive",AAA,"['Action', 'Adventure', 'Simulation', 'Choose Your Own Adventure', 'Massively Multiplayer', 'Multiplayer', 'Co-op', 'First-Person', 'Online Co-Op', 'Survival Horror', 'Zombies', 'Post-apocalyptic', 'Survival', 'FPS', 'Shooter', 'Open World', 'Sandbox', 'Atmospheric', 'Horror', 'PvP']",NULL
39,39746,11198,712293,"Rocket League",2015-07-07,252950,0,218100000,18900000,582000,646000,87.438,304,"Action, Indie, Sports, Racing",Psyonix,Psyonix,Indie,"['Action', 'Indie', 'Singleplayer', 'Casual', 'Multiplayer', 'Competitive', 'Sports', 'Racing', 'Co-op', '4 Player Local', 'Split Screen', 'Online Co-Op', 'Local Multiplayer', 'Team-Based', 'Local Co-Op', 'Funny', 'Great Soundtrack', 'Fast-Paced', 'Football (Soccer)', 'Football (American)']",NULL
40,36011,11133,666761,"DARK SOULS™ III",2016-04-11,374320,59.99,355800000,9000000,407000,629000,94.312,83,Action,FromSoftware,"Bandai Namco, FromSoftware",AAA,"['Action', 'Adventure', 'Singleplayer', 'RPG', 'Multiplayer', 'Action RPG', 'Souls-like', 'Co-op', 'Dark Fantasy', 'Character Customization', 'Third-Person', 'Lore-Rich', 'Exploration', 'Open World', 'Story Rich', 'Atmospheric', 'Difficult', 'Great Soundtrack', 'PvP', 'Replay Value']",NULL
41,46881,137989,718251,"Party Animals",2023-09-20,1260320,19.99,27500000,1900000,61889,626000,77.988,13,"Action, Indie, Casual","Recreate Games","Source Technology",Indie,"['Action', 'Indie', 'Casual', 'Multiplayer', 'Action-Adventure', 'Co-op', '4 Player Local', 'Party', 'Fighting', 'Online Co-Op', 'Party Game', 'Local Multiplayer', 'Team-Based', 'Local Co-Op', '3D Fighter', 'Physics', 'Funny', 'Cute', 'Family Friendly', 'PvP']",NULL
42,35408,50821,699583,"Under the Ocean",2013-03-21,227720,0,114000,18008,231,374,52.381,2,"Adventure, Indie, Simulation, Early Access","Near Enough Games","Near Enough Games",Indie,"['Adventure', 'Indie', 'Simulation', 'Singleplayer', 'Early Access', 'Crafting', 'Survival', 'Sandbox']",NULL
43,169155,200165,660161,"Call of Duty®",2022-10-28,1938090,0,651500000,20800000,693000,621000,58.628,71,Action,"Activision Shanghai, Beenox, Demonware, High Moon Studios, Infinity Ward, Raven Software, Sledgehammer Games, Toys for Bob, Treyarch",Activision,AAA,"['Action', 'Singleplayer', 'Multiplayer', 'Gore', 'Co-op', 'First-Person', 'Third-Person Shooter', 'Online Co-Op', 'War', 'Military', 'Third-Person', 'Tactical', 'Modern', 'FPS', 'Shooter', 'Story Rich', 'Atmospheric', 'Violent', 'Realistic', 'Mature']",NULL
44,39632,76882,610535,"Sekiro™: Shadows Die Twice",2019-03-22,814380,59.99,239000000,5600000,315000,619000,95.293,47,"Action, Adventure",FromSoftware,"Activision (Excluding Japan and Asia), FromSoftware, Inc. (Japan), 方块游戏 (Asia)","AA, AAA, Indie","['Action', 'Adventure', 'Singleplayer', 'RPG', 'Ninja', 'Assassin', 'Gore', 'Souls-like', 'Dark', 'Dark Fantasy', 'Hack and Slash', 'Third-Person', 'Rhythm', 'Stealth', 'Open World', 'Story Rich', 'Atmospheric', 'Difficult', 'Great Soundtrack', 'Violent']",NULL
45,38496,6748,715821,"Killing Floor 2",2015-04-21,232090,29.99,126500000,7000000,126000,615000,87.744,107,Action,"Tripwire Interactive","Tripwire Interactive",AA,"['Action', 'Multiplayer', 'Gore', 'Co-op', 'First-Person', 'Dark', 'Moddable', 'Online Co-Op', 'Character Customization', 'PvE', 'Hack and Slash', 'Survival Horror', 'Zombies', 'Post-apocalyptic', 'Team-Based', 'Survival', 'FPS', 'Shooter', 'Atmospheric', 'Horror']",NULL
46,39239,9254,682834,Subnautica,2014-12-16,264710,29.99,117000000,6500000,307000,611000,97.017,32,"Adventure, Indie","Unknown Worlds Entertainment","Unknown Worlds Entertainment",AA,"['Action', 'Adventure', 'Indie', 'Singleplayer', 'Underwater', 'Multiplayer', 'Aliens', 'VR', 'First-Person', 'Crafting', 'Survival Horror', 'Open World Survival Craft', 'Survival', 'Exploration', 'Base Building', 'Open World', 'Sandbox', 'Sci-fi', 'Atmospheric', 'Horror']",NULL
47,38281,9789,704004,RimWorld,2016-07-15,294100,34.99,96100000,3700000,205000,585000,97.979,235,"Indie, Simulation, Strategy","Ludeon Studios","Ludeon Studios",AA,"['Strategy', 'Indie', 'Simulation', 'Singleplayer', 'Colony Sim', 'Moddable', 'Western', 'Tactical RPG', '2D', 'Cartoony', 'Building', 'Survival', 'City Builder', 'Base Building', 'Management', 'Open World', 'Space', 'Sandbox', 'Sci-fi', 'Procedural Generation']",NULL
48,36756,15409,728482,"Folk Tale",2013-06-01,224440,0,2100000,194000,2811,38535,36.926,6,"Indie, Simulation, Strategy, Early Access, RPG","Games Foundry ","Games Foundry ",Indie,"['Strategy', 'Indie', 'Simulation', 'Singleplayer', 'Inventory Management', 'Early Access', 'RPG', 'Medieval', 'Magic', 'Building', 'Survival', 'RTS', 'City Builder', 'Resource Management', 'Management', 'Fantasy', 'Comedy', 'Sandbox']",NULL
49,38889,2958,682729,"Planetary Annihilation",2013-06-13,233250,0,19500000,1100000,13841,27002,58.731,12,Strategy,"Planetary Annihilation Inc","Planetary Annihilation Inc",Indie,"['Strategy', 'Action', 'Indie', 'Singleplayer', 'Early Access', 'Multiplayer', 'Robots', 'Stylized', 'Kickstarter', 'Crowdfunded', 'Co-op', 'Grand Strategy', 'Tactical', 'Futuristic', 'Epic', 'Real-Time', 'RTS', 'Space', 'Sandbox', 'Sci-fi']",NULL
50,14590,127352,671017,"NARAKA: BLADEPOINT",2021-08-12,1203220,0,79200000,9500000,317000,566000,70.265,167,"Action, Adventure, MMO","24 Entertainment","NetEase Games Global",Indie,"['Action', 'Adventure', 'Free to Play', 'Massively Multiplayer', 'Multiplayer', 'Gore', 'Fighting', 'Character Customization', 'Hack and Slash', 'Third-Person', 'Battle Royale', 'Parkour', 'Swordplay', 'Martial Arts', 'Female Protagonist', 'Survival', 'Anime', 'Violent', 'PvP', 'Mature']",NULL
51,39381,16992,646857,"Human Fall Flat",2016-07-22,477160,19.99,145900000,15200000,211000,565000,94.7,14,"Adventure, Indie, Simulation, Casual","No Brakes Games","Curve Games",Indie,"['Action', 'Adventure', 'Indie', 'Simulation', 'Singleplayer', 'Casual', 'Multiplayer', 'Puzzle Platformer', 'Co-op', 'Split Screen', 'Local Multiplayer', 'Parkour', '3D Platformer', 'Local Co-Op', 'Puzzle', 'Physics', 'Open World', 'Comedy', 'Sandbox', 'Funny']",NULL
52,36007,7878,646018,Unturned,2014-07-07,304930,0,0,36500000,553000,565000,91.285,253,"Action, Adventure, Indie, Casual, Free to Play","Smartly Dressed Games","Smartly Dressed Games",Indie,"['Action', 'Adventure', 'Indie', 'Singleplayer', 'Free to Play', 'Casual', 'Massively Multiplayer', 'Multiplayer', 'Co-op', 'First-Person', 'Crafting', 'Zombies', 'Post-apocalyptic', 'Looter Shooter', 'Survival', 'FPS', 'Shooter', 'Open World', 'Sandbox', 'Atmospheric']",NULL
53,46381,114795,655942,"Apex Legends",2020-11-05,1172470,0,0,29500000,983000,557000,67.185,206,"Action, Adventure, Free to Play",Respawn,"Electronic Arts",AAA,"['Action', 'Free to Play', 'Multiplayer', 'Co-op', 'First-Person', 'Loot', 'Character Customization', 'Cinematic', 'Cyberpunk', 'Tactical', 'Battle Royale', 'Team-Based', 'Lore-Rich', 'Hero Shooter', 'Survival', 'FPS', 'Shooter', 'Sci-fi', 'Funny', 'PvP']",NULL
54,39719,26381,729822,"theHunter: Call of the Wild™",2017-02-16,518790,19.99,59900000,4400000,175000,532000,88.694,28,"Adventure, Simulation, Sports","Expansive Worlds","Avalanche Studios",AA,"['Simulation', 'Multiplayer', 'Sports', 'Controller', 'Nature', 'Immersive Sim', 'Co-op', 'First-Person', 'Online Co-Op', 'Walking Simulator', 'America', 'Hunting', 'Survival', 'FPS', 'Stealth', 'Shooter', 'Relaxing', 'Open World', 'Sandbox', 'Realistic']",NULL
55,35976,19457,713720,"The Elder Scrolls V: Skyrim Special Edition",2016-10-28,489830,39.99,334600000,12500000,328000,523000,91.888,75,RPG,"Bethesda Game Studios","Bethesda Softworks",AAA,"['Action', 'Adventure', 'Singleplayer', 'RPG', 'Classic', 'First-Person', 'Dragons', 'Moddable', 'Character Customization', 'Third-Person', 'Magic', 'Remake', 'Walking Simulator', 'Female Protagonist', 'Stealth', 'Fantasy', 'Open World', 'Story Rich', 'Atmospheric', 'Great Soundtrack']",NULL
56,36528,16533,703812,"Edge of Space",2013-06-30,238240,14.99,2300000,250000,2724,16466,33.59,6,"Action, Adventure, Indie, RPG","Handyman Studios","Reverb Triple XP",Indie,"['Action', 'Adventure', 'Indie', 'Early Access', 'RPG', 'Multiplayer', 'Side Scroller', 'Co-op', 'Crafting', 'Open World Survival Craft', '2D', 'Pixel Graphics', 'Platformer', 'Building', 'Survival', 'Exploration', 'Open World', 'Space', 'Sandbox', 'Sci-fi']",NULL
57,35968,11582,666279,Stellaris,2016-05-09,281990,39.99,169100000,6800000,180000,517000,86.796,122,"Simulation, Strategy","Paradox Development Studio","Paradox Interactive",AA,"['Strategy', 'Simulation', 'Singleplayer', 'Multiplayer', 'Real-Time with Pause', 'Moddable', 'Military', 'Grand Strategy', 'Futuristic', 'Diplomacy', '4X', 'Exploration', 'Management', 'Space', 'Sandbox', 'Sci-fi', 'Atmospheric', 'Procedural Generation', 'Great Soundtrack', 'Replay Value']",NULL
58,37039,5031,699608,"Interstellar Marines",2013-07-02,236370,9.99,14000000,1200000,7853,39153,54.132,3,"Action, Indie, Simulation, Early Access, RPG","Zero Point Software","Zero Point Software",Indie,"['Action', 'Indie', 'Simulation', 'Singleplayer', 'Early Access', 'RPG', 'Multiplayer', 'Co-op', 'First-Person', 'Online Co-Op', 'Tactical', 'Team-Based', 'Immersive', 'FPS', 'Shooter', 'Space', 'Sci-fi', 'Atmospheric', 'Horror', 'Realistic']",NULL
59,39337,0,666688,ASTRONEER,2016-12-16,361420,29.99,50000000,2700000,127000,512000,92.155,34,"Adventure, Indie","System Era Softworks","System Era Softworks",AA,"['Adventure', 'Indie', 'Simulation', 'Singleplayer', 'Multiplayer', 'Co-op', 'Crafting', 'Third-Person', 'Automation', 'Open World Survival Craft', 'Building', 'Survival', 'Exploration', 'Base Building', 'Open World', 'Space', 'Sandbox', 'Sci-fi', 'Atmospheric', 'Colorful']",NULL
60,38859,5587,710717,"World of Warships",2017-11-14,552990,0,0,8500000,144000,509000,77.065,55,"Action, Simulation, Strategy, Free to Play, MMO"," Wargaming Group Limited"," Wargaming Group Limited",Indie,"['Action', 'Simulation', 'Free to Play', 'Massively Multiplayer', 'Multiplayer', 'Co-op', 'Naval Combat', 'Naval', 'Third-Person Shooter', 'Online Co-Op', 'PvE', 'War', 'Historical', 'Military', 'World War II', 'Tactical', 'Team-Based', 'Shooter', 'PvP', 'Realistic']",NULL
61,37246,16572,703836,"Take On Mars",2013-08-01,244030,9.99,1900000,114000,1994,23608,54.764,14,Simulation,"Bohemia Interactive","Bohemia Interactive",AAA,"['Adventure', 'Simulation', 'Singleplayer', 'Early Access', 'Multiplayer', 'Education', 'Co-op', 'Space Sim', 'First-Person', 'Moddable', 'Science', 'Futuristic', 'Mars', 'Building', 'Survival', 'Exploration', 'Open World', 'Space', 'Sandbox', 'Realistic']",NULL
62,39333,2165,699609,"War Thunder",2013-08-15,236390,0,0,27700000,733000,508000,63.518,169,"Action, Simulation, Free to Play, MMO","Gaijin Entertainment","Gaijin Network Ltd",Indie,"['Action', 'Simulation', 'Free to Play', 'Massively Multiplayer', 'Multiplayer', 'Tanks', 'VR', 'Naval Combat', 'Flight', 'Third-Person Shooter', 'War', 'Military', 'Third-Person', 'World War II', 'Modern', 'Cold War', 'Combat', 'Vehicular Combat', 'Shooter', 'Realistic']",NULL
63,36282,11208,667470,NieR:Automata™,2017-03-17,524220,39.99,105400000,3100000,138000,504000,86.953,29,"Action, RPG","PlatinumGames Inc., Square Enix","Square Enix",AAA,"['Action', 'Adventure', 'Singleplayer', 'RPG', 'Robots', 'Bullet Hell', 'Character Action Game', 'Hack and Slash', 'Post-apocalyptic', 'Spectacle fighter', 'Female Protagonist', 'JRPG', 'Open World', 'Story Rich', 'Sci-fi', 'Anime', 'Atmospheric', 'Great Soundtrack', 'Violent', 'Nudity']",NULL
64,38368,0,682779,"7 Days to Die",2013-12-13,251570,44.99,217200000,12600000,364000,500000,88.597,87,"Action, Adventure, Indie, Simulation, Strategy, RPG","The Fun Pimps","The Fun Pimps Entertainment LLC",AA,"['Strategy', 'Action', 'Simulation', 'Multiplayer', 'Online Co-Op', 'Character Customization', 'Zombies', 'Voxel', 'Post-apocalyptic', 'Open World Survival Craft', 'Building', 'Tower Defense', 'Survival', 'FPS', 'Exploration', 'Base Building', 'Open World', 'Sandbox', 'Procedural Generation', 'Horror']",NULL
65,39467,80961,711814,"Total War: THREE KINGDOMS",2019-05-23,779340,59.99,104100000,2300000,103000,497000,72.138,110,"Action, Strategy","Creative Assembly, Feral Interactive","Feral Interactive, SEGA","AA, AAA","['Strategy', 'Action', 'Simulation', 'Singleplayer', 'Multiplayer', 'Co-op', 'War', 'Historical', 'Military', 'Grand Strategy', 'Tactical', 'Turn-Based Strategy', 'Destruction', 'Real Time Tactics', 'RTS', 'Turn-Based', 'Fantasy', 'Sandbox', 'Great Soundtrack', 'Violent']",NULL
66,35397,0,712230,Dream,2013-08-13,229580,8.99,852000,88572,989,18105,56.218,3,"Adventure, Indie",HyperSloth,HyperSloth,Indie,"['Adventure', 'Indie', 'Simulation', 'Singleplayer', 'Early Access', 'Casual', 'VR', 'First-Person', 'Surreal', 'Beautiful', 'Walking Simulator', 'Puzzle', 'Exploration', 'Fantasy', 'Open World', 'Story Rich', 'Atmospheric', 'Great Soundtrack', 'Horror']",NULL
67,37381,11800,710151,"Divinity: Original Sin 2",2016-09-15,435150,44.99,165800000,5300000,188000,492000,95.834,71,"Adventure, Strategy, RPG","Larian Studios","Larian Studios",AA,"['Strategy', 'RPG', 'Choices Matter', 'CRPG', 'Party-Based RPG', 'Moddable', 'Character Customization', 'Turn-Based Strategy', 'Local Co-Op', 'Co-op Campaign', 'Isometric', 'Strategy RPG', 'Tactical RPG', 'Romance', 'Female Protagonist', 'Exploration', 'Fantasy', 'Story Rich', 'Funny', 'PvP']",NULL
68,35555,15323,645734,"Smashmuck Champions",2013-09-11,218330,0,0,59873,785,1124,77.197,3,"Action, Indie, Free to Play, Early Access","Kiz Studios","Kiz Studios",Indie,"['Action', 'Indie', 'Free to Play', 'Early Access', 'Massively Multiplayer', 'Multiplayer', 'MOBA']",NULL
69,35174,16620,715849,Paranormal,2013-09-12,246300,9.99,253000,36714,519,1712,56.455,3,"Action, Adventure, Indie, Simulation, Early Access","Matt Cohen","Matt Cohen",Indie,"['Action', 'Adventure', 'Indie', 'Simulation', 'Early Access', 'First-Person', 'Horror']",NULL
70,59403,141503,672893,"Forza Horizon 5",2021-11-09,1551360,59.99,265400000,6500000,215000,484000,88.599,63,"Action, Adventure, Simulation, Sports, Racing","Playground Games","Xbox Game Studios",AAA,"['Action', 'Adventure', 'Simulation', 'Singleplayer', 'Multiplayer', 'Sports', 'Automobile Sim', 'Racing', 'Driving', 'VR', 'Co-op', 'First-Person', 'Online Co-Op', 'Beautiful', 'Arcade', 'Exploration', 'Open World', 'Atmospheric', 'PvP', 'Realistic']",NULL
71,39022,7291,710932,"Hunt: Showdown 1896",2018-02-22,594650,29.99,150100000,6300000,244000,484000,73.121,130,Action,Crytek,Crytek,AA,"['Action', 'Multiplayer', 'Gore', 'Perma Death', 'Co-op', 'Online Co-Op', 'Survival Horror', 'Zombies', 'Tactical', 'Battle Royale', 'Western', 'Team-Based', 'FPS', 'Shooter', 'Open World', 'Atmospheric', 'Difficult', 'Horror', 'PvP', 'Extraction Shooter']",NULL
72,49261,135243,623617,"It Takes Two",2021-03-26,1426210,39.99,145200000,6200000,208000,484000,95.171,17,"Action, Adventure","Hazelight Studios","Electronic Arts",AAA,"['Action', 'Adventure', 'Multiplayer', 'Action-Adventure', 'Puzzle Platformer', 'Co-op', 'Split Screen', 'Online Co-Op', 'Minigames', 'Local Multiplayer', 'Emotional', '3D Platformer', 'Local Co-Op', 'Co-op Campaign', 'Female Protagonist', 'Platformer', 'Puzzle', 'Exploration', 'Story Rich', 'Atmospheric']",NULL
73,39038,7348,654861,"Halo: The Master Chief Collection",2019-12-03,976730,39.99,200600000,7200000,239000,480000,92.407,39,Action,"343 Industries, Bungie, Ruffian Games, Saber Interactive, Splash Damage","Xbox Game Studios",AAA,"['Action', 'Adventure', 'Singleplayer', 'Multiplayer', 'Aliens', 'Classic', 'Co-op', 'First-Person', 'Online Co-Op', 'Beautiful', 'Epic', 'Lore-Rich', 'FPS', 'Shooter', 'Story Rich', 'Space', 'Sci-fi', 'Atmospheric', 'Great Soundtrack', 'Horror']",NULL
74,38829,0,670658,"Ready or Not",2021-12-17,1144200,49.99,233200000,7000000,225000,476000,88.959,23,"Action, Adventure, Indie","VOID Interactive","VOID Interactive",Indie,"['Action', 'Singleplayer', 'Multiplayer', 'Gun Customization', 'Gore', 'Psychological Horror', 'Co-op', 'First-Person', 'Crime', 'Tactical', 'Modern', 'America', 'Co-op Campaign', 'Combat', 'FPS', 'Shooter', 'Atmospheric', 'Violent', 'Horror', 'Realistic']",NULL
75,36177,1081,666399,"The Elder Scrolls Online",2014-04-04,306130,19.99,73200000,4600000,151000,471000,81.585,138,"Action, Adventure, RPG, MMO","Zenimax Online Studios","Bethesda Softworks",AAA,"['Action', 'Adventure', 'Singleplayer', 'Choose Your Own Adventure', 'RPG', 'Massively Multiplayer', 'Multiplayer', 'Action RPG', 'MMORPG', 'Character Customization', 'PvE', 'Magic', 'Lore-Rich', 'Class-Based', 'Exploration', 'Fantasy', 'Open World', 'Story Rich', 'Atmospheric', 'PvP']",NULL
76,1421588,96437,690430,Starfield,2023-09-06,1716740,69.99,228700000,4200000,164000,470000,56.833,64,RPG,"Bethesda Game Studios","Bethesda Softworks",AAA,"['Action', 'Adventure', 'Singleplayer', 'RPG', 'Action-Adventure', 'Action RPG', 'Space Sim', 'First-Person', 'Moddable', 'Character Customization', 'Third-Person', 'Cinematic', 'Exploration', 'Open World', 'Story Rich', 'Space', 'Sci-fi', 'Atmospheric', 'Great Soundtrack', 'Realistic']",NULL
77,36193,2114,646324,"Tom Clancy's The Division",2016-03-07,365590,29.99,131900000,3900000,92643,465000,70.341,72,"Action, Adventure, RPG","Massive Entertainment",Ubisoft,AAA,"['Action', 'Adventure', 'Singleplayer', 'RPG', 'Massively Multiplayer', 'Multiplayer', 'Co-op', 'Third-Person Shooter', 'MMORPG', 'Online Co-Op', 'Third-Person', 'Tactical', 'Post-apocalyptic', 'Looter Shooter', 'Survival', 'FPS', 'Stealth', 'Shooter', 'Open World', 'Atmospheric']",NULL
78,39942,9667,715950,"American Truck Simulator",2016-02-02,270880,19.99,43300000,3600000,171000,446000,96.819,80,"Indie, Simulation","SCS Software","SCS Software",AA,"['Adventure', 'Simulation', 'Singleplayer', 'Casual', 'Multiplayer', 'Automobile Sim', 'Economy', 'Driving', 'Immersive Sim', 'Moddable', 'Level Editor', 'America', 'Transportation', 'Exploration', 'Management', 'Relaxing', 'Open World', 'Atmospheric', 'Family Friendly', 'Realistic']",NULL
79,2663650,279661,723445,"Monster Hunter Wilds",2025-02-28,2246340,69.99,309500000,5500000,153000,444000,57.963,36,"Action, Adventure, RPG",Capcom,Capcom,AAA,"['Action', 'Adventure', 'Singleplayer', 'RPG', 'Underwater', 'Multiplayer', 'Action RPG', 'Souls-like', 'Co-op', 'Dragons', 'Online Co-Op', 'Character Customization', 'Third-Person', 'Dating Sim', 'Hunting', 'Fantasy', 'Open World', 'Atmospheric', 'Great Soundtrack', 'Cute']",NULL
80,53885,307,711989,"Counter-Strike: Source",2004-11-01,240,9.99,265700000,26500000,180000,441000,96.27,115,Action,Valve,Valve,AAA,"['Strategy', 'Action', 'Simulation', 'Singleplayer', 'Multiplayer', 'Competitive', 'First-Person', 'Moddable', 'War', 'Military', 'Tactical', 'Team-Based', 'eSports', 'Survival', 'FPS', 'Shooter', 'Sandbox', 'Atmospheric', 'Difficult', 'PvP']",NULL
81,47314,11137,650432,"Sea of Thieves",2020-06-03,1172620,39.99,282500000,10500000,351000,437000,89.36,59,"Action, Adventure","Rare Ltd","Xbox Game Studios",AAA,"['Action', 'Adventure', 'Singleplayer', 'Massively Multiplayer', 'Multiplayer', 'Pirates', 'Co-op', 'Naval', 'Sailing', 'First-Person', 'Online Co-Op', 'PvE', 'Swordplay', 'FPS', 'Exploration', 'Open World', 'Funny', 'Atmospheric', 'Great Soundtrack', 'PvP']",NULL
82,36303,3115,712239,Godus,2013-09-14,232810,0,5600000,537000,7241,10590,24.955,18,"Indie, Simulation, Strategy, Early Access",22cans,"22cans Ltd.",Indie,"['Strategy', 'Adventure', 'Indie', 'Simulation', 'Singleplayer', 'Early Access', 'Casual', 'Multiplayer', 'Addictive', 'Kickstarter', 'Crowdfunded', 'Psychological Horror', 'God Game', 'City Builder', 'Management', 'Open World', 'Sandbox']",NULL
83,37633,15894,646481,"Hearts of Iron IV",2016-06-06,394360,49.99,165100000,6400000,333000,426000,89.408,260,"Simulation, Strategy","Paradox Development Studio","Paradox Interactive",AA,"['Strategy', 'Action', 'Simulation', 'Singleplayer', 'Multiplayer', 'Competitive', 'Real-Time with Pause', 'Co-op', 'War', 'Historical', 'Military', 'Grand Strategy', 'World War II', 'Tactical', 'Alternate History', 'Strategy RPG', 'Diplomacy', 'RTS', 'Open World', 'Sandbox']",NULL
84,36409,11171,713618,"Tom Clancy's Ghost Recon® Wildlands",2017-03-07,460930,49.99,91000000,2500000,94804,425000,79.85,43,"Action, Adventure","Reflections, Ubisoft",Ubisoft,AAA,"['Strategy', 'Action', 'Adventure', 'Singleplayer', 'Multiplayer', 'Co-op', 'First-Person', 'Third-Person Shooter', 'Online Co-Op', 'Military', 'Third-Person', 'Tactical', 'Survival', 'FPS', 'Stealth', 'Shooter', 'Open World', 'Sandbox', 'Atmospheric', 'PvP']",NULL
85,1230374,250616,667624,"HELLDIVERS™ 2",2024-02-08,553850,39.99,421300000,13300000,979000,424000,76.022,64,Action,"Arrowhead Game Studios","PlayStation Publishing LLC",AAA,"['Action', 'Singleplayer', 'Multiplayer', 'Gore', 'Psychological Horror', 'Co-op', 'Capitalism', 'Third-Person Shooter', 'Online Co-Op', 'PvE', 'Third-Person', 'Shooter', 'Open World', 'Comedy', 'Space', 'Sci-fi', 'Difficult', 'Great Soundtrack', 'Violent', 'Extraction Shooter']",NULL
86,37257,102584,705129,"Dying Light 2: Reloaded Edition",2022-02-04,534380,59.99,185100000,4600000,190000,421000,79.224,44,"Action, Adventure, RPG",Techland,,,"['Action', 'Adventure', 'Singleplayer', 'Multiplayer', 'Choices Matter', 'Action-Adventure', 'Gore', 'Action RPG', 'Co-op', 'First-Person', 'Zombies', 'Post-apocalyptic', 'Parkour', 'Combat', 'Survival', 'Exploration', 'Open World', 'Violent', 'Horror', 'Multiple Endings']",NULL
87,46383,3212,687670,"The Sims™ 4",2020-06-18,1222670,0,36100000,4900000,164000,418000,87.333,26,"Adventure, Simulation, Casual, Free to Play",Maxis™,"Electronic Arts",AAA,"['Adventure', 'Simulation', 'Singleplayer', 'Free to Play', 'Casual', 'Immersive Sim', 'Character Customization', 'Dating Sim', 'Life Sim', 'Romance', 'Cartoony', 'Building', 'Relaxing', 'Fantasy', 'Sandbox', 'Funny', 'Cute', 'Family Friendly', 'Realistic', 'Nudity']",NULL
88,37446,2937,728518,"Takedown: Red Sabre",2013-09-20,236510,4.99,1400000,415000,5688,10438,41.368,3,"Action, Simulation, Strategy","Serellan LLC","505 GAMES",AA,"['Strategy', 'Action', 'Adventure', 'Simulation', 'Singleplayer', 'Early Access', 'Multiplayer', 'Kickstarter', 'Co-op', 'First-Person', 'Online Co-Op', 'Tactical', 'Walking Simulator', 'FPS', 'Stealth', 'Shooter', 'Funny', 'Difficult', 'Horror', 'Realistic']",NULL
89,37949,3238,728496,"Castle Story",2013-09-23,227860,9.99,6300000,423000,9976,36791,64.194,14,"Indie, Simulation, Strategy","Sauropod Studio","Sauropod Studio",Indie,"['Strategy', 'Adventure', 'Indie', 'Simulation', 'Singleplayer', 'Early Access', 'Casual', 'Multiplayer', 'Colony Sim', 'Kickstarter', 'Co-op', 'Crafting', 'Voxel', 'Open World Survival Craft', 'Building', 'Tower Defense', 'Survival', 'RTS', 'Open World', 'Sandbox']",NULL
90,37599,37016,666940,"Metro Exodus",2020-02-15,412020,29.99,71200000,3600000,119000,409000,89.725,20,Action,"4A Games","Deep Silver",AA,"['Action', 'Adventure', 'Singleplayer', 'Multiplayer', 'Gore', 'Psychological Horror', 'First-Person', 'Survival Horror', 'Post-apocalyptic', 'Survival', 'FPS', 'Stealth', 'Shooter', 'Exploration', 'Open World', 'Story Rich', 'Atmospheric', 'Great Soundtrack', 'Violent', 'Horror']",NULL
91,36666,24654,739859,"New World: Aeternum",2021-09-28,1063730,59.99,263100000,8600000,286000,408000,68.632,165,"Action, Adventure, RPG, MMO","Amazon Games","Amazon Games",AAA,"['Action', 'Adventure', 'Singleplayer', 'RPG', 'Massively Multiplayer', 'Multiplayer', 'Co-op', 'MMORPG', 'Character Customization', 'PvE', 'Crafting', 'Third-Person', 'Walking Simulator', 'Open World Survival Craft', 'Fantasy', 'Open World', 'Sandbox', 'Violent', 'PvP', 'Sexual Content']",NULL
92,37846,28552,684188,"Far Cry 5",2018-03-26,552520,59.99,209300000,5400000,169000,403000,80.902,36,"Action, Adventure","Red Storm, Ubisoft",Ubisoft,AAA,"['Action', 'Adventure', 'Multiplayer', 'Nature', 'Action-Adventure', 'Co-op', 'First-Person', 'Psychedelic', 'America', 'Hunting', '3D', 'Survival', 'FPS', 'Stealth', 'Shooter', 'Exploration', 'Open World', 'Story Rich', 'Atmospheric', 'Realistic']",NULL
93,35164,9055,666162,"The Dead Linger",2013-09-27,245130,0,1700000,142000,1838,18735,33.46,4,"Action, Indie, Simulation, Early Access","Sandswept Studios","Sandswept Studios",Indie,"['Action', 'Adventure', 'Indie', 'Simulation', 'Singleplayer', 'Early Access', 'RPG', 'Massively Multiplayer', 'Multiplayer', 'Kickstarter', 'Co-op', 'Crafting', 'Survival Horror', 'Zombies', 'Post-apocalyptic', 'Survival', 'FPS', 'Open World', 'Sandbox', 'Horror']",NULL
94,39581,28028,714256,"Total War: WARHAMMER II",2017-09-28,594570,59.99,171600000,4300000,124000,401000,92.368,179,"Action, Strategy","Creative Assembly, Feral Interactive","Feral Interactive, SEGA","AA, AAA","['Strategy', 'Action', 'Singleplayer', 'Multiplayer', 'Co-op', 'Dwarf', 'Dark Fantasy', 'War', 'Grand Strategy', 'Tactical', 'Turn-Based Strategy', 'Real Time Tactics', 'Dinosaurs', 'Games Workshop', 'RTS', 'Turn-Based', 'Fantasy', 'Story Rich', 'Atmospheric', 'Great Soundtrack']",NULL
95,51290,82090,718431,"Forza Horizon 4",2021-03-09,1293830,0,270700000,8600000,286000,399000,90.653,37,Racing,"Playground Games","Xbox Game Studios",AAA,"['Action', 'Adventure', 'Simulation', 'Singleplayer', 'Multiplayer', 'Sports', 'Automobile Sim', 'Racing', 'Controller', 'Driving', 'First-Person', 'Online Co-Op', 'Arcade', 'Exploration', 'Open World', 'Funny', 'Atmospheric', 'Great Soundtrack', 'PvP', 'Realistic']",NULL
96,54392,559,712027,"Call of Duty: Modern Warfare 2 (2009)",2009-11-12,10180,19.99,102400000,7600000,57665,392000,93.14,21,Action,"Infinity Ward",Activision,AAA,"['Strategy', 'Action', 'Adventure', 'Singleplayer', 'Multiplayer', 'Controller', 'Co-op', 'First-Person', 'Moddable', 'Online Co-Op', 'War', 'Military', 'Tactical', 'FPS', 'Shooter', 'Linear', 'Story Rich', 'Atmospheric', 'Great Soundtrack', 'PvP']",NULL
97,36179,9509,716109,"Call of Duty: Black Ops III",2015-11-06,311210,59.99,177100000,6100000,212000,391000,84.152,63,"Action, Adventure","Aspyr, Treyarch","Activision, Aspyr","AA, AAA","['Action', 'Simulation', 'Singleplayer', 'Multiplayer', 'Robots', 'Gore', 'Co-op', 'First-Person', 'Illuminati', 'Zombies', 'Futuristic', 'Parkour', 'Quick-Time Events', 'Hero Shooter', 'FPS', 'Shooter', 'Story Rich', 'Sci-fi', 'Atmospheric', 'Great Soundtrack']",NULL
98,39110,19542,667167,"Oxygen Not Included",2017-05-18,457140,24.99,36300000,2200000,126000,391000,96.751,70,"Indie, Simulation","Klei Entertainment","Klei Entertainment",AA,"['Strategy', 'Adventure', 'Indie', 'Simulation', 'Singleplayer', 'Multiplayer', 'Colony Sim', 'Space Sim', '2D', 'Building', 'Survival', 'Exploration', 'Base Building', 'Resource Management', 'Management', 'Open World', 'Space', 'Sandbox', 'Sci-fi', 'Difficult']",NULL
99,37600,7046,713443,Factorio,2016-02-25,427520,35,175800000,7600000,211000,390000,96.982,175,"Indie, Simulation, Strategy, Casual","Wube Software LTD.","Wube Software LTD.",Indie,"['Strategy', 'Indie', 'Simulation', 'Singleplayer', 'Multiplayer', 'Co-op', 'Trains', 'Moddable', 'Crafting', 'Automation', '2D', 'Pixel Graphics', 'Building', 'Survival', 'City Builder', 'Base Building', 'Resource Management', 'Management', 'Open World', 'Sandbox']",NULL
100,36174,7706,682888,"This War of Mine",2014-11-14,282070,19.99,44300000,4200000,101000,388000,92.879,17,"Adventure, Indie, Simulation","11 bit studios","11 bit studios",AA,"['Strategy', 'Indie', 'Simulation', 'Singleplayer', 'Choices Matter', '2.5D', 'Drama', 'War', 'Crafting', 'Post-apocalyptic', 'Emotional', 'Psychological', 'Survival', 'Stealth', 'Base Building', 'Resource Management', 'Management', 'Story Rich', 'Atmospheric', 'Realistic']",NULL
101,31354,14593,729069,"Hollow Knight",2017-02-24,367520,14.99,71300000,6800000,401000,387000,97.052,35,"Action, Adventure, Indie","Team Cherry","Team Cherry",AA,"['Action', 'Adventure', 'Indie', 'Singleplayer', 'Side Scroller', 'Controller', 'Hand-drawn', 'Souls-like', 'Dark Fantasy', 'Metroidvania', '2D', 'Platformer', 'Exploration', 'Open World', 'Story Rich', 'Atmospheric', 'Difficult', 'Great Soundtrack', 'Cute', 'Multiple Endings']",NULL
102,35971,7323,683445,"Rise of the Tomb Raider",2016-01-28,391220,29.99,150200000,4700000,134000,386000,94.035,20,"Action, Adventure","Crystal Dynamics, Eidos Interactive, Feral Interactive, Nixxes","Feral Interactive",AA,"['Action', 'Adventure', 'Singleplayer', 'RPG', 'Multiplayer', 'Action-Adventure', 'Third-Person Shooter', 'Third-Person', 'Parkour', 'Quick-Time Events', 'Female Protagonist', 'Survival', 'Puzzle', 'Stealth', 'Shooter', 'Exploration', 'Open World', 'Story Rich', 'Atmospheric', 'Great Soundtrack']",NULL
103,36200,4843,729140,"Kingdom Come: Deliverance",2018-02-13,379430,29.99,84700000,2800000,156000,385000,83.897,42,"Action, Adventure, RPG","Warhorse Studios","Prime Matter, Warhorse Studios",AA,"['Action', 'Adventure', 'Indie', 'Singleplayer', 'Choose Your Own Adventure', 'RPG', 'Choices Matter', 'Kickstarter', 'Crowdfunded', 'Action RPG', 'Medieval', 'First-Person', 'Historical', 'Swordplay', 'Horses', 'Open World', 'Story Rich', 'Atmospheric', 'Realistic', 'Nudity']",NULL
104,39947,26855,730173,"Dead Cells",2017-05-10,588650,24.99,37400000,2400000,165000,383000,97.105,34,"Action, Adventure, Indie","Motion Twin","Motion Twin",AA,"['Action', 'Adventure', 'Indie', 'Singleplayer', 'Souls-like', 'Dark Fantasy', 'Hack and Slash', 'Action Roguelike', 'Metroidvania', 'Roguevania', '2D', 'Pixel Graphics', 'Platformer', 'Roguelike', 'Roguelite', 'Funny', 'Atmospheric', 'Difficult', 'Procedural Generation', 'Replay Value']",NULL
105,16626,23248,666465,Frostpunk,2018-04-24,323190,29.99,60300000,3200000,121000,375000,92.483,22,"Simulation, Strategy","11 bit studios","11 bit studios",AA,"['Strategy', 'Simulation', 'Singleplayer', 'Choices Matter', 'Real-Time with Pause', 'Economy', 'Colony Sim', 'Dark', 'Post-apocalyptic', 'Steampunk', 'Building', 'Survival', 'RTS', 'City Builder', 'Base Building', 'Resource Management', 'Management', 'Atmospheric', 'Difficult', 'Great Soundtrack']",NULL
106,35117,10135,645797,Gravi,2013-10-08,247310,4.99,25254,7529,113,158,39.823,0,"Indie, Early Access, 34","Hashbang Games",,,"['Indie', 'Early Access', 'Platformer', 'Puzzle']",NULL
107,30518,12517,683450,Undertale,2015-09-15,391540,9.99,46400000,6600000,256000,365000,96.706,13,"Indie, RPG",tobyfox,tobyfox,Indie,"['Indie', 'Singleplayer', 'RPG', 'Choices Matter', 'Bullet Hell', 'Psychological Horror', 'Memes', 'Dark', 'Dating Sim', '2D', 'Pixel Graphics', 'Comedy', 'Story Rich', 'Retro', 'Funny', 'Great Soundtrack', 'Cute', 'Horror', 'Multiple Endings', 'Replay Value']",NULL
108,35967,8965,699705,"Darkest Dungeon®",2015-02-03,262060,24.99,67300000,4500000,147000,363000,91.685,37,"Indie, Strategy, RPG","Red Hook Studios","Red Hook Studios",AA,"['Strategy', 'Indie', 'Singleplayer', 'RPG', 'Perma Death', 'Lovecraftian', 'Kickstarter', 'Turn-Based Combat', 'Dungeon Crawler', 'Dark', 'Dark Fantasy', 'Gothic', '2D', 'Turn-Based', 'Roguelike', 'Roguelite', 'Fantasy', 'Atmospheric', 'Difficult', 'Horror']",NULL
109,41014,110248,718601,Stray,2022-07-19,1332010,29.99,103500000,4600000,153000,358000,97.268,7,"Adventure, Indie","BlueTwelve Studio","Annapurna Interactive",Indie,"['Action', 'Adventure', 'Indie', 'Singleplayer', 'Robots', 'Mystery', 'Third-Person', 'Beautiful', 'Dystopian ', 'Cyberpunk', 'Cats', 'Puzzle', 'Stealth', 'Exploration', 'Open World', 'Sci-fi', 'Atmospheric', 'Cute', 'Colorful', 'Horror']",NULL
110,39954,117717,705984,"Planet Zoo",2019-11-05,703080,44.99,75200000,2600000,85925,350000,91.084,33,"Simulation, Strategy, Casual","Frontier Developments","Frontier Developments",AA,"['Strategy', 'Simulation', 'Singleplayer', 'Casual', 'Multiplayer', 'Economy', 'Nature', 'Horses', 'Building', 'City Builder', 'Resource Management', 'Management', 'Relaxing', 'Open World', 'Sandbox', 'Funny', 'Great Soundtrack', 'Cute', 'Family Friendly', 'Realistic']",NULL
111,37677,6749,699631,SNOW,2013-10-10,244930,0,653000,440000,12065,28639,63.804,14,"Indie, Simulation, Casual, Sports","Poppermost Productions, WastedStudios",Crytek,AA,"['Action', 'Adventure', 'Indie', 'Simulation', 'Singleplayer', 'Free to Play', 'Early Access', 'Casual', 'Multiplayer', 'Sports', 'Controller', 'VR', 'First-Person', 'Third-Person', 'Snow', 'Skiing', 'Snowboarding', 'Exploration', 'Open World', 'Realistic']",NULL
112,54384,72,711990,"Portal 2",2011-04-18,620,9.99,242900000,29600000,427000,347000,98.695,15,"Action, Adventure",Valve,Valve,AAA,"['Action', 'Adventure', 'Action-Adventure', 'Dark Humor', 'Puzzle Platformer', 'Co-op', 'First-Person', 'Science', 'Level Editor', '3D Platformer', 'Female Protagonist', 'Platformer', 'FPS', 'Puzzle', 'Physics', 'Comedy', 'Story Rich', 'Sci-fi', 'Funny', 'Atmospheric']",NULL
113,59414,101440,639039,"S.T.A.L.K.E.R. 2: Heart of Chornobyl",2024-11-20,1643320,59.99,122200000,2600000,108000,346000,81.194,40,"Action, Adventure, RPG","GSC Game World","4divinity (China and South East Asia), GSC Game World (worldwide), SEGA (Japan)",Indie,"['Action', 'Singleplayer', 'RPG', 'Choices Matter', 'Immersive Sim', 'First-Person', 'Cinematic', 'Post-apocalyptic', 'Nonlinear', 'Lore-Rich', 'Survival', 'FPS', 'Shooter', 'Exploration', 'Open World', 'Story Rich', 'Sci-fi', 'Atmospheric', 'Multiple Endings', 'Realistic']",NULL
114,35961,3239,699630,"Space Engineers",2013-10-23,244850,19.99,55600000,3700000,131000,337000,88.52,107,"Action, Indie, Simulation, Strategy","Keen Software House","Keen Software House",AA,"['Strategy', 'Action', 'Adventure', 'Indie', 'Simulation', 'Singleplayer', 'Early Access', 'Multiplayer', 'Co-op', 'Crafting', 'Futuristic', 'Destruction', 'Open World Survival Craft', 'Building', 'Survival', 'Physics', 'Open World', 'Space', 'Sandbox', 'Sci-fi']",NULL
115,37882,11544,683685,Paladins,2016-09-16,444090,0,0,21600000,347000,344000,84.964,88,"Action, Adventure, Strategy, Free to Play, MMO","Evil Mojo Games","Hi-Rez Studios",Indie,"['Strategy', 'Action', 'Adventure', 'Free to Play', 'Massively Multiplayer', 'Multiplayer', 'Controller', 'Co-op', 'First-Person', 'MOBA', 'Online Co-Op', 'Character Customization', 'Team-Based', 'Hero Shooter', 'FPS', 'Shooter', 'Fantasy', 'Funny', 'Colorful', 'PvP']",NULL
116,36115,2358,703755,"Chivalry: Medieval Warfare",2012-10-16,219640,24.99,129300000,9200000,65525,343000,82.539,16,"Action, Indie","				Torn Banner Studios","				Torn Banner Studios",Indie,"['Action', 'Indie', 'Simulation', 'Multiplayer', 'Competitive', 'Gore', 'Medieval', 'Co-op', 'First-Person', 'Historical', 'Hack and Slash', 'Third-Person', 'Team-Based', 'Swordplay', 'Class-Based', 'FPS', 'Atmospheric', 'Difficult', 'Violent', 'PvP']",NULL
117,400409,214417,627009,"THE FINALS",2023-12-08,2073850,0,0,6600000,221000,343000,77.394,16,"Action, Free to Play","Embark Studios","Embark Studios",AA,"['Action', 'Free to Play', 'Multiplayer', 'Competitive', 'Co-op', 'First-Person', 'Online Co-Op', 'Loot', 'Character Customization', 'Tactical', 'Battle Royale', 'Arena Shooter', 'Destruction', 'Team-Based', 'Combat', 'Class-Based', 'FPS', 'Shooter', 'Atmospheric', 'PvP']",NULL
118,59217,125166,614399,"Battlefield™ 2042",2021-11-19,1517290,59.99,313500000,8800000,292000,342000,46.496,43,"Action, Adventure, Casual",DICE,"Electronic Arts",AAA,"['Action', 'Adventure', 'Singleplayer', 'Casual', 'Multiplayer', 'First-Person', 'War', 'Military', 'Cinematic', 'Futuristic', 'Destruction', 'Modern', 'Team-Based', 'Combat', 'Hero Shooter', 'Vehicular Combat', 'FPS', 'Shooter', 'Physics', 'PvP']",NULL
119,38715,7789,645825,"The Binding of Isaac: Rebirth",2014-11-04,250900,14.99,70400000,6800000,334000,342000,97.37,179,Action,"Edmund McMillen, Nicalis, Inc.","Nicalis, Inc.",Indie,"['Action', 'Indie', 'Singleplayer', 'Gore', 'Co-op', 'Dungeon Crawler', 'Dark', 'Remake', 'Action Roguelike', 'Local Co-Op', '2D', 'Pixel Graphics', 'Roguelike', 'Roguelite', 'Atmospheric', 'Difficult', 'Procedural Generation', 'Great Soundtrack', 'Horror', 'Replay Value']",NULL
120,39548,21642,646969,"Totally Accurate Battle Simulator",2019-04-01,508440,19.99,46500000,4000000,133000,342000,97.829,21,"Indie, Simulation, Strategy",Landfall,Landfall,Indie,"['Strategy', 'Action', 'Adventure', 'Indie', 'Simulation', 'Singleplayer', 'Memes', 'War', 'Historical', 'Wargame', '3D', 'Physics', 'Fantasy', 'Comedy', 'Sandbox', 'Funny', 'Cute', 'Family Friendly', 'Colorful', 'Realistic']",NULL
121,39194,3189,703695,"Project Zomboid",2013-11-08,108600,19.99,147100000,10700000,362000,517000,94.174,57,"Indie, Simulation, Early Access, RPG","The Indie Stone","The Indie Stone",Indie,"['Adventure', 'Indie', 'Simulation', 'Singleplayer', 'Early Access', 'RPG', 'Multiplayer', 'Co-op', 'Crafting', 'Survival Horror', 'Zombies', 'Post-apocalyptic', 'Isometric', 'Open World Survival Craft', '2D', 'Building', 'Survival', 'Open World', 'Sandbox', 'Realistic']",NULL
122,36330,28540,684334,"Assassin's Creed Origins",2017-10-27,582160,59.99,153600000,4900000,111000,336000,85.722,38,"Action, Adventure, RPG",Ubisoft,Ubisoft,AAA,"['Action', 'Adventure', 'Singleplayer', 'RPG', 'Multiplayer', 'Assassin', 'Action RPG', 'Co-op', 'Historical', 'Third-Person', 'Parkour', 'Heist', 'Stealth', 'Exploration', 'Open World', 'Story Rich', 'Atmospheric', 'Great Soundtrack', 'Sexual Content', 'Nudity']",NULL
123,36266,19441,683695,"Watch_Dogs 2",2016-11-28,447040,49.99,92300000,2700000,80516,335000,82.837,25,"Action, Adventure",Ubisoft,Ubisoft,AAA,"['Action', 'Adventure', 'Singleplayer', 'Multiplayer', 'Co-op', 'Third-Person Shooter', 'Hacking', 'Illuminati', 'Third-Person', 'Crime', 'Parkour', 'FPS', 'Stealth', 'Shooter', 'Open World', 'Story Rich', 'Sandbox', 'Funny', 'Atmospheric', 'Mature']",NULL
124,53887,122,728252,"Left 4 Dead",2008-11-17,500,9.99,83900000,9500000,60487,335000,96.338,20,Action,Valve,Valve,AAA,"['Action', 'Adventure', 'Singleplayer', 'Multiplayer', 'Competitive', 'Co-op', 'First-Person', 'Moddable', 'Online Co-Op', 'Zombies', 'Tactical', 'Post-apocalyptic', 'Team-Based', 'Female Protagonist', 'Survival', 'FPS', 'Shooter', 'Atmospheric', 'Horror', 'Replay Value']",NULL
125,35020,16686,699657,Vox,2013-11-12,252770,0,0,28659,374,558,22.727,2,"Action, Adventure, Indie, Early Access, RPG",,,,"['Action', 'Adventure', 'Indie', 'Early Access', 'RPG', 'Multiplayer', 'Crafting', 'Third-Person', 'Voxel', 'Open World', 'Sandbox']",NULL
126,36021,103054,668989,"Assassin's Creed Odyssey",2018-10-05,812140,59.99,217000000,5800000,169000,332000,88.959,64,"Action, Adventure, RPG",Ubisoft,Ubisoft,AAA,"['Action', 'Adventure', 'Singleplayer', 'Choose Your Own Adventure', 'RPG', 'Multiplayer', 'Choices Matter', 'Assassin', 'Action-Adventure', 'Action RPG', 'Historical', 'Third-Person', 'Parkour', 'Mythology', 'Female Protagonist', 'Stealth', 'Exploration', 'Open World', 'Story Rich', 'Multiple Endings']",NULL
127,36643,7351,729141,DOOM,2016-05-13,379720,19.99,137500000,5800000,200000,332000,95.477,16,Action,"id Software","Bethesda Softworks",AAA,"['Action', 'Singleplayer', 'Multiplayer', 'Classic', 'Gore', 'Demons', 'Co-op', 'First-Person', 'Zombies', 'Remake', 'Blood', 'FPS', 'Shooter', 'Sci-fi', 'Atmospheric', 'Difficult', 'Great Soundtrack', 'Violent', 'Fast-Paced', 'Horror']",NULL
128,34664,9061,666253,Cuphead,2017-09-29,268910,19.99,77400000,5200000,180000,330000,96.315,15,"Action, Indie","Studio MDHR Entertainment Inc.","Studio MDHR Entertainment Inc.",AA,"['Action', 'Indie', 'Singleplayer', 'Multiplayer', 'Side Scroller', 'Bullet Hell', 'Hand-drawn', 'Souls-like', 'Co-op', 'Cartoon', 'Local Co-Op', '2D', 'Cartoony', 'Platformer', "Shoot 'Em Up", 'Retro', 'Funny', 'Difficult', 'Great Soundtrack', 'Colorful']",NULL
129,38353,111469,649221,"Among Us",2018-11-16,945360,4.99,36100000,9800000,698000,330000,91.853,23,Casual,Innersloth,Innersloth,Indie,"['Action', 'Casual', 'Multiplayer', 'Aliens', 'Co-op', 'Online Co-Op', 'Minigames', 'Party Game', 'Local Multiplayer', 'Psychological', 'Social Deduction', '2D', 'Cartoony', 'Top-Down', 'Survival', 'Space', 'Sci-fi', 'Funny', 'Colorful', 'PvP']",NULL
130,38940,32365,705898,"Hell Let Loose",2019-06-06,686810,59.99,106200000,4100000,136000,329000,82.358,67,"Action, Indie, Simulation, Strategy, MMO",,"Team17 Digital",Indie,"['Strategy', 'Action', 'Indie', 'Simulation', 'Singleplayer', 'Massively Multiplayer', 'Multiplayer', 'Gore', 'First-Person', 'War', 'Historical', 'Military', 'World War II', 'Tactical', 'FPS', 'Shooter', 'Violent', 'PvP', 'Realistic', 'Mature']",NULL
131,36723,5627,728418,Nosgoth,2013-11-19,200110,0,0,799000,12832,33980,74.579,7,"Action, Free to Play",Psyonix,"Square Enix",AAA,"['Strategy', 'Action', 'Free to Play', 'Early Access', 'RPG', 'Massively Multiplayer', 'Multiplayer', 'Gore', 'Co-op', 'Dark', 'Third-Person Shooter', 'MOBA', 'Dark Fantasy', 'Third-Person', 'Team-Based', 'Vampire', 'Shooter', 'Fantasy', 'Horror', 'PvP']",NULL
132,37603,18918,704821,Northgard,2017-02-22,466560,29.99,51400000,2900000,63741,327000,86.604,32,"Adventure, Indie, Simulation, Strategy","Shiro Games","Shiro Games",AA,"['Strategy', 'Simulation', 'Singleplayer', 'Multiplayer', 'Economy', 'Colony Sim', 'Co-op', 'Moddable', 'PvE', 'War', 'Tactical', 'Building', '4X', 'RTS', 'City Builder', 'Base Building', 'Resource Management', 'Management', 'PvP', 'Vikings']",NULL
133,38165,9898,713132,"Total War: WARHAMMER",2016-05-24,364360,59.99,110400000,2500000,52287,323000,77.958,55,"Action, Strategy","Creative Assembly, Feral Interactive","Feral Interactive, SEGA","AA, AAA","['Strategy', 'Action', 'Singleplayer', 'RPG', 'Multiplayer', 'Gore', 'Co-op', 'Dwarf', 'Dark Fantasy', 'War', 'Grand Strategy', 'Tactical', 'Turn-Based Strategy', 'Games Workshop', 'RTS', 'Turn-Based', 'Fantasy', 'Open World', 'Story Rich', 'Atmospheric']",NULL
134,36138,5597,728536,"Assetto Corsa",2013-11-08,244210,19.99,80700000,6000000,147000,323000,92.6,40,"Indie, Simulation, Sports, Racing","Kunos Simulazioni","Kunos Simulazioni",Indie,"['Action', 'Indie', 'Simulation', 'Singleplayer', 'Multiplayer', 'Sports', 'Automobile Sim', 'Racing', 'Controller', 'Driving', 'VR', 'First-Person', 'Moddable', 'Artificial Intelligence', '3D Vision', 'TrackIR', 'Physics', 'Open World', 'Realistic', 'Replay Value']",NULL
135,35132,16644,699645,"Kingdoms Rise",2013-11-20,248630,0,587000,57935,1050,1401,41.619,2,"Action, Indie, Early Access, RPG","Flyleap Studios Pty. Ltd.","Flyleap Studios Pty. Ltd.",Indie,"['Action', 'Indie', 'Early Access', 'RPG', 'Multiplayer', 'Character Customization', 'Swordplay', 'Fantasy', 'Violent', 'PvP']",NULL
136,35070,16679,645833,Maia,2013-12-03,252250,24.99,705000,41707,1056,13063,43.75,5,"Indie, Simulation, Strategy","Simon Roth","Machine Studios",Indie,"['Strategy', 'Indie', 'Simulation', 'Singleplayer', 'Early Access', 'Colony Sim', 'Kickstarter', 'Crowdfunded', 'Crafting', '3D', 'Building', 'Survival', 'RTS', 'Base Building', 'Resource Management', 'Management', 'Space', 'Sandbox', 'Sci-fi', 'Atmospheric']",NULL
137,37778,115289,716943,"Hollow Knight: Silksong",0000-00-00,1030300,0,0,0,0,320000,0,0,"Action, Adventure, Indie","Team Cherry","Team Cherry",AA,"['Action', 'Adventure', 'Indie', 'Singleplayer', 'Hand-drawn', 'Souls-like', 'Beautiful', 'Metroidvania', 'Sequel', '2D', 'Female Protagonist', 'Platformer', 'Exploration', 'Open World', 'Story Rich', 'Atmospheric', 'Difficult', 'Great Soundtrack', 'Cute', 'Multiple Endings']",NULL
138,34952,10108,666204,Darkout,2013-12-04,257050,9.99,851000,92279,869,3174,48.216,6,"Action, Adventure, Indie",Allgraf,"Kiss ltd",Indie,"['Action', 'Adventure', 'Indie', 'Singleplayer', 'Early Access', 'Side Scroller', 'Crafting', '2D', 'Platformer', 'Survival', 'Space', 'Sandbox', 'Sci-fi', 'Procedural Generation']",NULL
139,36124,8187,703772,"Just Cause 3",2015-12-01,225540,19.99,110300000,5000000,121000,313000,83.828,24,"Action, Adventure","Avalanche Studios","Square Enix",AAA,"['Action', 'Adventure', 'Singleplayer', 'RPG', 'Multiplayer', 'Co-op', 'Third-Person Shooter', 'Moddable', 'Third-Person', 'Destruction', 'Parkour', 'Shooter', 'Exploration', 'Physics', 'Open World', 'Comedy', 'Sandbox', 'Funny', 'Atmospheric', 'Great Soundtrack']",NULL
140,39283,16999,704682,"Conan Exiles",2017-01-31,440900,39.99,76500000,3100000,105000,313000,78.661,125,"Action, Adventure, Simulation, Strategy, RPG, MMO",Funcom,Funcom,AA,"['Action', 'Adventure', 'Singleplayer', 'RPG', 'Massively Multiplayer', 'Multiplayer', 'Gore', 'Co-op', 'Online Co-Op', 'Crafting', 'Open World Survival Craft', 'Building', 'Survival', 'Exploration', 'Fantasy', 'Open World', 'Sandbox', 'Violent', 'PvP', 'Nudity']",NULL
141,36148,27421,666660,"Middle-earth™: Shadow of War™",2017-10-10,356190,59.99,85900000,2400000,105000,312000,88.574,32,"Action, Adventure, RPG","Monolith Productions","WB Games",AA,"['Strategy', 'Action', 'Adventure', 'Singleplayer', 'RPG', 'Multiplayer', 'Gore', 'Action RPG', 'Medieval', 'Dark Fantasy', 'War', 'Hack and Slash', 'Third-Person', 'Magic', 'Stealth', 'Fantasy', 'Open World', 'Story Rich', 'Atmospheric', 'Violent']",NULL
142,55652,472,699502,"The Elder Scrolls V: Skyrim",2011-11-10,72850,19.99,192500000,15100000,317000,311000,94.856,120,RPG,"Bethesda Game Studios","Bethesda Softworks",AAA,"['Action', 'Adventure', 'Singleplayer', 'RPG', 'Action RPG', 'Medieval', 'First-Person', 'Dragons', 'Moddable', 'Character Customization', 'Third-Person', 'Magic', 'Epic', 'Lore-Rich', 'Fantasy', 'Open World', 'Story Rich', 'Sandbox', 'Atmospheric', 'Great Soundtrack']",NULL
143,35964,3277,712292,Rust,2013-12-05,252490,39.99,331800000,15900000,1200000,1200000,87.266,415,"Action, Adventure, Indie, RPG, MMO","Facepunch Studios","Facepunch Studios",AA,"['Action', 'Adventure', 'Indie', 'Simulation', 'Early Access', 'Multiplayer', 'Co-op', 'First-Person', 'Online Co-Op', 'Crafting', 'Post-apocalyptic', 'Open World Survival Craft', 'Building', 'Survival', 'FPS', 'Shooter', 'Open World', 'Sandbox', 'PvP', 'Nudity']",NULL
144,39828,2955,704311,"Elite Dangerous",2015-04-02,359320,19.99,71900000,3400000,98332,306000,77.317,116,"Action, Adventure, Simulation, Strategy, RPG, MMO","Frontier Developments","Frontier Developments",AA,"['Strategy', 'Action', 'Adventure', 'Simulation', 'Singleplayer', 'RPG', 'Massively Multiplayer', 'Multiplayer', 'VR', 'Space Sim', 'First-Person', 'Online Co-Op', 'Trading', 'TrackIR', 'Exploration', 'Open World', 'Space', 'Sandbox', 'Sci-fi', 'Difficult']",NULL
145,39758,18829,729676,"Planet Coaster",2016-11-17,493340,44.99,86700000,2900000,69639,300000,91.252,19,"Action, Adventure, Simulation, Strategy, Casual","Aspyr, Frontier Developments","Aspyr, Frontier Developments",AA,"['Strategy', 'Simulation', 'Singleplayer', 'Casual', 'Multiplayer', 'Economy', 'Third-Person', 'God Game', '3D', 'Building', 'City Builder', 'Management', 'Relaxing', 'Sandbox', 'Funny', 'Atmospheric', 'Great Soundtrack', 'Family Friendly', 'Colorful', 'Realistic']",NULL
146,34848,30368,682817,"Steam Bandits: Outpost",2014-01-14,261350,0,52854,4104,70,374,50,0,"Adventure, Indie, Casual, Early Access, RPG","Iocaine Studios","Iocaine Studios",Indie,"['Adventure', 'Indie', 'Free to Play', 'Early Access', 'Casual', 'RPG', 'Kickstarter', 'Asynchronous Multiplayer', 'Steampunk', 'Fantasy']",NULL
147,39008,3769,682722,"DCS World Steam Edition",2013-08-02,223750,0,0,1300000,36395,300000,85.133,18,"Simulation, Free to Play","Eagle Dynamics SA",,,"['Strategy', 'Action', 'Simulation', 'Singleplayer', 'Free to Play', 'Massively Multiplayer', 'Multiplayer', 'Tanks', 'VR', 'Co-op', 'Flight', 'First-Person', 'War', 'Military', 'TrackIR', 'FPS', 'Shooter', 'Open World', 'Sandbox', 'Realistic']",NULL
148,38225,19686,669339,"Resident Evil 2",2019-01-25,883710,39.99,102400000,3200000,169000,299000,96.979,19,Action,Capcom,Capcom,AAA,"['Action', 'Adventure', 'Singleplayer', 'Multiplayer', 'Classic', 'Gore', 'Dark', 'Third-Person', 'Survival Horror', 'Zombies', 'Remake', 'Female Protagonist', 'Survival', 'Puzzle', 'Shooter', 'Story Rich', 'Atmospheric', 'Difficult', 'Violent', 'Horror']",NULL
149,47083,83728,671221,"Battlefield™ V",2020-06-11,1238810,49.99,189600000,7300000,244000,298000,70.897,40,Action,DICE,"Electronic Arts",AAA,"['Action', 'Singleplayer', 'Massively Multiplayer', 'Multiplayer', 'First-Person', 'War', 'Historical', 'Military', 'World War II', 'Battle Royale', 'Destruction', 'Combat', 'Female Protagonist', 'FPS', 'Shooter', 'Open World', 'Atmospheric', 'Violent', 'PvP', 'Sexual Content']",NULL
150,54979,1011,674095,"Borderlands 2",2012-09-17,49520,19.99,145600000,13200000,290000,294000,93.929,51,"Action, RPG","Aspyr, Gearbox Software","2K, Aspyr","AA, AAA","['Action', 'Adventure', 'Singleplayer', 'RPG', 'Multiplayer', 'Dark Humor', 'Action RPG', 'Memes', 'Co-op', 'First-Person', 'Online Co-Op', 'Loot', 'Combat', 'Looter Shooter', 'FPS', 'Shooter', 'Open World', 'Comedy', 'Sci-fi', 'Funny']",NULL
151,37123,3772,699586,Wreckfest,2014-01-15,228380,29.99,23600000,974000,38072,130000,88.067,23,"Action, Indie, Simulation, Sports, Racing",Bugbear,"THQ Nordic",AA,"['Action', 'Indie', 'Simulation', 'Singleplayer', 'Early Access', 'Multiplayer', 'Sports', 'Automobile Sim', 'Racing', 'Driving', 'Co-op', 'Third-Person', 'Destruction', 'Arcade', 'Physics', 'Open World', 'Sandbox', 'Funny', 'Atmospheric', 'Realistic']",NULL
152,39400,113112,655792,Hades,2019-12-10,1145360,24.99,140600000,8300000,277000,292000,98.265,33,"Action, Indie, RPG","Supergiant Games","Supergiant Games",AA,"['Action', 'Indie', 'Singleplayer', 'RPG', 'Perma Death', 'Hand-drawn', 'Action RPG', 'Souls-like', 'Dungeon Crawler', 'Hack and Slash', 'Action Roguelike', 'Isometric', 'Mythology', 'Roguelike', 'Roguelite', 'Story Rich', 'Atmospheric', 'Difficult', 'Great Soundtrack', 'Replay Value']",NULL
153,38818,101461,610547,"Green Hell",2018-08-29,815370,24.99,37000000,2300000,78527,292000,86.127,18,"Action, Adventure, Indie, Simulation","Creepy Jar","Creepy Jar",Indie,"['Action', 'Adventure', 'Simulation', 'Singleplayer', 'Multiplayer', 'Action-Adventure', 'Co-op', 'First-Person', 'Online Co-Op', 'Crafting', 'Survival Horror', 'Open World Survival Craft', 'Building', 'Survival', 'Exploration', 'Base Building', 'Open World', 'Sandbox', 'Atmospheric', 'Realistic']",NULL
154,883785,185252,617890,"Warhammer 40,000: Space Marine 2",2024-09-09,2183900,59.99,194000000,4100000,154000,291000,82.813,28,"Action, Adventure, RPG","Saber Interactive","Focus Entertainment",AA,"['Action', 'Adventure', 'Singleplayer', 'Multiplayer', 'Action-Adventure', 'Co-op', 'Third-Person Shooter', 'PvE', 'War', 'Third-Person', 'Cinematic', 'Wargame', 'Futuristic', 'Narration', 'Warhammer 40K', '3D', 'Fantasy', 'Space', 'Sci-fi', 'Realistic']",NULL
155,36029,76253,698433,"Devil May Cry 5",2019-03-08,601150,29.99,79200000,2800000,136000,291000,95.861,21,Action,Capcom,Capcom,AAA,"['Action', 'Adventure', 'Singleplayer', 'Multiplayer', 'Controller', 'Stylized', 'Classic', 'Gore', 'Demons', 'Character Action Game', 'Hack and Slash', 'Third-Person', 'Spectacle fighter', 'Story Rich', 'Anime', 'Difficult', 'Great Soundtrack', 'Violent', 'Sexual Content', 'Nudity']",NULL
156,39759,36646,646899,GTFO,2019-12-09,493520,39.99,45900000,1800000,61152,291000,84.316,20,Action,"10 Chambers","10 Chambers",Indie,"['Action', 'Multiplayer', 'Gore', 'Co-op', 'First-Person', 'Online Co-Op', 'Character Customization', 'PvE', 'Survival Horror', 'Zombies', 'Tactical', 'Team-Based', 'FPS', 'Stealth', 'Shooter', 'Atmospheric', 'Difficult', 'Violent', 'Horror', 'Replay Value']",NULL
157,36168,10919,699724,"XCOM 2",2016-02-05,268500,59.99,141700000,3900000,100000,290000,84.639,65,Strategy,"Feral Interactive, Firaxis Games","2K, Feral Interactive","AA, AAA","['Strategy', 'Action', 'Singleplayer', 'RPG', 'Multiplayer', 'Aliens', 'Turn-Based Tactics', 'Perma Death', 'Co-op', 'Moddable', 'Character Customization', 'Tactical', 'Turn-Based Strategy', 'Futuristic', 'Turn-Based', 'Base Building', 'Sci-fi', 'Atmospheric', 'Difficult', 'Great Soundtrack']",NULL
158,36067,103210,701196,"HITMAN™ 2",2018-11-13,863550,0,23800000,1900000,74896,289000,90.997,18,Action,"Io-Interactive A/S",,,"['Strategy', 'Action', 'Singleplayer', 'Multiplayer', 'Assassin', 'Gore', 'Co-op', 'Third-Person Shooter', 'Online Co-Op', 'Third-Person', 'Puzzle', 'Stealth', 'Shooter', 'Open World', 'Sandbox', 'Funny', 'Atmospheric', 'Great Soundtrack', 'Violent', 'Nudity']",NULL
159,36117,3102,674171,"Kerbal Space Program",2013-03-21,220200,39.99,106000000,4500000,126000,285000,95.158,67,"Indie, Simulation",Squad,"Private Division",Indie,"['Strategy', 'Adventure', 'Indie', 'Simulation', 'Singleplayer', 'Education', 'Space Sim', 'Moddable', 'Science', 'Building', 'Exploration', 'Physics', 'Open World', 'Comedy', 'Space', 'Sandbox', 'Sci-fi', 'Funny', 'Difficult', 'Replay Value']",NULL
160,56669,55029,657583,"Age of Empires IV: Anniversary Edition",2021-10-28,1466860,39.99,88000000,2300000,77232,285000,86.037,72,Strategy,"Climax Studios, Forgotten Empires, Relic Entertainment, World's Edge","Xbox Game Studios",AAA,"['Strategy', 'Singleplayer', 'Multiplayer', 'Medieval', 'Co-op', 'Online Co-Op', 'PvE', 'War', 'Historical', 'Isometric', 'Action RTS', '3D', 'RTS', 'City Builder', 'Base Building', 'Resource Management', 'Management', 'Open World', 'PvP', 'Mature']",NULL
161,39009,16839,715912,"Signs of Life",2014-01-27,263200,9.99,467000,65176,813,30623,76.876,10,"Action, Adventure, Indie, Casual, Early Access, RPG","Sweet Dog Studios","Sweet Dog Studios",Indie,"['Action', 'Adventure', 'Indie', 'Singleplayer', 'Early Access', 'Casual', 'RPG', 'Multiplayer', 'Side Scroller', 'Aliens', 'Crafting', 'Open World Survival Craft', '2D', 'Platformer', 'Building', 'Survival', 'Open World', 'Space', 'Sandbox', 'Sci-fi']",NULL
162,37513,11162,699869,"For Honor",2017-02-13,304390,29.99,77600000,3300000,148000,282000,69.518,47,Action,"Blue Byte, Ubisoft",Ubisoft,AAA,"['Strategy', 'Action', 'Singleplayer', 'RPG', 'Multiplayer', 'Gore', 'Medieval', 'Co-op', 'Fighting', 'MOBA', 'Online Co-Op', 'War', 'Hack and Slash', 'Third-Person', 'Swordplay', 'Fantasy', 'Story Rich', 'Atmospheric', 'PvP', 'Realistic']",NULL
163,36144,9047,646207,Besiege,2015-01-28,346010,14.99,10500000,1500000,49227,282000,95.468,15,"Indie, Simulation","Spiderling Studios","Spiderling Studios",Indie,"['Simulation', 'Singleplayer', 'Multiplayer', 'Robots', 'Real-Time with Pause', 'Medieval', 'Co-op', 'Flight', 'Logic', 'Moddable', 'Online Co-Op', 'PvE', 'Destruction', 'Building', 'Puzzle', 'Physics', 'Sandbox', 'Funny', 'PvP', 'Replay Value']",NULL
164,64899,19560,673146,"God of War",2022-01-14,1593500,49.99,158500000,4400000,154000,280000,96.032,28,"Action, Adventure, RPG","Jetpack Interactive, Santa Monica Studio","PlayStation Publishing LLC",AAA,"['Action', 'Adventure', 'Singleplayer', 'RPG', 'Gore', 'Action RPG', 'Souls-like', 'PvE', 'Hack and Slash', 'Third-Person', 'Emotional', 'Combat', 'Mythology', '3D', 'Exploration', 'Fantasy', 'Open World', 'Story Rich', 'Atmospheric', 'Violent']",NULL
165,12982,124954,687327,"Crusader Kings III",2020-09-01,1158310,49.99,129700000,3700000,122000,280000,90.402,130,"Simulation, Strategy, RPG","Paradox Development Studio","Paradox Interactive",AA,"['Strategy', 'Simulation', 'Singleplayer', 'RPG', 'Multiplayer', 'Choices Matter', 'Real-Time with Pause', 'Economy', 'Medieval', 'Moddable', 'Character Customization', 'War', 'Historical', 'Grand Strategy', 'Political', 'Life Sim', '4X', 'RTS', 'Management', 'Sandbox']",NULL
166,59287,26128,673184,"Lost Ark",2022-02-11,1599340,0,896000,6000000,202000,279000,71.12,102,"Action, Adventure, Free to Play, RPG, MMO","Smilegate RPG","Amazon Games",AAA,"['Action', 'Adventure', 'Singleplayer', 'Free to Play', 'RPG', 'Massively Multiplayer', 'Multiplayer', 'Gore', 'Action RPG', 'MMORPG', 'Online Co-Op', 'Character Customization', 'PvE', 'Hack and Slash', 'Isometric', 'Class-Based', 'Fantasy', 'Violent', 'PvP', 'Sexual Content']",NULL
167,39339,27150,697842,"Minion Masters",2016-12-02,489520,0,1800000,2200000,64788,277000,89.566,42,"Action, Adventure, Indie, Strategy, Free to Play, RPG",BetaDwarf,BetaDwarf,Indie,"['Strategy', 'Singleplayer', 'Free to Play', 'Multiplayer', 'Turn-Based Tactics', 'Stylized', 'Co-op', 'Online Co-Op', 'PvE', 'Trading Card Game', 'Real Time Tactics', 'Deckbuilding', 'Card Battler', 'Tactical RPG', 'Tower Defense', 'Card Game', 'RTS', 'Fantasy', 'Colorful', 'PvP']",NULL
168,36209,6801,645988,"Far Cry 4",2014-11-18,298110,29.99,80500000,3300000,59300,276000,84.207,28,"Action, Adventure",Ubisoft,Ubisoft,AAA,"['Action', 'Adventure', 'Singleplayer', 'RPG', 'Multiplayer', 'Action RPG', 'Co-op', 'First-Person', 'Online Co-Op', 'Crafting', 'Hunting', 'Survival', 'FPS', 'Stealth', 'Shooter', 'Exploration', 'Open World', 'Story Rich', 'Sandbox', 'Atmospheric']",NULL
169,36306,30225,703789,Kenshi,2013-03-21,233860,29.99,32000000,1600000,94393,276000,95.477,71,"Action, Indie, Simulation, Strategy, RPG","Lo-Fi Games","Lo-Fi Games",AA,"['Strategy', 'Adventure', 'Indie', 'Simulation', 'Singleplayer', 'RPG', 'Ninja', 'Character Customization', 'Crafting', 'Post-apocalyptic', 'Alternate History', 'Steampunk', 'Building', 'Survival', 'RTS', 'City Builder', 'Base Building', 'Management', 'Open World', 'Sandbox']",NULL
170,36359,36616,698623,"They Are Billions",2017-12-12,644930,29.99,19300000,951000,48139,276000,85.145,75,Strategy,"Numantian Games","Numantian Games",Indie,"['Strategy', 'Indie', 'Singleplayer', 'Multiplayer', 'Real-Time with Pause', 'Colony Sim', 'Zombies', 'Tactical', 'Post-apocalyptic', 'Isometric', 'Steampunk', 'Building', 'Tower Defense', 'Survival', 'RTS', 'City Builder', 'Base Building', 'Resource Management', 'Management', 'Difficult']",NULL
171,57787,148228,673223,"V Rising",2022-05-17,1604030,34.99,118800000,6600000,110000,275000,88.923,45,"Action, Adventure, MMO","Stunlock Studios","Stunlock Studios",Indie,"['Action', 'Adventure', 'Singleplayer', 'Massively Multiplayer', 'Multiplayer', 'Action-Adventure', 'Co-op', 'Online Co-Op', 'Dark Fantasy', 'PvE', 'Hack and Slash', 'Crafting', 'Vampire', 'Building', 'Survival', 'Exploration', 'Base Building', 'Open World', 'Sandbox', 'PvP']",NULL
172,70033,143114,650255,"Total War: WARHAMMER III",2022-02-17,1142710,59.99,160500000,3600000,117000,269000,71.991,168,"Action, Strategy","Creative Assembly","Feral Interactive, SEGA","AA, AAA","['Strategy', 'Action', 'Singleplayer', 'Multiplayer', 'Co-op', 'Dwarf', 'Online Co-Op', 'Dark Fantasy', 'War', 'Grand Strategy', 'Tactical', 'Turn-Based Strategy', 'Real Time Tactics', 'Games Workshop', 'RTS', 'Fantasy', 'Story Rich', 'Atmospheric', 'Colorful', 'PvP']",NULL
173,14082,121998,702643,"Medieval Dynasty",2020-09-17,1129580,34.99,30700000,1300000,44205,269000,90.852,43,"Action, Adventure, Indie, Simulation, RPG","Render Cube","Toplitz Productions",Indie,"['Adventure', 'Simulation', 'Singleplayer', 'RPG', 'Multiplayer', 'Immersive Sim', 'Medieval', 'Co-op', 'First-Person', 'Historical', 'Agriculture', 'Crafting', 'Building', 'Survival', 'Base Building', 'Management', 'Open World', 'Sandbox', 'Atmospheric', 'Realistic']",NULL
174,36134,1911,666146,"Path of Exile",2013-10-23,238960,0,0,14900000,233000,269000,89.279,243,"Action, Adventure, Indie, Free to Play, RPG, MMO","Grinding Gear Games","Grinding Gear Games",AA,"['Action', 'Adventure', 'Singleplayer', 'Inventory Management', 'Free to Play', 'RPG', 'Massively Multiplayer', 'Multiplayer', 'Action RPG', 'Dungeon Crawler', 'MMORPG', 'Online Co-Op', 'Loot', 'Dark Fantasy', 'Character Customization', 'Hack and Slash', 'Isometric', 'Fantasy', 'Horror', 'PvP']",NULL
175,36116,1907,712212,"Grim Dawn",2013-11-05,219990,24.99,49400000,3200000,98539,266000,93.743,65,"Action, Adventure, Indie, RPG","Crate Entertainment","Crate Entertainment",AA,"['Action', 'Adventure', 'Singleplayer', 'RPG', 'Multiplayer', 'Choices Matter', 'Action RPG', 'Co-op', 'Dungeon Crawler', 'Dark', 'Moddable', 'Loot', 'Dark Fantasy', 'Character Customization', 'Hack and Slash', 'Crafting', 'Post-apocalyptic', 'Isometric', 'Fantasy', 'Atmospheric']",NULL
176,34635,16923,703919,"Arcane Worlds",2014-01-28,269610,9.99,89171,12571,235,726,44.681,1,"Action, Adventure, Indie, Strategy, Early Access","Ranmantaru Games","Ranmantaru Games",Indie,"['Strategy', 'Action', 'Adventure', 'Indie', 'Singleplayer', 'Early Access', 'Magic', 'Open World', 'Sandbox']",NULL
177,36121,7579,703763,Insurgency,2014-01-22,222880,14.99,55700000,7900000,125000,264000,91.779,21,"Action, Indie, Strategy","New World Interactive","New World Interactive",Indie,"['Strategy', 'Action', 'Adventure', 'Indie', 'Simulation', 'Singleplayer', 'Multiplayer', 'Competitive', 'Co-op', 'First-Person', 'Online Co-Op', 'War', 'Military', 'Tactical', 'Team-Based', 'FPS', 'Shooter', 'Atmospheric', 'PvP', 'Realistic']",NULL
178,36315,284415,645963,"Warface: Clutch",2014-07-01,291480,0,0,10500000,82203,264000,66.373,31,"Action, Free to Play, MMO",MY.GAMES,MY.GAMES,Indie,"['Action', 'Adventure', 'Free to Play', 'Massively Multiplayer', 'Multiplayer', 'Competitive', 'Gun Customization', 'Co-op', 'First-Person', 'Online Co-Op', 'Character Customization', 'PvE', 'Military', 'Tactical', 'Team-Based', 'Class-Based', 'FPS', 'Shooter', 'PvP', 'Realistic']",NULL
179,46800,72870,702780,"Horizon Zero Dawn™ Complete Edition",2020-08-07,1151640,0,162400000,4800000,124000,263000,87.889,30,"Action, Adventure, RPG",Guerrilla,"PlayStation Publishing LLC",AAA,"['Action', 'Adventure', 'Singleplayer', 'RPG', 'Robots', 'Action RPG', 'Third-Person', 'Beautiful', 'Post-apocalyptic', 'Dinosaurs', 'Hunting', 'Archery', 'Female Protagonist', 'Stealth', 'Exploration', 'Open World', 'Story Rich', 'Sci-fi', 'Atmospheric', 'Great Soundtrack']",NULL
180,36110,3019,728443,Starbound,2013-12-04,211820,14.99,58600000,5700000,165000,263000,92.303,57,"Action, Adventure, Indie, Casual, RPG",Chucklefish,Chucklefish,AA,"['Action', 'Adventure', 'Indie', 'RPG', 'Multiplayer', 'Co-op', 'Online Co-Op', 'Crafting', 'Open World Survival Craft', '2D', 'Pixel Graphics', 'Building', 'Survival', 'Exploration', 'Relaxing', 'Open World', 'Space', 'Sandbox', 'Sci-fi', 'Atmospheric']",NULL
181,36170,20757,682856,"Evolve Stage 2",2015-02-10,273350,0,66900000,5500000,48365,262000,69.947,9,"Action, Free to Play","Turtle Rock Studios",2K,AAA,"['Strategy', 'Action', 'Singleplayer', 'Casual', 'Multiplayer', 'Aliens', 'Co-op', 'First-Person', 'Online Co-Op', 'Third-Person', 'Tactical', 'Team-Based', 'Class-Based', 'Survival', 'FPS', 'Stealth', 'Shooter', 'Sci-fi', 'Atmospheric', 'PvP']",NULL
182,36181,7599,704097,"Life is Strange™",2015-01-30,319630,0,56800000,5900000,168000,259000,96.188,11,"Action, Adventure","DONTNOD Entertainment, Feral Interactive","Feral Interactive, Square Enix","AA, AAA","['Action', 'Adventure', 'Indie', 'Singleplayer', 'Casual', 'Choices Matter', 'Mystery', 'Memes', 'Point & Click', 'LGBTQ+', 'Third-Person', 'Time Travel', 'Walking Simulator', 'Time Manipulation', 'Episodic', 'Female Protagonist', 'Story Rich', 'Atmospheric', 'Great Soundtrack', 'Multiple Endings']",NULL
183,244933,208476,627018,"The First Descendant",2024-06-30,2074920,0,0,5400000,99234,259000,57.204,36,"Action, Adventure, Free to Play, RPG","NEXON Games Co., Ltd.",Nexon,Indie,"['Action', 'Adventure', 'Singleplayer', 'Free to Play', 'RPG', 'Multiplayer', 'Action RPG', 'Co-op', 'Third-Person Shooter', 'Online Co-Op', 'Character Customization', 'PvE', 'Third-Person', 'Combat', 'Looter Shooter', 'Shooter', 'Story Rich', 'Sci-fi', 'Violent', 'Sexual Content']",NULL
184,36273,28204,729600,"Call of Duty: WWII",2017-11-03,476600,59.99,92800000,2300000,42731,257000,69.137,16,Action,"Raven Software, Sledgehammer Games",Activision,AAA,"['Action', 'Singleplayer', 'Massively Multiplayer', 'Multiplayer', 'Gore', 'Psychological Horror', 'Co-op', 'First-Person', 'War', 'Historical', 'Zombies', 'World War II', 'Heist', 'Female Protagonist', 'FPS', 'Shooter', 'Open World', 'Story Rich', 'Violent', 'Horror']",NULL
185,4094469,262186,629351,"Delta Force",2024-12-04,2507950,0,0,8900000,89817,256000,66.588,24,"Action, Adventure, Free to Play, MMO","Team Jade","TiMi Studio Group",Indie,"['Action', 'Adventure', 'Singleplayer', 'Free to Play', 'Massively Multiplayer', 'Multiplayer', 'Action-Adventure', 'Co-op', 'Online Co-Op', 'War', 'Military', 'Tactical', 'Looter Shooter', '3D', 'Survival', 'FPS', 'Shooter', 'Open World', 'PvP', 'Extraction Shooter']",NULL
186,638378,132181,617187,"Resident Evil 4",2023-03-24,2050650,39.99,187300000,4600000,172000,255000,97.675,39,"Action, Adventure",Capcom,Capcom,AAA,"['Action', 'Adventure', 'Singleplayer', 'Action-Adventure', 'VR', 'Gore', 'Psychological Horror', 'Dark', 'Third-Person Shooter', 'Third-Person', 'Survival Horror', 'Zombies', 'Remake', 'Cinematic', 'Survival', 'Resource Management', 'Story Rich', 'Violent', 'Horror', 'Realistic']",NULL
187,36038,55034,668001,"FINAL FANTASY XV WINDOWS EDITION",2018-03-06,637650,34.99,57400000,1900000,52835,254000,83.106,33,RPG,"Square Enix","Square Enix",AAA,"['Action', 'Adventure', 'Singleplayer', 'RPG', 'Multiplayer', 'Action RPG', 'Co-op', 'First-Person', 'Online Co-Op', 'Hack and Slash', 'Third-Person', 'JRPG', 'Fantasy', 'Open World', 'Story Rich', 'Anime', 'Atmospheric', 'Great Soundtrack', 'Violent', 'Nudity']",NULL
188,36957,2902,715800,"Dead Island: Epidemic",2014-02-06,222900,0,0,1000000,16303,18016,82.298,5,"Action, Free to Play, Early Access","Stunlock Studios","Deep Silver",AA,"['Strategy', 'Action', 'Adventure', 'Free to Play', 'Early Access', 'RPG', 'Multiplayer', 'Top-Down Shooter', 'Gore', 'Action RPG', 'Co-op', 'MOBA', 'Online Co-Op', 'Hack and Slash', 'Zombies', 'Team-Based', 'Top-Down', 'Survival', 'Shooter', 'PvP']",NULL
189,39960,55056,700924,"Age of Empires II: Definitive Edition",2019-11-14,813780,34.99,69400000,4700000,158000,253000,94.911,75,Strategy,"CaptureAge, Forgotten Empires, Tantalus Media, Wicked Witch, World's Edge","Xbox Game Studios",AAA,"['Strategy', 'Action', 'Adventure', 'Singleplayer', 'Multiplayer', 'Classic', 'Medieval', 'Co-op', 'Historical', 'Remake', 'Tactical', 'Real-Time', 'Isometric', '2D', 'RTS', 'City Builder', 'Base Building', 'Resource Management', 'Great Soundtrack', 'Replay Value']",NULL
190,38725,18088,710868,"Insurgency: Sandstorm",2018-12-12,581320,29.99,54900000,2800000,125000,253000,85.009,40,Action,"New World Interactive","Focus Entertainment",AA,"['Action', 'Indie', 'Simulation', 'Massively Multiplayer', 'Multiplayer', 'Choices Matter', 'Gore', 'Co-op', 'First-Person', 'Online Co-Op', 'War', 'Military', 'Tactical', 'FPS', 'Shooter', 'Open World', 'Atmospheric', 'Difficult', 'Violent', 'Realistic']",NULL
191,39515,103298,668833,"DOOM Eternal",2020-03-20,782330,39.99,212600000,6000000,201000,251000,91.132,21,Action,"id Software","Bethesda Softworks",AAA,"['Action', 'Adventure', 'Singleplayer', 'Multiplayer', 'Gore', 'Demons', 'First-Person', 'Blood', 'Post-apocalyptic', 'FPS', 'Shooter', 'Story Rich', 'Sci-fi', 'Atmospheric', 'Difficult', 'Great Soundtrack', 'Violent', 'Fast-Paced', 'Horror', 'Mature']",NULL
192,36204,0,728685,"METAL GEAR SOLID V: THE PHANTOM PAIN",2015-09-01,287700,19.99,79500000,3000000,98258,251000,91.688,55,"Action, Adventure",KONAMI,KONAMI,AA,"['Action', 'Adventure', 'Singleplayer', 'Multiplayer', 'Dark', 'Third-Person Shooter', 'Third-Person', 'Cinematic', 'Tactical', 'Horses', 'Heist', 'Stealth', 'Shooter', 'Open World', 'Story Rich', 'Sandbox', 'Sci-fi', 'Atmospheric', 'Great Soundtrack', 'Replay Value']",NULL
193,34657,16905,699725,"The Memory of Eldurim",2014-02-08,268670,0.99,145000,14217,247,4927,39.676,1,"Action, Adventure, Indie, Early Access, RPG","Liminal Games","Liminal Games",Indie,"['Action', 'Adventure', 'Indie', 'Early Access', 'RPG', 'First-Person', 'Third-Person', 'Fantasy', 'Open World']",NULL
194,36018,37777,706208,"Shadow of the Tomb Raider",2018-09-14,750920,0,26600000,1300000,78003,250000,83.976,20,"Action, Adventure","Crystal Dynamics, Eidos Interactive, Feral Interactive, Nixxes","Feral Interactive",AA,"['Action', 'Adventure', 'Singleplayer', 'Multiplayer', 'Action-Adventure', 'Gore', 'Dark', 'Third-Person', 'Heist', 'Female Protagonist', 'Survival', 'Puzzle', 'Stealth', 'Shooter', 'Exploration', 'Open World', 'Story Rich', 'Atmospheric', 'Great Soundtrack', 'Violent']",NULL
195,17688,11177,682900,"Gang Beasts",2014-08-29,285900,19.99,67500000,5200000,59551,249000,84.924,8,"Action, Adventure, Indie, Simulation, Casual","Boneloaf, Rocket Science",Boneloaf,Indie,"['Indie', 'Singleplayer', 'Casual', 'Multiplayer', "Beat 'em up", 'Memes', 'Co-op', '4 Player Local', 'Party', 'Fighting', 'Third-Person', 'Party Game', 'Local Multiplayer', 'Soundtrack', '3D Fighter', 'Physics', 'Comedy', 'Funny', 'Family Friendly', 'Colorful']",NULL
196,36033,27744,714345,"House Flipper",2018-05-17,613100,24.99,47500000,3300000,93840,249000,94.169,22,"Indie, Simulation",Empyrean,"Frozen District, PlayWay S. A.",Indie,"['Indie', 'Simulation', 'Singleplayer', 'Casual', 'Multiplayer', 'Economy', 'Immersive Sim', 'Education', 'First-Person', 'Design & Illustration', 'Moddable', '3D', 'Building', 'Base Building', 'Management', 'Relaxing', 'Sandbox', 'Family Friendly', 'Realistic', 'Replay Value']",NULL
197,46698,114,656603,"STAR WARS™: The Old Republic™",2020-07-21,1286830,0,0,2000000,65996,249000,89.584,200,"Free to Play, RPG, MMO",Broadsword,"Electronic Arts",AAA,"['Action', 'Adventure', 'Free to Play', 'RPG', 'Massively Multiplayer', 'Multiplayer', 'Choices Matter', 'Action RPG', 'CRPG', 'Party-Based RPG', 'MMORPG', 'Character Customization', 'Third-Person', 'Open World', 'Story Rich', 'Space', 'Sci-fi', 'Atmospheric', 'Great Soundtrack', 'PvP']",NULL
198,38212,126098,729956,"Half-Life: Alyx",2020-03-23,546560,59.99,123300000,2900000,95702,247000,98.281,17,"Action, Adventure",Valve,Valve,AAA,"['Action', 'Adventure', 'Singleplayer', 'Aliens', 'VR', 'Gore', 'Psychological Horror', 'Memes', 'First-Person', 'Beautiful', 'Zombies', 'Futuristic', 'Female Protagonist', 'FPS', 'Shooter', 'Story Rich', 'Sci-fi', 'Atmospheric', 'Great Soundtrack', 'Horror']",NULL
199,1228751,248994,662599,Bodycam,2024-06-07,2406770,33.32,23200000,929000,30983,247000,75.393,8,"Action, Indie, Simulation, Strategy, Early Access, MMO","Reissad Studio","Reissad Studio",Indie,"['Strategy', 'Action', 'Simulation', 'Action-Adventure', 'Immersive Sim', 'VR', 'First-Person', 'PvE', 'Military', 'Surreal', 'Tactical', '3D', 'Survival', 'FPS', 'Stealth', 'Shooter', 'Open World', 'Horror', 'PvP', 'Realistic']",NULL
200,64607,116200,669553,"Back 4 Blood",2021-10-12,924970,59.99,76700000,2000000,67282,246000,68.305,26,Action,"Turtle Rock Studios","Warner Bros. Games",AAA,"['Action', 'Adventure', 'Singleplayer', 'Multiplayer', 'Gore', 'Co-op', 'First-Person', 'Online Co-Op', 'PvE', 'Survival Horror', 'Zombies', 'Blood', 'Survival', 'FPS', 'Shooter', 'Roguelite', 'Violent', 'Horror', 'PvP', 'Replay Value']",NULL
201,36201,5607,729170,SMITE,2015-09-08,386360,0,0,10700000,120000,246000,78.796,124,"Action, Adventure, Strategy, Casual, Free to Play, RPG, MMO","Titan Forge Games","Hi-Rez Studios",Indie,"['Strategy', 'Action', 'Adventure', 'Free to Play', 'Casual', 'RPG', 'Massively Multiplayer', 'Multiplayer', 'Competitive', 'Co-op', 'MOBA', 'MMORPG', 'Third-Person', 'Team-Based', 'Strategy RPG', 'eSports', 'Mythology', 'Nostalgia', 'Anime', 'PvP']",NULL
202,36140,1405,712354,HAWKEN,2014-02-12,271290,0,0,1100000,16963,57200,83.352,5,"Action, Free to Play, Early Access","Hawken Entertainment, Inc.","505 GAMES",AA,"['Action', 'Free to Play', 'Early Access', 'Massively Multiplayer', 'Multiplayer', 'Competitive', 'Robots', 'VR', 'Co-op', 'Mechs', 'First-Person', 'Tactical', 'Futuristic', 'Arena Shooter', 'Destruction', '3D', 'FPS', 'Shooter', 'Sci-fi', 'Fast-Paced']",NULL
203,39379,19249,729155,"Empyrion - Galactic Survival",2015-08-05,383120,19.99,13300000,990000,32995,244000,78.803,93,"Adventure, Indie, Simulation, Strategy","Eleon Game Studios","Eleon Game Studios",Indie,"['Strategy', 'Simulation', 'Singleplayer', 'Multiplayer', 'Co-op', 'Space Sim', 'PvE', 'Crafting', 'Voxel', 'Open World Survival Craft', 'Building', 'Survival', 'FPS', 'Exploration', 'Physics', 'Open World', 'Space', 'Sandbox', 'Sci-fi', 'PvP']",NULL
204,479090,204538,661154,"Once Human",2024-07-09,2139460,0,0,11300000,122000,242000,73.658,33,"Action, Adventure, Simulation, Strategy, Free to Play, RPG","Starry Studio","Starry Studio",AAA,"['Strategy', 'Action', 'Adventure', 'Simulation', 'Singleplayer', 'Free to Play', 'Multiplayer', 'Co-op', 'MMORPG', 'Online Co-Op', 'Character Customization', 'Post-apocalyptic', 'Strategy RPG', 'Open World Survival Craft', '3D', 'Survival', 'Shooter', 'Base Building', 'Open World', 'Horror']",NULL
205,37340,55189,714043,"Warhammer: Vermintide 2",2018-03-08,552500,29.99,87100000,5200000,132000,241000,84.911,34,"Action, Indie, RPG",Fatshark,Fatshark,AA,"['Action', 'Singleplayer', 'RPG', 'Multiplayer', 'Gore', 'Action RPG', 'Elf', 'Co-op', 'First-Person', 'Dwarf', 'Online Co-Op', 'Dark Fantasy', 'PvE', 'Hack and Slash', 'Combat', 'Games Workshop', 'FPS', 'Roguelite', 'Fantasy', 'Atmospheric']",NULL
206,35269,8349,645790,"Dead State",2014-02-13,239840,19.99,2500000,143000,2492,30522,73.194,20,"Indie, Strategy, RPG","DoubleBear Productions","DoubleBear Productions",Indie,"['Strategy', 'Indie', 'Simulation', 'Singleplayer', 'Early Access', 'RPG', 'Kickstarter', 'Turn-Based Combat', 'Survival Horror', 'Zombies', 'Tactical', 'Turn-Based Strategy', 'Post-apocalyptic', 'Isometric', 'Survival', 'Turn-Based', 'Base Building', 'Open World', 'Sandbox', 'Horror']",NULL
207,39988,107315,725353,"Subnautica: Below Zero",2019-01-30,848450,29.99,49600000,2900000,95253,239000,90.7,26,"Adventure, Indie","Unknown Worlds Entertainment","Unknown Worlds Entertainment",AA,"['Action', 'Adventure', 'Indie', 'Singleplayer', 'Underwater', 'Multiplayer', 'Aliens', 'First-Person', 'Crafting', 'Survival Horror', 'Open World Survival Craft', 'Survival', 'Exploration', 'Base Building', 'Open World', 'Story Rich', 'Sandbox', 'Sci-fi', 'Atmospheric', 'Horror']",NULL
208,35500,62848,715798,Windborne,2014-02-17,221560,0,329000,16125,261,5597,51.341,3,"Adventure, Indie, Simulation, Casual, Early Access, RPG, MMO","Hidden Path Entertainment","Hidden Path Entertainment",Indie,"['Adventure', 'Indie', 'Simulation', 'Early Access', 'Casual', 'RPG', 'Massively Multiplayer', 'Multiplayer', 'Crafting', 'Voxel', 'Building', 'Exploration', 'Fantasy', 'Open World', 'Sandbox']",NULL
209,47397,134813,717617,Icarus,2021-12-03,1149460,34.99,32900000,1400000,46038,237000,72.062,53,"Action, Adventure, Simulation",RocketWerkz,RocketWerkz,Indie,"['Adventure', 'Multiplayer', 'Nature', 'Co-op', 'First-Person', 'Online Co-Op', 'PvE', 'Crafting', 'Third-Person', 'Science', 'Mining', 'Open World Survival Craft', 'Building', 'Survival', 'Exploration', 'Base Building', 'Open World', 'Space', 'Sandbox', 'Realistic']",NULL
210,37556,18366,666422,"Sniper Elite 4",2017-02-14,312660,59.99,86600000,2300000,58498,236000,91.143,17,"Action, Adventure",Rebellion,Rebellion,AA,"['Strategy', 'Action', 'Adventure', 'Singleplayer', 'Multiplayer', 'Gore', 'Co-op', 'First-Person', 'Third-Person Shooter', 'War', 'Third-Person', 'World War II', 'Tactical', 'Sniper', 'FPS', 'Stealth', 'Shooter', 'Open World', 'Violent', 'Mature']",NULL
211,48061,143166,623851,"鬼谷八荒 Tale of Immortal",2021-01-27,1468810,19.99,94200000,6800000,226000,233000,53.152,69,"Action, Adventure, Indie, Simulation, RPG",鬼谷工作室,"Lightning Games, 鬼谷工作室",Indie,"['Action', 'Adventure', 'Simulation', 'Singleplayer', 'Choose Your Own Adventure', 'RPG', 'Action-Adventure', 'Hand-drawn', 'Action RPG', 'Hack and Slash', 'Dating Sim', 'Strategy RPG', 'Tactical RPG', 'Mythology', '2D', 'Exploration', 'Management', 'Story Rich', 'Sandbox', 'Procedural Generation']",NULL
212,35963,7601,728545,"Plague Inc: Evolved",2014-02-20,246620,14.99,40000000,4200000,54556,213000,94.481,11,"Indie, Simulation, Strategy, Casual","Ndemic Creations","Ndemic Creations",Indie,"['Strategy', 'Indie', 'Simulation', 'Singleplayer', 'Early Access', 'Casual', 'Multiplayer', 'Addictive', 'Co-op', 'Zombies', 'Tactical', 'Post-apocalyptic', 'Outbreak Sim', '2D', 'Survival', 'Sandbox', 'Atmospheric', 'Difficult', 'Realistic', 'Replay Value']",NULL
213,3481175,298526,659250,"Kingdom Come: Deliverance II",2025-02-04,1771300,59.99,125600000,2600000,76912,232000,93.711,56,"Action, Adventure, RPG","Warhorse Studios","Deep Silver",AA,"['Action', 'Adventure', 'Singleplayer', 'RPG', 'Choices Matter', 'Action-Adventure', 'Medieval', 'First-Person', 'LGBTQ+', 'Historical', 'Political', 'Alternate History', 'Swordplay', 'Immersive', 'Combat', '3D', 'Open World', 'Story Rich', 'Atmospheric', 'Realistic']",NULL
214,35959,2552,703790,"Mad Max",2015-10-02,234140,19.99,71600000,3000000,81289,231000,92.183,26,"Action, Adventure","Avalanche Studios","Warner Bros. Games, Warner Bros. Interactive Entertainment",AAA,"['Action', 'Adventure', 'Singleplayer', 'RPG', 'Multiplayer', 'Automobile Sim', 'Racing', 'Driving', 'Third-Person Shooter', 'War', 'Third-Person', 'Post-apocalyptic', 'Vehicular Combat', 'Survival', 'Shooter', 'Exploration', 'Open World', 'Story Rich', 'Sandbox', 'Atmospheric']",NULL
215,11725,76747,698750,"Atomic Heart",2023-02-20,668580,59.99,47000000,1100000,36225,231000,82.3,18,"Action, Adventure, RPG",Mundfish,"4Divinity, Focus Entertainment","AA, Indie","['Action', 'Singleplayer', 'RPG', 'Robots', 'Action-Adventure', 'Gore', 'Action RPG', 'Mystery', 'First-Person', 'Cyberpunk', 'Alternate History', 'FPS', 'Puzzle', 'Shooter', 'Exploration', 'Open World', 'Sci-fi', 'Atmospheric', 'Horror', 'Sexual Content']",NULL
216,36044,54996,668051,"Jurassic World Evolution",2018-06-12,648350,44.99,51500000,1600000,53600,230000,87.201,26,"Simulation, Strategy","Frontier Developments","Frontier Developments",AA,"['Strategy', 'Action', 'Adventure', 'Simulation', 'Singleplayer', 'Casual', 'Multiplayer', 'Economy', 'Dinosaurs', 'Building', 'Survival', 'City Builder', 'Resource Management', 'Management', 'Open World', 'Sandbox', 'Sci-fi', 'Atmospheric', 'Great Soundtrack', 'Violent']",NULL
217,39170,68297,649292,"DEAD OR ALIVE Xtreme Venus Vacation",2019-03-26,958260,0,0,632000,27942,229000,83.201,27,"Free to Play, Sports","KOEI TECMO GAMES CO., LTD.","KOEI TECMO GAMES CO., LTD.",AAA,"['Action', 'Simulation', 'Singleplayer', 'Free to Play', 'Casual', 'RPG', 'Multiplayer', 'Sports', 'First-Person', 'Character Customization', 'Dating Sim', 'Hentai', 'NSFW', '3D', 'Female Protagonist', 'Open World', 'Anime', 'Cute', 'Mature', 'Sexual Content']",NULL
218,44199,103281,718145,"Halo Infinite",2021-11-15,1240440,0,0,5300000,176000,226000,69.853,78,"Action, Free to Play","343 Industries","Xbox Game Studios",AAA,"['Action', 'Adventure', 'Singleplayer', 'Free to Play', 'Multiplayer', 'Competitive', 'Aliens', 'Co-op', 'First-Person', 'Cinematic', 'Soundtrack', 'Lore-Rich', 'FPS', 'Shooter', 'Open World', 'Story Rich', 'Space', 'Sci-fi', 'Atmospheric', 'PvP']",NULL
219,34816,7344,715906,"Ori and the Blind Forest",2015-03-10,261570,0,9300000,1900000,56735,225000,94.485,10,Action,"Moon Studios GmbH","Xbox Game Studios",AAA,"['Action', 'Adventure', 'Indie', 'Singleplayer', 'RPG', 'Side Scroller', 'Puzzle Platformer', 'Metroidvania', '2D', 'Platformer', 'Puzzle', 'Exploration', 'Fantasy', 'Open World', 'Story Rich', 'Atmospheric', 'Difficult', 'Great Soundtrack', 'Cute', 'Family Friendly']",NULL
220,62360,165351,651232,"Cult of the Lamb",2022-08-11,1313140,24.99,52700000,3000000,99121,223000,95.579,18,"Action, Adventure, Indie, Strategy","Massive Monster","Devolver Digital",AA,"['Strategy', 'Action', 'Adventure', 'Singleplayer', 'Controller', 'Dark Humor', 'Colony Sim', 'Dungeon Crawler', 'Character Customization', 'Third-Person', 'Action Roguelike', 'Faith', '2D', 'Building', 'Roguelite', 'Base Building', 'Fantasy', 'Funny', 'Cute', 'Colorful']",NULL
221,36043,40477,711162,"Slay the Spire",2017-11-15,646570,24.99,47400000,3200000,177000,222000,97.821,75,"Indie, Strategy","Mega Crit","Mega Crit",Indie,"['Strategy', 'Indie', 'Singleplayer', 'Casual', 'RPG', 'Mouse only', 'Dungeon Crawler', 'Deckbuilding', 'Card Battler', 'Roguelike Deckbuilder', '2D', 'Card Game', 'Turn-Based', 'Roguelike', 'Roguelite', 'Fantasy', 'Difficult', 'Procedural Generation', 'Great Soundtrack', 'Replay Value']",NULL
222,34630,62012,728622,Dethroned!,2014-02-28,269390,0,0,59904,956,1132,57.636,2,"Action, Strategy, Free to Play, Early Access","Treehouse Ltd","Treehouse Ltd",Indie,"['Strategy', 'Action', 'Indie', 'Free to Play', 'Early Access', 'RPG', 'Massively Multiplayer', 'Multiplayer', 'Co-op', 'MOBA', 'Tower Defense', 'RTS']",NULL
223,35973,11118,710008,"Dishonored 2",2016-11-11,403640,29.99,74800000,2500000,62039,221000,89.407,21,Action,"Arkane Studios","Bethesda Softworks",AAA,"['Action', 'Adventure', 'Singleplayer', 'Assassin', 'Immersive Sim', 'Gore', 'First-Person', 'Magic', 'Dystopian ', 'Parkour', 'Supernatural', 'Heist', 'Steampunk', 'Female Protagonist', 'Stealth', 'Exploration', 'Open World', 'Story Rich', 'Atmospheric', 'Great Soundtrack']",NULL
224,37333,1265,699567,"PlanetSide 2",2012-11-20,218230,0,0,4000000,73293,221000,81.055,39,"Action, Free to Play, MMO","Rogue Planet Games","Daybreak Game Company",AA,"['Strategy', 'Action', 'Adventure', 'Free to Play', 'RPG', 'Massively Multiplayer', 'Multiplayer', 'Co-op', 'First-Person', 'Online Co-Op', 'War', 'Tactical', 'Futuristic', 'Team-Based', 'FPS', 'Shooter', 'Open World', 'Space', 'Sci-fi', 'PvP']",NULL
225,36094,3025,699621,"Middle-earth™: Shadow of Mordor™",2014-09-30,241930,19.99,116800000,5600000,89306,220000,92.401,19,,"Monolith Productions","Warner Bros. Games, Warner Bros. Interactive Entertainment",AAA,"['Action', 'Adventure', 'Singleplayer', 'RPG', 'Assassin', 'Gore', 'Action RPG', 'Dark Fantasy', 'Hack and Slash', 'Third-Person', 'Magic', 'Parkour', 'Lore-Rich', 'Based On A Novel', 'Stealth', 'Fantasy', 'Open World', 'Story Rich', 'Sandbox', 'Atmospheric']",NULL
226,36327,19562,704576,"Resident Evil 7 Biohazard",2017-01-26,418370,19.99,47600000,1900000,95122,219000,95.229,14,"Action, Adventure",Capcom,Capcom,AAA,"['Action', 'Adventure', 'Singleplayer', 'Multiplayer', 'Classic', 'VR', 'Gore', 'Psychological Horror', 'First-Person', 'Survival Horror', 'Zombies', 'Survival', 'FPS', 'Puzzle', 'Shooter', 'Exploration', 'Story Rich', 'Atmospheric', 'Violent', 'Horror']",NULL
227,15690,11059,704249,"NARUTO SHIPPUDEN: Ultimate Ninja STORM 4",2016-02-04,349040,19.99,46800000,2300000,87809,218000,90.97,15,"Action, Adventure","CyberConnect2 Co., Ltd.","Bandai Namco",AAA,"['Action', 'Adventure', 'Singleplayer', 'Multiplayer', 'Ninja', "Beat 'em up", 'Memes', 'Co-op', 'Fighting', 'Online Co-Op', 'Third-Person', 'Local Multiplayer', 'Local Co-Op', 'Heist', 'Fantasy', 'Open World', 'Story Rich', 'Anime', 'Atmospheric', 'Great Soundtrack']",NULL
228,36131,3202,682745,"Dungeon Defenders II",2014-12-05,236110,0,7800000,3400000,21730,218000,77.423,16,"Action, Indie, Strategy, Free to Play, RPG","Chromatic Games","Chromatic Games",Indie,"['Singleplayer', 'Multiplayer', 'Action RPG', 'Party-Based RPG', 'Online Co-Op', 'Loot', 'Character Customization', 'Third-Person', 'Tactical', 'Team-Based', 'Co-op Campaign', 'Strategy RPG', '3D', 'Cartoony', 'Building', 'Tower Defense', 'Survival', 'Fantasy', 'Family Friendly', 'Colorful']",NULL
229,38552,26472,705613,"Disco Elysium",2019-10-15,632470,39.99,98100000,3900000,109000,216000,93.168,16,RPG,ZA/UM,ZA/UM,Indie,"['Adventure', 'Indie', 'Singleplayer', 'RPG', 'Choices Matter', 'CRPG', 'Point & Click', 'Character Customization', 'Surreal', 'Political', 'Detective', 'Isometric', 'Noir', 'Exploration', 'Open World', 'Story Rich', 'Funny', 'Atmospheric', 'Visual Novel', 'Sexual Content']",NULL
230,55614,241,645527,Counter-Strike,2000-11-01,10,9.99,77600000,12700000,248000,216000,97.437,168,Action,Valve,Valve,AAA,"['Strategy', 'Action', 'Old School', 'Multiplayer', 'Competitive', 'Score Attack', 'Assassin', 'Classic', '1980s', 'First-Person', 'Military', 'Tactical', 'Team-Based', 'eSports', "1990's", 'Nostalgia', 'Survival', 'FPS', 'Shooter', 'PvP']",NULL
231,50170,142688,670168,"Farthest Frontier",2022-08-09,1044720,29.99,13300000,570000,18986,216000,86.032,34,"Indie, Simulation, Strategy, Early Access","Crate Entertainment","Crate Entertainment",AA,"['Strategy', 'Simulation', 'Economy', 'Immersive Sim', 'Medieval', 'War', 'Historical', 'Agriculture', 'Farming', 'Action RTS', 'Top-Down', 'Building', 'Survival', '4X', 'RTS', 'City Builder', 'Base Building', 'Resource Management', 'Management', 'Open World']",NULL
232,36203,8351,645944,"Tabletop Simulator",2014-04-18,286160,19.99,85100000,6500000,69538,215000,94.399,40,"Indie, Simulation, Strategy, Casual, RPG","Berserk Games","Berserk Games",Indie,"['Strategy', 'Indie', 'Simulation', 'Casual', 'RPG', 'Multiplayer', 'VR', 'Co-op', 'First-Person', 'Tabletop', 'Board Game', 'Moddable', 'Online Co-Op', 'Trading Card Game', 'Wargame', '3D', 'Card Game', 'Physics', 'Sandbox', 'Funny']",NULL
233,38936,14389,704671,"Friday the 13th: The Game",2017-05-26,438740,0,30300000,1600000,77591,215000,80.017,15,Action,IllFonic,"Gun Media",AA,"['Action', 'Adventure', 'Singleplayer', 'Multiplayer', 'Gore', 'Psychological Horror', 'Co-op', 'Dark', 'Third-Person', 'Survival Horror', 'Survival', 'Stealth', 'Open World', 'Funny', 'Atmospheric', 'Difficult', 'Violent', 'Horror', 'Mature', 'Nudity']",NULL
234,34870,16772,728585,Drifter,2014-03-04,259450,11.99,98342,11183,206,9964,54.854,4,"Action, Indie, Simulation, Early Access","Celsius Game Studios","Celsius Game Studios",Indie,"['Action', 'Indie', 'Simulation', 'Singleplayer', 'Early Access', 'Casual', 'Space Sim', 'Mining', 'Trading', 'Exploration', 'Relaxing', 'Open World', 'Space', 'Sandbox', 'Sci-fi', 'Atmospheric', 'Procedural Generation', 'Great Soundtrack']",NULL
235,4094408,305006,688119,"Sid Meier's Civilization VII",2025-02-10,1295660,69.99,53000000,947000,35596,214000,50.205,27,"Simulation, Strategy","Firaxis Games",2K,AAA,"['Strategy', 'Simulation', 'Singleplayer', 'Multiplayer', 'Economy', 'Turn-Based Tactics', 'Stylized', 'Hex Grid', 'War', 'Historical', 'Grand Strategy', 'Tactical', 'Turn-Based Strategy', 'Alternate History', 'Political Sim', 'Diplomacy', '4X', 'City Builder', 'PvP', 'Replay Value']",NULL
236,34911,16737,666207,"Race To Mars",2014-03-07,257930,0,207000,15483,263,1335,7.224,1,"Indie, Simulation, Strategy, Early Access","INTERMARUM, ONE MORE LEVEL","ONE MORE LEVEL",Indie,"['Strategy', 'Indie', 'Simulation', 'Early Access', 'Mars', 'Turn-Based', 'Management', 'Space', 'Sci-fi']",NULL
237,67027,192027,615983,"Nobody - The Turnaround",2022-11-17,1810580,0,884000,426000,14184,214000,59.743,25,"Simulation, Strategy, Early Access","U.Ground Game Studio","Thermite Games",Indie,"['Strategy', 'Adventure', 'Simulation', 'Singleplayer', 'Choose Your Own Adventure', 'Choices Matter', 'Character Customization', 'Emotional', 'Life Sim', 'Romance', '3D', 'Survival', 'Resource Management', 'Management', 'Open World', 'Story Rich', 'Sandbox', 'Atmospheric', 'Multiple Endings', 'Realistic']",NULL
238,38590,5573,699614,"Planet Explorers",2014-03-11,237870,0,6200000,473000,6806,118000,62.063,11,"Action, Adventure, Indie, Simulation, RPG","Pathea Games","Pathea Games",Indie,"['Action', 'Adventure', 'Indie', 'Simulation', 'Singleplayer', 'Early Access', 'RPG', 'Multiplayer', 'Action RPG', 'Co-op', 'Crafting', 'Third-Person', 'Voxel', 'Open World Survival Craft', 'Building', 'Survival', 'Exploration', 'Open World', 'Sandbox', 'Sci-fi']",NULL
239,36132,1904,666141,"Europa Universalis IV",2013-08-13,236850,49.99,79200000,3300000,133000,213000,86.577,286,"Simulation, Strategy","Paradox Development Studio, Paradox Tinto","Paradox Interactive",AA,"['Strategy', 'Simulation', 'Singleplayer', 'Multiplayer', 'Real-Time with Pause', 'Economy', 'Co-op', 'Moddable', 'Historical', 'Military', 'Grand Strategy', 'Political', 'Wargame', 'Alternate History', 'Nonlinear', 'Diplomacy', '4X', 'Management', 'Sandbox', 'Replay Value']",NULL
240,39375,1883,682774,"Carmageddon: Reincarnation",2014-03-13,249380,0,3500000,164000,2677,19028,76.242,9,"Action, Indie, Racing","Stainless Games Ltd","Stainless Games Ltd",Indie,"['Action', 'Indie', 'Old School', 'Singleplayer', 'Early Access', 'Multiplayer', 'Racing', 'Driving', 'Dark Humor', 'Classic', 'Gore', 'Kickstarter', 'Blood', 'Destruction', 'Nostalgia', 'Physics', 'Open World', 'Comedy', 'Funny', 'Violent']",NULL
241,169611,207266,734297,"Dark and Darker",2024-06-07,2016590,0,0,2000000,65446,212000,70.8,25,"Action, Free to Play, Early Access, RPG",IRONMACE,IRONMACE,Indie,"['Free to Play', 'RPG', 'Multiplayer', 'Medieval', 'First-Person', 'Dungeon Crawler', 'Dark', 'Online Co-Op', 'Loot', 'PvE', 'Magic', 'Battle Royale', 'Team-Based', 'Swordplay', 'Class-Based', 'Survival', 'Exploration', 'Fantasy', 'PvP', 'Extraction Shooter']",NULL
242,39913,19164,709980,"Borderlands 3",2020-03-13,397540,59.99,137800000,4300000,145000,211000,85.152,40,"Action, RPG","Gearbox Software",2K,AAA,"['Action', 'Adventure', 'Singleplayer', 'RPG', 'Multiplayer', 'Gore', 'Co-op', 'First-Person', 'Online Co-Op', 'Loot', 'Epic', 'Co-op Campaign', 'Looter Shooter', 'FPS', 'Shooter', 'Open World', 'Comedy', 'Great Soundtrack', 'Violent', 'Nudity']",NULL
243,1231183,115060,641046,"Dragon's Dogma 2",2024-03-22,2054970,69.99,146400000,2700000,105000,210000,60.725,41,"Action, RPG",Capcom,Capcom,AAA,"['Action', 'Adventure', 'Singleplayer', 'RPG', 'Multiplayer', 'Action-Adventure', 'Action RPG', 'Medieval', 'Dragons', 'Character Customization', 'PvE', 'Artificial Intelligence', 'Third-Person', 'Magic', 'Swordplay', 'Lore-Rich', '3D', 'Physics', 'Fantasy', 'Open World']",NULL
244,46685,17447,703255,"Titanfall® 2",2020-06-18,1237970,29.99,111300000,7500000,250000,210000,95.404,14,Action,"Respawn Entertainment","Electronic Arts",AAA,"['Action', 'Singleplayer', 'Multiplayer', 'Gore', 'Co-op', 'Mechs', 'First-Person', 'Military', 'Time Travel', 'Futuristic', 'Parkour', 'Team-Based', 'Combat', 'Hero Shooter', 'FPS', 'Shooter', 'Sci-fi', 'Violent', 'Fast-Paced', 'PvP']",NULL
245,38675,10602,715808,"Nom Nom Galaxy",2014-03-13,226100,9.99,648000,87576,1057,9083,76.632,8,"Action, Indie, Strategy, Casual","Q-Games Ltd.","Q-Games Ltd.",Indie,"['Strategy', 'Action', 'Adventure', 'Indie', 'Early Access', 'Casual', 'Multiplayer', 'Co-op', 'Online Co-Op', 'Local Multiplayer', 'Local Co-Op', '2D', 'Pixel Graphics', 'Platformer', 'Building', 'Survival', 'Exploration', 'Base Building', 'Sandbox', 'Great Soundtrack']",NULL
246,38088,7498,713252,"TEKKEN 7",2017-06-01,389730,39.99,59400000,2200000,92074,209000,83.041,56,"Action, Sports","Bandai Namco","Bandai Namco",AAA,"['Action', 'Singleplayer', 'Multiplayer', 'Competitive', 'Sports', 'Controller', "Beat 'em up", 'Fighting', '2D Fighter', 'Character Customization', 'Third-Person', 'Local Multiplayer', 'eSports', '3D Fighter', 'Arcade', 'Story Rich', 'Anime', 'Atmospheric', 'Difficult', 'Great Soundtrack']",NULL
247,35058,16676,699655,"Sins of a Dark Age",2014-03-14,251970,0,243000,66186,1064,3442,66.541,3,"Action, Indie, Strategy, Free to Play, RPG","Ironclad Games","Ironclad Games",Indie,"['Strategy', 'Action', 'Indie', 'Free to Play', 'Early Access', 'RPG', 'Multiplayer', 'Medieval', 'MOBA', 'Dark Fantasy', 'Action RTS', 'RTS', 'Fantasy', 'Great Soundtrack']",NULL
248,36196,13182,700212,"Far Cry Primal",2016-03-01,371660,29.99,34800000,1200000,32088,209000,85.767,20,"Action, Adventure",Ubisoft,Ubisoft,AAA,"['Strategy', 'Action', 'Adventure', 'Singleplayer', 'RPG', 'Action RPG', 'First-Person', 'Online Co-Op', 'Crafting', 'Open World Survival Craft', 'Hunting', 'Survival', 'FPS', 'Stealth', 'Shooter', 'Exploration', 'Open World', 'Atmospheric', 'Mature', 'Sexual Content']",NULL
249,68453,138950,637863,"MONSTER HUNTER RISE",2022-01-12,1446780,39.99,141100000,4400000,110000,208000,81.835,90,Action,Capcom,Capcom,AAA,"['Action', 'Singleplayer', 'RPG', 'Multiplayer', 'Ninja', 'Nature', 'Action RPG', 'Co-op', 'Dragons', 'Online Co-Op', 'Character Customization', 'PvE', 'Third-Person', 'Hunting', '3D', 'JRPG', 'Fantasy', 'Open World', 'Anime', 'Atmospheric']",NULL
250,883778,228542,626166,"ARMORED CORE™ VI FIRES OF RUBICON™",2023-08-24,1888160,59.99,106600000,2300000,75099,208000,91.375,30,Action,FromSoftware,"Bandai Namco, FromSoftware",AAA,"['Action', 'Singleplayer', 'Multiplayer', 'Robots', 'Action-Adventure', 'Souls-like', 'Mechs', 'Character Customization', 'Military', 'Third-Person', 'Futuristic', 'Post-apocalyptic', 'Soundtrack', 'Combat', 'Vehicular Combat', '3D', 'Sci-fi', 'Atmospheric', 'Difficult', 'Fast-Paced']",NULL
251,37628,0,666133,"Prison Architect",2013-03-20,233450,29.99,88500000,5000000,71812,208000,89.136,30,"Indie, Simulation, Strategy","Double Eleven, Introversion Software","Paradox Interactive",AA,"['Strategy', 'Indie', 'Simulation', 'Singleplayer', 'Casual', 'Multiplayer', 'Economy', 'Colony Sim', 'Capitalism', 'Moddable', '2D', 'Top-Down', 'Building', 'City Builder', 'Base Building', 'Resource Management', 'Management', 'Sandbox', 'Funny', 'Replay Value']",NULL
252,33318,23732,710002,"Osiris: New Dawn",2016-09-28,402710,34.99,14000000,791000,14929,208000,54.15,15,"Action, Adventure, Indie, RPG","Fenix Fire Entertainment",,,"['Action', 'Adventure', 'Indie', 'Singleplayer', 'Multiplayer', 'Aliens', 'Co-op', 'Space Sim', 'First-Person', 'Crafting', 'Open World Survival Craft', 'Building', 'Survival', 'Exploration', 'Base Building', 'Open World', 'Space', 'Sandbox', 'Sci-fi', 'Horror']",NULL
253,34823,7443,728590,"Lichdom: Battlemage",2014-03-19,261760,9.99,6600000,291000,2958,17606,56.423,6,"Action, Indie, RPG",Xaviant,"Xaviant Games",Indie,"['Action', 'Adventure', 'Indie', 'Singleplayer', 'Early Access', 'RPG', 'Action RPG', 'First-Person', 'Magic', 'Female Protagonist', 'FPS', 'Fantasy', 'Open World', 'Atmospheric', 'Difficult', 'Violent']",NULL
254,34818,6032,699700,"Borderlands: The Pre-Sequel",2014-10-14,261640,39.99,105100000,3900000,40994,207000,81.527,25,"Action, RPG","2K, Aspyr, Gearbox Software","2K, Aspyr","AA, AAA","['Action', 'Adventure', 'Singleplayer', 'RPG', 'Multiplayer', 'Action RPG', 'Memes', 'Co-op', 'First-Person', 'Online Co-Op', 'Loot', 'Looter Shooter', 'FPS', 'Shooter', 'Open World', 'Comedy', 'Space', 'Sci-fi', 'Funny', 'Atmospheric']",NULL
255,39162,36911,684769,"DRAGON BALL FighterZ",2018-01-26,678950,59.99,74100000,2000000,72492,206000,90.385,39,Action,"ARC SYSTEM WORKS","Bandai Namco",AAA,"['Action', 'Adventure', 'Singleplayer', 'Multiplayer', 'Competitive', 'Controller', "Beat 'em up", 'Fighting', '2D Fighter', 'Third-Person', 'Local Multiplayer', 'Comic Book', 'Spectacle fighter', 'eSports', 'Combat', 'Arcade', 'Anime', 'Difficult', 'Fast-Paced', 'PvP']",NULL
256,36522,3152,703756,"Don't Starve",2013-04-23,219740,9.99,43400000,5400000,109000,206000,96.653,26,"Adventure, Indie, Simulation","Klei Entertainment","Klei Entertainment",AA,"['Adventure', 'Indie', 'Simulation', 'Singleplayer', 'Multiplayer', 'Perma Death', 'Moddable', 'Crafting', 'Survival Horror', 'Open World Survival Craft', '2D', 'Top-Down', 'Survival', 'Roguelike', 'Exploration', 'Open World', 'Sandbox', 'Difficult', 'Horror', 'Replay Value']",NULL
257,36313,9243,728694,"Life is Feudal: Your Own",2014-09-19,290080,19.99,15600000,622000,11972,206000,65.996,96,"Action, Indie, Simulation, RPG","Bitbox Ltd.","Bitbox Ltd.",Indie,"['Strategy', 'Action', 'Adventure', 'Indie', 'Simulation', 'Singleplayer', 'RPG', 'Massively Multiplayer', 'Multiplayer', 'Medieval', 'Co-op', 'MMORPG', 'Historical', 'Crafting', 'Open World Survival Craft', 'Building', 'Survival', 'Open World', 'Sandbox', 'Atmospheric']",NULL
258,39183,74701,687405,"STAR WARS Jedi: Fallen Order™ ",2019-11-15,1172380,39.99,146100000,4600000,155000,205000,88.582,16,"Action, Adventure","Respawn Entertainment","Electronic Arts",AAA,"['Action', 'Adventure', 'RPG', 'Action-Adventure', 'Souls-like', 'Fighting', 'Hack and Slash', 'Third-Person', 'Swordplay', 'Metroidvania', 'Platformer', 'Puzzle', 'Exploration', 'Fantasy', 'Open World', 'Story Rich', 'Space', 'Sci-fi', 'Atmospheric', 'Family Friendly']",NULL
259,3253398,294041,679483,"Marvel Rivals",2024-12-06,2767030,0,0,23500000,243000,205000,80.639,29,"Action, Free to Play","NetEase Games","NetEase Games",Indie,"['Strategy', 'Action', 'Free to Play', 'Multiplayer', 'Competitive', 'Co-op', 'Third-Person Shooter', 'MOBA', 'Online Co-Op', 'Third-Person', 'Cyberpunk', 'Team-Based', 'Superhero', 'Hero Shooter', '3D', 'FPS', 'Shooter', 'Sci-fi', 'PvP', 'Sexual Content']",NULL
260,47200,19564,650539,"DEATH STRANDING",2020-07-14,1190460,0,91600000,2400000,79418,204000,93.228,40,"Action, Adventure","KOJIMA PRODUCTIONS","505 GAMES",AA,"['Action', 'Adventure', 'Singleplayer', 'Inventory Management', 'Psychological Horror', 'Dark', 'Third-Person', 'Surreal', 'Cinematic', 'Walking Simulator', 'Post-apocalyptic', 'Lore-Rich', 'Survival', 'Stealth', 'Exploration', 'Open World', 'Story Rich', 'Sci-fi', 'Atmospheric', 'Great Soundtrack']",NULL
261,36979,103341,668528,"Overcooked! 2",2018-08-07,728880,48.49,22900000,1500000,70658,204000,90.645,11,"Action, Indie, Casual","Ghost Town Games Ltd., Team17 Digital","Team17 Digital",Indie,"['Strategy', 'Action', 'Indie', 'Simulation', 'Singleplayer', 'Casual', 'Multiplayer', 'Controller', 'Co-op', '4 Player Local', 'Online Co-Op', 'Local Multiplayer', 'Local Co-Op', 'Cooking', 'Comedy', 'Funny', 'Difficult', 'Cute', 'Family Friendly', 'Colorful']",NULL
262,47201,14362,612797,"Detroit: Become Human",2020-06-18,1222140,39.99,120000000,4700000,158000,203000,95.641,15,"Action, Adventure","Quantic Dream","Quantic Dream",Indie,"['Adventure', 'Singleplayer', 'Robots', 'Choices Matter', 'Third-Person', 'Beautiful', 'Cinematic', 'Cyberpunk', 'Futuristic', 'Emotional', 'Narration', 'Dynamic Narration', 'Female Protagonist', 'Story Rich', 'Sci-fi', 'Atmospheric', 'Great Soundtrack', 'Violent', 'Multiple Endings', 'Replay Value']",NULL
263,883779,204350,659890,"The Last of Us™ Part I",2023-03-28,1888930,59.99,63800000,1400000,70984,202000,77.41,19,"Action, Adventure","Iron Galaxy Studios, Naughty Dog LLC","PlayStation Publishing LLC",AAA,"['Action', 'Adventure', 'Singleplayer', 'Action-Adventure', 'Drama', 'Third-Person Shooter', 'Thriller', 'Third-Person', 'Survival Horror', 'Zombies', 'Remake', 'Cinematic', 'Post-apocalyptic', 'Emotional', 'Soundtrack', 'Survival', 'Shooter', 'Story Rich', 'Atmospheric', 'Horror']",NULL
264,36205,5606,699807,"Assassin's Creed Unity",2014-11-11,289650,29.99,63200000,2800000,72483,202000,78.191,22,"Action, Adventure",Ubisoft,Ubisoft,AAA,"['Action', 'Adventure', 'Simulation', 'Singleplayer', 'RPG', 'Multiplayer', 'Assassin', 'Action RPG', 'Co-op', 'Online Co-Op', 'Historical', 'Third-Person', 'Beautiful', 'Tactical', 'Parkour', 'Stealth', 'Open World', 'Story Rich', 'Atmospheric', 'Great Soundtrack']",NULL
265,12684,122666,670818,Teardown,2020-10-29,1167630,29.99,54500000,3200000,106000,202000,95.547,28,"Action, Indie, Simulation, Strategy","Tuxedo Labs","Tuxedo Labs",Indie,"['Action', 'Indie', 'Simulation', 'Singleplayer', 'Multiplayer', 'Driving', 'Immersive Sim', 'Puzzle Platformer', 'First-Person', 'Voxel', 'Tactical', 'Destruction', 'Heist', '3D', 'Puzzle', 'Physics', 'Open World', 'Sandbox', 'Realistic', 'Replay Value']",NULL
266,36009,16300,666720,"Dragon's Dogma: Dark Arisen",2016-01-15,367500,29.99,44100000,2400000,46261,202000,88.552,29,"Action, Adventure, RPG",Capcom,Capcom,AAA,"['Action', 'Adventure', 'Singleplayer', 'RPG', 'Multiplayer', 'Action RPG', 'Dragons', 'Dark Fantasy', 'Character Customization', 'Hack and Slash', 'Third-Person', 'Magic', 'Exploration', 'JRPG', 'Fantasy', 'Open World', 'Story Rich', 'Atmospheric', 'Difficult', 'Great Soundtrack']",NULL
267,36130,9181,703797,"Warhammer: End Times - Vermintide",2015-10-23,235540,44.99,39500000,2100000,21018,202000,80.017,20,"Action, Indie",Fatshark,Fatshark,AA,"['Action', 'Adventure', 'Indie', 'Singleplayer', 'RPG', 'Multiplayer', 'Gore', 'Action RPG', 'Co-op', 'First-Person', 'Dwarf', 'Online Co-Op', 'Dark Fantasy', 'Hack and Slash', 'Games Workshop', 'Survival', 'FPS', 'Fantasy', 'Atmospheric', 'Horror']",NULL
268,14256,121731,612234,HUMANKIND™,2021-08-17,1124300,49.99,29800000,807000,26894,201000,67.974,32,Strategy,"AMPLITUDE Studios",SEGA,AAA,"['Strategy', 'Simulation', 'Singleplayer', 'Multiplayer', 'Hex Grid', 'Character Customization', 'War', 'Historical', 'Grand Strategy', 'Tactical', 'Turn-Based Strategy', 'Alternate History', 'Building', 'Survival', '4X', 'Turn-Based', 'City Builder', 'Management', 'Open World', 'Great Soundtrack']",NULL
269,66552,196926,673627,"Operation Lovecraft: Fallen Doll",0000-00-00,1685960,0,0,0,0,201000,0,0,"Indie, Simulation, Strategy, Casual, Free to Play","Project Helius","Project Helius",Indie,"['Strategy', 'Casual', 'Multiplayer', 'VR', 'Lovecraftian', 'Online Co-Op', 'Character Customization', 'Third-Person', 'Hentai', 'NSFW', 'Romance', '3D', 'Female Protagonist', 'Space', 'Sci-fi', 'Anime', 'Realistic', 'Mature', 'Sexual Content', 'Nudity']",NULL
270,36433,9730,646419,Firewatch,2016-02-09,383870,19.99,24600000,2000000,88109,200000,90.371,5,"Adventure, Indie","Campo Santo","Campo Santo, Panic","AA, Indie","['Adventure', 'Indie', 'Singleplayer', 'Casual', 'Drama', 'Mystery', 'Short', 'First-Person', 'Thriller', 'Walking Simulator', 'Exploration', 'Open World', 'Comedy', 'Story Rich', 'Funny', 'Atmospheric', 'Great Soundtrack', 'Colorful', 'Horror', 'Mature']",NULL
271,40023,135998,688463,"Warhammer 40,000: Darktide",2022-11-30,1361210,39.99,95900000,3300000,110000,199000,70.509,73,"Action, Adventure, Indie",Fatshark,Fatshark,AA,"['Action', 'Action-Adventure', 'Co-op', 'First-Person', 'Dark', 'Character Customization', 'PvE', 'War', 'Hack and Slash', 'Survival Horror', 'Zombies', 'Combat', 'Class-Based', 'Games Workshop', 'Warhammer 40K', 'FPS', 'Shooter', 'Atmospheric', 'Horror', 'Realistic']",NULL
272,166816,203722,636322,"DAVE THE DIVER",2022-10-27,1868140,19.99,64000000,4400000,124000,199000,97.16,24,"Adventure, Simulation, Casual, RPG","MINT ROCKET","MINT ROCKET",Indie,"['Action', 'Adventure', 'Indie', 'Simulation', 'Singleplayer', 'Casual', 'RPG', 'Underwater', 'Agriculture', 'Crafting', 'Fishing', 'Farming Sim', '2D', 'Pixel Graphics', 'Exploration', 'Roguelite', 'Management', 'Relaxing', 'Story Rich', 'Funny']",NULL
273,35463,15407,674179,"No More Room in Hell",2013-10-31,224260,0,0,9300000,73661,199000,89.902,12,"Action, Indie, Free to Play","No More Room in Hell Team","Lever Games",Indie,"['Action', 'Adventure', 'Indie', 'Free to Play', 'Massively Multiplayer', 'Multiplayer', 'Co-op', 'First-Person', 'Online Co-Op', 'Survival Horror', 'Zombies', 'Post-apocalyptic', 'Mod', 'Survival', 'FPS', 'Shooter', 'Open World', 'Atmospheric', 'Horror', 'Realistic']",NULL
274,39284,82117,705137,"Two Point Hospital",2018-08-30,535930,29.99,23700000,1100000,32979,198000,91.837,21,"Indie, Simulation","Two Point Studios",SEGA,AAA,"['Strategy', 'Indie', 'Simulation', 'Singleplayer', 'Casual', 'Multiplayer', 'Classic', 'Tactical', 'Isometric', 'Medical Sim', 'Cartoony', 'Building', 'City Builder', 'Management', 'Comedy', 'Sandbox', 'Retro', 'Funny', 'Family Friendly', 'Replay Value']",NULL
275,35098,5604,703851,Hive,2014-03-20,251210,9.99,200000,32413,296,1595,84.459,5,"Indie, Strategy, Casual","BlueLine Games","BlueLine Games",Indie,"['Strategy', 'Indie', 'Singleplayer', 'Early Access', 'Casual', 'Multiplayer', 'Tabletop', 'Abstract', 'Hex Grid', 'Logic', 'Board Game', 'Asynchronous Multiplayer', 'Turn-Based Strategy', 'Local Multiplayer', '2D', '3D', 'Female Protagonist', 'Puzzle', 'Turn-Based', 'Family Friendly']",NULL
276,35956,1164,715754,"Tomb Raider",2013-03-04,203160,14.99,110100000,10100000,245000,197000,96.098,14,"Action, Adventure","Crystal Dynamics, Eidos Interactive, Feral Interactive, Nixxes","Feral Interactive",AA,"['Action', 'Adventure', 'Singleplayer', 'RPG', 'Multiplayer', 'Action-Adventure', 'Third-Person Shooter', 'Third-Person', 'Cinematic', '3D Vision', 'Quick-Time Events', 'Reboot', 'Female Protagonist', 'Platformer', 'Puzzle', 'Stealth', 'Shooter', 'Exploration', 'Story Rich', 'Atmospheric']",NULL
277,59402,152257,657929,Wartales,2021-12-01,1527950,34.99,21200000,852000,28390,197000,90.127,54,"Adventure, Indie, Strategy, RPG","Shiro Games","Shiro Games",AA,"['Strategy', 'Adventure', 'Indie', 'Singleplayer', 'RPG', 'Multiplayer', 'Medieval', 'Co-op', 'Turn-Based Combat', 'Party-Based RPG', 'Online Co-Op', 'Turn-Based Strategy', 'Tactical RPG', 'Survival', 'Turn-Based', 'Exploration', 'Open World', 'Story Rich', 'Sandbox', 'Violent']",NULL
278,16245,8222,699994,"DARK SOULS™ II: Scholar of the First Sin",2015-04-01,335300,39.99,96300000,3900000,113000,196000,84.097,63,"Action, RPG",FromSoftware,"Bandai Namco, FromSoftware",AAA,"['Action', 'Adventure', 'Singleplayer', 'RPG', 'Multiplayer', 'Action RPG', 'Medieval', 'Souls-like', 'Co-op', 'Dark', 'Dark Fantasy', 'Character Customization', 'Third-Person', 'Remake', 'Lore-Rich', 'Fantasy', 'Story Rich', 'Atmospheric', 'Difficult', 'PvP']",NULL
279,39271,37001,649774,"Ori and the Will of the Wisps",2020-03-11,1057090,29.99,77100000,4000000,135000,194000,96.576,15,Action,"Moon Studios GmbH","Xbox Game Studios",AAA,"['Action', 'Adventure', 'Indie', 'Singleplayer', 'Action-Adventure', 'Souls-like', 'Beautiful', 'Emotional', 'Metroidvania', '2D', 'Platformer', 'Puzzle', 'Exploration', 'Fantasy', 'Open World', 'Story Rich', 'Atmospheric', 'Difficult', 'Great Soundtrack', 'Cute']",NULL
280,36385,9943,728974,"The Universim",2018-08-28,352720,29.99,4400000,198000,9983,194000,81.028,19,"Indie, Simulation, Strategy",Crytivo,Crytivo,Indie,"['Strategy', 'Simulation', 'Singleplayer', 'Casual', 'Real-Time with Pause', 'Aliens', 'Colony Sim', 'God Game', 'Building', 'Survival', 'Exploration', 'City Builder', 'Resource Management', 'Management', 'Open World', 'Space', 'Sandbox', 'Sci-fi', 'Procedural Generation', 'Colorful']",NULL
281,36997,10233,699817,Brawlhalla,2014-04-30,291550,0,502400000,27000000,382000,192000,81.708,52,"Action, Indie, Free to Play","Blue Mammoth Games",Ubisoft,AAA,"['Action', 'Indie', 'Singleplayer', 'Free to Play', 'Casual', 'Multiplayer', 'Controller', 'Co-op', '4 Player Local', 'Fighting', '2D Fighter', 'Online Co-Op', '2D Platformer', 'Local Multiplayer', 'Local Co-Op', 'eSports', 'Cartoony', 'Platformer', 'Fantasy', 'Family Friendly']",NULL
282,36079,3153,699524,"Castle Crashers",2012-09-26,204360,14.99,89600000,10500000,124000,192000,96.128,10,"Action, Adventure, Indie, Casual, RPG","The Behemoth","The Behemoth",Indie,"['Action', 'Adventure', 'Singleplayer', 'Casual', 'RPG', 'Multiplayer', "Beat 'em up", 'Medieval', 'Co-op', '4 Player Local', 'Online Co-Op', 'Hack and Slash', 'Local Multiplayer', 'Local Co-Op', '2D', 'Cartoony', 'Arcade', 'Comedy', 'Funny', 'Cute']",NULL
283,24776,54842,647428,BIOMUTANT,2021-05-25,597820,39.99,20400000,579000,19285,192000,66.082,13,"Action, RPG","Experiment 101","THQ Nordic",AA,"['Action', 'Adventure', 'Indie', 'Singleplayer', 'RPG', 'Multiplayer', 'Action RPG', 'Souls-like', 'Character Customization', 'Hack and Slash', 'Third-Person', 'Post-apocalyptic', 'Martial Arts', 'Exploration', 'Fantasy', 'Open World', 'Story Rich', 'Sci-fi', 'Atmospheric', 'Cute']",NULL
284,36960,11157,712253,HITMAN™,2016-03-11,236870,0,10900000,2300000,37185,192000,83.257,14,Action,"Feral Interactive, Io-Interactive A/S","Feral Interactive, Io-Interactive A/S","AA, Indie","['Strategy', 'Action', 'Adventure', 'Singleplayer', 'Assassin', 'Third-Person Shooter', 'Illuminati', 'Third-Person', 'Crime', 'Tactical', 'Episodic', 'Heist', 'Stealth', 'Shooter', 'Open World', 'Story Rich', 'Sandbox', 'Atmospheric', 'Great Soundtrack', 'Nudity']",NULL
285,36258,7603,704553,"Hellblade: Senua's Sacrifice",2017-08-08,414340,29.99,31400000,1600000,72748,191000,90.17,8,"Action, Adventure, Indie","Ninja Theory","Ninja Theory",Indie,"['Action', 'Adventure', 'Indie', 'Singleplayer', 'Action-Adventure', 'Dark', 'Dark Fantasy', 'Hack and Slash', 'Third-Person', 'Walking Simulator', 'Blood', 'Psychological', 'Mythology', 'Female Protagonist', 'Fantasy', 'Story Rich', 'Atmospheric', 'Violent', 'Horror', 'Realistic']",NULL
286,38515,228456,654859,"Dwarf Fortress",2022-12-06,975370,29.99,19700000,839000,27960,191000,94.968,34,"Indie, Simulation, Strategy","Bay 12 Games","Kitfox Games",Indie,"['Strategy', 'Simulation', 'Economy', 'Colony Sim', 'Dwarf', 'Moddable', 'Crafting', 'Building', 'Survival', 'Roguelike', 'Exploration', 'City Builder', 'Base Building', 'Resource Management', 'Management', 'Fantasy', 'Open World', 'Sandbox', 'Difficult', 'Procedural Generation']",NULL
287,39309,34939,712865,Eco,2018-02-06,382310,29.99,7400000,327000,13039,191000,81.272,77,"Indie, Simulation, Early Access","Strange Loop Games","Strange Loop Games",Indie,"['Simulation', 'Singleplayer', 'Multiplayer', 'Economy', 'Nature', 'Stylized', 'Immersive Sim', 'Education', 'Crafting', 'Science', 'Transportation', 'Trading', 'Political Sim', 'Open World Survival Craft', 'Building', 'Survival', 'Base Building', 'Resource Management', 'Open World', 'Sandbox']",NULL
288,36119,2950,728471,"Age of Empires II (2013)",2013-04-09,221380,19.99,96300000,8200000,101000,189000,95.774,48,Strategy,"Ensemble Studios, Forgotten Empires, Hidden Path Entertainment, SkyBox Labs","Xbox Game Studios",AAA,"['Strategy', 'Action', 'Adventure', 'Singleplayer', 'Multiplayer', 'Competitive', 'Classic', 'Medieval', 'Co-op', 'Historical', 'Remake', 'Tactical', 'Real-Time', 'Isometric', '2D', 'RTS', 'City Builder', 'Base Building', 'Resource Management', 'Replay Value']",NULL
289,38907,97293,729756,Foxhole,2017-07-27,505460,29.99,20700000,1200000,42305,189000,83.52,61,"Action, Indie, Strategy, RPG, MMO","Siege Camp","Siege Camp",Indie,"['Strategy', 'Action', 'RPG', 'Massively Multiplayer', 'Multiplayer', 'Top-Down Shooter', 'Co-op', 'War', 'Military', 'Crafting', 'World War II', 'Wargame', 'Tactical', 'Team-Based', 'Top-Down', 'Shooter', 'Base Building', 'Open World', 'Sandbox', 'PvP']",NULL
290,169569,138949,636045,"Marvel’s Spider-Man Remastered",2022-08-12,1817070,59.99,120400000,2700000,109000,188000,95.883,29,"Action, Adventure, Casual","Insomniac Games, Nixxes software","PlayStation Publishing LLC",AAA,"['Action', 'Adventure', 'Singleplayer', 'Multiplayer', 'Controller', 'Action-Adventure', 'Third-Person', 'Beautiful', 'Comic Book', 'Parkour', 'Superhero', 'Combat', 'Stealth', 'Exploration', 'Open World', 'Story Rich', 'Sci-fi', 'Funny', 'Atmospheric', 'Great Soundtrack']",NULL
291,51888,19561,718242,"Days Gone",2021-05-18,1259420,49.99,108500000,3400000,99684,188000,92.916,31,"Action, Adventure","Bend Studio","PlayStation Publishing LLC",AAA,"['Action', 'Adventure', 'Singleplayer', 'Multiplayer', 'Action-Adventure', 'Gore', 'Third-Person Shooter', 'Crafting', 'Third-Person', 'Survival Horror', 'Zombies', 'Cinematic', 'Post-apocalyptic', 'Open World Survival Craft', 'Motorbike', 'Survival', 'Open World', 'Story Rich', 'Violent', 'Horror']",NULL
292,51888,19561,718242,"Days Gone",2021-05-18,1259420,49.99,108500000,3400000,99684,188000,92.916,31,"Action, Adventure","Bend Studio","PlayStation Publishing LLC",AAA,"['Action', 'Adventure', 'Singleplayer', 'Multiplayer', 'Action-Adventure', 'Gore', 'Third-Person Shooter', 'Crafting', 'Third-Person', 'Survival Horror', 'Zombies', 'Cinematic', 'Post-apocalyptic', 'Open World Survival Craft', 'Motorbike', 'Survival', 'Open World', 'Story Rich', 'Violent', 'Horror']",NULL
293,54978,2025,699486,"Mount & Blade: Warband",2010-03-31,48700,19.99,78600000,6500000,165000,187000,97.735,104,"Action, RPG","TaleWorlds Entertainment","TaleWorlds Entertainment",AA,"['Strategy', 'Action', 'Adventure', 'Indie', 'Simulation', 'Singleplayer', 'RPG', 'Multiplayer', 'Medieval', 'First-Person', 'Moddable', 'Historical', 'Military', 'Hack and Slash', 'Third-Person', 'Horses', 'Fantasy', 'Open World', 'Sandbox', 'Realistic']",NULL
294,32606,9174,700488,"Little Nightmares",2017-04-27,424840,19.99,26400000,2100000,109000,187000,94.793,6,Adventure,"Tarsier Studios","Bandai Namco",AAA,"['Strategy', 'Action', 'Adventure', 'Indie', 'Singleplayer', '2.5D', 'Puzzle Platformer', 'Psychological Horror', 'Short', 'Dark', 'Third-Person', 'Survival Horror', 'Female Protagonist', 'Platformer', 'Puzzle', 'Stealth', 'Story Rich', 'Atmospheric', 'Great Soundtrack', 'Horror']",NULL
295,36001,866,715619,"Sid Meier's Civilization V",2010-09-21,8930,29.99,279800000,15600000,203000,186000,95.807,128,Strategy,"Aspyr, Firaxis Games","2K, Aspyr","AA, AAA","['Strategy', 'Simulation', 'Singleplayer', 'Multiplayer', 'Addictive', 'Economy', 'Classic', 'Co-op', 'Hex Grid', 'Moddable', 'Historical', 'Grand Strategy', 'Tactical', 'Turn-Based Strategy', 'Touch-Friendly', 'Diplomacy', '4X', 'Turn-Based', 'Great Soundtrack', 'Replay Value']",NULL
296,37182,0,698336,"Black Desert",2017-05-24,582660,9.99,29400000,4700000,85662,186000,74.262,132,"Action, Adventure, Simulation, Strategy, RPG, MMO","Pearl Abyss",,,"['Strategy', 'Action', 'Adventure', 'Simulation', 'RPG', 'Massively Multiplayer', 'Multiplayer', 'Medieval', 'MMORPG', 'Character Customization', 'War', 'Crafting', 'Magic', 'Combat', 'Cooking', '3D', 'Fantasy', 'Open World', 'Atmospheric', 'PvP']",NULL
297,57840,55163,670980,"Resident Evil Village",2021-05-07,1196590,39.99,141100000,3500000,117000,185000,95.635,22,Action,Capcom,Capcom,AAA,"['Action', 'Adventure', 'Singleplayer', 'Multiplayer', 'VR', 'Gore', 'Psychological Horror', 'First-Person', 'Dark', 'Survival Horror', 'Zombies', 'Survival', 'FPS', 'Open World', 'Story Rich', 'Atmospheric', 'Violent', 'Horror', 'Sexual Content', 'Nudity']",NULL
298,36190,11492,646295,"Mafia III: Definitive Edition",2016-10-26,360430,29.99,48700000,1500000,54724,185000,57.478,24,"Action, Adventure","Aspyr, Hangar 13","2K, Aspyr","AA, AAA","['Action', 'Adventure', 'Singleplayer', 'Multiplayer', 'Classic', 'Gore', 'Third-Person Shooter', 'Third-Person', 'Crime', 'FPS', 'Stealth', 'Shooter', 'Open World', 'Story Rich', 'Sandbox', 'Atmospheric', 'Great Soundtrack', 'Violent', 'Mature', 'Nudity']",NULL
299,37245,72373,699617,"Getting Over It with Bennett Foddy",2017-12-06,240720,7.99,15500000,2700000,75873,185000,82.388,8,Action,"Bennett Foddy","Bennett Foddy",Indie,"['Strategy', 'Action', 'Adventure', 'Indie', 'Singleplayer', 'Casual', 'Dark Humor', 'Psychological Horror', 'Third-Person', 'Survival Horror', 'Philosophical', 'Platformer', 'Physics', 'Comedy', 'Story Rich', 'Funny', 'Difficult', 'Great Soundtrack', 'Horror', 'Replay Value']",NULL
300,4740084,279051,629104,inZOI,0000-00-00,2456740,0,0,0,0,185000,0,0,"Adventure, Simulation, Casual","inZOI Studio","KRAFTON, Inc.",AA,"['Adventure', 'Simulation', 'Singleplayer', 'Casual', 'Immersive Sim', 'Moddable', 'Character Customization', 'Dating Sim', 'Cats', 'Modern', 'Life Sim', 'Romance', 'Building', 'City Builder', 'Relaxing', 'Sandbox', 'Funny', 'Cute', 'Family Friendly', 'Realistic']",NULL
301,36555,5503,682695,"Batman™: Arkham Knight",2015-06-23,208650,19.99,62300000,3100000,137000,184000,88.451,23,"Action, Adventure","Rocksteady Studios","WB Games",AA,"['Strategy', 'Action', 'Adventure', 'Singleplayer', "Beat 'em up", 'Fighting', 'Dark', 'Third-Person', 'Detective', 'Epic', 'Comic Book', 'Superhero', 'Puzzle', 'Stealth', 'Open World', 'Story Rich', 'Sandbox', 'Atmospheric', 'Horror', 'Mature']",NULL
302,36271,19449,697705,"DRAGON BALL XENOVERSE 2",2016-10-27,454650,19.99,38900000,1300000,52203,184000,90.389,45,"Action, Adventure, Casual, MMO","DIMPS, QLOC","Bandai Namco",AAA,"['Action', 'Adventure', 'Singleplayer', 'Casual', 'RPG', 'Massively Multiplayer', 'Multiplayer', "Beat 'em up", 'Co-op', 'Fighting', 'Dragons', 'Moddable', 'MMORPG', 'Online Co-Op', 'Character Customization', 'Third-Person', 'Open World', 'Story Rich', 'Anime', 'Great Soundtrack']",NULL
303,967342,27270,718323,"PAYDAY 3",2023-09-21,1272080,29.99,35200000,1200000,57669,184000,43.061,28,"Action, Adventure, RPG","Starbreeze Studios","Deep Silver",AA,"['Action', 'RPG', 'Multiplayer', 'Dark Humor', 'Gun Customization', 'Co-op', 'First-Person', 'Online Co-Op', 'PvE', 'Crime', 'Tactical', 'America', 'Combat', 'Heist', '3D', 'FPS', 'Stealth', 'Shooter', "Shoot 'Em Up", 'Realistic']",NULL
304,39863,105049,647521,"Remnant: From the Ashes",2019-08-20,617290,39.99,28800000,1000000,52279,184000,84.719,27,"Action, Adventure, RPG","Gunfire Games","Arc Games",Indie,"['Action', 'Adventure', 'Singleplayer', 'RPG', 'Multiplayer', 'Lovecraftian', 'Souls-like', 'Co-op', 'Third-Person Shooter', 'Online Co-Op', 'Dark Fantasy', 'Post-apocalyptic', 'Survival', 'Shooter', 'Atmospheric', 'Difficult', 'Procedural Generation', 'Violent', 'Horror', 'Replay Value']",NULL
305,11816,43165,684701,"My Time at Portia",2018-01-23,666140,29.99,16700000,910000,43034,184000,91.718,36,"Adventure, Indie, Simulation, Casual, RPG","Pathea Games","Focus Entertainment",AA,"['Adventure', 'Indie', 'Simulation', 'Singleplayer', 'Casual', 'RPG', 'Agriculture', 'Crafting', 'Post-apocalyptic', 'Life Sim', 'Mining', 'Farming Sim', 'Cartoony', 'Female Protagonist', 'Building', 'Survival', 'Exploration', 'Relaxing', 'Open World', 'Sandbox']",NULL
306,37478,18148,700485,"Wolcen: Lords of Mayhem",2016-03-24,424370,29.99,59000000,2000000,67632,183000,55.9,35,"Action, Adventure, Indie, RPG","WOLCEN Studio","WOLCEN Studio",AA,"['Action', 'Adventure', 'Indie', 'Singleplayer', 'RPG', 'Multiplayer', 'Controller', 'Action RPG', 'Medieval', 'Co-op', 'Dungeon Crawler', 'Online Co-Op', 'Loot', 'Dark Fantasy', 'Character Customization', 'Hack and Slash', 'Isometric', 'Top-Down', 'Fantasy', 'Difficult']",NULL
307,2227788,250509,632413,"ARK: Survival Ascended",2023-10-26,2399830,44.99,70900000,2200000,71878,182000,58.99,157,"Action, Adventure, Indie, Early Access, RPG, MMO","Grove Street Games, Instinct Games, Studio Wildcard","Snail Games USA, Studio Wildcard","AA, Indie","['Action', 'Adventure', 'Singleplayer', 'Inventory Management', 'RPG', 'Massively Multiplayer', 'Multiplayer', 'Moddable', 'Character Customization', 'PvE', 'Crafting', 'Dinosaurs', 'Building', 'Survival', 'Base Building', 'Fantasy', 'Open World', 'Sandbox', 'Sci-fi', 'PvP']",NULL
308,17635,17155,682899,"ACE - Arena: Cyber Evolution",2014-03-24,285580,0,0,63795,1062,3852,66.29,1,"Action, Indie, Strategy, Free to Play, Early Access, Sports","Spearhead Games","Spearhead Games",Indie,"['Strategy', 'Action', 'Indie', 'Free to Play', 'Early Access', 'Massively Multiplayer', 'Multiplayer', 'Robots', 'Sports', 'Co-op', 'MOBA', 'Hockey', 'Open World', 'Football (Soccer)', 'Football (American)']",NULL
309,16885,11221,666426,"The Solus Project",2016-02-18,313630,19.99,2300000,165000,2591,181000,79.931,5,"Adventure, Indie, Simulation","Grip Games, Hourences","Teotl Studios",Indie,"['Adventure', 'Indie', 'Simulation', 'Singleplayer', 'VR', 'Psychological Horror', 'Mystery', 'First-Person', 'Crafting', 'Survival Horror', 'Walking Simulator', 'Survival', 'Exploration', 'Open World', 'Story Rich', 'Space', 'Sandbox', 'Sci-fi', 'Atmospheric', 'Horror']",NULL
310,36195,8263,646343,"Assassin's Creed Syndicate",2015-11-19,368500,29.99,30000000,1200000,29103,179000,80.122,27,"Action, Adventure",Ubisoft,Ubisoft,AAA,"['Strategy', 'Action', 'Adventure', 'Singleplayer', 'RPG', 'Multiplayer', 'Assassin', 'Gore', 'Co-op', 'Historical', 'Third-Person', 'Parkour', 'Steampunk', 'Female Protagonist', 'Stealth', 'Open World', 'Story Rich', 'Funny', 'Atmospheric', 'Great Soundtrack']",NULL
311,3481295,298915,660777,"Arena Breakout: Infinite",0000-00-00,2073620,0,0,0,0,179000,0,0,"Action, Adventure, Strategy, Free to Play, RPG","Morefun Studios","Morefun Studios",Indie,"['Action', 'Adventure', 'Free to Play', 'Multiplayer', 'Gun Customization', 'First-Person', 'MOBA', 'War', 'Tactical', 'Tactical RPG', 'Noir', 'Sniper', 'Heist', '3D', 'Survival', 'FPS', 'Shooter', 'Resource Management', 'Realistic', 'Extraction Shooter']",NULL
312,36482,7386,699678,"The Talos Principle",2014-12-11,257510,29.99,31800000,1400000,31542,178000,95.412,13,"Action, Adventure, Indie",Croteam,"Croteam, Devolver Digital","AA, Indie","['Action', 'Adventure', 'Indie', 'Simulation', 'Singleplayer', 'Robots', 'Mystery', 'First-Person', 'Artificial Intelligence', 'Philosophical', 'Science', 'Post-apocalyptic', 'Puzzle', 'Exploration', 'Story Rich', 'Sci-fi', 'Atmospheric', 'Difficult', 'Great Soundtrack', 'Multiple Endings']",NULL
313,166873,185249,640571,Nightingale,2024-02-20,1928980,29.99,10400000,474000,15799,178000,67.644,24,"Action, Adventure, Early Access, RPG","Inflexion Games","Inflexion Games",Indie,"['Action', 'Adventure', 'Singleplayer', 'RPG', 'Multiplayer', 'Co-op', 'First-Person', 'Online Co-Op', 'PvE', 'Crafting', 'Open World Survival Craft', 'Building', 'Survival', 'Exploration', 'Base Building', 'Fantasy', 'Open World', 'Procedural Generation', 'Horror', 'Realistic']",NULL
314,2557139,279634,625622,"DRAGON BALL: Sparking! ZERO",2024-10-10,1790600,69.99,106900000,1900000,63623,177000,90.197,25,Action,"Spike Chunsoft Co., Ltd.","Bandai Namco",AAA,"['Action', 'Singleplayer', 'Multiplayer', 'Competitive', '2.5D', 'Action-Adventure', 'Co-op', 'Fighting', 'PvE', 'Third-Person', 'Local Multiplayer', 'Spectacle fighter', 'Martial Arts', '3D Fighter', 'Combat', '3D', 'Physics', 'Open World', 'Anime', 'PvP']",NULL
315,37097,7393,729449,"World of Tanks Blitz",2016-11-09,444200,0,0,3800000,147000,176000,78.703,101,"Action, Simulation, Strategy, Free to Play, MMO"," Wargaming Group Limited"," Wargaming Group Limited",Indie,"['Strategy', 'Action', 'Singleplayer', 'Free to Play', 'Massively Multiplayer', 'Multiplayer', 'Competitive', 'Tanks', 'Online Co-Op', 'War', 'Military', 'World War II', 'Team-Based', 'Real Time Tactics', '3D Platformer', 'Vehicular Combat', 'FPS', 'Shooter', 'PvP', 'Realistic']",NULL
316,37265,52006,725557,Noita,2019-09-24,881100,19.99,30500000,2300000,76242,175000,95.215,27,"Action, Adventure, Indie, Simulation, RPG","Nolla Games","Nolla Games",Indie,"['Action', 'Indie', 'RPG', 'Action-Adventure', 'Dark Humor', 'Gun Customization', 'Perma Death', 'Dungeon Crawler', 'Crafting', 'Action Roguelike', '2D Platformer', 'Mythology', '2D', 'Pixel Graphics', 'Roguelike', 'Roguelite', 'Physics', 'Open World', 'Sandbox', 'Difficult']",NULL
317,34628,16915,682847,Montas,2014-03-24,269350,9.99,67449,9621,169,518,37.278,0,"Adventure, Indie, Early Access","Organic Humans","Organic Humans",Indie,"['Adventure', 'Indie', 'Early Access', 'VR', 'First-Person', 'Survival', 'Exploration', 'Horror']",NULL
318,46374,113114,698315,"The Outer Worlds",2020-10-23,578650,29.99,24100000,775000,25818,175000,83.504,21,RPG,"Obsidian Entertainment","Private Division",Indie,"['Action', 'Adventure', 'Singleplayer', 'RPG', 'Choices Matter', 'Action-Adventure', 'Action RPG', 'First-Person', 'Character Customization', 'PvE', 'FPS', 'Shooter', 'Exploration', 'Open World', 'Comedy', 'Story Rich', 'Space', 'Sci-fi', 'Funny', 'Colorful']",NULL
319,39723,27729,698582,MORDHAU,2019-04-29,629760,29.99,46300000,2300000,112000,174000,80.349,60,"Action, Indie",Triternion,Triternion,AA,"['Action', 'Indie', 'Multiplayer', 'Competitive', 'Gore', 'Medieval', 'Fighting', 'First-Person', 'Online Co-Op', 'Character Customization', 'PvE', 'Historical', 'Hack and Slash', 'Third-Person', 'Team-Based', 'Swordplay', 'Survival', 'FPS', 'PvP', 'Realistic']",NULL
320,46634,127165,613205,"The Outlast Trials",2023-05-18,1304930,39.99,44700000,1900000,63333,174000,93.487,22,"Action, Adventure, Indie","Red Barrels","Red Barrels",AA,"['Action', 'Adventure', 'Multiplayer', 'Action-Adventure', 'Dark Humor', 'Psychological Horror', 'Co-op', 'First-Person', 'Dark', 'Character Customization', 'PvE', 'Survival Horror', 'Science', 'Alternate History', 'Survival', 'Stealth', 'Management', 'Atmospheric', 'Horror', 'Realistic']",NULL
321,32898,14390,646586,"Outlast 2",2017-04-25,414700,29.99,26000000,1300000,54523,174000,91.323,8,"Action, Adventure, Indie","Red Barrels","Red Barrels",AA,"['Action', 'Adventure', 'Indie', 'Singleplayer', 'Multiplayer', 'Gore', 'Psychological Horror', 'First-Person', 'Dark', 'Survival Horror', 'Parkour', 'Survival', 'FPS', 'Story Rich', 'Atmospheric', 'Violent', 'Horror', 'Mature', 'Sexual Content', 'Nudity']",NULL
322,61860,164290,638826,"Frostpunk 2",2024-09-20,1601580,44.99,32700000,943000,20112,173000,76.884,13,"Simulation, Strategy","11 bit studios","11 bit studios",AA,"['Strategy', 'Simulation', 'Singleplayer', 'Choices Matter', 'Colony Sim', 'Post-apocalyptic', 'Politics', 'Political Sim', 'Sequel', 'Snow', 'Steampunk', 'Survival', '4X', 'City Builder', 'Base Building', 'Resource Management', 'Management', 'Atmospheric', 'Great Soundtrack', 'Violent']",NULL
323,39952,102868,711296,"World War 3",2018-10-19,674020,0,17300000,1600000,54385,173000,54.168,10,"Action, Free to Play",,"The 4 Winds Entertainment, Wishlist Games",Indie,"['Action', 'Free to Play', 'Multiplayer', 'Gun Customization', 'First-Person', 'Online Co-Op', 'Character Customization', 'War', 'Military', 'Tactical', 'Modern', 'Team-Based', 'Combat', 'Vehicular Combat', 'FPS', 'Shooter', 'Physics', 'Atmospheric', 'PvP', 'Realistic']",NULL
324,39509,116530,667518,"Vampire: The Masquerade - Bloodlines 2",0000-00-00,532790,0,0,0,0,173000,0,0,"Action, RPG","The Chinese Room","Paradox Interactive",AA,"['Action', 'Adventure', 'Singleplayer', 'RPG', 'Choices Matter', 'Gore', 'First-Person', 'Dark', 'LGBTQ+', 'Dark Fantasy', 'Blood', 'Vampire', 'Stealth', 'Open World', 'Story Rich', 'Atmospheric', 'Great Soundtrack', 'Violent', 'Horror', 'Nudity']",NULL
325,2557099,279526,678114,"Mecha BREAK",0000-00-00,2452280,0,0,0,0,173000,0,0,"Action, MMO","Amazing Seasun Games","Amazing Seasun Games",Indie,"['Action', 'Multiplayer', 'Robots', 'Controller', 'Mechs', 'Third-Person Shooter', 'MOBA', 'Character Customization', 'War', 'Military', 'Third-Person', 'Battle Royale', 'Team-Based', '6DOF', 'Combat', 'Hero Shooter', '3D', 'Shooter', 'Sci-fi', 'PvP']",NULL
326,36214,7342,704044,INSIDE,2016-07-07,304430,19.99,18800000,1500000,66067,172000,96.902,5,"Action, Adventure, Indie",Playdead,Playdead,AA,"['Action', 'Adventure', 'Indie', 'Singleplayer', '2.5D', 'Controller', 'Action-Adventure', 'Puzzle Platformer', 'Dark', 'Cinematic', '2D Platformer', 'Narrative', 'Ambient', 'Platformer', 'Puzzle', 'Story Rich', 'Minimalist', 'Atmospheric', 'Horror', 'Multiple Endings']",NULL
327,62226,158813,612611,"SUPER PEOPLE 2",2022-10-09,1190340,0,0,493000,16399,172000,55.955,15,"Action, Casual, Free to Play, Early Access, MMO","Wonder People","Wonder Games",Indie,"['Action', 'Casual', 'Massively Multiplayer', 'Multiplayer', 'Gun Customization', 'Action RPG', 'First-Person', 'Third-Person Shooter', 'War', 'Third-Person', 'Wargame', 'Tactical', 'Battle Royale', 'Combat', 'Survival', 'FPS', 'Shooter', 'Fast-Paced', 'PvP', 'Realistic']",NULL
328,3022025,153700,723265,"Ghost of Tsushima DIRECTOR'S CUT",2024-05-16,2215430,59.99,94700000,2000000,58412,171000,93.643,37,"Action, Adventure","Nixxes software, Sucker Punch Productions","PlayStation Publishing LLC",AAA,"['Action', 'Adventure', 'Singleplayer', 'Multiplayer', 'Ninja', 'Action-Adventure', 'Gore', 'Action RPG', 'Souls-like', 'Co-op', 'Online Co-Op', 'Historical', 'Third-Person', 'Combat', 'Stealth', 'Exploration', 'Open World', 'Story Rich', 'Atmospheric', 'Violent']",NULL
329,54342,25532,703590,"Fallout: New Vegas",2010-10-19,22380,9.99,74000000,11700000,224000,171000,96.096,59,"Action, RPG","Obsidian Entertainment","Bethesda Softworks",AAA,"['Action', 'Adventure', 'Singleplayer', 'RPG', 'Action RPG', 'First-Person', 'Moddable', 'Character Customization', 'Third-Person', 'Post-apocalyptic', 'Western', 'Survival', 'FPS', 'Shooter', 'Exploration', 'Open World', 'Story Rich', 'Sandbox', 'Sci-fi', 'Atmospheric']",NULL
330,36397,11550,709951,"ENDLESS™ Space 2",2016-10-06,392110,39.99,39100000,1600000,22027,171000,83.511,34,Strategy,"AMPLITUDE Studios",SEGA,AAA,"['Strategy', 'Action', 'Indie', 'Singleplayer', 'RPG', 'Multiplayer', 'Co-op', 'Moddable', 'War', 'Grand Strategy', 'Turn-Based Strategy', '4X', 'RTS', 'Turn-Based', 'Open World', 'Space', 'Sandbox', 'Sci-fi', 'Atmospheric', 'Great Soundtrack']",NULL
331,39585,28168,668244,"CODE VEIN",2019-09-26,678960,59.99,81700000,2000000,56539,170000,84.531,23,"Action, RPG","Bandai Namco","Bandai Namco",AAA,"['Action', 'Adventure', 'Singleplayer', 'RPG', 'Multiplayer', 'Gore', 'Action RPG', 'Souls-like', 'Co-op', 'Online Co-Op', 'Dark Fantasy', 'Character Customization', 'Hack and Slash', 'Third-Person', 'Post-apocalyptic', 'Vampire', 'JRPG', 'Anime', 'Difficult', 'Violent']",NULL
332,36599,19085,646597,"Shadow Tactics: Blades of the Shogun",2016-12-06,418240,39.99,26200000,1100000,36929,170000,96.06,16,"Indie, Strategy","Mimimi Games","Daedalic Entertainment ",Indie,"['Strategy', 'Action', 'Adventure', 'Indie', 'Singleplayer', 'Ninja', 'Assassin', 'Historical', 'Third-Person', 'Tactical', 'Real Time Tactics', 'Isometric', 'Survival', 'Puzzle', 'RTS', 'Stealth', 'Atmospheric', 'Difficult', 'Great Soundtrack', 'Violent']",NULL
333,39949,27792,724099,"PC Building Simulator",2018-03-27,621060,19.99,14500000,1100000,51322,170000,93.677,17,"Indie, Simulation","Claudiu Kiss, The Irregular Corporation","The Irregular Corporation",Indie,"['Indie', 'Simulation', 'Singleplayer', 'Inventory Management', 'Casual', 'Immersive Sim', 'Education', 'First-Person', 'Modern', 'Life Sim', 'Hardware', '3D', 'Building', 'Puzzle', 'Management', 'Relaxing', 'Sandbox', 'Funny', 'Atmospheric', 'Realistic']",NULL
334,17848,17067,703940,TUG,2014-03-28,277930,0,275000,55951,988,18603,33.603,4,"Adventure, Indie, Early Access, RPG","Nerd Kingdom Inc.","Nerd Kingdom Inc.",Indie,"['Adventure', 'Indie', 'Singleplayer', 'Early Access', 'RPG', 'Multiplayer', 'Crafting', 'Voxel', 'Open World Survival Craft', 'Building', 'Survival', 'Open World', 'Sandbox']",NULL
335,39155,24515,704820,Deceit,2016-10-07,466240,0,4200000,9500000,93053,170000,79.147,21,"Action, Indie, Free to Play","World Makers","World Makers",Indie,"['Strategy', 'Action', 'Free to Play', 'Multiplayer', 'Choices Matter', 'Psychological Horror', 'Mystery', 'Co-op', 'First-Person', 'Survival Horror', 'Zombies', 'Psychological', 'Social Deduction', 'Survival', 'FPS', 'Shooter', 'Funny', 'Atmospheric', 'Horror', 'PvP']",NULL
336,53942,731,645574,"Grand Theft Auto IV: The Complete Edition",2008-12-02,12210,19.99,89800000,7200000,171000,169000,82.322,30,"Action, Adventure","Rockstar Games","Rockstar Games",AAA,"['Action', 'Adventure', 'Singleplayer', 'Multiplayer', 'Automobile Sim', 'Dark Humor', 'Classic', 'Gore', 'Co-op', 'Third-Person Shooter', 'Moddable', 'Third-Person', 'Crime', 'Satire', 'Shooter', 'Physics', 'Open World', 'Sandbox', 'Funny', 'Atmospheric']",NULL
337,38939,28856,684591,"The Crew 2",2018-06-29,646910,29.99,38500000,1300000,92340,169000,77.397,27,"Action, Racing, MMO","Ivory Tower",Ubisoft,AAA,"['Action', 'Adventure', 'Simulation', 'Singleplayer', 'Massively Multiplayer', 'Multiplayer', 'Sports', 'Automobile Sim', 'Racing', 'Driving', 'Co-op', 'Flight', 'First-Person', 'Online Co-Op', 'Third-Person', 'America', 'Arcade', 'Open World', 'Sandbox', 'Atmospheric']",NULL
338,36187,1902,712986,"Dirty Bomb",2015-06-02,333930,0,27500000,6700000,57280,169000,81.297,18,"Action, Free to Play","Splash Damage","Warchest Ltd.",Indie,"['Action', 'Singleplayer', 'Free to Play', 'Massively Multiplayer', 'Multiplayer', 'Competitive', 'Controller', 'Gore', 'Co-op', 'First-Person', 'Post-apocalyptic', 'Parkour', 'Team-Based', 'Hero Shooter', 'Class-Based', 'FPS', 'Shooter', 'Open World', 'Fast-Paced', 'PvP']",NULL
339,32901,10403,729311,"RAID: World War II",2017-09-26,414740,9.99,1300000,71936,2635,169000,62.467,18,"Action, Adventure, RPG","Lion game Lion","Starbreeze Entertainment",Indie,"['Action', 'Adventure', 'Singleplayer', 'RPG', 'Multiplayer', 'Gore', 'Memes', 'Co-op', 'First-Person', 'Online Co-Op', 'War', 'World War II', 'Heist', 'FPS', 'Stealth', 'Shooter', 'Comedy', 'Atmospheric', 'Great Soundtrack', 'Violent']",NULL
340,58513,148372,705105,"Victoria 3",2022-10-25,529340,49.99,56000000,1500000,51013,168000,66.389,116,"Simulation, Strategy","Paradox Development Studio","Paradox Interactive",AA,"['Strategy', 'Simulation', 'Singleplayer', 'Multiplayer', 'Real-Time with Pause', 'Economy', 'Capitalism', 'Moddable', 'Historical', 'Military', 'Grand Strategy', 'Political', 'Alternate History', 'Politics', 'Political Sim', 'Diplomacy', 'Resource Management', 'Management', 'Sandbox', 'Replay Value']",NULL
341,39665,8036,728532,Verdun,2013-09-20,242860,19.99,22800000,1500000,37234,168000,86.12,14,"Action, Indie, Simulation, Strategy, MMO","Blackmill Games",,,"['Strategy', 'Action', 'Simulation', 'Massively Multiplayer', 'Multiplayer', 'Gore', 'Co-op', 'First-Person', 'War', 'Historical', 'Military', 'Wargame', 'Tactical', 'Team-Based', 'World War I', 'FPS', 'Shooter', 'Atmospheric', 'PvP', 'Realistic']",NULL
342,35227,16566,645796,Centration,2014-04-04,243300,0,47513,4560,74,504,18.919,0,"Simulation, Early Access",Angry.Engineers,Angry.Engineers,Indie,"['Simulation', 'Early Access', 'Space', 'Sci-fi']",NULL
343,34639,16927,682848,"The Golf Club",2014-04-17,269730,0,1300000,57153,1116,2146,63.978,27,"Simulation, Sports","HB Studios","HB Studios",Indie,"['Simulation', 'Singleplayer', 'Early Access', 'Multiplayer', 'Sports', 'Level Editor', 'Golf', 'Procedural Generation']",NULL
344,883693,228516,627706,"Tiny Glade",2024-09-23,2198150,14.99,6300000,563000,18761,167000,97.692,3,"Indie, Simulation, Casual","Pounce Light","Pounce Light",Indie,"['Indie', 'Simulation', 'Singleplayer', 'Casual', 'Experimental', 'Nature', 'Stylized', 'Medieval', 'First-Person', 'Design & Illustration', 'Top-Down', 'Building', 'Relaxing', 'Sandbox', 'Atmospheric', 'Procedural Generation', 'Cute', 'Family Friendly', 'Colorful', 'Cozy']",NULL
345,38955,112916,726052,"Mortal Kombat 11",2019-04-23,976310,49.99,68000000,2000000,104000,166000,88.13,23,Action,"NetherRealm Studios, QLOC, Shiver","Warner Bros. Games, Warner Bros. Interactive Entertainment",AAA,"['Action', 'Singleplayer', 'Multiplayer', 'Competitive', '2.5D', 'Gore', 'Fighting', '2D Fighter', 'Character Customization', 'Blood', 'Local Multiplayer', 'Arcade', 'Story Rich', 'Atmospheric', 'Great Soundtrack', 'Violent', 'Cute', 'Horror', 'Mature', 'Sexual Content']",NULL
346,36279,14758,710456,"ACE COMBAT™7: SKIES UNKNOWN",2019-01-31,502500,59.99,33200000,893000,47085,165000,87.51,17,"Action, Simulation","Bandai Namco","Bandai Namco",AAA,"['Action', 'Simulation', 'Singleplayer', 'Multiplayer', 'Silent Protagonist', 'Flight', 'First-Person', 'War', 'Military', 'Third-Person', 'Cinematic', 'Jet', '3D', 'Arcade', 'Shooter', 'Story Rich', 'Sci-fi', 'Great Soundtrack', 'PvP', 'Realistic']",NULL
347,17508,0,728697,"Earth: Year 2066",2014-04-17,290750,0,0,720,12,43,33.333,0,"Action, Adventure, Indie, Early Access","Killing Day Studios","Killing Day Studios",Indie,"['Action', 'Adventure', 'Indie', 'Early Access', 'Walking Simulator', 'Post-apocalyptic', 'Survival', 'FPS', 'Horror']",NULL
348,34764,0,715919,"Children of Liberty",2014-04-18,264440,9.99,6254,842,22,143,13.636,0,"Action, Indie, Early Access","Lantana Games","Lantana Games",Indie,"['Action', 'Indie', 'Early Access', 'Stealth']",NULL
349,47511,115115,701677,"Resident Evil 3",2020-04-03,952060,39.99,48700000,2700000,89174,164000,81.529,11,Action,Capcom,Capcom,AAA,"['Action', 'Adventure', 'Singleplayer', 'Multiplayer', 'Classic', 'Gore', 'Co-op', 'Third-Person Shooter', 'Third-Person', 'Survival Horror', 'Zombies', 'Remake', 'Female Protagonist', 'Story Rich', 'Atmospheric', 'Difficult', 'Great Soundtrack', 'Violent', 'Horror', 'Sexual Content']",NULL
350,36275,19531,667255,Prey,2017-05-05,480490,29.99,46900000,1800000,50049,164000,90.893,18,"Action, Adventure","Arkane Studios","Bethesda Softworks",AAA,"['Action', 'Adventure', 'Singleplayer', 'RPG', 'Aliens', 'Immersive Sim', 'Psychological Horror', 'First-Person', 'Survival Horror', 'Futuristic', 'FPS', 'Stealth', 'Exploration', 'Open World', 'Story Rich', 'Space', 'Sci-fi', 'Atmospheric', 'Great Soundtrack', 'Horror']",NULL
351,7348,27092,711006,GreedFall,2019-09-09,606880,34.99,20200000,635000,19889,163000,76.771,15,RPG,Spiders,"Focus Entertainment",AA,"['Action', 'Adventure', 'Singleplayer', 'RPG', 'Multiplayer', 'Choices Matter', 'Action-Adventure', 'Action RPG', 'Character Customization', 'Third-Person', 'Magic', 'Romance', 'Female Protagonist', 'Fantasy', 'Open World', 'Story Rich', 'Atmospheric', 'Mature', 'Sexual Content', 'Nudity']",NULL
352,39386,81141,668574,"Squad 44",2018-08-09,736220,29.99,10100000,477000,24345,163000,75.239,35,"Action, Indie, Strategy, MMO",Offworld,Offworld,Indie,"['Strategy', 'Action', 'Indie', 'Simulation', 'Singleplayer', 'Massively Multiplayer', 'Multiplayer', 'Co-op', 'First-Person', 'War', 'Historical', 'Military', 'World War II', 'Tactical', 'Team-Based', 'FPS', 'Shooter', 'Open World', 'Violent', 'Realistic']",NULL
353,39079,65445,668384,"Generation Zero®",2019-03-26,704270,24.99,8900000,477000,40138,163000,71.675,17,"Action, Adventure","Systemic Reaction","Avalanche Studios",AA,"['Action', 'Multiplayer', 'Robots', '1980s', 'Co-op', 'Mechs', 'PvE', 'Crafting', 'Survival Horror', 'Post-apocalyptic', 'Survival', 'FPS', 'Shooter', 'Exploration', 'Base Building', 'Open World', 'Sandbox', 'Sci-fi', 'Atmospheric', 'Horror']",NULL
354,55318,1369,666128,"Company of Heroes 2",2013-06-25,231430,19.99,89300000,7700000,109000,162000,78.952,49,Strategy,"Feral Interactive, Relic Entertainment","Feral Interactive, SEGA","AA, AAA","['Strategy', 'Action', 'Adventure', 'Simulation', 'Singleplayer', 'Multiplayer', 'Real-Time with Pause', 'Tanks', 'Co-op', 'Online Co-Op', 'War', 'Historical', 'Military', 'World War II', 'Tactical', 'Real-Time', 'RTS', 'Base Building', 'Atmospheric', 'Great Soundtrack']",NULL
355,17731,36439,666285,"Colonies Online",2014-05-01,283100,0,161000,16643,294,1204,22.109,9,"Action, Indie, Early Access, RPG, MMO","Iron Bit","Iron Bit",Indie,"['Action', 'Indie', 'Early Access', 'RPG', 'Massively Multiplayer', 'Sandbox', 'Sci-fi']",NULL
356,35176,16622,703840,Nekro,2014-05-02,246400,0,198000,16626,268,3729,75.746,4,"Action, Indie, Strategy, Early Access, RPG","darkForge Games LLC","darkForge Games LLC",Indie,"['Strategy', 'Action', 'Indie', 'Singleplayer', 'Early Access', 'RPG', 'Kickstarter', 'Co-op', 'Villain Protagonist']",NULL
357,36364,27316,706217,"A Plague Tale: Innocence",2019-05-13,752590,39.99,46000000,1700000,62082,160000,93.451,19,"Action, Adventure","Asobo Studio","Focus Entertainment",AA,"['Action', 'Adventure', 'Singleplayer', 'Medieval', 'Dark', 'Dark Fantasy', 'Historical', 'Third-Person', 'Walking Simulator', 'Post-apocalyptic', 'Emotional', 'Female Protagonist', 'Survival', 'Puzzle', 'Stealth', 'Story Rich', 'Atmospheric', 'Great Soundtrack', 'Violent', 'Horror']",NULL
358,36958,8408,728489,"Blade Symphony",2014-05-07,225600,0,4700000,766000,4699,18195,65.652,5,"Action, Indie","Puny Human","Puny Human",Indie,"['Strategy', 'Action', 'Adventure', 'Indie', 'Free to Play', 'Early Access', 'Multiplayer', 'Competitive', 'Ninja', 'Kickstarter', 'Fighting', 'Hack and Slash', 'Third-Person', 'Tactical', 'Parkour', 'Swordplay', 'Fantasy', 'Sci-fi', 'Great Soundtrack', 'PvP']",NULL
359,35181,16574,728537,"Supreme Ruler 1936",2014-05-09,244410,9.99,178000,15677,294,2679,73.469,9,"Indie, Simulation, Strategy","BattleGoat Studios","BattleGoat Studios",Indie,"['Strategy', 'Indie', 'Simulation', 'Singleplayer', 'Early Access', 'Multiplayer', 'Real-Time with Pause', 'Hex Grid', 'War', 'Historical', 'Military', 'Grand Strategy', 'World War II', 'Wargame', 'Real-Time', 'Politics', '3D', 'RTS', 'Turn-Based', 'Sandbox']",NULL
360,33503,123689,726137,"嗜血印 Bloody Spell",2019-01-16,992300,24.99,13400000,1000000,34831,160000,89.168,9,"Action, Adventure, Indie, RPG",艺龙游戏,艺龙游戏,Indie,"['Action', 'Adventure', 'Indie', 'Singleplayer', 'RPG', 'Multiplayer', 'Gore', 'Action RPG', 'Online Co-Op', 'Hack and Slash', 'Martial Arts', '3D Vision', '3D', 'Female Protagonist', 'Roguelike', 'Roguelite', 'Open World', 'Violent', 'Sexual Content', 'Nudity']",NULL
361,16941,11182,712485,"Enter the Gungeon",2016-04-05,311690,14.99,37400000,3800000,82916,159000,95.631,34,"Action, Adventure, Indie","Dodge Roll","Devolver Digital",AA,"['Action', 'Indie', 'Singleplayer', 'Multiplayer', 'Bullet Hell', 'Co-op', 'Dungeon Crawler', 'Loot', 'Twin Stick Shooter', 'Action Roguelike', 'Local Co-Op', '2D', 'Pixel Graphics', 'Top-Down', 'Roguelike', 'Shooter', 'Roguelite', 'Funny', 'Difficult', 'Cute']",NULL
362,17293,9629,728557,Landmark,2014-05-14,297810,0,1400000,118000,1903,15524,33.894,18,"Adventure, RPG, MMO","Daybreak Game Company","Daybreak Game Company",AA,"['Action', 'Adventure', 'Simulation', 'Free to Play', 'Early Access', 'RPG', 'Massively Multiplayer', 'Multiplayer', 'Co-op', 'MMORPG', 'Crafting', 'Beautiful', 'Voxel', 'Building', 'Survival', 'Fantasy', 'Open World', 'Sandbox', 'Atmospheric']",NULL
363,20734,74983,685097,"Break the Game",2019-07-15,739540,9.99,86031,11518,659,159000,73.141,4,"Adventure, Indie","Simon Fredholm","Simon Fredholm",Indie,"['Action', 'Adventure', 'Indie', 'Simulation', 'Singleplayer', 'RPG', 'Psychological Horror', 'Narration', '2D', 'Platformer', 'Puzzle', 'Shooter', 'Open World', 'Comedy', 'Story Rich', 'Minimalist', 'Funny', 'Atmospheric', 'Great Soundtrack']",NULL
364,10472,55935,698916,"Doki Doki Literature Club",2017-10-06,698780,0,0,8400000,209000,159000,96.468,11,"Indie, Casual, Free to Play","Team Salvato","Team Salvato",Indie,"['Adventure', 'Indie', 'Singleplayer', 'Free to Play', 'Casual', 'Gore', 'Psychological Horror', 'Memes', 'First-Person', 'Dark', 'Dating Sim', 'Romance', 'Story Rich', 'Anime', 'Great Soundtrack', 'Violent', 'Cute', 'Visual Novel', 'Horror', 'Sexual Content']",NULL
365,37088,17372,682963,CubeGun,2014-05-21,299420,0,418000,77324,318,1433,59.119,2,"Action, Indie, Free to Play, Early Access",candyrocketstudio,candyrocketstudio,Indie,"['Action', 'Indie', 'Free to Play', 'Early Access', 'Multiplayer', 'Crafting', 'Building', 'Sandbox']",NULL
366,38030,129033,718085,Karlson,0000-00-00,1228610,0,0,0,0,158000,0,0,"Action, Adventure, Indie, Casual",Dani,Dani,Indie,"['Action', 'Adventure', 'Indie', 'Singleplayer', 'Free to Play', 'Casual', 'Multiplayer', 'Memes', 'First-Person', 'Epic', 'Arena Shooter', 'Hentai', 'Parkour', '3D', 'FPS', 'Shooter', 'Physics', 'Anime', 'Funny', 'Fast-Paced']",NULL
367,2557162,279655,633908,"Light No Fire",0000-00-00,2719590,0,0,0,0,158000,0,0,"Action, Adventure","Hello Games","Hello Games",AA,"['Action', 'Adventure', 'Indie', 'Singleplayer', 'RPG', 'Multiplayer', 'Action-Adventure', 'Action RPG', 'Dragons', 'Online Co-Op', 'Crafting', 'Building', 'Survival', 'Exploration', 'Base Building', 'Fantasy', 'Open World', 'Sandbox', 'Atmospheric', 'Procedural Generation']",NULL
368,36912,7292,699883,"Mortal Kombat X",2015-04-14,307780,19.99,56800000,2300000,55313,157000,85.255,19,Action,"NetherRealm Studios, QLOC","Warner Bros. Games, Warner Bros. Interactive Entertainment",AAA,"['Action', 'Singleplayer', 'Multiplayer', 'Competitive', '2.5D', 'Gore', 'Fighting', '2D Fighter', 'Online Co-Op', 'Third-Person', 'Blood', 'Local Multiplayer', 'Female Protagonist', 'Arcade', 'Fantasy', 'Atmospheric', 'Great Soundtrack', 'Violent', 'Horror', 'Mature']",NULL
369,36425,1593,703992,"Pillars of Eternity",2015-03-26,291650,29.99,50200000,1800000,24312,157000,88.244,37,RPG,"Obsidian Entertainment","Xbox Game Studios",AAA,"['Strategy', 'Adventure', 'Indie', 'Singleplayer', 'RPG', 'Real-Time with Pause', 'Classic', 'Kickstarter', 'Crowdfunded', 'CRPG', 'Party-Based RPG', 'Dark Fantasy', 'Character Customization', 'Isometric', 'Exploration', 'Fantasy', 'Open World', 'Story Rich', 'Atmospheric', 'Great Soundtrack']",NULL
370,18880,87210,668857,"Farming Simulator 19",2018-11-19,787860,17.99,20500000,1100000,74158,157000,94.382,184,Simulation,"Giants Software",,,"['Strategy', 'Simulation', 'Singleplayer', 'Multiplayer', 'Automobile Sim', 'Economy', 'Driving', 'Co-op', 'First-Person', 'Moddable', 'Online Co-Op', 'Agriculture', 'Farming Sim', 'Resource Management', 'Management', 'Relaxing', 'Open World', 'Atmospheric', 'Family Friendly', 'Realistic']",NULL
371,39922,22778,715306,Outward,2019-03-26,794260,39.99,13600000,584000,27963,157000,72.878,21,RPG,"Nine Dots Studio","Prime Matter",AA,"['Adventure', 'Singleplayer', 'RPG', 'Multiplayer', 'Souls-like', 'Co-op', 'Split Screen', 'Moddable', 'Online Co-Op', 'Third-Person', 'Local Co-Op', 'Survival', 'Exploration', 'Resource Management', 'Fantasy', 'Open World', 'Atmospheric', 'Difficult', 'Violent', 'Realistic']",NULL
372,36136,7504,703826,"The Forest",2014-05-22,242760,19.99,185000000,15200000,616000,774000,95.539,23,"Action, Adventure, Indie, Simulation","Endnight Games Ltd","Endnight Games Ltd",AA,"['Action', 'Adventure', 'Indie', 'Simulation', 'Singleplayer', 'Early Access', 'Gore', 'First-Person', 'Crafting', 'Survival Horror', 'Zombies', 'Open World Survival Craft', 'Building', 'Survival', 'Exploration', 'Open World', 'Sandbox', 'Atmospheric', 'Horror', 'Realistic']",NULL
373,39628,11737,715062,"Outer Wilds",2020-06-18,753640,24.99,41200000,2400000,80460,156000,95.68,14,"Action, Adventure","Mobius Digital","Annapurna Interactive",Indie,"['Action', 'Adventure', 'Indie', 'Simulation', 'Singleplayer', 'Psychological Horror', 'Mystery', 'First-Person', 'Beautiful', 'Epic', '3D', 'Puzzle', 'Exploration', 'Open World', 'Story Rich', 'Space', 'Sci-fi', 'Atmospheric', 'Great Soundtrack', 'Horror']",NULL
374,39131,105322,716290,"Pummel Party",2018-09-20,880940,14.99,14500000,1400000,53096,156000,88.828,13,"Action, Indie, Casual","Rebuilt Games","Rebuilt Games",Indie,"['Action', 'Indie', 'Singleplayer', 'Casual', 'Multiplayer', 'Controller', 'Gore', 'Co-op', '4 Player Local', 'Party', 'Tabletop', 'Board Game', 'Online Co-Op', 'Minigames', 'Party Game', 'Local Multiplayer', 'Local Co-Op', 'Comedy', 'Funny', 'Colorful']",NULL
375,55600,29770,674160,"Total War: ROME II - Emperor Edition",2013-09-03,214950,59.99,200700000,5300000,87023,155000,83.295,123,Strategy,"Creative Assembly",SEGA,AAA,"['Strategy', 'Action', 'Simulation', 'Singleplayer', 'Multiplayer', 'Turn-Based Tactics', 'Education', 'Co-op', 'Moddable', 'Online Co-Op', 'War', 'Historical', 'Grand Strategy', 'Tactical', 'Turn-Based Strategy', 'Real Time Tactics', 'Rome', 'RTS', 'Turn-Based', 'Atmospheric']",NULL
376,245504,205780,721214,"EA SPORTS™ FIFA 23",2022-09-30,1811260,0,131500000,3500000,152000,155000,56.885,185,"Simulation, Sports","Electronic Arts","Electronic Arts",AAA,"['Simulation', 'Singleplayer', 'Free to Play', 'Multiplayer', 'Sports', 'Controller', 'Immersive Sim', 'Co-op', 'LGBTQ+', 'Online Co-Op', 'PvE', 'Third-Person', 'Local Multiplayer', 'Team-Based', 'Local Co-Op', 'eSports', 'Management', 'PvP', 'Realistic', 'Football (Soccer)']",NULL
377,38988,114009,701134,"DRAGON BALL Z: KAKAROT",2020-01-16,851850,59.99,65300000,1600000,53928,155000,93.182,30,"Action, RPG","CyberConnect2 Co., Ltd.","Bandai Namco",AAA,"['Action', 'Adventure', 'Singleplayer', 'RPG', 'Multiplayer', 'Controller', "Beat 'em up", 'Action RPG', 'Fighting', 'Dragons', 'Character Customization', 'Third-Person', 'JRPG', 'Fantasy', 'Open World', 'Story Rich', 'Anime', 'Atmospheric', 'Difficult', 'Great Soundtrack']",NULL
378,49589,143574,718386,"The Planet Crafter",2022-03-24,1284190,23.99,23600000,1500000,50761,155000,96.076,34,Adventure,"Miju Games","Miju Games",Indie,"['Adventure', 'Singleplayer', 'Aliens', 'Immersive Sim', 'Co-op', 'First-Person', 'Online Co-Op', 'Crafting', 'Automation', 'Open World Survival Craft', 'Building', 'Survival', 'Exploration', 'Base Building', 'Resource Management', 'Open World', 'Story Rich', 'Space', 'Sandbox', 'Sci-fi']",NULL
379,34783,7555,666225,"World of Guns: Gun Disassembly",2014-05-21,262410,0,0,3200000,19122,155000,84.076,4,"Action, Indie, Simulation, Strategy, Casual, Free to Play","Noble Empire Corp.","Noble Empire Corp.",Indie,"['Indie', 'Simulation', 'Old School', 'Singleplayer', 'Free to Play', 'Gun Customization', 'Education', 'First-Person', 'Animation & Modeling', 'Logic', 'Historical', 'Military', 'America', '3D Platformer', '3D', 'Puzzle', 'Exploration', 'Relaxing', 'Funny', 'Realistic']",NULL
380,60682,215036,719373,"Infection Free Zone",2024-04-11,1465460,24.99,7300000,406000,13519,154000,78.423,14,"Action, Indie, Simulation, Strategy, Early Access","Jutsu Games","Games Operators",Indie,"['Strategy', 'Simulation', 'Singleplayer', 'Immersive Sim', 'Colony Sim', 'Dark', 'Time Management', 'Zombies', 'Dystopian ', 'Post-apocalyptic', 'Outbreak Sim', '3D', 'Survival', 'RTS', 'City Builder', 'Base Building', 'Management', 'Sandbox', 'Minimalist', 'Atmospheric']",NULL
381,37302,17479,698035,"The Wild Eight",2017-02-08,526160,24.99,4200000,297000,7865,154000,68.519,8,"Action, Adventure, Indie, Simulation, RPG","Eight Points","HypeTrain Digital ",Indie,"['Strategy', 'Action', 'Adventure', 'Indie', 'Simulation', 'Singleplayer', 'RPG', 'Multiplayer', 'Mystery', 'Co-op', 'Online Co-Op', 'Crafting', 'Survival Horror', 'Open World Survival Craft', 'Survival', 'Open World', 'Sandbox', 'Atmospheric', 'Difficult', 'Horror']",NULL
382,36072,26765,701513,"OCTOPATH TRAVELER",2019-06-07,921570,59.99,15400000,374000,14944,153000,86.175,29,RPG,"ACQUIRE Corp., Square Enix","Square Enix",AAA,"['Strategy', 'Adventure', 'Simulation', 'Singleplayer', 'Casual', 'RPG', 'Choices Matter', '2.5D', 'Turn-Based Combat', 'Party-Based RPG', 'Pixel Graphics', 'Turn-Based', 'JRPG', 'Management', 'Open World', 'Story Rich', 'Sandbox', 'Anime', 'Great Soundtrack', 'Multiple Endings']",NULL
383,59340,152127,638924,"Core Keeper",2022-03-08,1621690,19.99,37700000,3300000,52655,152000,92.884,31,"Adventure, Indie, Casual, RPG",Pugstorm,"bilibili, Fireshine Games",Indie,"['Adventure', 'Simulation', 'Casual', 'Mystery', 'Dungeon Crawler', 'Online Co-Op', 'Crafting', 'Mining', 'Open World Survival Craft', 'Farming Sim', 'Cooking', '2D', 'Pixel Graphics', 'Building', 'Survival', 'Exploration', 'Relaxing', 'Sandbox', 'Atmospheric', 'Procedural Generation']",NULL
384,47979,121760,685741,"Little Nightmares II",2021-02-10,860510,29.99,23000000,1200000,41468,152000,94.121,8,Adventure,"Tarsier Studios","Bandai Namco",AAA,"['Action', 'Adventure', 'Indie', 'Singleplayer', 'Multiplayer', '2.5D', 'Action-Adventure', 'Puzzle Platformer', 'Psychological Horror', 'Co-op', 'Dark', 'Thriller', 'Platformer', 'Puzzle', 'Stealth', 'Story Rich', 'Atmospheric', 'Great Soundtrack', 'Violent', 'Horror']",NULL
385,322809,213475,627063,Sunkenland,2023-08-26,2080690,19.99,9400000,627000,20897,151000,81.835,17,"Action, Indie, Early Access","Vector3 Studio","Vector3 Studio",Indie,"['Action', 'Adventure', 'Singleplayer', 'Underwater', 'Multiplayer', 'Co-op', 'PvE', 'Crafting', 'Post-apocalyptic', 'Trading', 'Open World Survival Craft', '3D', 'Survival', 'FPS', 'Shooter', 'Exploration', 'Base Building', 'Open World', 'Sandbox', 'Realistic']",NULL
386,36075,1122,715753,"Call of Duty: Black Ops II",2012-11-13,202970,59.99,161100000,4100000,46577,149000,86.304,8,Action,Treyarch,Activision,AAA,"['Action', 'Adventure', 'Singleplayer', 'Massively Multiplayer', 'Multiplayer', 'Controller', 'Co-op', 'First-Person', 'Online Co-Op', 'War', 'Tactical', 'Futuristic', 'Team-Based', 'Survival', 'FPS', 'Shooter', 'Sci-fi', 'Atmospheric', 'Great Soundtrack', 'Horror']",NULL
387,36046,65832,724345,"Stick Fight: The Game",2017-09-28,674940,4.99,25700000,7300000,122000,149000,93.548,7,"Action, Indie, Casual","Landfall West",Landfall,Indie,"['Strategy', 'Action', 'Indie', 'Casual', 'Multiplayer', 'Controller', 'Co-op', '4 Player Local', 'Split Screen', 'Fighting', '2D Fighter', 'Online Co-Op', 'Local Multiplayer', 'Local Co-Op', '2D', 'Shooter', 'Physics', 'Funny', 'Great Soundtrack', 'PvP']",NULL
388,32976,11567,710039,ELEX,2017-10-17,411300,29.99,19700000,601000,18907,149000,74.48,26,"Action, Adventure, RPG","Piranha Bytes","THQ Nordic",AA,"['Action', 'Adventure', 'Singleplayer', 'RPG', 'Choices Matter', 'Third-Person Shooter', 'Dark Fantasy', 'War', 'Third-Person', 'Futuristic', 'Post-apocalyptic', 'Gothic', 'Base Building', 'Fantasy', 'Open World', 'Story Rich', 'Sci-fi', 'Atmospheric', 'Difficult', 'Violent']",NULL
389,36455,36515,684525,"Sword Art Online: Fatal Bullet",2018-02-23,626690,39.99,12900000,394000,19064,149000,79.123,30,"Action, RPG",DIMPS,"Bandai Namco",AAA,"['Action', 'Singleplayer', 'RPG', 'Multiplayer', 'Co-op', 'Third-Person Shooter', 'MMORPG', 'Online Co-Op', 'Character Customization', 'Third-Person', 'FPS', 'Shooter', 'JRPG', 'Fantasy', 'Open World', 'Anime', 'Great Soundtrack', 'Visual Novel', 'Sexual Content', 'Nudity']",NULL
390,36041,55536,714466,Mirror,2017-11-08,644560,1.99,3600000,3000000,86056,149000,95.97,11,"Adventure, Indie, RPG","KAGAMI WORKs","Paradise Project",Indie,"['Adventure', 'Indie', 'Singleplayer', 'Casual', 'RPG', 'Match 3', 'Dating Sim', 'Hentai', 'NSFW', 'Female Protagonist', 'Puzzle', 'Shooter', 'JRPG', 'Story Rich', 'Anime', 'Cute', 'Visual Novel', 'Mature', 'Sexual Content', 'Nudity']",NULL
391,47556,94085,650810,"Battlefield 1 ™",2020-06-11,1238840,39.99,110100000,5400000,181000,148000,86.539,38,"Action, MMO",DICE,"Electronic Arts",AAA,"['Action', 'Singleplayer', 'Massively Multiplayer', 'Multiplayer', 'Tanks', 'Gore', 'First-Person', 'War', 'Historical', 'Destruction', 'World War I', 'FPS', 'Shooter', 'Physics', 'Open World', 'Atmospheric', 'Great Soundtrack', 'Violent', 'PvP', 'Mature']",NULL
392,47404,119295,650858,"Microsoft Flight Simulator",2020-08-18,1250410,59.99,85900000,1900000,64341,148000,78.965,155,Simulation,"Asobo Studio","Xbox Game Studios",AAA,"['Adventure', 'Simulation', 'Singleplayer', 'Multiplayer', 'Controller', 'VR', 'Short', 'Flight', 'Surreal', 'Beautiful', 'Epic', 'Real-Time', 'TrackIR', 'Physics', 'Open World', 'Atmospheric', 'Family Friendly', 'Colorful', 'Realistic', 'Sexual Content']",NULL
393,1231191,117294,628940,"THRONE AND LIBERTY",2024-10-01,2429640,0,0,1800000,60941,148000,68.895,53,"Action, Adventure, Free to Play, RPG, MMO",NCsoft,"Amazon Games",AAA,"['Action', 'Adventure', 'Free to Play', 'RPG', 'Massively Multiplayer', 'Multiplayer', 'Action-Adventure', 'Co-op', 'MMORPG', 'Online Co-Op', 'Character Customization', 'PvE', 'Crafting', 'Third-Person', 'Emotional', 'Combat', 'Exploration', 'Fantasy', 'Open World', 'PvP']",NULL
394,17367,13160,666215,"Air Control",2014-05-23,295810,0,0,9546,152,131,44.737,0,"Action, Indie, Simulation, Casual","Killjoy Games","Killjoy Games",Indie,"['Indie', 'Singleplayer', 'Early Access', 'Flight', 'First-Person', 'Point & Click', 'Beautiful', 'Dog']",NULL
395,59776,146112,727527,"Farming Simulator 22",2021-11-22,1248130,29.99,80900000,2500000,82747,147000,92.355,193,Simulation,"Giants Software","Giants Software",Indie,"['Simulation', 'Multiplayer', 'Economy', 'Nature', 'Immersive Sim', 'Co-op', 'First-Person', 'Moddable', 'Online Co-Op', 'Character Customization', 'Agriculture', 'Third-Person', 'America', 'Horses', 'Farming Sim', '3D', 'Management', 'Open World', 'Sandbox', 'Family Friendly']",NULL
396,25722,81085,647278,"DARK SOULS™: REMASTERED",2018-05-23,570940,39.99,78100000,2600000,123000,147000,92.054,46,Action,QLOC,"Bandai Namco, FromSoftware",AAA,"['Action', 'Adventure', 'RPG', 'Multiplayer', 'Action RPG', 'Souls-like', 'Co-op', 'Dark', 'Dark Fantasy', 'Character Customization', 'Third-Person', 'Soundtrack', 'Lore-Rich', 'Exploration', 'Fantasy', 'Story Rich', 'Atmospheric', 'Difficult', 'Great Soundtrack', 'Replay Value']",NULL
397,37301,28574,683792,"Surviving Mars",2018-03-15,464920,29.99,11700000,755000,26289,147000,84.636,17,"Simulation, Strategy","Abstraction, Haemimont Games","Paradox Interactive",AA,"['Strategy', 'Simulation', 'Singleplayer', 'Colony Sim', 'Space Sim', 'Moddable', 'Futuristic', 'Mars', 'Building', 'Survival', 'RTS', 'City Builder', 'Base Building', 'Resource Management', 'Management', 'Open World', 'Space', 'Sandbox', 'Sci-fi', 'Great Soundtrack']",NULL
398,36312,9278,682914,"ENDLESS™ Legend",2014-04-24,289130,29.99,38200000,2100000,18518,146000,83.729,16,"Strategy, RPG","AMPLITUDE Studios",SEGA,AAA,"['Strategy', 'Adventure', 'Indie', 'Singleplayer', 'RPG', 'Multiplayer', 'Medieval', 'Hex Grid', 'Grand Strategy', 'Tactical', 'Turn-Based Strategy', '4X', 'Turn-Based', 'Exploration', 'Fantasy', 'Open World', 'Sandbox', 'Sci-fi', 'Atmospheric', 'Great Soundtrack']",NULL
399,36972,68461,667263,"Nioh: Complete Edition",2017-11-07,485510,49.99,29500000,844000,34452,146000,79.966,42,"Action, RPG","KOEI TECMO GAMES CO., LTD.","KOEI TECMO GAMES CO., LTD.",AAA,"['Action', 'Adventure', 'Singleplayer', 'RPG', 'Multiplayer', 'Ninja', 'Action RPG', 'Souls-like', 'Co-op', 'Loot', 'Dark Fantasy', 'Historical', 'Hack and Slash', 'Third-Person', 'JRPG', 'Fantasy', 'Atmospheric', 'Difficult', 'Great Soundtrack', 'Nudity']",NULL
400,32548,8729,729358,Vampyr,2018-06-04,427290,39.99,19700000,624000,21692,146000,77.227,14,"Action, RPG","DONTNOD Entertainment","Focus Entertainment",AA,"['Action', 'Adventure', 'Singleplayer', 'RPG', 'Choices Matter', 'Action-Adventure', 'Gore', 'Action RPG', 'Souls-like', 'Dark', 'Dark Fantasy', 'Third-Person', 'Vampire', 'Stealth', 'Open World', 'Story Rich', 'Atmospheric', 'Violent', 'Horror', 'Sexual Content']",NULL
401,36013,22739,704838,UNO,2017-01-03,470220,9.99,7100000,1200000,50913,146000,72.247,7,Casual,Ubisoft,Ubisoft,AAA,"['Strategy', 'Action', 'Singleplayer', 'Casual', 'Multiplayer', 'Competitive', 'Classic', 'Co-op', 'Tabletop', 'Board Game', 'Online Co-Op', 'Party Game', 'Local Multiplayer', 'Team-Based', 'Cult Classic', 'Card Game', 'Funny', 'Family Friendly', 'PvP', 'Replay Value']",NULL
402,54632,71,703534,Portal,2007-10-10,400,9.99,162700000,27700000,174000,145000,98.46,6,Action,Valve,Valve,AAA,"['Action', 'Adventure', 'Singleplayer', 'Dark Humor', 'Classic', 'Puzzle Platformer', 'Short', 'First-Person', 'Science', '3D Platformer', 'Female Protagonist', 'Platformer', 'FPS', 'Puzzle', 'Physics', 'Comedy', 'Story Rich', 'Sci-fi', 'Funny', 'Atmospheric']",NULL
403,883747,228535,651059,"Remnant II",2023-07-25,1282100,49.99,61500000,1700000,58942,145000,83.294,39,"Action, Adventure, RPG","Gunfire Games","Arc Games",Indie,"['Action', 'Adventure', 'Singleplayer', 'RPG', 'Multiplayer', 'Controller', 'Action-Adventure', 'Souls-like', 'Co-op', 'Dark', 'Third-Person Shooter', 'Online Co-Op', 'PvE', 'Third-Person', 'Post-apocalyptic', 'Combat', 'Looter Shooter', 'Shooter', 'Atmospheric', 'Horror']",NULL
404,53949,1381,645601,"PAYDAY: The Heist",2011-10-20,24240,14.99,47600000,5400000,40149,145000,93.402,11,Action,"OVERKILL - a Starbreeze Studio.","Starbreeze Entertainment",Indie,"['Strategy', 'Action', 'Adventure', 'Indie', 'Simulation', 'Singleplayer', 'RPG', 'Multiplayer', 'Co-op', 'First-Person', 'Online Co-Op', 'Crime', 'Tactical', 'Team-Based', 'Heist', 'FPS', 'Stealth', 'Shooter', 'Difficult', 'Great Soundtrack']",NULL
405,37259,100357,706183,Temtem,2020-01-21,745920,44.99,33900000,1200000,38826,145000,81.814,53,"Adventure, Indie, RPG, MMO",Crema,"Humble Games",Indie,"['Adventure', 'RPG', 'Multiplayer', 'Turn-Based Tactics', 'Co-op', 'Turn-Based Combat', 'MMORPG', 'Character Customization', 'PvE', 'Collectathon', 'Creature Collector', '3D', 'Cartoony', 'Exploration', 'JRPG', 'Story Rich', 'Anime', 'Cute', 'Colorful', 'PvP']",NULL
406,38326,11291,645904,Depth,2014-11-03,274940,19.99,28300000,2400000,32679,145000,87.904,15,"Action, Indie","Digital Confectioners","Digital Confectioners",Indie,"['Action', 'Adventure', 'Singleplayer', 'Underwater', 'Multiplayer', 'Gore', 'Co-op', 'First-Person', 'Online Co-Op', 'Third-Person', 'Survival Horror', 'Team-Based', 'Hunting', 'Survival', 'FPS', 'Shooter', 'Exploration', 'Atmospheric', 'Horror', 'PvP']",NULL
407,36421,55036,611139,"Anno 1800",2019-04-16,916440,59.99,10600000,480000,22306,145000,80.942,35,"Simulation, Strategy",Ubisoft,Ubisoft,AAA,"['Strategy', 'Simulation', 'Singleplayer', 'Choose Your Own Adventure', 'Multiplayer', 'Choices Matter', 'Economy', 'Co-op', 'Historical', 'Political', 'Politics', 'Building', 'RTS', 'Exploration', 'City Builder', 'Resource Management', 'Management', 'Story Rich', 'Sandbox', 'Multiple Endings']",NULL
408,36095,1970,728529,"Assassin's Creed IV Black Flag",2013-11-19,242050,39.99,77600000,4200000,69135,144000,88.647,34,"Action, Adventure",Ubisoft,Ubisoft,AAA,"['Action', 'Adventure', 'Singleplayer', 'RPG', 'Multiplayer', 'Assassin', 'Action-Adventure', 'Action RPG', 'Pirates', 'Naval Combat', 'Naval', 'Historical', 'Third-Person', 'Parkour', 'Stealth', 'Exploration', 'Open World', 'Story Rich', 'Atmospheric', 'Mature']",NULL
409,1616232,22788,701299,"Granblue Fantasy: Relink",2024-02-01,881020,59.99,66300000,1400000,46950,144000,89.896,61,"Action, Adventure, RPG","Cygames, Inc.","Cygames, Inc.",Indie,"['Action', 'Singleplayer', 'RPG', 'Multiplayer', 'Tutorial', 'Controller', 'Action RPG', 'Dragons', 'Online Co-Op', 'PvE', 'Hack and Slash', 'Third-Person', 'Magic', 'Swordplay', 'Spectacle fighter', '3D', 'Female Protagonist', 'JRPG', 'Fantasy', 'Anime']",NULL
410,36008,9498,712613,"Deus Ex: Mankind Divided™",2016-08-23,337000,29.99,58800000,2000000,40573,144000,75.853,20,"Action, RPG","Eidos Interactive, Feral Interactive","Eidos Interactive, Feral Interactive",AA,"['Action', 'Adventure', 'Singleplayer', 'RPG', 'Immersive Sim', 'First-Person', 'Illuminati', 'Dystopian ', 'Cyberpunk', 'Futuristic', 'Transhumanism', 'Conspiracy', 'FPS', 'Stealth', 'Shooter', 'Open World', 'Story Rich', 'Sci-fi', 'Atmospheric', 'Great Soundtrack']",NULL
411,71964,119305,701506,"LEGO® Star Wars™: The Skywalker Saga",2022-04-05,920210,49.99,47900000,1300000,44378,144000,90.84,21,"Action, Adventure","TT Games","Warner Bros. Games, Warner Bros. Interactive Entertainment",AAA,"['Action', 'Adventure', 'Singleplayer', 'Multiplayer', 'Memes', 'Co-op', 'Third-Person', 'Beautiful', 'Epic', 'Local Co-Op', 'LEGO', 'Puzzle', 'Open World', 'Story Rich', 'Space', 'Sci-fi', 'Funny', 'Great Soundtrack', 'Family Friendly', 'Nudity']",NULL
412,38001,25653,647617,"The Escapists 2",2017-08-21,641990,19.99,30000000,2500000,31503,144000,90.633,12,"Indie, Simulation, Strategy","Mouldy Toof Studios, Team17 Digital","Team17 Digital",Indie,"['Strategy', 'Action', 'Indie', 'Simulation', 'Singleplayer', 'Multiplayer', 'Co-op', 'Split Screen', 'Online Co-Op', 'Character Customization', 'Crafting', 'Local Co-Op', '2D', 'Pixel Graphics', 'Puzzle', 'Stealth', 'Open World', 'Sandbox', 'Funny', 'Difficult']",NULL
413,38726,28175,724134,"NARUTO TO BORUTO: SHINOBI STRIKER",2018-08-30,633230,19.99,17800000,637000,55937,144000,84.22,21,Action,"Soleil Ltd.","Bandai Namco",AAA,"['Strategy', 'Action', 'Adventure', 'Singleplayer', 'RPG', 'Massively Multiplayer', 'Multiplayer', 'Ninja', 'Controller', 'Co-op', 'Fighting', 'MOBA', 'MMORPG', 'Online Co-Op', 'Character Customization', 'Third-Person', 'Team-Based', 'Open World', 'Anime', 'PvP']",NULL
414,36646,26651,730071,"Kingdoms and Castles",2017-07-20,569480,14.99,11500000,1500000,29180,144000,93.334,16,"Indie, Simulation, Strategy","Lion Shield, LLC","Lion Shield, LLC",Indie,"['Strategy', 'Action', 'Simulation', 'Singleplayer', 'Economy', 'Colony Sim', 'Medieval', 'Crafting', 'Building', 'Survival', 'RTS', 'City Builder', 'Base Building', 'Resource Management', 'Management', 'Relaxing', 'Open World', 'Sandbox', 'Great Soundtrack', 'Colorful']",NULL
415,62691,176057,639461,"Poppy Playtime",2021-10-12,1721470,0,2100000,2800000,94942,144000,84.724,6,"Action, Adventure, Indie","Mob Entertainment","Mob Entertainment",Indie,"['Action', 'Adventure', 'Indie', 'Singleplayer', 'Free to Play', 'Action-Adventure', '1980s', 'Psychological Horror', 'Mystery', 'First-Person', 'Dark', 'Thriller', 'Survival Horror', 'Lore-Rich', 'Cartoony', 'Survival', 'Puzzle', 'Physics', 'Atmospheric', 'Horror']",NULL
416,38497,2605,728523,"BattleBlock Theater",2014-05-15,238460,14.99,43800000,5100000,71364,143000,97.218,9,"Action, Adventure, Indie, Casual","The Behemoth","The Behemoth",Indie,"['Action', 'Indie', 'Singleplayer', 'Casual', 'Multiplayer', 'Side Scroller', 'Puzzle Platformer', 'Co-op', 'Online Co-Op', '2D Platformer', 'Level Editor', 'Local Multiplayer', 'Cats', 'Narration', 'Local Co-Op', '2D', 'Platformer', 'Puzzle', 'Comedy', 'Funny']",NULL
417,55634,432,712085,"Total War: SHOGUN 2",2011-03-15,34330,29.99,36200000,2500000,63460,143000,91.525,48,,"The Creative Assembly",,,"['Strategy', 'Action', 'Singleplayer', 'Multiplayer', 'Ninja', 'Turn-Based Tactics', 'Stylized', 'Medieval', 'Co-op', 'Moddable', 'Historical', 'Military', 'Grand Strategy', 'Tactical', 'Turn-Based Strategy', 'Real Time Tactics', 'Diplomacy', 'RTS', 'Turn-Based', 'Great Soundtrack']",NULL
418,34798,0,703897,"Stomping Land",2014-05-24,263440,0,3800000,238000,3844,9947,47.008,8,"Action, Indie, Early Access",SuperCrit,SuperCrit,Indie,"['Action', 'Adventure', 'Indie', 'Simulation', 'Singleplayer', 'Free to Play', 'Early Access', 'Massively Multiplayer', 'Multiplayer', 'Co-op', 'Crafting', 'Third-Person', 'Epic', 'Dinosaurs', 'Hunting', 'Survival', 'Exploration', 'Open World', 'Sandbox', 'PvP']",NULL
419,400377,214394,655946,"Dune: Awakening",0000-00-00,1172710,0,0,0,0,143000,0,0,"Action, Adventure, RPG, MMO",Funcom,Funcom,AA,"['Action', 'Adventure', 'RPG', 'Massively Multiplayer', 'Multiplayer', 'Online Co-Op', 'Character Customization', 'PvE', 'Crafting', 'Third-Person', 'Lore-Rich', 'Open World Survival Craft', 'Building', 'Survival', 'Exploration', 'Base Building', 'Open World', 'Sandbox', 'Sci-fi', 'PvP']",NULL
420,36476,529,645737,"Far Cry® 3",2012-12-04,220240,19.99,78000000,5300000,110000,142000,89.493,23,"Action, Adventure",Ubisoft,Ubisoft,AAA,"['Action', 'Adventure', 'Singleplayer', 'RPG', 'Multiplayer', 'Co-op', 'First-Person', 'Online Co-Op', 'Crafting', 'Hunting', 'Survival', 'FPS', 'Stealth', 'Shooter', 'Open World', 'Story Rich', 'Sandbox', 'Atmospheric', 'Colorful', 'Nudity']",NULL
421,36259,18166,646599,"Rising Storm 2: Vietnam",2017-05-30,418460,24.99,34500000,2200000,56695,142000,86.77,35,"Action, Simulation, Strategy, MMO","Antimatter Games, Tripwire Interactive","Tripwire Interactive",AA,"['Action', 'Simulation', 'Massively Multiplayer', 'Multiplayer', 'Immersive Sim', 'Gore', 'First-Person', 'War', 'Historical', 'Military', 'Wargame', 'Tactical', 'Team-Based', 'Cold War', 'Vehicular Combat', 'FPS', 'Atmospheric', 'Horror', 'PvP', 'Realistic']",NULL
422,36137,2002,703829,Banished,2014-02-18,242920,19.99,33700000,2700000,41961,142000,90.372,31,"Indie, Simulation, Strategy","Shining Rock Software LLC","Shining Rock Software LLC",Indie,"['Strategy', 'Indie', 'Simulation', 'Singleplayer', 'Economy', 'Colony Sim', 'Medieval', 'Historical', 'Beautiful', 'Building', 'Survival', 'RTS', 'City Builder', 'Resource Management', 'Management', 'Relaxing', 'Open World', 'Sandbox', 'Difficult', 'Procedural Generation']",NULL
423,36691,11064,683089,"Shadow Warrior 2",2016-10-13,324800,29.99,27900000,1100000,26996,142000,87.191,9,"Action, Adventure","Flying Wild Hog","Devolver Digital",AA,"['Action', 'Adventure', 'Singleplayer', 'Multiplayer', 'Ninja', 'Gore', 'Demons', 'Memes', 'Co-op', 'First-Person', 'Loot', 'Hack and Slash', 'Parkour', 'Swordplay', 'Looter Shooter', 'FPS', 'Shooter', 'Open World', 'Comedy', 'Funny']",NULL
424,59419,152243,653160,"Slime Rancher 2",2022-09-22,1657630,29.99,21300000,975000,32486,142000,94.314,12,"Action, Adventure, Indie, Simulation, Casual, Early Access","Monomi Park","Monomi Park",Indie,"['Action', 'Adventure', 'Simulation', 'Singleplayer', 'Casual', 'Multiplayer', 'Action-Adventure', 'First-Person', 'Creature Collector', '3D', 'Female Protagonist', 'Building', 'FPS', 'Relaxing', 'Fantasy', 'Open World', 'Atmospheric', 'Cute', 'Family Friendly', 'Colorful']",NULL
425,37512,10355,699779,GearCity,2014-05-30,285110,19.99,560000,41670,1389,8227,89.057,49,"Indie, Simulation, Strategy","Visual Entertainment And Technologies","Visual Entertainment And Technologies",Indie,"['Strategy', 'Indie', 'Simulation', 'Old School', 'Early Access', 'Automobile Sim', 'Addictive', 'Racing', 'Economy', 'Education', 'Capitalism', 'Historical', 'Turn-Based Strategy', 'Building', 'Turn-Based', 'Management', 'Sandbox', 'Retro', 'Realistic', 'Replay Value']",NULL
426,10396,70385,714799,"SCP: Secret Laboratory",2017-12-29,700330,0,0,9900000,210000,142000,91.485,28,"Action, Free to Play","Northwood Studios","Northwood Studios",Indie,"['Strategy', 'Action', 'Adventure', 'Indie', 'Free to Play', 'Multiplayer', 'Psychological Horror', 'Memes', 'Co-op', 'First-Person', 'Online Co-Op', 'Survival Horror', 'Survival', 'FPS', 'Shooter', 'Fantasy', 'Sci-fi', 'Atmospheric', 'Difficult', 'Horror']",NULL
427,17290,17382,728735,"Beasts of Prey",2014-06-05,299860,0,1300000,120000,1954,22541,41.146,11,"Action, Adventure, Indie, MMO","Denurea Invest","Denurea Invest",Indie,"['Strategy', 'Action', 'Adventure', 'Indie', 'Early Access', 'Massively Multiplayer', 'Multiplayer', 'Co-op', 'First-Person', 'Crafting', 'Walking Simulator', 'Dinosaurs', 'Hunting', 'Building', 'Survival', 'FPS', 'Exploration', 'Open World', 'Sandbox', 'PvP']",NULL
428,57295,119270,711620,"Tales of Arise",2021-09-09,740130,39.99,43700000,1000000,34494,141000,87.491,30,"Action, RPG","Bandai Namco","Bandai Namco",AAA,"['Action', 'Adventure', 'Singleplayer', 'RPG', 'Multiplayer', 'Controller', 'Action RPG', 'Character Customization', 'Hack and Slash', 'Third-Person', 'Magic', 'Combat', 'Romance', 'Female Protagonist', 'JRPG', 'Fantasy', 'Open World', 'Story Rich', 'Anime', 'Sexual Content']",NULL
429,169701,144024,672406,"FINAL FANTASY VII REMAKE INTERGRADE",2022-06-17,1462040,39.99,62700000,1400000,35446,140000,88.834,27,"Action, Adventure, RPG","Square Enix","Square Enix",AAA,"['Action', 'Adventure', 'Singleplayer', 'RPG', 'Controller', 'Action-Adventure', 'Drama', 'Action RPG', 'Party-Based RPG', 'Third-Person', 'Magic', 'Cinematic', '3D Platformer', 'Spectacle fighter', '3D', 'JRPG', 'Fantasy', 'Story Rich', 'Sci-fi', 'Realistic']",NULL
430,35917,386,728354,"FINAL FANTASY XIV Online",2014-02-18,39210,19.99,45000000,3000000,79164,140000,87.971,574,"RPG, MMO","Square Enix","Square Enix",AAA,"['Action', 'Adventure', 'RPG', 'Massively Multiplayer', 'Multiplayer', 'Action RPG', 'Co-op', 'MMORPG', 'Online Co-Op', 'Character Customization', 'Crafting', 'Third-Person', 'Magic', 'Female Protagonist', 'Exploration', 'JRPG', 'Fantasy', 'Open World', 'Story Rich', 'Atmospheric']",NULL
431,60625,156150,720500,"Company of Heroes 3",2023-02-23,1677280,59.99,41900000,949000,31628,140000,56.444,47,"Action, Strategy","Relic Entertainment",,,"['Strategy', 'Action', 'Singleplayer', 'Multiplayer', 'Choices Matter', 'Turn-Based Tactics', 'Turn-Based Combat', 'War', 'Historical', 'Military', 'World War II', 'Cinematic', 'Wargame', 'Tactical', 'Turn-Based Strategy', 'Real Time Tactics', 'Action RTS', 'Top-Down', 'RTS', 'PvP']",NULL
432,39829,55123,729200,"X4: Foundations",2018-11-30,392160,49.99,18000000,503000,22902,140000,79.307,114,"Action, Simulation, Strategy",Egosoft,Egosoft,Indie,"['Strategy', 'Simulation', 'Singleplayer', 'Economy', 'Capitalism', 'Flight', 'Space Sim', 'First-Person', 'Grand Strategy', 'Immersive', 'Trading', '3D', 'Building', 'Exploration', 'Base Building', 'Management', 'Open World', 'Space', 'Sandbox', 'Procedural Generation']",NULL
433,36449,54572,647355,"Artifact Classic",2018-11-28,583950,0,14500000,925000,24764,140000,46.879,67,Strategy,Valve,Valve,AAA,"['Strategy', 'Singleplayer', 'Casual', 'Multiplayer', 'Competitive', 'Trading Card Game', 'Magic', 'Tactical', 'Turn-Based Strategy', 'Deckbuilding', 'Card Battler', 'eSports', 'Card Game', 'Turn-Based', 'Fantasy', 'Funny', 'Atmospheric', 'Difficult', 'Great Soundtrack', 'Violent']",NULL
434,38948,86316,648341,"Muse Dash",2019-06-20,774171,2.99,5600000,3000000,118000,140000,89.903,12,"Action, Indie, Casual",peropero,hasuhasu,Indie,"['Action', 'Indie', 'Singleplayer', 'Casual', 'Music', 'Beautiful', 'Hentai', 'Rhythm', '2D', 'Female Protagonist', 'Arcade', 'Anime', 'Funny', 'Difficult', 'Great Soundtrack', 'Cute', 'Colorful', 'Mature', 'Sexual Content', 'Nudity']",NULL
435,53921,6038,674108,"Sid Meier's Civilization: Beyond Earth",2014-10-24,65980,39.99,84500000,2900000,22484,139000,60.105,29,Strategy,"Aspyr, Firaxis Games","2K, Aspyr","AA, AAA","['Strategy', 'Action', 'Adventure', 'Simulation', 'Singleplayer', 'Multiplayer', 'Aliens', 'Hex Grid', 'Moddable', 'Grand Strategy', 'Tactical', 'Turn-Based Strategy', 'Futuristic', '4X', 'Turn-Based', 'Exploration', 'Space', 'Sci-fi', 'Atmospheric', 'Replay Value']",NULL
436,58414,148241,615019,"Lies of P",2023-09-18,1627720,59.99,63000000,1400000,48062,139000,92.312,28,"Action, Adventure, RPG",,Neowiz,Indie,"['Action', 'Adventure', 'Singleplayer', 'RPG', 'Choices Matter', 'Action RPG', 'Souls-like', 'Dark', 'Dark Fantasy', 'Third-Person', 'Gothic', 'Steampunk', '3D', 'Exploration', 'Story Rich', 'Atmospheric', 'Difficult', 'Violent', 'Multiple Endings', 'Replay Value']",NULL
437,36520,4754,712199,"Alien: Isolation",2014-10-06,214490,39.99,62600000,2200000,59758,139000,93.199,13,Action,"Creative Assembly, Feral Interactive","Feral Interactive, SEGA","AA, AAA","['Action', 'Adventure', 'Singleplayer', 'Aliens', 'VR', 'Gore', 'Psychological Horror', 'First-Person', 'Survival Horror', 'Female Protagonist', 'Survival', 'FPS', 'Stealth', 'Shooter', 'Space', 'Sci-fi', 'Atmospheric', 'Difficult', 'Great Soundtrack', 'Horror']",NULL
438,34696,8249,682835,"Secret Ponchos",2014-06-13,265750,14.99,1200000,130000,1314,7332,70.7,3,"Action, Indie","Switchblade Monkeys Entertainment","Switchblade Monkeys Entertainment",Indie,"['Action', 'Adventure', 'Indie', 'Early Access', 'Multiplayer', 'Fighting', 'MOBA', 'Twin Stick Shooter', 'Western', 'Isometric', 'Shooter', 'PvP']",NULL
439,16605,11642,646095,"Geometry Dash",2014-12-22,322170,4.99,14600000,5100000,403000,139000,93.449,82,"Action, Indie","RobTop Games","RobTop Games",Indie,"['Strategy', 'Action', 'Adventure', 'Indie', 'Singleplayer', 'Casual', 'Side Scroller', 'Music', 'Character Customization', 'Level Editor', 'Rhythm', 'Precision Platformer', '2D', 'Platformer', 'Arcade', 'Funny', 'Difficult', 'Great Soundtrack', 'Family Friendly', 'Colorful']",NULL
440,479051,114283,720567,"Persona 5 Royal",2022-10-21,1687950,59.99,121300000,2900000,97236,138000,96.656,63,RPG,ATLUS,SEGA,AAA,"['Adventure', 'Singleplayer', 'RPG', 'Turn-Based Combat', 'Party-Based RPG', 'Dating Sim', 'Turn-Based Strategy', 'Detective', 'Emotional', 'Soundtrack', 'Heist', 'JRPG', 'Story Rich', 'Anime', 'Great Soundtrack', 'Violent', 'Visual Novel', 'Colorful', 'Multiple Endings', 'Sexual Content']",NULL
441,39945,131843,704913,"State of Decay 2",2020-03-13,495420,29.99,36300000,1800000,61111,138000,82.871,32,"Action, Simulation, RPG","Undead Labs","Xbox Game Studios",AAA,"['Action', 'Simulation', 'Singleplayer', 'RPG', 'Multiplayer', 'Gore', 'Perma Death', 'Co-op', 'Online Co-Op', 'Third-Person', 'Zombies', 'Post-apocalyptic', 'Survival', 'Base Building', 'Open World', 'Sandbox', 'Atmospheric', 'Violent', 'Horror', 'Replay Value']",NULL
442,169563,141542,676026,"ARK 2",0000-00-00,2050420,0,0,0,0,138000,0,0,"Action, Adventure, Indie, RPG, MMO","Grove Street Games, Studio Wildcard","Studio Wildcard",AA,"['Singleplayer', 'RPG', 'Multiplayer', 'Action-Adventure', 'Online Co-Op', 'Character Customization', 'PvE', 'Crafting', 'Third-Person', 'Dinosaurs', 'Combat', 'Building', 'Survival', 'Exploration', 'Base Building', 'Fantasy', 'Open World', 'Sandbox', 'Sci-fi', 'PvP']",NULL
443,36489,20331,713915,"For The King",2017-02-28,527230,19.99,22600000,1900000,40930,137000,88.229,22,"Adventure, Indie, Strategy, RPG","IronOak Games","Curve Games",Indie,"['Strategy', 'Adventure', 'Indie', 'RPG', 'Multiplayer', 'Co-op', 'Tabletop', 'Turn-Based Combat', 'Party-Based RPG', 'Hex Grid', 'Board Game', 'Online Co-Op', 'Turn-Based Strategy', 'Local Co-Op', 'Strategy RPG', 'Turn-Based', 'Roguelike', 'Roguelite', 'Fantasy', 'Open World']",NULL
444,3987,126547,612199,Paralives,0000-00-00,1118520,0,0,0,0,137000,0,0,Simulation,"Alex Massé and team","Paralives Studio",Indie,"['Indie', 'Simulation', 'Singleplayer', 'Casual', 'Multiplayer', 'LGBTQ+', 'Character Customization', 'Life Sim', 'Building', 'Relaxing', 'Open World', 'Sandbox', 'Cute', 'Family Friendly', 'Realistic', 'Mature', 'Sexual Content']",NULL
445,39529,121752,650232,Ghostrunner,2020-10-27,1139900,29.99,36900000,1900000,62614,136000,91.404,11,Action,"3D Realms, All in! Games, ONE MORE LEVEL, Slipgate Ironworks","505 GAMES",AA,"['Strategy', 'Action', 'Adventure', 'Singleplayer', 'Ninja', 'Action-Adventure', 'Fighting', 'First-Person', 'Hack and Slash', 'Cyberpunk', 'Futuristic', 'Post-apocalyptic', 'Swordplay', 'Combat', 'Shooter', 'Sci-fi', 'Difficult', 'Great Soundtrack', 'Violent', 'Fast-Paced']",NULL
446,34741,16835,645861,"Bot Colony",2014-06-16,263040,14.99,20267,2389,97,1224,68.041,0,"Adventure, Indie, Simulation, Strategy, Casual, Early Access, RPG","North Side","North Side",Indie,"['Strategy', 'Adventure', 'Indie', 'Simulation', 'Early Access', 'Casual', 'RPG', 'Robots', 'Experimental', 'Education', 'Artificial Intelligence', 'Investigation', 'Detective', 'Immersive', 'Episodic', 'Typing', 'Voice Control', 'Puzzle', 'Sci-fi', 'Funny']",NULL
447,57372,131999,702546,"NieR Replicant ver.1.22474487139...",2021-04-24,1113560,59.99,29500000,750000,25003,136000,88.257,25,"Action, Adventure, RPG","Square Enix, Toylogic inc.","Square Enix",AAA,"['Action', 'Adventure', 'Singleplayer', 'RPG', 'Dark Humor', 'Bullet Hell', 'Action RPG', 'Character Action Game', 'Dark Fantasy', 'Hack and Slash', 'Magic', 'Post-apocalyptic', 'Cult Classic', 'JRPG', 'Story Rich', 'Anime', 'Atmospheric', 'Great Soundtrack', 'Violent', 'Nudity']",NULL
448,36408,19554,704789,Steep,2016-12-02,460920,29.99,21600000,997000,30207,136000,82.18,11,"Action, Sports",Ubisoft,Ubisoft,AAA,"['Action', 'Adventure', 'Simulation', 'Singleplayer', 'Casual', 'Multiplayer', 'Sports', 'Racing', 'Co-op', 'First-Person', 'Third-Person', 'Snow', 'Skiing', 'Snowboarding', 'Exploration', 'Open World', 'Sandbox', 'Atmospheric', 'Great Soundtrack', 'Realistic']",NULL
449,38897,17535,728764,"Fancy Skulls",2014-06-16,307090,0,196000,32862,334,889,72.754,3,"Action, Indie, Free to Play, Early Access",tequibo,tequibo,Indie,"['Action', 'Indie', 'Free to Play', 'Early Access', 'Action Roguelike', 'FPS', 'Roguelike']",NULL
450,43987,143061,612428,"Coral Island",2022-10-11,1158160,29.99,13500000,627000,20897,136000,88.051,48,"Adventure, Indie, Simulation, Strategy, Casual, RPG","Stairway Games","Humble Games",Indie,"['Adventure', 'Indie', 'Simulation', 'Singleplayer', 'Casual', 'RPG', 'LGBTQ+', 'Character Customization', 'Agriculture', 'Crafting', 'Dating Sim', 'Fishing', 'Life Sim', 'Mining', 'Farming Sim', 'Cartoony', 'Building', 'Relaxing', 'Open World', 'Sandbox']",NULL
451,17849,14726,682872,Deadbreed®,2014-07-01,277950,0,2100000,147000,2379,8301,63.304,5,"Action, Adventure, Indie, Strategy, Free to Play, RPG","Deadbreed AB","Deadbreed AB",Indie,"['Strategy', 'Action', 'Adventure', 'Indie', 'Free to Play', 'Early Access', 'RPG', 'Massively Multiplayer', 'Multiplayer', 'Co-op', 'Dark', 'MOBA', 'MMORPG', 'Dark Fantasy', 'Character Customization', 'FPS', 'Open World', 'Horror']",NULL
452,39667,7205,704108,SUPERHOT,2016-02-25,322500,24.99,28900000,1800000,38368,135000,91.209,7,"Action, Indie","SUPERHOT Team","SUPERHOT Team",Indie,"['Action', 'Adventure', 'Indie', 'Singleplayer', 'Casual', 'Bullet Time', 'Gore', 'Kickstarter', 'Short', 'First-Person', 'Cyberpunk', 'Time Manipulation', 'FPS', 'Puzzle', 'Shooter', 'Sci-fi', 'Minimalist', 'Difficult', 'Violent', 'Fast-Paced']",NULL
453,36010,14177,700224,"Divinity: Original Sin Enhanced Edition",2015-10-27,373420,39.99,73000000,2900000,28571,134000,89.696,29,"Adventure, Indie, Strategy, RPG","Larian Studios","Larian Studios",AA,"['Strategy', 'Adventure', 'Indie', 'Singleplayer', 'RPG', 'Multiplayer', 'Co-op', 'Split Screen', 'Turn-Based Combat', 'CRPG', 'Party-Based RPG', 'Character Customization', 'Turn-Based Strategy', 'Local Co-Op', 'Isometric', 'Turn-Based', 'Fantasy', 'Open World', 'Story Rich', 'Great Soundtrack']",NULL
454,46681,119161,703174,"Need for Speed™ Heat ",2020-06-04,1222680,69.99,129200000,3900000,129000,133000,83.848,19,"Action, Adventure, Sports, Racing","Ghost Games","Electronic Arts",AAA,"['Action', 'Adventure', 'Singleplayer', 'Multiplayer', 'Sports', 'Racing', 'Controller', 'Driving', 'Co-op', 'Split Screen', 'First-Person', 'Online Co-Op', 'Character Customization', 'Third-Person', 'Destruction', 'Combat Racing', 'Arcade', 'Open World', 'Atmospheric', 'PvP']",NULL
455,479145,191692,718813,"Street Fighter™ 6",2023-06-02,1364780,59.99,68300000,1600000,53672,133000,85.575,93,"Action, Adventure",Capcom,Capcom,AAA,"['Action', 'Adventure', 'Singleplayer', 'Multiplayer', 'Competitive', 'Controller', 'Action RPG', 'Fighting', '2D Fighter', 'Character Customization', 'Local Multiplayer', 'eSports', 'Martial Arts', '3D', 'Arcade', 'Open World', 'Sandbox', 'Anime', 'Great Soundtrack', 'PvP']",NULL
456,2557137,279627,718851,"No Rest for the Wicked",2024-04-18,1371980,39.99,28900000,986000,32879,133000,76.371,15,"Action, Adventure, Early Access, RPG","Moon Studios GmbH","Private Division",Indie,"['Action', 'RPG', 'Controller', 'Drama', 'Stylized', 'Immersive Sim', 'Action RPG', 'Souls-like', 'Dark Fantasy', 'Character Customization', 'Hack and Slash', 'Cinematic', 'Supernatural', 'Gothic', 'Isometric', 'Combat', '3D', 'Exploration', 'Atmospheric', 'Colorful']",NULL
457,35482,15404,728479,Blockscape,2014-07-03,223490,9.99,643000,50096,897,27598,46.488,9,"Indie, Simulation, Strategy, Casual, Early Access, RPG",ioneo,ioneo,Indie,"['Strategy', 'Action', 'Adventure', 'Indie', 'Simulation', 'Singleplayer', 'Early Access', 'Casual', 'RPG', 'Multiplayer', 'Co-op', 'First-Person', 'Crafting', 'Voxel', 'Open World Survival Craft', 'Building', 'Survival', 'Exploration', 'Open World', 'Sandbox']",NULL
458,36042,40470,705656,"Car Mechanic Simulator 2018",2017-07-28,645630,19.99,15600000,1200000,51025,133000,91.291,26,"Simulation, Racing","Red Dot Games","PlayWay S. A.",Indie,"['Strategy', 'Simulation', 'Singleplayer', 'Multiplayer', 'Automobile Sim', 'Racing', 'Driving', 'Education', 'Memes', 'Co-op', 'First-Person', 'Moddable', 'Crafting', 'Building', 'Physics', 'Management', 'Open World', 'Sandbox', 'Great Soundtrack', 'Realistic']",NULL
459,36213,7871,682973,Robocraft,2014-07-08,301520,0,0,11300000,118000,157000,73.016,27,"Action, Indie, Simulation, Free to Play, RPG, MMO",Freejam,Freejam,Indie,"['Strategy', 'Action', 'Adventure', 'Indie', 'Simulation', 'Free to Play', 'Early Access', 'RPG', 'Massively Multiplayer', 'Multiplayer', 'Robots', 'Third-Person Shooter', 'Crafting', 'Building', 'Shooter', 'Open World', 'Sandbox', 'Sci-fi', 'Funny', 'PvP']",NULL
460,36250,14523,713274,HELLDIVERS™,2015-12-07,394510,19.99,30300000,2300000,31073,132000,90.255,17,Action,"Arrowhead Game Studios","PlayStation Publishing LLC",AAA,"['Strategy', 'Action', 'Multiplayer', 'Top-Down Shooter', 'Co-op', '4 Player Local', 'Mechs', 'Online Co-Op', 'Twin Stick Shooter', 'Hack and Slash', 'Local Co-Op', 'Isometric', 'Top-Down', 'Survival', 'Shooter', 'Comedy', 'Space', 'Sci-fi', 'Funny', 'Difficult']",NULL
461,54930,0,673950,"Source Filmmaker",2012-07-10,1840,0,0,4500000,40018,132000,92.971,40,"Animation & Modeling, Video Production",Valve,Valve,AAA,"['Adventure', 'Singleplayer', 'Free to Play', 'Memes', 'Animation & Modeling', 'Illuminati', 'Moddable', 'Character Customization', 'Video Production', 'Movie', 'Software', 'Games Workshop', 'Comedy', 'Sandbox', 'Anime', 'Funny', 'Difficult', 'Great Soundtrack', 'Family Friendly', 'Sexual Content']",NULL
462,245684,201156,639723,"STAR WARS Jedi: Survivor™",2023-04-28,1774580,69.99,93100000,1900000,62626,131000,68.377,31,"Action, Adventure",Respawn,"Electronic Arts",AAA,"['Action', 'Adventure', 'Singleplayer', 'RPG', 'Multiplayer', 'Action-Adventure', 'Souls-like', 'Character Customization', 'Third-Person', 'Parkour', 'Swordplay', 'Combat', 'Exploration', 'Open World', 'Story Rich', 'Space', 'Sci-fi', 'Atmospheric', 'Difficult', 'Great Soundtrack']",NULL
463,67260,185253,689884,"Dune: Spice Wars",2022-04-26,1605220,34.99,8500000,367000,12217,131000,79.7,16,Strategy,"Shiro Games","Funcom, Shiro Games",AA,"['Strategy', 'Indie', 'Simulation', 'Singleplayer', 'Multiplayer', 'Economy', 'Co-op', 'PvE', 'War', 'Grand Strategy', 'Tactical', 'Real Time Tactics', 'Diplomacy', 'Building', '4X', 'RTS', 'Base Building', 'Management', 'Sci-fi', 'PvP']",NULL
464,54390,538,715618,"BioShock Infinite",2013-03-26,8870,29.99,135800000,7800000,140000,130000,93.833,14,Action,"Irrational Games, Virtual Programming (Linux)",2K,AAA,"['Action', 'Adventure', 'Singleplayer', 'RPG', 'Gore', 'First-Person', 'Beautiful', 'Time Travel', 'Dystopian ', 'Alternate History', 'Immersive', 'Steampunk', 'FPS', 'Shooter', 'Linear', 'Fantasy', 'Story Rich', 'Sci-fi', 'Atmospheric', 'Great Soundtrack']",NULL
465,34979,16695,645836,"Warmachine Tactics",2014-07-08,253510,0,3800000,128000,1147,16927,44.377,279,"Indie, Strategy","WhiteMoon Dreams","Privateer Press Interactive",Indie,"['Strategy', 'Adventure', 'Indie', 'Singleplayer', 'Early Access', 'RPG', 'Multiplayer', 'Kickstarter', 'Mechs', 'Tabletop', 'Board Game', 'Tactical', 'Turn-Based Strategy', 'Steampunk', 'Turn-Based', 'Fantasy']",NULL
466,38003,0,724391,GRIS,2018-12-13,683320,14.99,22400000,2200000,81634,130000,96.411,4,"Adventure, Indie","Nomada Studio","Devolver Digital",AA,"['Adventure', 'Indie', 'Singleplayer', 'Casual', 'Puzzle Platformer', 'Hand-drawn', 'Surreal', 'Beautiful', 'Walking Simulator', '2D', 'Female Protagonist', 'Platformer', 'Puzzle', 'Exploration', 'Relaxing', 'Story Rich', 'Anime', 'Atmospheric', 'Great Soundtrack', 'Colorful']",NULL
467,17120,17430,704036,"Of Guards And Thieves",2014-07-09,302590,0,941000,785000,4329,16555,85.285,3,"Action, Indie, Strategy, Casual, Free to Play, Early Access, Racing, MMO","Polygon Moon, Subvert Games","Polygon Moon, Subvert Games",Indie,"['Strategy', 'Action', 'Indie', 'Free to Play', 'Early Access', 'Casual', 'Massively Multiplayer', 'Multiplayer', 'Racing', 'Top-Down Shooter', 'Co-op', 'Zombies', 'Tactical', 'Level Editor', 'Team-Based', 'Top-Down', 'Stealth', 'Shooter', 'Sandbox', 'Funny']",NULL
468,35980,41895,714332,"House Party",2017-06-30,611790,24.99,15800000,1200000,14853,130000,86.346,12,"Adventure, Indie, Simulation, Casual, RPG","Eek! Games, LLC","Eek! Games, LLC",Indie,"['Adventure', 'Simulation', 'Singleplayer', 'Choose Your Own Adventure', 'Choices Matter', 'Drama', 'LGBTQ+', 'Cinematic', 'NSFW', 'Life Sim', '3D', 'Female Protagonist', 'Puzzle', 'Comedy', 'Story Rich', 'Sandbox', 'Multiple Endings', 'Mature', 'Sexual Content', 'Nudity']",NULL
469,37083,5572,703837,"Men of War: Assault Squad 2",2014-01-16,244450,29.99,36300000,1900000,43744,129000,91.267,65,"Action, Simulation, Strategy",Digitalmindsoft,"Fulqrum Publishing",Indie,"['Strategy', 'Action', 'Adventure', 'Simulation', 'Singleplayer', 'Multiplayer', 'Classic', 'Tanks', 'Co-op', 'War', 'Historical', 'Military', 'World War II', 'Tactical', 'Destruction', 'Real Time Tactics', 'RTS', 'Atmospheric', 'Difficult', 'Realistic']",NULL
470,37834,6452,713082,"Tales of Zestiria",2015-10-19,351970,49.99,17400000,519000,9049,129000,80.374,26,RPG,"Bandai Namco","Bandai Namco",AAA,"['Action', 'Adventure', 'Singleplayer', 'RPG', 'Multiplayer', 'Action-Adventure', 'Action RPG', 'Co-op', 'Character Customization', 'Hack and Slash', 'Third-Person', 'Local Co-Op', 'JRPG', 'Fantasy', 'Open World', 'Story Rich', 'Anime', 'Atmospheric', 'Great Soundtrack', 'Cute']",NULL
471,18975,103065,715236,"Workers & Resources: Soviet Republic",2019-03-15,784150,39.99,11300000,516000,21230,129000,91.3,93,"Simulation, Strategy",3Division,"Hooded Horse",Indie,"['Strategy', 'Simulation', 'Singleplayer', 'Real-Time with Pause', 'Economy', 'Colony Sim', 'Moddable', 'Historical', 'Grand Strategy', 'Building', 'Survival', '4X', 'RTS', 'City Builder', 'Base Building', 'Resource Management', 'Management', 'Open World', 'Sandbox', 'Replay Value']",NULL
472,35958,7435,728498,"Heroes & Generals",2014-07-11,227940,0,0,6500000,143000,293000,67.564,23,"Action, Indie, Strategy, Free to Play, MMO","TLM Partners","TLM Partners",Indie,"['Strategy', 'Action', 'Adventure', 'Indie', 'Simulation', 'Free to Play', 'Early Access', 'Massively Multiplayer', 'Multiplayer', 'Co-op', 'First-Person', 'War', 'Historical', 'World War II', 'Tactical', 'FPS', 'RTS', 'Shooter', 'Open World', 'Atmospheric']",NULL
473,39384,56347,667802,PixARK,2018-03-27,593600,19.99,5700000,275000,12363,129000,72.749,27,"Action, Adventure, Strategy, Casual, RPG, MMO","Snail Games USA","Snail Games USA",Indie,"['Strategy', 'Action', 'Adventure', 'Casual', 'RPG', 'Massively Multiplayer', 'Multiplayer', 'Co-op', 'Crafting', 'Magic', 'Voxel', 'Dinosaurs', 'Pixel Graphics', 'Building', 'Survival', 'FPS', 'Base Building', 'Open World', 'Sandbox', 'PvP']",NULL
474,47310,134070,726350,"Mafia: Definitive Edition",2020-09-24,1030840,39.99,44200000,2600000,86937,128000,87.062,12,"Action, Adventure","Hangar 13",2K,AAA,"['Action', 'Adventure', 'Singleplayer', 'Multiplayer', 'Racing', 'Classic', 'Gore', 'Third-Person Shooter', 'Third-Person', 'Remake', 'Crime', 'Noir', 'Shooter', 'Open World', 'Story Rich', 'Atmospheric', 'Great Soundtrack', 'Violent', 'Mature', 'Sexual Content']",NULL
475,36090,21040,645722,"DARK SOULS™: Prepare To Die Edition",2012-08-24,211420,0,41500000,3500000,78013,128000,91.473,53,"Action, RPG",FromSoftware,"Bandai Namco",AAA,"['Action', 'Adventure', 'RPG', 'Multiplayer', 'Addictive', 'Action RPG', 'Souls-like', 'Dark', 'Dark Fantasy', 'Third-Person', 'Unforgiving', 'Immersive', 'Lore-Rich', 'Exploration', 'Fantasy', 'Open World', 'Atmospheric', 'Difficult', 'Great Soundtrack', 'Replay Value']",NULL
476,66883,168670,653172,"UNCHARTED™: Legacy of Thieves Collection",2022-10-19,1659420,49.99,38500000,1100000,28065,128000,89.916,18,Adventure,"Iron Galaxy Studios, Naughty Dog LLC","PlayStation Publishing LLC",AAA,"['Action', 'Adventure', 'Singleplayer', 'Multiplayer', 'Controller', 'Action-Adventure', 'Third-Person Shooter', 'Third-Person', 'Cinematic', 'Parkour', 'Combat', 'Female Protagonist', 'Platformer', 'Puzzle', 'Stealth', 'Shooter', 'Exploration', 'Story Rich', 'Funny', 'Atmospheric']",NULL
477,38349,103288,685503,"JUMP FORCE",2019-02-14,816020,0,18800000,556000,22718,128000,73.541,12,Action,"Spike Chunsoft Co., Ltd.","Bandai Namco",AAA,"['Action', 'Singleplayer', 'Casual', 'RPG', 'Massively Multiplayer', 'Multiplayer', 'Controller', "Beat 'em up", 'Co-op', 'Fighting', 'Character Customization', 'Local Multiplayer', '3D Fighter', 'Fantasy', 'Open World', 'Story Rich', 'Anime', 'Great Soundtrack', 'Violent', 'Nudity']",NULL
478,39962,103295,610781,"Secret Neighbor",2019-10-24,859570,19.99,8400000,656000,18291,128000,86.48,11,"Action, Adventure, Indie","Eerie Guest Studios, Hologryph",tinybuild,Indie,"['Action', 'Adventure', 'Indie', 'Casual', 'Multiplayer', 'Mystery', 'Co-op', 'First-Person', 'Online Co-Op', 'Thriller', 'Survival Horror', 'Cartoony', 'Puzzle', 'Stealth', 'Comedy', 'Funny', 'Family Friendly', 'Colorful', 'Horror', 'PvP']",NULL
479,16946,17595,728786,Isomer,2014-07-11,311980,9.99,27244,3669,73,281,17.808,0,"Action, Indie, Strategy, Early Access","Ionising Software","Ionising Software",Indie,"['Strategy', 'Action', 'Indie', 'Early Access', 'Sandbox']",NULL
480,37492,102163,701165,"Dawn of Man",2019-03-01,858810,24.99,5600000,314000,16906,128000,86.857,29,"Indie, Simulation, Strategy","Madruga Works","Madruga Works",Indie,"['Strategy', 'Indie', 'Simulation', 'Singleplayer', 'Multiplayer', 'Choices Matter', 'Economy', 'Colony Sim', 'Historical', 'Political', 'Destruction', 'Survival', 'RTS', 'City Builder', 'Resource Management', 'Management', 'Open World', 'Story Rich', 'Sandbox', 'Nudity']",NULL
481,55312,572,715666,"Arma 2",2009-06-29,33900,12.99,1200000,157000,2124,128000,83.475,14,"Action, Simulation, Strategy","Bohemia Interactive","Bohemia Interactive",AAA,"['Strategy', 'Action', 'Simulation', 'Singleplayer', 'Multiplayer', 'Co-op', 'First-Person', 'Third-Person Shooter', 'Moddable', 'War', 'Military', 'Third-Person', 'Zombies', 'Tactical', 'TrackIR', 'FPS', 'Shooter', 'Open World', 'Sandbox', 'Realistic']",NULL
482,1228453,246417,632311,Unrecord,0000-00-00,2381520,0,0,0,0,128000,0,0,"Action, Adventure, Indie",DRAMA,DRAMA,Indie,"['Action', 'Adventure', 'Indie', 'Singleplayer', 'Choices Matter', 'Action-Adventure', 'VR', 'Gore', 'First-Person', 'Investigation', 'Crime', 'Tactical', 'Modern', 'Combat', 'Villain Protagonist', 'FPS', 'Stealth', 'Shooter', 'Violent', 'Realistic']",NULL
483,36382,8200,712551,"Total War: ATTILA",2015-02-17,325610,44.99,59800000,2000000,34627,127000,82.026,97,Strategy,"Creative Assembly",SEGA,AAA,"['Strategy', 'Action', 'Adventure', 'Simulation', 'Singleplayer', 'Multiplayer', 'Medieval', 'Co-op', 'War', 'Historical', 'Grand Strategy', 'Tactical', 'Turn-Based Strategy', 'Real Time Tactics', 'Rome', 'Survival', 'RTS', 'Turn-Based', 'Open World', 'Atmospheric']",NULL
484,60736,164867,719906,DREDGE,2023-03-30,1562430,24.99,21400000,1200000,40689,127000,95.839,10,"Adventure, RPG","Black Salt Games","Team17 Digital",Indie,"['Adventure', 'Indie', 'Simulation', 'Singleplayer', 'Inventory Management', 'RPG', 'Stylized', 'Lovecraftian', 'Psychological Horror', 'Mystery', 'Sailing', 'Survival Horror', 'Psychological', 'Fishing', '3D', 'Exploration', 'Open World', 'Story Rich', 'Atmospheric', 'Horror']",NULL
485,16950,17598,704070,"Wild Warfare",2014-07-15,312150,0,0,199000,994,2527,69.215,11,"Action, Indie, Free to Play, Early Access","Hyper Hippo Games","Hyper Hippo Games",Indie,"['Action', 'Indie', 'Free to Play', 'Early Access', 'Massively Multiplayer', 'Multiplayer', 'First-Person', 'FPS', 'Shooter', 'Funny']",NULL
486,38417,32283,710407,UBOAT,2019-04-30,494840,29.99,10300000,557000,22758,127000,83.672,31,"Action, Indie, Simulation, Strategy, RPG","Deep Water Studio","PlayWay S. A.",Indie,"['Action', 'Simulation', 'Singleplayer', 'Naval Combat', 'Naval', 'Moddable', 'War', 'Historical', 'Military', 'World War II', 'Submarine', 'Survival', 'RTS', 'Shooter', 'Physics', 'Management', 'Open World', 'Sandbox', 'Realistic', 'Replay Value']",NULL
487,34643,107154,682797,Xam,2014-07-16,269910,0,0,16680,264,553,52.273,2,"Action, Strategy, Free to Play, Early Access, MMO","LLC Anngames","LLC Anngames",Indie,"['Strategy', 'Action', 'Free to Play', 'Early Access', 'RPG', 'Massively Multiplayer', 'Multiplayer', 'MOBA', 'Anime']",NULL
488,36175,9727,703961,SOMA,2015-09-22,282140,29.99,23100000,1200000,44321,126000,95.948,7,"Action, Adventure, Indie","Frictional Games","Frictional Games",AA,"['Action', 'Adventure', 'Indie', 'Singleplayer', 'Drama', 'Gore', 'Lovecraftian', 'Psychological Horror', 'Mystery', 'First-Person', 'Dark', 'Survival Horror', 'Philosophical', 'Walking Simulator', 'Puzzle', 'Exploration', 'Story Rich', 'Sci-fi', 'Atmospheric', 'Horror']",NULL
489,36452,27384,684419,"Graveyard Keeper",2018-08-15,599140,19.99,10300000,768000,42721,126000,86.428,28,"Adventure, Indie, Simulation, RPG","Lazy Bear Games",tinybuild,Indie,"['Adventure', 'Indie', 'Simulation', 'Singleplayer', 'RPG', 'Dark Humor', 'Gore', 'Medieval', 'Mystery', 'Dark', 'Agriculture', 'Crafting', '2D', 'Pixel Graphics', 'Building', 'Management', 'Fantasy', 'Story Rich', 'Sandbox', 'Violent']",NULL
490,51105,140839,651281,"Mass Effect™ Legendary Edition",2021-05-14,1328670,59.99,57400000,1600000,54232,125000,91.002,52,"Action, RPG",BioWare,"Electronic Arts",AAA,"['Action', 'Singleplayer', 'RPG', 'Choices Matter', 'Classic', 'Action RPG', 'Third-Person Shooter', 'Character Customization', 'Military', 'Combat', 'Romance', 'Female Protagonist', 'Shooter', 'Story Rich', 'Space', 'Sci-fi', 'Atmospheric', 'Great Soundtrack', 'Sexual Content', 'Nudity']",NULL
491,66562,186725,639831,"Vampire Survivors",2021-12-17,1794680,4.99,22200000,7400000,247000,125000,98.485,32,"Action, Indie, Casual, RPG",poncle,poncle,Indie,"['Action', 'Indie', 'Singleplayer', 'Casual', 'RPG', 'Score Attack', 'Controller', 'Bullet Hell', '1980s', 'Action RPG', 'Dark Fantasy', 'Action Roguelike', 'Local Co-Op', 'Vampire', '2D', 'Pixel Graphics', 'Roguelike', 'Arcade', 'Roguelite', 'Retro']",NULL
492,16999,17572,646033,"Sky Nations",2014-07-17,310760,0,0,5880,93,1094,69.892,0,"Adventure, Indie, Early Access",Damaged,Damaged,Indie,"['Adventure', 'Indie', 'Early Access', 'Multiplayer', 'Crafting', 'Voxel', 'Open World', 'Sandbox']",NULL
493,36292,26951,698221,"Pillars of Eternity II: Deadfire",2018-05-08,560130,39.99,23700000,711000,18661,124000,88.039,41,RPG,"Obsidian Entertainment","Obsidian Entertainment, Versus Evil","AA, Indie","['Adventure', 'Singleplayer', 'RPG', 'Choices Matter', 'Real-Time with Pause', 'Pirates', 'CRPG', 'Party-Based RPG', 'Character Customization', 'Isometric', 'Romance', 'Female Protagonist', 'Turn-Based', 'Exploration', 'Fantasy', 'Open World', 'Story Rich', 'Atmospheric', 'Great Soundtrack', 'Nudity']",NULL
494,2907736,287871,675477,"The Forever Winter",2024-09-24,2828860,29.99,10800000,528000,17590,124000,72.194,13,"Action, Early Access","Fun Dog Studios","Fun Dog Studios",Indie,"['Action', 'Choices Matter', 'Stylized', 'Gun Customization', 'Co-op', 'Mechs', 'Third-Person Shooter', 'Character Customization', 'PvE', 'Third-Person', 'Dystopian ', 'Tactical', 'Post-apocalyptic', 'Team-Based', 'Looter Shooter', 'Shooter', 'Sci-fi', 'Difficult', 'Horror', 'Extraction Shooter']",NULL
495,56244,102058,698815,OUTRIDERS,2021-04-01,680420,19.99,61600000,1800000,60305,123000,66.489,49,"Action, Adventure, RPG","People Can Fly","Square Enix",AAA,"['Action', 'Adventure', 'Singleplayer', 'RPG', 'Multiplayer', 'Gore', 'Co-op', 'Third-Person Shooter', 'Online Co-Op', 'Loot', 'Character Customization', 'Third-Person', 'Post-apocalyptic', 'Looter Shooter', 'Shooter', 'Open World', 'Story Rich', 'Sci-fi', 'Violent', 'Sexual Content']",NULL
496,36321,9928,716107,"DiRT Rally",2015-04-27,310560,0,56100000,2100000,39724,123000,87.907,17,"Simulation, Sports, Racing","Feral Interactive","Codemasters, Electronic Arts, Feral Interactive","AA, AAA","['Action', 'Simulation', 'Singleplayer', 'Multiplayer', 'Sports', 'Automobile Sim', 'Racing', 'Offroad', 'Driving', 'VR', 'Co-op', 'First-Person', '3D Vision', 'TrackIR', 'Open World', 'Atmospheric', 'Difficult', 'Family Friendly', 'Fast-Paced', 'Realistic']",NULL
497,40879,147519,727985,"Against the Storm",2022-11-01,1336490,29.99,20800000,1200000,30406,123000,95.034,34,"Simulation, Strategy","Eremite Games","Hooded Horse",Indie,"['Strategy', 'Simulation', 'Singleplayer', 'Real-Time with Pause', 'Economy', 'Colony Sim', 'Moddable', 'Historical', 'Grand Strategy', 'Building', 'Survival', '4X', 'RTS', 'City Builder', 'Base Building', 'Resource Management', 'Management', 'Open World', 'Sandbox', 'Replay Value']",NULL
498,19578,77730,685238,"Smalland: Survive the Wilds",2023-03-29,768200,34.99,4900000,243000,8114,123000,83.202,15,"Action, Adventure, Indie, RPG","Merge Games","Maximum Entertainment, Merge Games",Indie,"['Action', 'Adventure', 'Singleplayer', 'RPG', 'Multiplayer', 'Action-Adventure', 'Co-op', 'First-Person', 'Online Co-Op', 'Character Customization', 'Crafting', 'Third-Person', 'Open World Survival Craft', 'Building', 'Survival', 'Exploration', 'City Builder', 'Base Building', 'Open World', 'Sandbox']",NULL
499,2012474,125165,621921,"Diablo® IV",2023-10-17,2344520,49.99,53700000,1400000,46551,122000,65.616,99,"Action, RPG","Blizzard Entertainment, Inc.","Blizzard Entertainment, Inc.",AAA,"['Action', 'Singleplayer', 'RPG', 'Multiplayer', 'Gore', 'Action RPG', 'Co-op', 'Point & Click', 'Dungeon Crawler', 'Online Co-Op', 'Loot', 'Dark Fantasy', 'PvE', 'Hack and Slash', 'Third-Person', 'Isometric', 'Exploration', 'Fantasy', 'Story Rich', 'Violent']",NULL
500,36309,2368,703799,"DARK SOULS™ II",2014-04-25,236430,39.99,38700000,1500000,43928,122000,88.47,78,"Action, RPG",FromSoftware,"Bandai Namco, FromSoftware",AAA,"['Action', 'Adventure', 'RPG', 'Multiplayer', 'Action RPG', 'Souls-like', 'Co-op', 'Dark', 'Dark Fantasy', 'Third-Person', 'Epic', 'Unforgiving', 'Immersive', 'Exploration', 'Fantasy', 'Open World', 'Atmospheric', 'Difficult', 'PvP', 'Replay Value']",NULL
501,59281,152064,718170,"Jurassic World Evolution 2",2021-11-09,1244460,59.99,38300000,1000000,34754,122000,89.161,23,"Simulation, Strategy","Frontier Developments","Frontier Developments",AA,"['Strategy', 'Action', 'Simulation', 'Singleplayer', 'Casual', 'Multiplayer', 'Economy', 'Dinosaurs', 'Sequel', 'Building', 'Survival', 'City Builder', 'Base Building', 'Resource Management', 'Management', 'Open World', 'Sandbox', 'Sci-fi', 'Atmospheric', 'Violent']",NULL
502,48781,142941,727334,"Potion Craft: Alchemist Simulator",2021-09-21,1210320,19.99,11500000,1100000,35829,122000,92.191,10,"Indie, Simulation","niceplay games",tinybuild,Indie,"['Indie', 'Simulation', 'Singleplayer', 'Casual', 'RPG', 'Choices Matter', 'Hand-drawn', 'Medieval', 'Capitalism', 'Point & Click', 'Historical', 'Crafting', 'Life Sim', 'Trading', 'Farming Sim', '2D', 'Resource Management', 'Management', 'Relaxing', 'Sandbox']",NULL
503,36006,9728,699867,Trove,2015-07-09,304050,0,0,10900000,92275,122000,80.287,51,"Action, Adventure, Casual, Free to Play, RPG, MMO","gamigo US Inc.","gamigo US Inc.",Indie,"['Action', 'Adventure', 'Free to Play', 'RPG', 'Massively Multiplayer', 'Multiplayer', 'Dungeon Crawler', 'MMORPG', 'Crafting', 'Voxel', 'Nostalgia', 'Pixel Graphics', 'Building', 'Fantasy', 'Open World', 'Sandbox', 'Procedural Generation', 'Family Friendly', 'Colorful', 'Replay Value']",NULL
504,38754,8258,704054,"Street Fighter V",2016-02-16,310950,19.99,37900000,1700000,43524,121000,67.51,41,Action,Capcom,Capcom,AAA,"['Action', 'Singleplayer', 'Multiplayer', 'Competitive', '2.5D', 'Controller', 'Classic', "Beat 'em up", 'Fighting', '2D Fighter', 'Local Multiplayer', 'eSports', '2D', 'Female Protagonist', 'Arcade', 'Anime', 'Funny', 'Great Soundtrack', 'Sexual Content', 'Nudity']",NULL
505,30631,19456,683432,"Ori and the Blind Forest: Definitive Edition",2016-04-27,387290,19.99,23000000,1900000,65747,121000,95.318,10,Action,"Moon Studios GmbH","Xbox Game Studios",AAA,"['Action', 'Adventure', 'Indie', 'Singleplayer', 'Side Scroller', '2.5D', 'Controller', 'Beautiful', 'Metroidvania', '2D', 'Platformer', 'Puzzle', 'Fantasy', 'Open World', 'Story Rich', 'Atmospheric', 'Difficult', 'Great Soundtrack', 'Cute', 'Family Friendly']",NULL
506,36784,30002,730064,"Lobotomy Corporation",2016-12-16,568220,24.99,14400000,847000,42203,121000,93.695,24,"Indie, Simulation",ProjectMoon,ProjectMoon,Indie,"['Strategy', 'Indie', 'Simulation', 'Singleplayer', 'Gore', 'Lovecraftian', 'Psychological Horror', '2D', 'RTS', 'Roguelike', 'Roguelite', 'Management', 'Story Rich', 'Anime', 'Atmospheric', 'Difficult', 'Great Soundtrack', 'Cute', 'Visual Novel', 'Horror']",NULL
507,35957,2918,712170,"Crusader Kings II",2012-02-14,203770,0,94500000,6300000,73528,120000,89.922,63,"Simulation, Strategy, Free to Play, RPG","Paradox Development Studio","Paradox Interactive",AA,"['Strategy', 'Simulation', 'Singleplayer', 'Free to Play', 'RPG', 'Multiplayer', 'Real-Time with Pause', 'Medieval', 'Moddable', 'Character Customization', 'Historical', 'Grand Strategy', 'Political', 'Politics', 'Political Sim', 'Diplomacy', 'RTS', 'Sandbox', 'Great Soundtrack', 'Replay Value']",NULL
508,36032,36952,684478,"Wolfenstein II: The New Colossus",2017-10-27,612880,39.99,57000000,1800000,43676,120000,80.923,14,Action,"Machine Games","Bethesda Softworks",AAA,"['Action', 'Adventure', 'Singleplayer', 'Multiplayer', 'Gore', 'First-Person', 'World War II', 'Dystopian ', 'Alternate History', 'FPS', 'Stealth', 'Shooter', 'Open World', 'Comedy', 'Story Rich', 'Sci-fi', 'Atmospheric', 'Great Soundtrack', 'Violent', 'Nudity']",NULL
509,43789,139090,655489,Inscryption,2021-10-19,1092790,19.99,34200000,2400000,129000,120000,96.905,17,"Adventure, Indie, Strategy","Daniel Mullins Games","Devolver Digital",AA,"['Strategy', 'Adventure', 'Experimental', 'FMV', 'First-Person', 'Point & Click', 'Dark', 'Surreal', 'Psychological', 'Deckbuilding', 'Card Battler', '2D', 'Pixel Graphics', '3D', 'Puzzle', 'Card Game', 'Roguelike', 'Roguelite', 'Story Rich', 'Horror']",NULL
510,36037,18279,684560,BATTLETECH,2018-04-24,637090,39.99,22700000,815000,31231,120000,83.68,76,"Action, Adventure, Strategy","Harebrained Schemes","Paradox Interactive",AA,"['Strategy', 'Action', 'Adventure', 'Singleplayer', 'RPG', 'Multiplayer', 'Robots', 'Turn-Based Tactics', 'Mechs', 'Character Customization', 'Tactical', 'Turn-Based Strategy', 'Futuristic', 'Turn-Based', 'Management', 'Story Rich', 'Space', 'Sci-fi', 'Difficult', 'Great Soundtrack']",NULL
511,38379,72813,685602,"Untitled Goose Game",2020-09-23,837470,19.99,8100000,648000,21602,120000,95.797,4,"Action, Indie","House House",Panic,AA,"['Action', 'Adventure', 'Indie', 'Simulation', 'Singleplayer', 'Multiplayer', 'Co-op', 'Third-Person', 'Local Multiplayer', 'Local Co-Op', 'Villain Protagonist', 'Puzzle', 'Stealth', 'Physics', 'Comedy', 'Sandbox', 'Funny', 'Cute', 'Family Friendly', 'Colorful']",NULL
512,36113,1262,703741,"South Park™: The Stick of Truth™",2014-03-03,213670,29.99,75200000,3800000,67217,119000,97.557,15,"Action, Adventure, RPG","Obsidian Entertainment",Ubisoft,AAA,"['Action', 'Adventure', 'Singleplayer', 'RPG', 'Dark Humor', 'Cartoon', 'Zombies', 'Turn-Based Strategy', 'Epic', 'Satire', '2D', 'Turn-Based', 'JRPG', 'Fantasy', 'Open World', 'Comedy', 'Story Rich', 'Funny', 'Mature', 'Nudity']",NULL
513,39668,18158,666816,"Ultimate Chicken Horse",2016-03-04,386940,14.99,32500000,3400000,47203,119000,95.875,9,"Action, Indie, Casual","Clever Endeavour Games","Clever Endeavour Games",Indie,"['Action', 'Casual', 'Multiplayer', 'Competitive', '4 Player Local', 'Party', 'Online Co-Op', 'Party Game', '2D Platformer', 'Level Editor', 'Local Multiplayer', 'Parkour', 'Local Co-Op', 'Precision Platformer', '2D', 'Platformer', 'Funny', 'Cute', 'Family Friendly', 'PvP']",NULL
514,29987,19409,729465,"Farming Simulator 17",2016-10-24,447020,14.99,25000000,1300000,24830,119000,93.492,107,Simulation,"Giants Software","Giants Software",Indie,"['Strategy', 'Simulation', 'Singleplayer', 'Multiplayer', 'Automobile Sim', 'Economy', 'Driving', 'Co-op', 'First-Person', 'Moddable', 'Online Co-Op', 'Agriculture', 'Third-Person', 'Farming Sim', 'Management', 'Open World', 'Sandbox', 'Great Soundtrack', 'Family Friendly', 'Realistic']",NULL
515,35055,9337,699654,"World of Diving",2014-07-18,251890,9.99,583000,43566,747,9038,49.933,4,"Adventure, Indie, Simulation, Early Access","Vertigo Games","Vertigo Games",Indie,"['Adventure', 'Indie', 'Simulation', 'Singleplayer', 'Early Access', 'Underwater', 'Multiplayer', 'VR', 'Co-op', 'First-Person', 'Female Protagonist', 'Exploration', 'Relaxing', 'Open World', 'Atmospheric']",NULL
516,46017,108559,718213,"Bless Unleashed",2021-08-06,1254120,0,0,954000,30805,119000,52.599,35,"Action, Free to Play, RPG, MMO",VALOFE,VALOFE,Indie,"['Action', 'Adventure', 'Singleplayer', 'Free to Play', 'RPG', 'Massively Multiplayer', 'Multiplayer', 'Controller', 'Action RPG', 'Co-op', 'MMORPG', 'Character Customization', 'PvE', 'Third-Person', 'Beautiful', 'Trading', 'Fantasy', 'Open World', 'PvP', 'Sexual Content']",NULL
517,400383,21593,614301,"Lords of the Fallen",2023-10-13,1501750,59.99,47200000,1100000,35159,118000,64.555,30,"Action, Adventure, RPG",HEXWORKS,"CI Games",AA,"['Action', 'Adventure', 'Singleplayer', 'RPG', 'Multiplayer', 'Action-Adventure', 'Action RPG', 'Medieval', 'Souls-like', 'Dragons', 'Online Co-Op', 'Dark Fantasy', 'Character Customization', 'Magic', 'Lore-Rich', 'Combat', 'Exploration', 'Fantasy', 'Open World', 'Story Rich']",NULL
518,51102,127254,650500,"Pathfinder: Wrath of the Righteous - Enhanced Edition",2021-09-02,1184370,39.99,37400000,1100000,37109,118000,84.109,71,"Action, Adventure, Indie, Strategy, RPG","Owlcat Games","META Publishing, Owlcat Games",Indie,"['Strategy', 'Action', 'Adventure', 'Singleplayer', 'RPG', 'Choices Matter', 'Medieval', 'Turn-Based Combat', 'CRPG', 'Party-Based RPG', 'Character Customization', 'Turn-Based Strategy', 'Isometric', 'Tactical RPG', 'Romance', 'Class-Based', 'Female Protagonist', 'Exploration', 'Fantasy', 'Story Rich']",NULL
519,35645,5601,712187,"The Witness",2016-01-26,210970,39.99,27800000,1100000,18552,118000,84.891,12,"Adventure, Indie","Thekla, Inc.","Thekla, Inc.",Indie,"['Adventure', 'Indie', 'Singleplayer', 'Casual', 'Mystery', 'First-Person', 'Surreal', 'Beautiful', 'Philosophical', 'Walking Simulator', 'Nonlinear', 'Puzzle', 'Exploration', 'Relaxing', 'Open World', 'Story Rich', 'Atmospheric', 'Difficult', 'Great Soundtrack', 'Colorful']",NULL
520,57550,107215,652035,SnowRunner,2021-05-17,1465360,29.99,24100000,1200000,41638,118000,89.923,55,"Adventure, Simulation","Saber Interactive","Focus Entertainment",AA,"['Adventure', 'Simulation', 'Multiplayer', 'Automobile Sim', 'Racing', 'Nature', 'Driving', 'Immersive Sim', 'First-Person', 'PvE', 'Third-Person', 'Team-Based', 'Snow', 'ATV', 'Exploration', 'Physics', 'Open World', 'Sandbox', 'Atmospheric', 'Realistic']",NULL
521,17533,36363,712406,"Undead Overlord",2014-07-18,291370,14.99,52431,4662,192,701,26.042,0,"Indie, Strategy, Early Access","JumpCore Productions","JumpCore Productions",Indie,"['Strategy', 'Indie', 'Early Access', 'Zombies', 'RTS']",NULL
522,30313,14172,683476,EVERSPACE™,2016-09-14,396750,19.99,13200000,706000,10876,118000,78.816,12,"Action, Indie","ROCKFISH Games","ROCKFISH Games",Indie,"['Action', 'Indie', 'Simulation', 'Singleplayer', 'VR', 'Flight', 'Space Sim', 'First-Person', 'Action Roguelike', '6DOF', 'Survival', 'Roguelike', 'Arcade', 'Shooter', 'Exploration', 'Roguelite', 'Space', 'Sci-fi', 'Difficult', 'Great Soundtrack']",NULL
523,30099,27114,646705,Avorion,2017-01-23,445220,24.99,6700000,402000,13406,118000,90.295,97,"Action, Indie, Simulation",Boxelware,Boxelware,Indie,"['Simulation', 'Choose Your Own Adventure', 'Economy', 'Action RPG', 'Flight', 'Space Sim', 'PvE', 'Third-Person', 'Voxel', 'Trading', 'Spaceships', 'Vehicular Combat', '3D', 'Building', 'Exploration', 'Management', 'Open World', 'Space', 'Sandbox', 'Sci-fi']",NULL
524,37369,17417,699856,"Dungeon Defenders Eternity",2014-07-22,302270,0,1800000,150000,1580,6822,49.62,18,"Action, Indie, Strategy, RPG","Nom Nom Games","Trendy Entertainment",Indie,"['Strategy', 'Action', 'Adventure', 'Indie', 'Singleplayer', 'Early Access', 'Casual', 'RPG', 'Massively Multiplayer', 'Multiplayer', 'Action RPG', 'Co-op', 'Online Co-Op', 'Loot', 'Third-Person', 'Tower Defense', 'Fantasy']",NULL
525,34677,16890,703909,"Dark Horizons: Mechanized Corps (Classic)",2014-07-22,266470,0,29974,3274,65,1818,56.923,0,"Action, Indie, Simulation, Early Access","Max Gaming Technologies, LLC","Max Gaming Technologies, LLC",Indie,"['Action', 'Indie', 'Simulation', 'Early Access', 'Multiplayer', 'Mechs']",NULL
526,10249,61616,711450,"Thief Simulator",2018-11-09,704850,19.99,5100000,458000,34640,118000,88.262,8,"Action, Adventure, Indie, Simulation","Noble Muffins","PlayWay S. A.",Indie,"['Action', 'Adventure', 'Indie', 'Simulation', 'Singleplayer', 'RPG', 'Silent Protagonist', 'Immersive Sim', 'Co-op', 'First-Person', 'Crime', 'Heist', 'FPS', 'Stealth', 'Exploration', 'Open World', 'Sandbox', 'Funny', 'Atmospheric', 'Realistic']",NULL
527,35280,1910,712258,Outlast,2013-09-04,238320,19.99,61300000,5100000,124000,117000,96.458,7,"Action, Adventure, Indie","Red Barrels","Red Barrels",AA,"['Action', 'Adventure', 'Indie', 'Singleplayer', 'Multiplayer', 'Gore', 'Psychological Horror', 'First-Person', 'Dark', 'Survival Horror', 'Walking Simulator', 'Parkour', '3D Vision', 'Survival', 'Stealth', 'Sci-fi', 'Atmospheric', 'Difficult', 'Horror', 'Nudity']",NULL
528,36310,18980,682898,"Warhammer 40,000: Dawn of War III",2017-04-27,285190,39.99,33500000,944000,22275,117000,48.126,14,"Action, Simulation, Strategy","Feral Interactive, Relic Entertainment","Feral Interactive, SEGA","AA, AAA","['Strategy', 'Action', 'Singleplayer', 'Casual', 'Multiplayer', 'Classic', 'Gore', 'Co-op', 'MOBA', 'War', 'Tactical', 'Games Workshop', 'Warhammer 40K', 'RTS', 'Base Building', 'Story Rich', 'Sci-fi', 'Atmospheric', 'Great Soundtrack', 'Violent']",NULL
529,47104,141365,637713,"Dread Hunger",2021-04-22,1418630,0,32100000,1400000,46099,117000,60.374,182,"Action, Adventure, Indie","Dread Hunger Team","Digital Confectioners",Indie,"['Strategy', 'Action', 'Adventure', 'Indie', 'Multiplayer', 'Gore', 'Co-op', 'First-Person', 'Dark', 'Online Co-Op', 'Blood', 'Psychological', 'Team-Based', 'Social Deduction', 'Survival', 'Funny', 'Atmospheric', 'Difficult', 'Horror', 'PvP']",NULL
530,36758,13205,645772,"Project CARS",2015-05-06,234630,0,31200000,1200000,14383,117000,79.225,21,"Simulation, Sports, Racing","Slightly Mad Studios","Codemasters, Electronic Arts, Slightly Mad Studios","AA, AAA, Indie","['Action', 'Indie', 'Simulation', 'Singleplayer', 'Multiplayer', 'Sports', 'Automobile Sim', 'Racing', 'Controller', 'Driving', 'VR', 'Co-op', 'First-Person', 'Third-Person', 'TrackIR', 'Arcade', 'Physics', 'Open World', 'Atmospheric', 'Realistic']",NULL
531,36595,8773,666160,"Homeworld Remastered Collection",2015-02-25,244160,34.99,27100000,1200000,13457,117000,88.363,13,"Simulation, Strategy","Aspyr, Gearbox Software","Aspyr, Gearbox Publishing",AA,"['Strategy', 'Action', 'Adventure', 'Simulation', 'Singleplayer', 'Multiplayer', 'Classic', 'Moddable', 'Remake', 'Tactical', 'Futuristic', 'Epic', 'Female Protagonist', '4X', 'RTS', 'Story Rich', 'Space', 'Sci-fi', 'Atmospheric', 'Great Soundtrack']",NULL
532,36142,13226,666566,"Keep Talking and Nobody Explodes",2015-10-08,341800,14.99,14400000,1500000,15474,117000,97.441,4,Indie,"Steel Crate Games","Steel Crate Games",Indie,"['Strategy', 'Indie', 'Simulation', 'Casual', 'Multiplayer', 'VR', 'Co-op', 'Party', 'Board Game', 'Moddable', 'Party Game', 'Local Multiplayer', 'Team-Based', 'Local Co-Op', 'Asymmetric VR', 'Puzzle', 'Funny', 'Difficult', 'Procedural Generation', 'Family Friendly']",NULL
533,38120,17112,703952,Creativerse,2014-08-12,280790,24.99,1000000,1200000,30966,117000,77.717,16,"Action, Adventure, Indie, Simulation, Casual, RPG, MMO","Playful Corp.","Playful Corp.",Indie,"['Adventure', 'Indie', 'Singleplayer', 'RPG', 'Multiplayer', 'Action-Adventure', 'Co-op', 'First-Person', 'Online Co-Op', 'Crafting', 'Third-Person', 'Voxel', 'Open World Survival Craft', 'Building', 'Survival', 'Exploration', 'Fantasy', 'Open World', 'Sandbox', 'Family Friendly']",NULL
534,36529,2935,712259,"Papers, Please",2013-08-08,239030,9.99,31500000,4600000,73131,116000,97.268,7,"Adventure, Indie","Lucas Pope",3909,Indie,"['Strategy', 'Adventure', 'Indie', 'Simulation', 'Singleplayer', 'Casual', 'Addictive', 'Point & Click', 'Political', 'Dystopian ', '2D', 'Pixel Graphics', 'Puzzle', 'Story Rich', 'Retro', 'Atmospheric', 'Difficult', 'Great Soundtrack', 'Multiple Endings', 'Replay Value']",NULL
535,16951,17599,716111,"The Fifth Day",2014-07-25,312210,14.99,594000,53074,939,52968,37.593,4,"Action, Adventure, Indie, Early Access",Touz,Touz,Indie,"['Action', 'Adventure', 'Indie', 'Singleplayer', 'Early Access', 'Massively Multiplayer', 'Multiplayer', 'Robots', 'Co-op', 'First-Person', 'Crafting', 'Zombies', 'Post-apocalyptic', 'Open World Survival Craft', 'Survival', 'FPS', 'Shooter', 'Open World', 'Sandbox', 'Sci-fi']",NULL
536,56972,144442,614664,"Goose Goose Duck",2021-04-29,1568590,0,0,2100000,70880,116000,86.723,23,"Indie, Strategy, Casual, Free to Play, MMO","Gaggle Studios, Inc.","Gaggle Studios, Inc.",Indie,"['Strategy', 'Action', 'Indie', 'Free to Play', 'Casual', 'Massively Multiplayer', 'Multiplayer', 'Controller', 'Gaming', 'Co-op', 'Cartoon', 'Online Co-Op', 'Character Customization', 'Conversation', 'Local Co-Op', 'Social Deduction', '2D', 'Funny', 'Cute', 'PvP']",NULL
537,39383,36649,667307,"Tropico 6",2019-03-29,492720,39.99,32500000,978000,26796,115000,87.409,25,"Simulation, Strategy","Limbic Entertainment, Realmforge Studios","Kalypso Media",AA,"['Strategy', 'Simulation', 'Singleplayer', 'Multiplayer', 'Choices Matter', 'Economy', 'Co-op', 'Political', 'Destruction', 'Politics', 'Political Sim', 'Diplomacy', 'Top-Down', 'Building', 'City Builder', 'Management', 'Story Rich', 'Sandbox', 'Funny', 'Atmospheric']",NULL
538,54941,20546,673964,"Plants vs. Zombies: Game of the Year",2009-05-05,3590,4.99,31700000,10000000,137000,115000,97.592,31,Strategy,"PopCap Games, Inc.","Electronic Arts, PopCap Games, Inc.","AAA, Indie","['Strategy', 'Adventure', 'Indie', 'Singleplayer', 'Casual', 'Addictive', 'Classic', 'Zombies', 'Tactical', 'Post-apocalyptic', 'Touch-Friendly', '2D', 'Tower Defense', 'Survival', 'Puzzle', 'Comedy', 'Funny', 'Great Soundtrack', 'Cute', 'Family Friendly']",NULL
539,36096,25580,699191,Forager,2019-04-18,751780,19.99,16400000,1200000,40406,115000,89.977,25,"Action, Adventure, Indie, Simulation",HopFrog,"Humble Games",Indie,"['Adventure', 'Indie', 'Simulation', 'Singleplayer', 'Casual', 'RPG', 'Multiplayer', 'Agriculture', 'Crafting', 'Open World Survival Craft', 'Farming Sim', '2D', 'Pixel Graphics', 'Building', 'Survival', 'Exploration', 'Base Building', 'Resource Management', 'Open World', 'Sandbox']",NULL
540,59264,152087,700637,"Vampire: The Masquerade - Bloodhunt",2021-09-07,760160,0,0,1700000,56646,115000,75.929,10,"Action, Free to Play","Sharkmob AB","Sharkmob AB",Indie,"['Action', 'Free to Play', 'Multiplayer', 'Stylized', 'Dark', 'Third-Person Shooter', 'Character Customization', 'Third-Person', 'Tactical', 'Battle Royale', 'Parkour', 'Supernatural', 'Gothic', 'Vampire', 'Combat', '3D', 'Survival', 'Shooter', 'PvP', 'Realistic']",NULL
541,371,105482,610846,"The Cycle: Frontier",2022-06-08,868270,0,0,1400000,45358,115000,63.444,17,"Action, Free to Play, MMO",YAGER,YAGER,Indie,"['Adventure', 'Free to Play', 'Multiplayer', 'Competitive', 'Aliens', 'First-Person', 'Online Co-Op', 'Loot', 'PvE', 'Crafting', 'Tactical', 'Battle Royale', 'Looter Shooter', 'Survival', 'FPS', 'Shooter', 'Exploration', 'Sci-fi', 'PvP', 'Extraction Shooter']",NULL
542,478470,159119,639314,"Dead Space",2023-01-27,1693980,59.99,60600000,1500000,48877,114000,90.619,14,"Action, Adventure",MOTIVE,"Electronic Arts",AAA,"['Action', 'Adventure', 'Singleplayer', 'Aliens', 'Action-Adventure', 'Psychological Horror', 'Dark', 'Third-Person Shooter', 'Third-Person', 'Survival Horror', 'Remake', 'Blood', 'Combat', 'Survival', 'Shooter', 'Space', 'Sci-fi', 'Atmospheric', 'Violent', 'Horror']",NULL
543,638351,222341,617592,"SILENT HILL 2",2024-10-08,2124490,69.99,42200000,782000,39685,114000,95.369,17,"Action, Adventure","Bloober Team SA",KONAMI,AA,"['Action', 'Adventure', 'Singleplayer', 'Action-Adventure', 'Classic', 'Psychological Horror', 'Third-Person', 'Survival Horror', 'Remake', 'Cinematic', 'Psychological', '3D', 'Exploration', 'Story Rich', 'Atmospheric', 'Great Soundtrack', 'Violent', 'Horror', 'Multiple Endings', 'Sexual Content']",NULL
544,800789,203259,617905,"Warhammer 40,000: Rogue Trader",2023-12-07,2186680,49.99,31400000,857000,28567,114000,85,53,"Adventure, Indie, Strategy, RPG","Owlcat Games","Owlcat Games",Indie,"['Strategy', 'Adventure', 'Singleplayer', 'RPG', 'Choices Matter', 'Turn-Based Combat', 'CRPG', 'Online Co-Op', 'Dark Fantasy', 'Character Customization', 'PvE', 'Cinematic', 'Futuristic', 'Isometric', 'Games Workshop', 'Warhammer 40K', 'Fantasy', 'Story Rich', 'Space', 'Sci-fi']",NULL
545,16903,9946,699903,Rodina,2014-07-29,314230,14.99,831000,72344,1324,46765,93.353,8,"Action, Indie, Early Access","Elliptic Games","Elliptic Games",Indie,"['Action', 'Adventure', 'Indie', 'Simulation', 'Singleplayer', 'Early Access', 'Aliens', 'Controller', 'Space Sim', 'First-Person', 'Exploration', 'Open World', 'Story Rich', 'Space', 'Sandbox', 'Sci-fi', 'Atmospheric', 'Procedural Generation', 'Great Soundtrack', 'Fast-Paced']",NULL
546,36491,29004,647201,"Life is Strange: Before the Storm",2017-08-31,554620,16.99,9100000,803000,37197,114000,93.255,15,"Action, Adventure","Deck Nine, Feral Interactive","Feral Interactive, Square Enix","AA, AAA","['Action', 'Adventure', 'Indie', 'Singleplayer', 'Choose Your Own Adventure', 'Choices Matter', 'Drama', 'Psychological Horror', 'Mystery', 'Memes', 'Point & Click', 'LGBTQ+', 'Third-Person', 'Walking Simulator', 'Episodic', 'Female Protagonist', 'Story Rich', 'Atmospheric', 'Great Soundtrack', 'Multiple Endings']",NULL
547,35147,16626,666167,Recruits,2014-07-31,246880,9.99,39475,5364,93,389,29.032,0,"Action, Indie, Early Access","Commotion Games Pty Ltd","Commotion Games Pty Ltd",Indie,"['Action', 'Indie', 'Early Access', 'Top-Down']",NULL
548,17511,36353,645959,"Colossal Kaiju Combat™: Kaijuland Battles",2014-08-11,290810,4.99,12996,3544,108,591,35.185,0,"Early Access","Sunstone Games, LLC.","Sunstone Games, LLC.",Indie,"['Early Access', 'Multiplayer', 'Fighting']",NULL
549,17010,17548,728771,"Savage Lands",2015-03-05,307880,3.99,2100000,201000,6685,114000,54.734,5,"Action, Adventure, Indie, Simulation, RPG","Last Bastion Studios LLC","Last Bastion Studios LLC",Indie,"['Action', 'Adventure', 'Indie', 'Simulation', 'Singleplayer', 'RPG', 'Multiplayer', 'First-Person', 'Dark', 'Dragons', 'Online Co-Op', 'PvE', 'Crafting', 'Open World Survival Craft', 'Survival', 'FPS', 'Fantasy', 'Open World', 'Sandbox', 'Atmospheric']",NULL
550,54385,2949,699334,"Killing Floor",2009-05-14,1250,19.99,103500000,8900000,67183,113000,94.918,28,Action,"Tripwire Interactive","Tripwire Interactive",AA,"['Action', 'Singleplayer', 'Multiplayer', 'Bullet Time', 'Gore', 'Co-op', 'First-Person', 'Moddable', 'Online Co-Op', 'Survival Horror', 'Zombies', 'Dark Comedy', 'Team-Based', 'Class-Based', '3D', 'Survival', 'FPS', 'Shooter', 'Violent', 'Horror']",NULL
551,36296,2031,622792,"Wolfenstein: The New Order",2014-05-19,201810,19.99,60100000,2700000,55663,113000,91.47,16,Action,"Machine Games","Bethesda Softworks",AAA,"['Action', 'Adventure', 'Old School', 'Singleplayer', 'Robots', 'Gore', 'First-Person', 'War', 'Historical', 'World War II', 'Dystopian ', 'Epic', 'Alternate History', 'FPS', 'Stealth', 'Shooter', 'Story Rich', 'Sci-fi', 'Atmospheric', 'Great Soundtrack']",NULL
552,67066,119342,625822,"Chivalry 2",2022-06-12,1824220,39.99,52900000,2300000,45032,113000,80.25,25,"Action, MMO","				Torn Banner Studios","Tripwire Interactive",AA,"['Action', 'Massively Multiplayer', 'Multiplayer', 'Gore', 'Medieval', 'First-Person', 'War', 'Historical', 'Military', 'Hack and Slash', 'Third-Person', 'Wargame', 'Swordplay', '3D Fighter', 'Combat', '3D', 'FPS', 'Comedy', 'Atmospheric', 'PvP']",NULL
553,36541,5973,699749,Broforce,2014-04-03,274190,14.99,24500000,2900000,58461,113000,96.976,11,"Action, Adventure, Indie, Casual","Free Lives","Devolver Digital",AA,"['Action', 'Adventure', 'Indie', 'Casual', 'Multiplayer', 'Side Scroller', 'Gore', 'Co-op', 'Epic', 'Local Multiplayer', 'America', 'Local Co-Op', '2D', 'Pixel Graphics', 'Platformer', 'Arcade', 'Shooter', 'Comedy', 'Retro', 'Funny']",NULL
554,37601,18812,646641,"Tales of Berseria",2017-01-26,429660,49.99,23600000,845000,18264,113000,91.459,23,"Action, RPG","Bandai Namco","Bandai Namco",AAA,"['Action', 'Adventure', 'Singleplayer', 'RPG', 'Multiplayer', 'Action RPG', 'Co-op', 'Hack and Slash', 'Local Co-Op', 'Female Protagonist', 'JRPG', 'Fantasy', 'Open World', 'Story Rich', 'Anime', 'Great Soundtrack', 'Cute', 'Mature', 'Sexual Content', 'Nudity']",NULL
555,37614,127842,670684,"Skul: The Hero Slayer",2020-02-18,1147560,19.99,20800000,1600000,54074,113000,93.296,33,"Action, Indie","SouthPAW Games",Neowiz,Indie,"['Action', 'Adventure', 'Indie', 'Singleplayer', 'Multiplayer', 'Side Scroller', 'Action-Adventure', 'Hack and Slash', 'Action Roguelike', 'Metroidvania', 'Villain Protagonist', '2D', 'Pixel Graphics', 'Platformer', 'Roguelike', 'Roguelite', 'Fantasy', 'Story Rich', 'Difficult', 'Cute']",NULL
556,67192,182278,721256,MultiVersus,2022-07-19,1818750,0,11800000,3600000,118000,113000,76.632,11,"Action, Free to Play","Player First Games","Warner Bros. Games",AAA,"['Action', 'Free to Play', 'Multiplayer', 'Competitive', '1980s', "Beat 'em up", 'Hand-drawn', 'Memes', 'Co-op', '2D Fighter', 'Cartoon', 'Character Customization', '2D Platformer', 'Comic Book', 'Superhero', "1990's", '2D', 'Fantasy', 'Funny', 'Colorful']",NULL
557,36879,18167,713893,"Hello Neighbor",2017-12-08,521890,29.99,8600000,511000,18439,113000,83.182,13,"Adventure, Indie, Strategy","Dynamic Pixels",tinybuild,Indie,"['Strategy', 'Action', 'Action-Adventure', 'Dark Humor', 'Psychological Horror', 'First-Person', 'Survival Horror', 'Surreal', '3D Platformer', '3D', 'Survival', 'FPS', 'Stealth', 'Story Rich', 'Sandbox', 'Funny', 'Difficult', 'Family Friendly', 'Horror', 'Multiple Endings']",NULL
558,557808,134581,639958,"Marvel's Spider-Man: Miles Morales",2022-11-18,1817190,49.99,56700000,1600000,42301,112000,93.251,18,"Action, Adventure","Insomniac Games, Nixxes software","PlayStation Publishing LLC",AAA,"['Action', 'Adventure', 'Singleplayer', 'RPG', 'Multiplayer', 'Action-Adventure', "Beat 'em up", 'Third-Person', 'Beautiful', 'Comic Book', 'Parkour', 'Superhero', 'Combat', 'Stealth', 'Exploration', 'Open World', 'Story Rich', 'Sci-fi', 'Great Soundtrack', 'Mature']",NULL
559,1516527,255777,678453,MiSide,2024-12-11,2527500,14.99,35600000,3100000,103000,112000,98.208,7,"Adventure, Indie, Simulation, RPG",AIHASTO,"IndieArk, Shochiku (Japan)",Indie,"['Adventure', 'Simulation', 'Singleplayer', 'RPG', 'Drama', 'Psychological Horror', 'First-Person', 'Hidden Object', 'Thriller', 'Modern', 'Conversation', 'Life Sim', '2D', '3D', 'Puzzle', 'Story Rich', 'Atmospheric', 'Cute', 'Horror', 'Sexual Content']",NULL
560,36040,36929,684571,"Pathfinder: Kingmaker",2018-09-25,640820,19.99,25200000,1100000,33070,112000,77.871,58,"Adventure, RPG","Owlcat Games","Knights Peak",Indie,"['Strategy', 'Adventure', 'Singleplayer', 'RPG', 'Choices Matter', 'Real-Time with Pause', 'Medieval', 'CRPG', 'Party-Based RPG', 'Character Customization', 'Turn-Based Strategy', 'Isometric', 'Strategy RPG', 'Dungeons & Dragons', 'Female Protagonist', 'Turn-Based', 'Fantasy', 'Open World', 'Story Rich', 'Sexual Content']",NULL
561,38954,119304,611393,"Spiritfarer®: Farewell Edition",2020-08-18,972660,29.99,24400000,1300000,43010,112000,95.401,16,"Adventure, Indie, Simulation","Thunder Lotus Games","Thunder Lotus Games",Indie,"['Adventure', 'Indie', 'Simulation', 'Hand-drawn', 'Co-op', 'Crafting', 'Emotional', 'Fishing', 'Local Co-Op', 'Farming Sim', 'Cartoony', 'Female Protagonist', 'Platformer', 'Building', 'Exploration', 'Management', 'Relaxing', 'Story Rich', 'Funny', 'Atmospheric']",NULL
562,36355,2136,697737,Bayonetta,2017-04-11,460790,19.99,18200000,1400000,28281,112000,92.596,11,"Action, Adventure",PlatinumGames,SEGA,AAA,"['Action', 'Adventure', 'Singleplayer', 'Classic', "Beat 'em up", 'Gore', 'Character Action Game', 'Hack and Slash', 'Third-Person', 'Spectacle fighter', 'Female Protagonist', 'Fantasy', 'Comedy', 'Anime', 'Atmospheric', 'Great Soundtrack', 'Fast-Paced', 'Mature', 'Sexual Content', 'Nudity']",NULL
563,14072,121762,650165,"EVERSPACE™ 2",2021-01-18,1128920,49.99,10600000,336000,11207,112000,87.16,24,"Action, Adventure, Simulation, RPG","ROCKFISH Games","ROCKFISH Games",Indie,"['Action', 'Adventure', 'Simulation', 'Singleplayer', 'RPG', 'Action-Adventure', 'Action RPG', 'Flight', 'Third-Person Shooter', 'Loot', 'PvE', 'Third-Person', 'Combat', 'Looter Shooter', 'Shooter', 'Exploration', 'Open World', 'Story Rich', 'Space', 'Sci-fi']",NULL
564,35472,0,728484,"Clockwork Empires",2014-08-15,224740,0,1000000,46950,790,12237,43.291,12,"Indie, Simulation, Strategy","Gaslamp Games, Inc.","Gaslamp Games, Inc.",Indie,"['Strategy', 'Indie', 'Simulation', 'Singleplayer', 'Early Access', 'Lovecraftian', 'Steampunk', 'Building', 'Survival', 'City Builder', 'Management', 'Sandbox']",NULL
565,39107,12731,666791,"Fishing Planet",2015-08-11,380600,0,0,1300000,63665,112000,86.773,21,"Simulation, Free to Play, Sports, MMO","Fishing Planet LLC","Fishing Planet LLC",Indie,"['Action', 'Adventure', 'Simulation', 'Singleplayer', 'Free to Play', 'Casual', 'Massively Multiplayer', 'Multiplayer', 'Sports', 'VR', 'Co-op', 'First-Person', 'MMORPG', 'Online Co-Op', 'Fishing', 'FPS', 'Relaxing', 'Open World', 'Family Friendly', 'Realistic']",NULL
566,36133,8366,703811,"Sniper Elite 3",2014-06-27,238090,29.99,73700000,3200000,26922,111000,82.297,13,"Action, Adventure",Rebellion,Rebellion,AA,"['Strategy', 'Action', 'Adventure', 'Simulation', 'Singleplayer', 'Multiplayer', 'Gore', 'Co-op', 'Third-Person Shooter', 'Online Co-Op', 'War', 'Third-Person', 'World War II', 'Tactical', 'Sniper', 'FPS', 'Stealth', 'Shooter', 'Open World', 'Atmospheric']",NULL
567,54394,601,699451,"Arma 2: Operation Arrowhead",2010-06-29,33930,19.99,61000000,5000000,22065,111000,92.441,68,"Action, Simulation, Strategy","Bohemia Interactive","Bohemia Interactive",AAA,"['Strategy', 'Action', 'Simulation', 'Singleplayer', 'Multiplayer', 'Co-op', 'First-Person', 'Moddable', 'War', 'Military', 'Third-Person', 'Tactical', 'Modern', 'Team-Based', 'FPS', 'Shooter', 'Open World', 'Sandbox', 'Difficult', 'Realistic']",NULL
568,59333,125764,718932,"GUILTY GEAR -STRIVE-",2021-06-11,1384160,39.99,58400000,1700000,57838,111000,88.233,68,Action,"ARC SYSTEM WORKS","ARC SYSTEM WORKS",Indie,"['Action', 'Casual', 'Multiplayer', '2.5D', 'Drama', 'Fighting', '2D Fighter', 'LGBTQ+', 'Cinematic', 'Local Multiplayer', 'Lore-Rich', 'Combat', '2D', '3D', 'Arcade', 'Fantasy', 'Story Rich', 'Anime', 'Great Soundtrack', 'PvP']",NULL
569,36026,14748,698368,"Ni no Kuni™ II: Revenant Kingdom",2018-03-23,589360,59.99,20600000,530000,10676,111000,83.927,30,"Adventure, RPG","LEVEL5 Inc.","Bandai Namco",AAA,"['Strategy', 'Action', 'Adventure', 'Singleplayer', 'RPG', 'Multiplayer', 'Action RPG', 'Dungeon Crawler', 'Hack and Slash', 'Cartoony', 'Survival', 'Exploration', 'City Builder', 'JRPG', 'Fantasy', 'Open World', 'Story Rich', 'Anime', 'Great Soundtrack', 'Cute']",NULL
570,35986,54789,714659,MudRunner,2017-10-30,675010,19.99,18300000,1100000,36521,111000,91.049,18,Simulation,"Saber Interactive","Focus Entertainment",AA,"['Adventure', 'Simulation', 'Singleplayer', 'Multiplayer', 'Automobile Sim', 'Racing', 'Offroad', 'Driving', 'Co-op', 'First-Person', 'Moddable', 'Online Co-Op', 'Third-Person', 'Mod', 'Exploration', 'Physics', 'Open World', 'Sandbox', 'Atmospheric', 'Realistic']",NULL
571,59827,133302,685279,"SCARLET NEXUS",2021-06-24,775500,59.99,17900000,507000,16902,111000,81.328,16,"Action, Adventure, RPG","Bandai Namco","Bandai Namco",AAA,"['Action', 'Adventure', 'Singleplayer', 'RPG', 'Action-Adventure', 'Interactive Fiction', 'Action RPG', 'Souls-like', 'Fighting', 'Character Action Game', 'Character Customization', 'Hack and Slash', 'Futuristic', 'Strategy RPG', 'Combat', 'JRPG', 'Fantasy', 'Open World', 'Sci-fi', 'Anime']",NULL
572,36892,109666,685917,Deadside,2020-04-14,895400,24.99,16100000,1100000,36773,111000,77.179,39,"Action, Adventure, Indie, MMO","Bad Pixel","Bad Pixel, tinybuild",Indie,"['Action', 'Adventure', 'Massively Multiplayer', 'Multiplayer', 'Co-op', 'First-Person', 'Third-Person Shooter', 'Online Co-Op', 'Crafting', 'Third-Person', 'Post-apocalyptic', 'Open World Survival Craft', 'Looter Shooter', 'Survival', 'FPS', 'Shooter', 'Base Building', 'Open World', 'PvP', 'Realistic']",NULL
573,49008,143628,657037,"Myth of Empires",2021-11-18,1371580,29.99,10900000,497000,16475,111000,68.364,370,"Action, Adventure, Indie, RPG, MMO","Angela Game","Imperium Interactive Entertainment ",Indie,"['Strategy', 'RPG', 'Multiplayer', 'Action-Adventure', 'Medieval', 'Co-op', 'MMORPG', 'Online Co-Op', 'Character Customization', 'War', 'Hack and Slash', 'Third-Person', 'Open World Survival Craft', '3D', 'Building', 'Survival', 'Shooter', 'Base Building', 'Open World', 'Sandbox']",NULL
574,34675,30373,728612,"Anarchy Arcade",2014-09-01,266430,0,0,397000,2208,16872,68.478,3,"Indie, Casual, Free to Play, Early Access","Elijah Newman-Gomez","Elijah Newman-Gomez",Indie,"['Action', 'Adventure', 'Indie', 'Simulation', 'Singleplayer', 'Free to Play', 'Early Access', 'Casual', 'Multiplayer', 'VR', 'Co-op', 'First-Person', '3D Vision', 'Building', 'Survival', 'Arcade', 'Open World', 'Comedy', 'Sandbox', 'Funny']",NULL
575,36463,7631,699016,"OVERKILL's The Walking Dead",2018-11-06,717690,0,1400000,289000,7020,111000,50.954,33,Action,"OVERKILL - a Starbreeze Studio.","Starbreeze Publishing",Indie,"['Action', 'Adventure', 'Singleplayer', 'Multiplayer', 'Gore', 'Co-op', 'First-Person', 'Online Co-Op', 'Survival Horror', 'Zombies', 'Post-apocalyptic', 'Team-Based', 'Survival', 'FPS', 'Shooter', 'Open World', 'Story Rich', 'Violent', 'Horror', 'Nudity']",NULL
576,1914117,268842,662667,"Horizon Forbidden West™ Complete Edition",2024-03-21,2420110,59.99,29800000,646000,21526,110000,89.571,54,"Action, RPG","Guerrilla, Nixxes software","PlayStation Publishing LLC",AAA,"['Action', 'Adventure', 'Singleplayer', 'RPG', 'Robots', 'Controller', 'Action-Adventure', 'Action RPG', 'LGBTQ+', 'Third-Person', 'Post-apocalyptic', 'Female Protagonist', 'Stealth', 'Exploration', 'Open World', 'Story Rich', 'Sci-fi', 'Atmospheric', 'Great Soundtrack', 'Nudity']",NULL
577,38504,11161,729648,"South Park The Fractured But Whole",2017-10-17,488790,29.99,28100000,1100000,28482,110000,84.506,21,RPG,Ubisoft,Ubisoft,AAA,"['Action', 'Adventure', 'Singleplayer', 'RPG', 'Dark Humor', 'Memes', 'Cartoon', 'Illuminati', 'Satire', 'Superhero', '2D', 'Turn-Based', 'Open World', 'Comedy', 'Story Rich', 'Funny', 'Atmospheric', 'Mature', 'Sexual Content', 'Nudity']",NULL
578,55276,260,674091,"The Sims™ 3",2009-06-02,47890,19.99,19100000,1500000,32558,110000,86.774,62,Simulation,"Maxis™, The Sims Studio","Electronic Arts",AAA,"['Strategy', 'Action', 'Adventure', 'Simulation', 'Singleplayer', 'Casual', 'RPG', 'Multiplayer', 'Moddable', 'Character Customization', 'Life Sim', 'Romance', 'Building', 'Comedy', 'Sandbox', 'Funny', 'Great Soundtrack', 'Family Friendly', 'Replay Value', 'Nudity']",NULL
579,59356,152123,647909,"World War Z",2021-09-21,699130,29.99,17500000,751000,25017,110000,83.131,23,Action,"Saber Interactive Inc","Saber Interactive Inc",AA,"['Action', 'Singleplayer', 'Multiplayer', 'Gun Customization', 'Gore', 'Co-op', 'First-Person', 'Third-Person Shooter', 'Online Co-Op', 'Character Customization', 'PvE', 'Third-Person', 'Survival Horror', 'Zombies', 'Post-apocalyptic', 'Combat', 'FPS', 'Shooter', 'Violent', 'Horror']",NULL
580,27311,11364,710582,"Warhammer 40,000: Inquisitor - Martyr",2017-08-31,527430,49.99,16500000,508000,20863,110000,75.866,26,"Action, Adventure, Indie, RPG",NeoCoreGames,NeoCoreGames,Indie,"['Action', 'Adventure', 'Indie', 'Singleplayer', 'Inventory Management', 'RPG', 'Multiplayer', 'Action RPG', 'Co-op', 'Dark', 'Online Co-Op', 'Loot', 'War', 'Hack and Slash', 'Isometric', 'Games Workshop', 'Warhammer 40K', 'Space', 'Sci-fi', 'Violent']",NULL
581,34634,9797,703918,"Claustrophobia: The Downward Struggle",2014-09-09,269590,4.99,42613,11491,202,704,43.069,2,"Indie, Strategy, Early Access, RPG","The Indie Forge","The Indie Forge",Indie,"['Strategy', 'Indie', 'Early Access', 'RPG', 'Roguelike']",NULL
582,37960,13200,729254,Planetbase,2015-10-15,403190,14.99,7400000,548000,9700,110000,79.835,31,"Indie, Simulation, Strategy","Madruga Works","Madruga Works",Indie,"['Strategy', 'Adventure', 'Indie', 'Simulation', 'Singleplayer', 'Colony Sim', 'Space Sim', 'Crafting', 'Building', 'Survival', 'RTS', 'City Builder', 'Base Building', 'Resource Management', 'Management', 'Open World', 'Space', 'Sandbox', 'Sci-fi', 'Atmospheric']",NULL
583,35868,1908,728410,Neverwinter,2013-12-05,109600,0,0,2100000,38378,110000,77.633,59,"Action, Adventure, Free to Play, RPG, MMO","Cryptic Studios","Arc Games",Indie,"['Action', 'Adventure', 'Free to Play', 'RPG', 'Massively Multiplayer', 'Multiplayer', 'Action RPG', 'Co-op', 'Dragons', 'MMORPG', 'Character Customization', 'PvE', 'Hack and Slash', 'Third-Person', 'Zombies', 'Dungeons & Dragons', 'Fantasy', 'Open World', 'Atmospheric', 'PvP']",NULL
584,161761,211470,659262,"Blight: Survival",0000-00-00,1774880,0,0,0,0,110000,0,0,"Action, Adventure, Indie","Haenir Studio","Haenir Studio",Indie,"['Action', 'Adventure', 'Multiplayer', 'Action-Adventure', 'Gore', 'Medieval', 'Souls-like', 'Co-op', 'Dark', 'Online Co-Op', 'Character Customization', 'PvE', 'Third-Person', 'Survival Horror', 'Zombies', 'Cinematic', 'Atmospheric', 'Violent', 'Horror', 'Realistic']",NULL
585,5959828,325591,745341,"ELDEN RING NIGHTREIGN",0000-00-00,2622380,39.99,0,0,0,110000,0,0,"Action, RPG",FromSoftware,"Bandai Namco, FromSoftware",AAA,"['Action', 'Singleplayer', 'RPG', 'Multiplayer', 'Action RPG', 'Souls-like', 'Co-op', 'Dark', 'Online Co-Op', 'PvE', 'Third-Person', 'Lore-Rich', '3D', 'Survival', 'Roguelike', 'Roguelite', 'Open World', 'Story Rich', 'Violent', 'Sexual Content']",NULL
586,29055,3750,667241,"Quantum Break",2016-09-29,474960,39.99,40100000,1500000,27599,109000,85.673,11,Action,"Remedy Entertainment","Xbox Game Studios",AAA,"['Action', 'Adventure', 'Singleplayer', 'Choices Matter', 'Controller', 'Bullet Time', 'FMV', 'Third-Person Shooter', 'Third-Person', 'Time Travel', 'Cinematic', 'Time Manipulation', 'Episodic', 'Stealth', 'Shooter', 'Open World', 'Story Rich', 'Sci-fi', 'Atmospheric', 'Great Soundtrack']",NULL
587,54279,11305,712359,FaceRig,2014-09-14,274920,0,9900000,1000000,8403,112000,80.709,0,"Animation & Modeling, Video Production","Holotech Studios","Holotech Studios",Indie,"['Action', 'Indie', 'Simulation', 'Singleplayer', 'Early Access', 'Memes', 'Animation & Modeling', 'Beautiful', 'Epic', 'Utilities', 'Video Production', '3D Vision', 'Software', '3D', 'Fantasy', 'Comedy', 'Funny', 'Cute', 'Family Friendly', 'Nudity']",NULL
588,34938,9806,715893,"Hyper Light Drifter",2016-03-31,257850,19.99,13200000,932000,17495,109000,93.164,8,"Action, Adventure, Indie, RPG","Heart Machine","Heart Machine",Indie,"['Action', 'Adventure', 'Indie', 'Singleplayer', 'RPG', 'Action RPG', 'Souls-like', 'Hack and Slash', 'Post-apocalyptic', 'Metroidvania', '2D', 'Pixel Graphics', 'Top-Down', 'Exploration', 'Fantasy', 'Sci-fi', 'Atmospheric', 'Difficult', 'Great Soundtrack', 'Colorful']",NULL
589,51427,143482,658040,"Six Days in Fallujah",2023-06-22,1548850,39.99,12700000,421000,14042,109000,83.065,7,"Action, Early Access","Highwire Games",Victura,Indie,"['Simulation', 'Singleplayer', 'Multiplayer', 'Co-op', 'First-Person', 'Online Co-Op', 'PvE', 'War', 'Historical', 'Military', 'Survival Horror', 'Wargame', 'Tactical', 'Team-Based', 'Villain Protagonist', 'FPS', 'Stealth', 'Shooter', 'Horror', 'Realistic']",NULL
590,37041,7347,645862,Spintires®,2014-06-12,263280,0,10500000,1800000,28778,109000,87.546,23,"Adventure, Indie, Simulation, Casual, Racing","Oovee® Games","Oovee® Games",Indie,"['Adventure', 'Simulation', 'Singleplayer', 'Multiplayer', 'Automobile Sim', 'Offroad', 'Driving', 'Immersive Sim', 'Co-op', 'Moddable', 'Online Co-Op', 'Third-Person', 'Exploration', 'Physics', 'Sandbox', 'Atmospheric', 'Difficult', 'Colorful', 'PvP', 'Realistic']",NULL
591,37084,14554,715855,"Craft The World",2013-11-20,248390,18.99,8700000,742000,15745,109000,88.523,44,"Indie, Simulation, Strategy, RPG","Dekovir Entertainment","Black Maple Games",Indie,"['Strategy', 'Adventure', 'Indie', 'Simulation', 'Singleplayer', 'RPG', 'Multiplayer', 'Colony Sim', 'Dwarf', 'Crafting', 'God Game', '2D', 'Building', 'Tower Defense', 'Survival', 'City Builder', 'Resource Management', 'Fantasy', 'Open World', 'Sandbox']",NULL
592,16926,10995,699894,"The Masterplan",2014-09-15,313080,19.99,776000,61906,525,10747,62.667,8,"Action, Indie, Strategy","Shark Punch","Shark Punch",Indie,"['Strategy', 'Action', 'Indie', 'Singleplayer', 'Early Access', 'Loot', 'Crime', 'Tactical', 'Heist', '2D', 'Top-Down', 'Puzzle', 'Stealth', 'Retro', 'Great Soundtrack']",NULL
593,39835,110411,647872,"DiRT Rally 2.0",2019-02-26,690790,19.99,19300000,942000,43481,108000,88.222,21,"Simulation, Sports, Racing",Codemasters,"Codemasters, Electronic Arts","AA, AAA","['Action', 'Adventure', 'Simulation', 'Singleplayer', 'Multiplayer', 'Sports', 'Automobile Sim', 'Racing', 'Offroad', 'Controller', 'Driving', 'VR', 'Co-op', 'First-Person', '3D Vision', 'TrackIR', 'Open World', 'Difficult', 'Family Friendly', 'Realistic']",NULL
594,883746,228532,727127,Wayfinder,2023-08-17,1171690,24.99,11800000,731000,24371,108000,58.147,27,"Action, Adventure, RPG","Airship Syndicate",,,"['Action', 'Adventure', 'Singleplayer', 'Casual', 'RPG', 'Multiplayer', 'Controller', 'Action-Adventure', 'Action RPG', 'Co-op', 'Party-Based RPG', 'Dungeon Crawler', 'Online Co-Op', 'Loot', 'Third-Person', 'Team-Based', 'Exploration', 'Fantasy', 'Open World', 'Atmospheric']",NULL
595,38350,25581,610609,"Iron Harvest",2020-09-01,826630,29.99,11500000,446000,14875,108000,72.672,11,Strategy,"KING Art","Prime Matter",AA,"['Strategy', 'Action', 'Singleplayer', 'Casual', 'Multiplayer', 'Competitive', 'Gore', 'Co-op', 'Mechs', 'Online Co-Op', 'War', 'Grand Strategy', 'Real-Time', 'Alternate History', 'World War I', 'Steampunk', 'RTS', 'Base Building', 'Sci-fi', 'PvP']",NULL
596,16628,17801,646088,"Zen Fish SIM",2014-09-18,321310,0,0,513,8,408,12.5,0,"Indie, Simulation, Early Access","Irongames Studio","None :(",Indie,"['Indie', 'Simulation', 'Early Access']",NULL
597,36612,11119,647378,"Fallout Shelter",2017-03-29,588430,0,0,8300000,73292,108000,88.465,20,"Simulation, Free to Play, RPG","Bethesda Game Studios","Bethesda Softworks",AAA,"['Strategy', 'Action', 'Adventure', 'Simulation', 'Singleplayer', 'Free to Play', 'Casual', 'RPG', 'Multiplayer', 'Crafting', 'Post-apocalyptic', '2D', 'Building', 'Survival', 'Base Building', 'Management', 'Sandbox', 'Funny', 'Atmospheric', 'Great Soundtrack']",NULL
598,37038,15311,728450,"Gear Up",2013-03-21,214420,0,0,2100000,8384,108000,74.642,3,"Action, Indie, Free to Play","Doctor Entertainment AB","Doctor Entertainment AB",Indie,"['Strategy', 'Action', 'Adventure', 'Indie', 'Simulation', 'Singleplayer', 'Free to Play', 'Massively Multiplayer', 'Multiplayer', 'Robots', 'Tanks', 'War', 'Third-Person', 'Building', 'FPS', 'Shooter', 'Open World', 'Sandbox', 'Funny', 'PvP']",NULL
599,66834,138933,668639,"Five Nights at Freddy's: Security Breach",2021-12-17,747660,39.99,59800000,1900000,64260,107000,86.467,16,"Action, Adventure, Indie","Steel Wool Studios",ScottGames,Indie,"['Action', 'Adventure', 'Indie', 'Singleplayer', 'Robots', 'Action-Adventure', 'First-Person', 'Thriller', 'Artificial Intelligence', 'Survival Horror', '3D', 'Cartoony', 'Stealth', 'Exploration', 'Story Rich', 'Atmospheric', 'Family Friendly', 'Colorful', 'Horror', 'Multiple Endings']",NULL
600,249,136604,716237,"Control Ultimate Edition",2020-08-27,870780,39.99,36500000,1500000,49330,107000,87.454,19,"Action, Adventure","Remedy Entertainment",,,"['Action', 'Adventure', 'Singleplayer', 'Psychological Horror', 'Third-Person Shooter', 'Third-Person', 'Surreal', 'Epic', 'Supernatural', 'Metroidvania', 'Female Protagonist', 'Shooter', 'Open World', 'Story Rich', 'Sci-fi', 'Atmospheric', 'Difficult', 'Great Soundtrack', 'Violent', 'Horror']",NULL
601,5859,117820,670312,"Transport Fever 2",2019-12-11,1066780,39.99,22200000,802000,26722,107000,90.278,92,"Indie, Simulation, Strategy, Casual","Urban Games","Good Shepherd Entertainment",AA,"['Strategy', 'Indie', 'Simulation', 'Singleplayer', 'Casual', 'Economy', 'Naval', 'Flight', 'Trains', 'Moddable', 'Transportation', 'Mod', 'Games Workshop', 'Building', 'City Builder', 'Resource Management', 'Management', 'Open World', 'Sandbox', 'Realistic']",NULL
602,31563,18398,700154,Tyranny,2016-11-10,362960,29.99,16700000,957000,12617,107000,86.938,18,"Adventure, RPG","Obsidian Entertainment","Paradox Interactive",AA,"['Strategy', 'Action', 'Adventure', 'Singleplayer', 'RPG', 'Choices Matter', 'Real-Time with Pause', 'CRPG', 'Party-Based RPG', 'Dark Fantasy', 'Character Customization', 'Isometric', 'Villain Protagonist', 'Female Protagonist', 'Turn-Based', 'Fantasy', 'Open World', 'Story Rich', 'Atmospheric', 'Great Soundtrack']",NULL
603,2806,131890,612901,"Sea of Stars",2023-08-29,1244090,34.99,9600000,362000,12056,107000,89.167,19,"Adventure, Indie, RPG","Sabotage Studio",,,"['Adventure', 'Indie', 'Singleplayer', 'RPG', 'Multiplayer', 'Co-op', 'Turn-Based Combat', 'Party-Based RPG', 'Emotional', 'Local Co-Op', 'Lore-Rich', 'Nostalgia', '2D', 'Pixel Graphics', 'Exploration', 'JRPG', 'Fantasy', 'Story Rich', 'Retro', 'Funny']",NULL
604,35282,0,715832,"Loadout Campaign Beta",2014-09-21,238590,0,0,41505,674,3328,78.042,3,"Action, Indie, Free to Play, Early Access","Edge of Reality","Edge of Reality",Indie,"['Action', 'Indie', 'Free to Play', 'Early Access', 'Massively Multiplayer', 'Multiplayer', 'Gore', 'Co-op', 'Third-Person Shooter', 'FPS', 'Shooter', 'Funny']",NULL
605,39240,8347,728761,"The Long Dark",2014-09-22,305620,19.99,86200000,5100000,110000,487000,90.737,34,"Adventure, Indie, Simulation, Strategy","Hinterland Studio Inc.","Hinterland Studio Inc.",Indie,"['Strategy', 'Action', 'Adventure', 'Indie', 'Simulation', 'Singleplayer', 'Early Access', 'Co-op', 'First-Person', 'Crafting', 'Survival Horror', 'Walking Simulator', 'Post-apocalyptic', 'Open World Survival Craft', 'Survival', 'Exploration', 'Open World', 'Sandbox', 'Atmospheric', 'Difficult']",NULL
606,16560,17885,704117,Metaverse,2014-09-30,325430,19.99,60878,4632,77,2453,42.857,0,"Action, Adventure, Indie, Simulation, Early Access, RPG","Metaware Limited, LLC","Metaware Limited, LLC",Indie,"['Action', 'Adventure', 'Indie', 'Simulation', 'Early Access', 'RPG', 'Experimental', 'Sandbox']",NULL
607,38756,34894,712896,Crossout,2016-08-24,386180,0,1700000,4700000,63175,107000,75.232,118,"Action, Adventure, Free to Play, Racing, MMO","Targem Games","Gaijin Network Ltd",Indie,"['Action', 'Adventure', 'Free to Play', 'Multiplayer', 'Economy', 'Gun Customization', 'Co-op', 'Online Co-Op', 'Loot', 'PvE', 'Crafting', 'Third-Person', 'Post-apocalyptic', 'Trading', 'Combat', 'Vehicular Combat', 'Building', 'Shooter', 'Sandbox', 'PvP']",NULL
608,35866,28723,712154,"Age of Empires® III (2007)",2012-01-05,105450,0,36000000,1500000,31980,106000,90.919,32,"Simulation, Strategy","Ensemble Studios","Xbox Game Studios",AAA,"['Strategy', 'Action', 'Adventure', 'Simulation', 'Singleplayer', 'Multiplayer', 'Real-Time with Pause', 'Classic', 'Co-op', 'Online Co-Op', 'War', 'Historical', 'Military', 'Real-Time', 'Building', 'RTS', 'City Builder', 'Base Building', 'Resource Management', 'Open World']",NULL
609,38942,10760,668325,"Bloodstained: Ritual of the Night",2019-06-18,692850,39.99,34700000,1300000,39123,106000,93.717,23,"Action, Adventure, RPG",ArtPlay,"505 GAMES",AA,"['Action', 'Adventure', 'Indie', 'Singleplayer', 'RPG', 'Side Scroller', '2.5D', 'Dark Fantasy', 'Crafting', 'Gothic', 'Metroidvania', '2D', 'Female Protagonist', 'Platformer', 'Exploration', 'Anime', 'Difficult', 'Great Soundtrack', 'Sexual Content', 'Nudity']",NULL
610,16637,7874,699936,"Cavern Kings",2014-09-30,321830,4.99,72570,9880,219,1547,68.493,0,"Action, Indie, Casual, Early Access",Vine,Vine,Indie,"['Action', 'Indie', 'Early Access', 'Casual', 'Pixel Graphics', 'Platformer', 'Roguelike']",NULL
611,30047,19935,713530,"Wizard of Legend",2018-05-15,445980,15.99,16000000,1500000,20372,106000,90.865,13,"Action, Adventure, Indie",Contingent99,"Contingent99, Humble Games",Indie,"['Action', 'Adventure', 'Indie', 'Singleplayer', 'RPG', 'Multiplayer', 'Co-op', 'Dungeon Crawler', 'Hack and Slash', 'Magic', 'Action Roguelike', 'Local Multiplayer', 'Local Co-Op', '2D', 'Pixel Graphics', 'Roguelike', 'Roguelite', 'Difficult', 'Procedural Generation', 'Fast-Paced']",NULL
612,47908,146564,657505,"NEEDY GIRL OVERDOSE",2022-01-21,1451940,15.99,14700000,1400000,45427,106000,94.86,6,"Adventure, Indie","WSS playground, xemono","WSS playground",Indie,"['Adventure', 'Singleplayer', 'Choose Your Own Adventure', 'Dark Humor', 'Text-Based', 'Psychological Horror', 'Point & Click', 'Psychedelic', 'Hentai', 'Psychological', 'Conversation', '2D', 'Pixel Graphics', 'Story Rich', 'Anime', 'Cute', 'Visual Novel', 'Colorful', 'Multiple Endings', 'Sexual Content']",NULL
613,36281,103261,647032,"Just Cause 4",2018-12-04,517630,0,11900000,588000,29887,106000,61.642,23,"Action, Adventure","Avalanche Studios","Square Enix",AAA,"['Action', 'Adventure', 'Singleplayer', 'Driving', 'Gore', 'Co-op', 'Third-Person Shooter', 'Third-Person', 'Destruction', 'Heist', 'FPS', 'Shooter', 'Physics', 'Open World', 'Comedy', 'Story Rich', 'Sandbox', 'Funny', 'Atmospheric', 'Violent']",NULL
614,1052743,217592,651992,"Pacific Drive",2024-02-22,1458140,34.99,11500000,557000,18569,106000,83.866,15,"Action, Adventure, Indie, Simulation, Racing","Ironwood Studios","Kepler Interactive",Indie,"['Action', 'Adventure', 'Simulation', 'Action-Adventure', 'Driving', 'First-Person', 'Crafting', 'Survival Horror', 'Investigation', 'Post-apocalyptic', 'Transportation', '3D', 'Building', 'Survival', 'Exploration', 'Base Building', 'Story Rich', 'Sandbox', 'Sci-fi', 'Atmospheric']",NULL
615,36278,11233,683939,"What Remains of Edith Finch",2017-04-25,501300,19.99,11400000,930000,43736,106000,95.766,5,"Adventure, Indie","Giant Sparrow","Annapurna Interactive",Indie,"['Adventure', 'Indie', 'Singleplayer', 'Drama', 'Psychological Horror', 'Mystery', 'Short', 'First-Person', 'Dark', 'Walking Simulator', 'Emotional', 'Narration', 'Female Protagonist', 'Puzzle', 'Exploration', 'Story Rich', 'Atmospheric', 'Great Soundtrack', 'Visual Novel', 'Horror']",NULL
616,33986,24417,726059,Eastward,2021-09-16,977880,24.99,9000000,470000,15664,106000,84.276,12,"Action, Adventure, Indie, RPG",Pixpil,Chucklefish,AA,"['Action', 'Adventure', 'Indie', 'Singleplayer', 'Casual', 'RPG', 'Action RPG', 'Dark', 'Post-apocalyptic', 'Soundtrack', '2D', 'Pixel Graphics', 'Female Protagonist', 'JRPG', 'Relaxing', 'Comedy', 'Story Rich', 'Atmospheric', 'Cute', 'Mature']",NULL
617,400381,214408,651265,"Stranded: Alien Dawn",2022-10-12,1324130,34.99,7000000,288000,9616,106000,85.046,35,"Simulation, Strategy","Haemimont Games","Frontier Foundry",Indie,"['Strategy', 'Simulation', 'Singleplayer', 'Inventory Management', 'Choices Matter', 'Tutorial', 'Colony Sim', 'Crafting', 'Destruction', 'Combat', 'Hunting', 'Cooking', '3D', 'Building', 'Survival', 'Base Building', 'Resource Management', 'Management', 'Space', 'Sci-fi']",NULL
618,36183,7533,683082,TERA,2015-05-05,323370,0,0,861000,15454,106000,79.183,41,"Action, Adventure, Free to Play, RPG, MMO","Bluehole, Inc.","En Masse Entertainment",Indie,"['Action', 'Adventure', 'Free to Play', 'RPG', 'Massively Multiplayer', 'Multiplayer', 'Controller', 'Action RPG', 'Co-op', 'MMORPG', 'Character Customization', 'PvE', 'Hack and Slash', 'Third-Person', 'Fantasy', 'Open World', 'Anime', 'Cute', 'PvP', 'Nudity']",NULL
619,71473,119308,652084,"Ghostwire: Tokyo",2022-03-24,1475810,59.99,23100000,552000,18386,105000,82.421,13,Action,"Tango Gameworks","Bethesda Softworks",AAA,"['Action', 'Adventure', 'Singleplayer', 'Action-Adventure', 'Psychological Horror', 'Mystery', 'First-Person', 'Survival Horror', 'Surreal', 'Cyberpunk', 'Supernatural', 'Lore-Rich', 'Combat', 'FPS', 'Exploration', 'Open World', 'Story Rich', 'Atmospheric', 'Horror', 'Realistic']",NULL
620,42351,138858,718836,"ENDER LILIES: Quietus of the Knights",2021-01-21,1369630,24.99,18400000,1100000,37621,105000,94.142,12,"Action, Indie, RPG","adglobe, Live Wire","Binary Haze Interactive",Indie,"['Action', 'Indie', 'Singleplayer', 'Hand-drawn', 'Action RPG', 'Medieval', 'Souls-like', 'Dark', 'Dragons', 'Dark Fantasy', 'Zombies', 'Post-apocalyptic', 'Metroidvania', '2D', 'Female Protagonist', 'Anime', 'Atmospheric', 'Difficult', 'Great Soundtrack', 'Multiple Endings']",NULL
621,59395,152258,612163,IXION,2022-12-07,1113120,34.99,11700000,455000,15178,105000,78.179,23,"Indie, Simulation, Strategy","Bulwark Studios","Kasedo Games",Indie,"['Strategy', 'Indie', 'Simulation', 'Singleplayer', 'Choices Matter', 'Economy', 'Colony Sim', 'Dark', 'Post-apocalyptic', 'Building', 'Survival', 'RTS', 'Exploration', 'City Builder', 'Base Building', 'Resource Management', 'Management', 'Space', 'Atmospheric', 'Difficult']",NULL
622,2908076,222803,682380,"Age of Mythology: Retold",2024-09-04,1934680,29.99,10800000,467000,15565,105000,89.92,26,Strategy,"CaptureAge, Forgotten Empires, Tantalus Media, Virtuos Games, World's Edge","Xbox Game Studios",AAA,"['Strategy', 'Singleplayer', 'Multiplayer', 'Co-op', 'Moddable', 'Online Co-Op', 'PvE', 'Magic', 'Level Editor', 'Real-Time', 'Mythology', 'Action RTS', '3D', 'Top-Down', 'RTS', 'Base Building', 'Resource Management', 'Fantasy', 'Story Rich', 'PvP']",NULL
623,16488,17929,712559,Salt,2014-10-15,327860,14.99,1500000,150000,2236,64311,76.476,8,"Action, Adventure, Indie, RPG","Lavaboots Studios","Lavaboots Studios",Indie,"['Action', 'Adventure', 'Indie', 'Singleplayer', 'Early Access', 'RPG', 'Multiplayer', 'Pirates', 'Naval', 'Sailing', 'First-Person', 'Crafting', 'Walking Simulator', 'Open World Survival Craft', 'Survival', 'Exploration', 'Open World', 'Sandbox', 'Atmospheric', 'Procedural Generation']",NULL
624,36178,20228,666406,"Sleeping Dogs: Definitive Edition",2014-10-14,307690,19.99,45000000,3500000,67356,104000,93.583,16,"Action, Adventure, Racing","Feral Interactive, United Front Games","Feral Interactive, Square Enix","AA, AAA","['Action', 'Adventure', 'Singleplayer', 'Multiplayer', 'Racing', 'Gore', 'Fighting', 'Third-Person Shooter', 'Third-Person', 'Remake', 'Crime', 'Parkour', 'Martial Arts', 'Shooter', 'Open World', 'Story Rich', 'Sandbox', 'Atmospheric', 'Great Soundtrack', 'Mature']",NULL
625,28160,26226,697909,Celeste,2018-01-25,504230,19.99,25500000,2000000,116000,104000,97.459,24,"Action, Adventure, Indie","Extremely OK Games, Ltd., Maddy Makes Games Inc.","Maddy Makes Games Inc.",Indie,"['Action', 'Adventure', 'Indie', 'Singleplayer', 'Side Scroller', 'Puzzle Platformer', 'LGBTQ+', '2D Platformer', 'Precision Platformer', '2D', 'Pixel Graphics', 'Female Protagonist', 'Platformer', 'Exploration', 'Story Rich', 'Retro', 'Atmospheric', 'Difficult', 'Great Soundtrack', 'Cute']",NULL
626,36210,9241,645990,"The Escapists",2014-06-20,298630,17.99,18200000,1600000,16008,104000,90.267,13,"Action, Adventure, Indie, Simulation, Strategy","Mouldy Toof Studios","Team17 Digital",Indie,"['Strategy', 'Action', 'Adventure', 'Indie', 'Simulation', 'Singleplayer', 'RPG', 'Multiplayer', 'Co-op', 'Crafting', '2D', 'Pixel Graphics', 'Top-Down', 'Survival', 'Puzzle', 'Roguelike', 'Comedy', 'Sandbox', 'Funny', 'Difficult']",NULL
627,1231385,135994,621354,Avowed,2025-02-18,2457220,69.99,13100000,235000,7818,104000,77.539,25,RPG,"Obsidian Entertainment","Xbox Game Studios",AAA,"['Action', 'Adventure', 'Singleplayer', 'RPG', 'Choices Matter', 'Action RPG', 'First-Person', 'LGBTQ+', 'Character Customization', 'Third-Person', 'Magic', 'Combat', '3D', 'Fantasy', 'Open World', 'Story Rich', 'Atmospheric', 'Violent', 'Colorful', 'Mature']",NULL
628,39377,16969,683018,"Naval Action",2016-01-21,311310,0,8800000,412000,12785,104000,56.809,66,"Indie, Simulation, Free to Play, Racing, MMO","Bermuda Computer Club","Bermuda Computer Club",Indie,"['Simulation', 'Massively Multiplayer', 'Automobile Sim', 'Racing', 'Offroad', 'Pirates', 'Naval Combat', 'Naval', 'Sailing', 'Space Sim', 'MMORPG', 'War', 'Historical', 'Military', 'Wargame', 'America', 'Transportation', 'Vehicular Combat', 'Open World', 'PvP']",NULL
629,36411,19333,729592,Absolver,2017-08-29,473690,29.99,8500000,424000,14488,104000,72.198,12,"Action, Adventure, Indie",Sloclap,"Devolver Digital",AA,"['Action', 'Adventure', 'Indie', 'Singleplayer', 'RPG', 'Massively Multiplayer', 'Multiplayer', 'Souls-like', 'Co-op', 'Fighting', 'MMORPG', 'Online Co-Op', 'Character Customization', 'PvE', 'Swordplay', 'Martial Arts', 'Open World', 'Atmospheric', 'Difficult', 'PvP']",NULL
630,36977,75161,705496,"Sword Art Online: Hollow Realization Deluxe Edition",2017-10-27,607890,49.99,7700000,219000,7534,104000,79.228,22,"Action, Adventure, Casual, RPG",AQURIA,"Bandai Namco",AAA,"['Action', 'Adventure', 'Singleplayer', 'Casual', 'RPG', 'Massively Multiplayer', 'Multiplayer', 'Memes', 'Co-op', 'MMORPG', 'Character Customization', 'Hack and Slash', 'Dating Sim', 'JRPG', 'Open World', 'Anime', 'Visual Novel', 'Mature', 'Sexual Content', 'Nudity']",NULL
631,719475,226035,722869,"Fields of Mistria",2024-08-05,2142790,13.99,5700000,527000,17580,104000,97.924,20,"Indie, Simulation, Early Access, RPG","NPC Studio","NPC Studio",Indie,"['Simulation', 'RPG', 'LGBTQ+', 'Agriculture', 'Crafting', 'Dating Sim', 'Life Sim', 'Mining', 'Romance', 'Farming', 'Farming Sim', 'Cooking', '2D', 'Pixel Graphics', 'Building', 'Relaxing', 'Open World', 'Sandbox', 'Anime', 'Cute']",NULL
632,67372,192664,673703,"Sengoku Dynasty",2023-08-10,1702010,29.99,3700000,175000,5823,104000,74.189,14,"Adventure, Simulation, RPG",Superkami,"Toplitz Productions",Indie,"['Singleplayer', 'RPG', 'Multiplayer', 'Colony Sim', 'Medieval', 'Co-op', 'First-Person', 'Online Co-Op', 'Historical', 'Crafting', 'Third-Person', 'Life Sim', 'Building', 'Survival', 'Exploration', 'City Builder', 'Base Building', 'Resource Management', 'Management', 'Open World']",NULL
633,39416,16687,699659,"PULSAR: Lost Colony",2015-09-15,252870,19.99,3000000,166000,5525,104000,90.009,15,"Action, Adventure, Indie, Simulation, RPG","Leafy Games","Leafy Games",Indie,"['Action', 'Adventure', 'Simulation', 'RPG', 'Multiplayer', 'Robots', 'Co-op', 'Space Sim', 'First-Person', 'Online Co-Op', 'Character Customization', 'PvE', 'Nonlinear', 'Spaceships', 'Class-Based', 'FPS', 'Exploration', 'Open World', 'Space', 'Sci-fi']",NULL
634,60527,240455,652272,"FIFA 22",2021-10-01,1506830,0,103600000,3000000,121000,103000,80.493,207,"Simulation, Sports","Electronic Arts","Electronic Arts",AAA,"['Simulation', 'Singleplayer', 'Multiplayer', 'Competitive', 'Sports', 'Controller', 'Immersive Sim', 'Co-op', 'Online Co-Op', 'Cinematic', 'Local Multiplayer', 'Team-Based', 'Local Co-Op', 'eSports', 'Physics', 'Family Friendly', 'PvP', 'Realistic', 'Sexual Content', 'Football (Soccer)']",NULL
635,36167,23190,715926,"Goat Simulator",2014-04-01,265930,9.99,27900000,4900000,68275,103000,90.748,7,"Indie, Simulation, Casual","Coffee Stain Studios","Coffee Stain Publishing",AA,"['Action', 'Indie', 'Simulation', 'Singleplayer', 'Casual', 'Dark Humor', 'Memes', 'Co-op', 'Third-Person', 'Local Multiplayer', 'Destruction', '3D', 'Arcade', 'Exploration', 'Physics', 'Open World', 'Comedy', 'Sandbox', 'Funny', 'Cute']",NULL
636,31662,14144,666679,"FINAL FANTASY X/X-2 HD Remaster",2016-05-12,359870,29.99,24100000,1100000,19451,103000,90.139,32,RPG,"Square Enix","Square Enix",AAA,"['Action', 'Adventure', 'Singleplayer', 'RPG', 'Classic', 'Turn-Based Combat', 'Remake', 'Romance', 'Female Protagonist', 'Puzzle', 'Turn-Based', 'JRPG', 'Linear', 'Fantasy', 'Open World', 'Story Rich', 'Sci-fi', 'Anime', 'Atmospheric', 'Great Soundtrack']",NULL
637,170034,152061,613101,"Tiny Tina's Wonderlands",2022-06-23,1286680,59.99,21300000,628000,21012,103000,73.801,21,"Action, Adventure, RPG","Gearbox Software",2K,AAA,"['Action', 'Adventure', 'Singleplayer', 'RPG', 'Multiplayer', 'Stylized', 'Co-op', 'Online Co-Op', 'Loot', 'Character Customization', 'PvE', 'Narration', 'Local Co-Op', 'Class-Based', 'Looter Shooter', '3D', 'FPS', 'Shooter', 'Fantasy', 'Comedy']",NULL
638,46965,112104,656188,"Command & Conquer™ Remastered Collection",2020-06-05,1213210,19.99,13400000,975000,32495,103000,90.66,16,Strategy,"Lemon Sky Studios, Petroglyph","Electronic Arts",AAA,"['Strategy', 'Singleplayer', 'Multiplayer', 'FMV', 'Classic', 'Tanks', 'War', 'Remake', 'Cinematic', 'Level Editor', 'Real Time Tactics', 'Soundtrack', 'Isometric', "1990's", 'RTS', 'Base Building', 'Retro', 'Great Soundtrack', 'PvP', 'Replay Value']",NULL
639,1230766,253391,631973,完蛋！我被美女包围了！,2023-10-18,2322560,9.99,8500000,1100000,45238,103000,93.645,7,"Adventure, Indie, Simulation, Strategy, RPG",intiny,intiny,Indie,"['Simulation', 'Singleplayer', 'Choose Your Own Adventure', 'RPG', 'Multiplayer', 'Choices Matter', 'FMV', 'Drama', 'Interactive Fiction', 'Immersive Sim', 'First-Person', 'Dating Sim', 'Emotional', 'Romance', 'Female Protagonist', 'Relaxing', 'Story Rich', 'Visual Novel', 'Multiple Endings', 'Sexual Content']",NULL
640,16460,36220,683103,"Rise to Ruins",2014-10-27,328080,14.99,2300000,283000,7624,51871,88.156,20,"Indie, Simulation, Strategy","Raymond Doerr","SixtyGig Games",Indie,"['Strategy', 'Indie', 'Simulation', 'Singleplayer', 'Early Access', 'Colony Sim', 'Level Editor', 'Soundtrack', 'God Game', '2D', 'Pixel Graphics', 'Tower Defense', 'Survival', 'Roguelike', 'City Builder', 'Base Building', 'Resource Management', 'Sandbox', 'Retro', 'Great Soundtrack']",NULL
641,26346,25964,647200,ICEY,2016-11-17,553640,10.99,5400000,686000,26703,103000,90.297,12,"Action, Adventure, RPG","FantaBlade Network",XD,Indie,"['Action', 'Adventure', 'Indie', 'Singleplayer', 'RPG', 'Side Scroller', 'Lovecraftian', 'Character Action Game', 'Hack and Slash', 'Cyberpunk', 'Narration', 'Spectacle fighter', 'Metroidvania', '2D', 'Female Protagonist', 'Platformer', 'Sci-fi', 'Anime', 'Funny', 'Great Soundtrack']",NULL
642,44109,140669,655659,"The Wandering Village",2022-09-14,1121640,24.99,3100000,173000,5758,103000,91.021,9,"Simulation, Strategy, Early Access","Stray Fawn Studio","Stray Fawn Publishing, WhisperGames",Indie,"['Strategy', 'Simulation', 'Controller', 'Colony Sim', 'Grand Strategy', 'Automation', 'Post-apocalyptic', 'Life Sim', 'Building', 'Survival', 'RTS', 'Roguelike', 'Exploration', 'City Builder', 'Base Building', 'Resource Management', 'Management', 'Relaxing', 'Sandbox', 'Atmospheric']",NULL
643,53969,0,646326,Blender,2015-04-24,365670,0,0,3100000,69105,103000,96.369,52,"Animation & Modeling, Design & Illustration, Video Production","Blender Foundation","Blender Foundation",Indie,"['Action', 'Singleplayer', 'Free to Play', 'GameMaker', 'Psychological Horror', 'Design & Illustration', 'Animation & Modeling', 'Moddable', 'Crafting', 'Utilities', 'Video Production', '3D Vision', 'Game Development', 'Software', '2D', '3D', 'Building', 'Physics', 'Sandbox', 'Difficult']",NULL
644,5959862,325594,745663,"Split Fiction",2025-03-06,2001120,49.99,74600000,1900000,24896,102000,98.329,7,"Action, Adventure","Hazelight Studios","Electronic Arts",AAA,"['Action', 'Adventure', 'Multiplayer', 'Action-Adventure', 'Co-op', 'Split Screen', 'Online Co-Op', 'Local Co-Op', 'Co-op Campaign', 'Female Protagonist', 'Fantasy', 'Sci-fi']",NULL
645,2127110,272600,693882,Soulmask,2024-05-31,2646460,29.99,9300000,417000,13913,102000,80.457,66,"Adventure, Indie, Simulation, Early Access, RPG, MMO","Campfire Studio","Qooland Games",Indie,"['Simulation', 'Singleplayer', 'RPG', 'Multiplayer', 'Action-Adventure', 'Colony Sim', 'War', 'Crafting', 'Third-Person', 'Open World Survival Craft', 'Hunting', 'Building', 'Survival', 'Exploration', 'Base Building', 'Resource Management', 'Open World', 'Sandbox', 'PvP', 'Realistic']",NULL
646,37370,17583,699889,"SpellForce 3 Reforced",2017-12-07,311290,39.99,8400000,387000,7533,102000,76.703,18,"Strategy, RPG","Grimlore Games","THQ Nordic",AA,"['Strategy', 'Action', 'Adventure', 'Singleplayer', 'RPG', 'Multiplayer', 'Co-op', 'Dwarf', 'CRPG', 'Character Customization', 'Isometric', 'Building', 'RTS', 'Base Building', 'Fantasy', 'Open World', 'Story Rich', 'Atmospheric', 'Great Soundtrack', 'Nudity']",NULL
647,17922,14379,645903,"Skara - The Blade Remains",2014-10-27,274620,0,185000,37881,638,6627,57.524,2,"Action, Indie, Free to Play, Early Access, RPG","Atomic Kraken","Atomic Kraken",Indie,"['Action', 'Indie', 'Free to Play', 'Early Access', 'RPG', 'Multiplayer', 'Medieval', 'Fighting', 'MOBA', 'Lore-Rich', 'PvP']",NULL
648,36212,17379,666362,Miscreated,2014-10-30,299740,29.99,15500000,1100000,31632,198000,66.044,30,"Action, Adventure, Indie, Simulation, Strategy, RPG, MMO","Entrada Interactive LLC","Entrada Interactive LLC",Indie,"['Action', 'Indie', 'Simulation', 'Singleplayer', 'Early Access', 'Massively Multiplayer', 'Multiplayer', 'Co-op', 'First-Person', 'Crafting', 'Zombies', 'Walking Simulator', 'Post-apocalyptic', 'Open World Survival Craft', 'Survival', 'FPS', 'Open World', 'Sandbox', 'Horror', 'PvP']",NULL
649,16374,17980,646129,"Tail Drift",2014-10-30,330520,2.99,6792,1086,19,114,47.368,0,"Indie, Early Access, Sports, Racing","Attract Mode Games","Blocky Pixel",Indie,"['Indie', 'Early Access', 'Sports', 'Racing']",NULL
650,39909,1121,715840,Watch_Dogs,2014-05-27,243470,19.99,47200000,2000000,44834,101000,77.983,23,"Action, Adventure",Ubisoft,Ubisoft,AAA,"['Strategy', 'Action', 'Adventure', 'Simulation', 'Singleplayer', 'RPG', 'Multiplayer', 'Driving', 'Co-op', 'Third-Person Shooter', 'Hacking', 'Third-Person', 'Beautiful', 'Futuristic', 'Epic', 'Parkour', 'Stealth', 'Shooter', 'Open World', 'Atmospheric']",NULL
651,48200,140972,718568,"Nioh 2 – The Complete Edition",2021-02-05,1325200,49.99,43400000,1300000,44396,101000,87.936,72,"Action, RPG","KOEI TECMO GAMES CO., LTD.","KOEI TECMO GAMES CO., LTD.",AAA,"['Action', 'Singleplayer', 'RPG', 'Multiplayer', 'Medieval', 'Souls-like', 'Co-op', 'Dark', 'Loot', 'Dark Fantasy', 'Character Customization', 'Historical', 'Hack and Slash', 'Female Protagonist', 'JRPG', 'Fantasy', 'Story Rich', 'Atmospheric', 'Difficult', 'Violent']",NULL
652,39210,115789,700989,BONEWORKS,2019-12-10,823500,29.99,24200000,1100000,35559,101000,92.244,14,"Action, Adventure, Indie, Simulation","Stress Level Zero","Stress Level Zero",Indie,"['Action', 'Adventure', 'Indie', 'Simulation', 'Singleplayer', 'VR', 'Gore', 'First-Person', 'Parkour', 'FPS', 'Puzzle', 'Shooter', 'Physics', 'Sandbox', 'Sci-fi', 'Funny', 'Great Soundtrack', 'Violent', 'Horror', 'Realistic']",NULL
653,36353,23582,700537,"Lost Castle",2016-02-05,434650,9.99,9200000,1400000,23459,101000,86.96,19,"Action, Adventure, Indie, RPG","Hunter Studio","Neon Doctrine",Indie,"['Singleplayer', 'RPG', 'Multiplayer', 'Side Scroller', "Beat 'em up", 'Action RPG', '4 Player Local', 'Dungeon Crawler', 'Loot', 'PvE', 'Hack and Slash', 'Action Roguelike', 'Local Multiplayer', '2D', 'Roguelike', 'Roguelite', 'Difficult', 'Colorful', 'Multiple Endings', 'PvP']",NULL
654,36378,17666,646054,"Euro Fishing",2014-11-04,314520,14.99,1300000,101000,1789,10490,65.232,10,"Simulation, Sports","Dovetail Games",,,"['Action', 'Simulation', 'Singleplayer', 'Early Access', 'Multiplayer', 'Sports', 'VR', 'First-Person', 'Third-Person', 'Asynchronous Multiplayer', 'Tactical', 'Fishing', 'Hunting', 'TrackIR', 'Exploration', 'Relaxing', 'Open World', 'Atmospheric', 'Realistic', 'Replay Value']",NULL
655,169638,204628,657487,"Wo Long: Fallen Dynasty",2023-03-03,1448440,39.99,37900000,818000,27274,100000,48.335,37,"Action, Adventure, RPG","KOEI TECMO GAMES CO., LTD.","CE-Asia(Asia), KOEI TECMO GAMES CO., LTD.","AAA, Indie","['Action', 'Adventure', 'Singleplayer', 'RPG', 'Gore', 'Action RPG', 'Souls-like', 'Co-op', 'Dark Fantasy', 'Character Customization', 'Historical', 'Hack and Slash', 'Third-Person', 'Martial Arts', 'Female Protagonist', 'JRPG', 'Fantasy', 'Atmospheric', 'Difficult', 'Violent']",NULL
656,47395,26950,701914,"Marvel's Avengers - The Definitive Edition",2020-09-04,997070,0,32600000,1000000,33974,100000,66.722,23,"Action, Adventure, RPG","Crystal Dynamics, Eidos Interactive, Nixxes",,,"['Action', 'Adventure', 'Singleplayer', 'RPG', 'Multiplayer', 'Co-op', 'Online Co-Op', 'Loot', 'PvE', 'Third-Person', 'Cinematic', 'Comic Book', 'Team-Based', 'Co-op Campaign', 'Superhero', 'Combat', 'Fantasy', 'Open World', 'Story Rich', 'Sci-fi']",NULL
657,37450,15444,703960,"Homeworld: Deserts of Kharak",2016-01-20,281610,49.99,6600000,195000,8442,100000,79.839,9,Strategy,"Blackbird Interactive","Gearbox Publishing",AA,"['Strategy', 'Action', 'Adventure', 'Singleplayer', 'Multiplayer', 'Co-op', 'Tactical', 'Futuristic', 'Real-Time', 'Female Protagonist', 'RTS', 'Story Rich', 'Space', 'Sci-fi', 'Atmospheric', 'Great Soundtrack']",NULL
658,16459,9075,666490,"Reflex Arena",2014-11-05,328070,9.99,490000,72066,1552,9765,84.729,19,"Action, Indie","Turbo Pixel Studios","Turbo Pixel Studios",Indie,"['Action', 'Indie', 'Early Access', 'Multiplayer', 'Competitive', 'Robots', 'First-Person', 'Arena Shooter', 'FPS', 'Shooter', 'Fast-Paced']",NULL
659,39687,115054,716879,"Chernobylite Complete Edition",2019-10-16,1016800,29.99,8500000,418000,13930,99829,82.247,9,"Action, Adventure, Indie, Simulation, RPG","The Farm 51","The Farm 51",Indie,"['Adventure', 'Indie', 'Simulation', 'Singleplayer', 'RPG', 'Action-Adventure', 'First-Person', 'Crafting', 'Survival Horror', 'Post-apocalyptic', 'Supernatural', 'Nonlinear', 'Survival', 'Stealth', 'Exploration', 'Base Building', 'Sci-fi', 'Atmospheric', 'Horror', 'Realistic']",NULL
660,36361,44102,647983,"A Total War Saga: Thrones of Britannia",2018-05-03,712100,39.99,14500000,486000,14017,99745,70.108,34,"Action, Strategy","Creative Assembly, Feral Interactive","Feral Interactive, SEGA","AA, AAA","['Strategy', 'Action', 'Singleplayer', 'Multiplayer', 'Medieval', 'Co-op', 'War', 'Historical', 'Military', 'Grand Strategy', 'Tactical', 'Turn-Based Strategy', 'Real Time Tactics', 'RTS', 'Turn-Based', 'City Builder', 'Sandbox', 'Atmospheric', 'Vikings']",NULL
661,33425,113649,686398,古剑奇谭三(Gujian3),2018-12-14,994280,29.99,21900000,1100000,47642,99726,86.124,23,RPG,"Aurogon Shanghai, 上海烛龙信息科技有限公司",北京网元圣唐娱乐科技有限公司,Indie,"['Action', 'Adventure', 'Indie', 'Singleplayer', 'RPG', 'Multiplayer', 'Drama', 'Action RPG', 'Souls-like', 'CRPG', 'Hack and Slash', 'Third-Person', 'Dating Sim', 'Martial Arts', 'Mythology', 'Fantasy', 'Open World', 'Story Rich', 'Anime', 'Great Soundtrack']",NULL
662,10466,19817,711416,Scorn,2022-10-14,698670,39.99,12000000,451000,15042,99690,76.599,4,"Action, Adventure, Indie","Ebb Software","Kepler Interactive",Indie,"['Action', 'Adventure', 'Indie', 'Singleplayer', 'Gore', 'Lovecraftian', 'Psychological Horror', 'First-Person', 'Dark', 'Survival Horror', 'Surreal', 'Walking Simulator', 'FPS', 'Puzzle', 'Sci-fi', 'Atmospheric', 'Violent', 'Horror', 'Sexual Content', 'Nudity']",NULL
663,38499,9902,682839,"Age of Mythology: Extended Edition",2014-05-08,266840,29.99,44700000,2400000,35042,99675,93.145,32,"Simulation, Strategy","Ensemble Studios, SkyBox Labs","Xbox Game Studios",AAA,"['Strategy', 'Action', 'Adventure', 'Simulation', 'Singleplayer', 'Multiplayer', 'Classic', 'Co-op', 'Historical', 'Remake', 'Tactical', 'Epic', 'Real-Time', 'Mythology', 'Nostalgia', 'RTS', 'Fantasy', 'Story Rich', 'Atmospheric', 'Great Soundtrack']",NULL
664,38717,36261,646050,"Microsoft Flight Simulator X: Steam Edition",2014-12-18,314160,24.99,13900000,850000,25421,99631,86.354,77,Simulation,"Microsoft Game Studios","Xbox Game Studios",AAA,"['Strategy', 'Action', 'Adventure', 'Simulation', 'Singleplayer', 'Massively Multiplayer', 'Multiplayer', 'VR', 'Co-op', 'Flight', 'First-Person', 'Moddable', 'Military', 'Third-Person', 'Local Multiplayer', 'Open World', 'Sandbox', 'Atmospheric', 'Difficult', 'Realistic']",NULL
665,37758,3812,682981,"Ryse: Son of Rome",2014-10-10,302510,9.99,21200000,1800000,39775,99612,86.673,7,Action,Crytek,Crytek,AA,"['Action', 'Adventure', 'Singleplayer', 'RPG', 'Multiplayer', 'Gore', 'Short', 'Co-op', 'War', 'Historical', 'Hack and Slash', 'Third-Person', 'Quick-Time Events', 'Rome', 'Benchmark', 'Linear', 'Fantasy', 'Open World', 'Atmospheric', 'Nudity']",NULL
666,36030,28380,667869,"Darksiders III",2018-11-27,606280,39.99,16200000,403000,15013,99396,76.474,13,"Action, Adventure, RPG","Gunfire Games","THQ Nordic",AA,"['Action', 'Adventure', 'Singleplayer', 'RPG', 'Action-Adventure', 'Gore', 'Souls-like', 'Dark', 'Dark Fantasy', 'Hack and Slash', 'Third-Person', 'Post-apocalyptic', 'Female Protagonist', 'Puzzle', 'Fantasy', 'Open World', 'Story Rich', 'Atmospheric', 'Difficult', 'Violent']",NULL
667,17090,36282,666397,"Dragon: The Game",2014-11-07,305960,17.99,243000,18294,776,22125,29.639,2,"Action, Indie, Simulation, Early Access, RPG","Sky Drake Studios","Red Level Games",Indie,"['Action', 'Adventure', 'Indie', 'Simulation', 'Singleplayer', 'Early Access', 'RPG', 'Multiplayer', 'Dragons', 'Fantasy', 'Open World', 'Sandbox']",NULL
668,36139,11584,645888,"RUNNING WITH RIFLES",2014-03-13,270150,14.99,10100000,1100000,16023,99167,88.011,17,"Action, Indie","Osumia Games","Osumia Games",Indie,"['Action', 'Singleplayer', 'RPG', 'Multiplayer', 'Top-Down Shooter', 'Co-op', 'Moddable', 'Online Co-Op', 'Loot', 'PvE', 'Artificial Intelligence', 'Military', 'Wargame', 'Tactical', 'Co-op Campaign', 'Isometric', 'Top-Down', 'Shooter', 'Open World', 'Sandbox']",NULL
669,47232,55057,611226,"Age of Empires III: Definitive Edition",2020-10-15,933110,0,14300000,1400000,47012,98954,84.483,26,"Strategy, Free to Play","Forgotten Empires, Tantalus Media, World's Edge","Xbox Game Studios",AAA,"['Strategy', 'Singleplayer', 'Free to Play', 'Multiplayer', 'Medieval', 'Co-op', 'Moddable', 'Online Co-Op', 'War', 'Historical', 'Military', 'Level Editor', 'Combat', '3D', 'RTS', 'City Builder', 'Base Building', 'Resource Management', 'Story Rich', 'PvP']",NULL
670,16835,10974,712484,"The Joylancer: Legendary Motor Knight",2014-11-07,315540,9.99,56656,8562,161,834,40.373,0,"Action, Indie, Early Access","alpha six productions",Digerati,Indie,"['Action', 'Indie', 'Early Access', 'Pixel Graphics', 'Female Protagonist', 'Platformer', 'Retro']",NULL
671,44248,146310,650811,"TOGETHER BnB",2021-04-09,1239020,17.99,3100000,230000,7680,98521,58.555,14,"Adventure, Indie, Simulation, Casual, Early Access, RPG","AURORA Games","AURORA Games",Indie,"['Adventure', 'Indie', 'Simulation', 'Casual', 'RPG', 'First-Person', 'Beautiful', 'Dating Sim', 'Walking Simulator', 'Life Sim', '3D', 'FPS', 'Exploration', 'Open World', 'Anime', 'Cute', 'Visual Novel', 'Colorful', 'Realistic', 'Sexual Content']",NULL
672,36493,36813,698436,"The Evil Within 2",2017-10-13,601430,39.99,22000000,661000,28556,98376,92.226,23,"Action, Adventure","Tango Gameworks","Bethesda Softworks",AAA,"['Action', 'Adventure', 'Singleplayer', 'Gore', 'Psychological Horror', 'First-Person', 'Dark', 'Third-Person Shooter', 'Third-Person', 'Survival Horror', 'Zombies', 'Survival', 'Stealth', 'Shooter', 'Open World', 'Story Rich', 'Atmospheric', 'Great Soundtrack', 'Violent', 'Horror']",NULL
673,34644,25136,715942,"X-Plane 11",2017-03-30,269950,29.99,15100000,380000,18699,98355,92.802,160,Simulation,"Laminar Research","Laminar Research",Indie,"['Action', 'Adventure', 'Simulation', 'Singleplayer', 'Massively Multiplayer', 'Multiplayer', 'Controller', 'VR', 'Education', 'Flight', 'First-Person', 'Third-Person', 'Beautiful', 'Exploration', 'Physics', 'Open World', 'Sandbox', 'Atmospheric', 'Family Friendly', 'Realistic']",NULL
674,29999,15465,713541,"VA-11 Hall-A: Cyberpunk Bartender Action",2016-06-21,447530,14.99,10300000,952000,35883,98173,97.453,11,"Adventure, Indie, Simulation","Sukeban Games","PLAYISM, Ysbryd Games",Indie,"['Adventure', 'Simulation', 'Casual', 'Choices Matter', 'Memes', 'Point & Click', 'LGBTQ+', 'Dystopian ', 'Cyberpunk', 'Transhumanism', 'Life Sim', '2D', 'Pixel Graphics', 'Female Protagonist', 'Story Rich', 'Sci-fi', 'Anime', 'Funny', 'Cute', 'Visual Novel']",NULL
675,53923,24624,712755,"RPG Maker MV",2015-10-23,363890,79.99,14100000,290000,8161,98164,90.994,66,"Design & Illustration, Web Publishing","Gotcha Gotcha Games, KADOKAWA, Yoji Ojima",Degica,Indie,"['Singleplayer', 'RPG', 'Multiplayer', 'RPGMaker', 'GameMaker', 'Action RPG', 'Design & Illustration', 'Game Development', 'Software', 'Web Publishing', '2D', 'JRPG', 'Anime', 'Sexual Content']",NULL
676,54339,20740,728311,"The Witcher 2: Assassins of Kings Enhanced Edition",2012-04-17,20920,19.99,81900000,7000000,86241,98071,89.544,17,RPG,"CD PROJEKT RED","1C-SoftClub, CD PROJEKT RED","AA, Indie","['Action', 'Adventure', 'Singleplayer', 'RPG', 'Choices Matter', 'Medieval', 'Dark', 'Dark Fantasy', 'Third-Person', 'Magic', 'Based On A Novel', 'Well-Written', 'Fantasy', 'Open World', 'Story Rich', 'Atmospheric', 'Difficult', 'Multiple Endings', 'Mature', 'Nudity']",NULL
677,36329,18375,729618,"System Shock",2023-05-30,482400,39.99,8800000,308000,10264,98022,91.387,11,"Action, Adventure","Nightdive Studios","Prime Matter",AA,"['Action', 'Adventure', 'Singleplayer', 'RPG', 'Immersive Sim', 'Gore', 'Kickstarter', 'First-Person', 'Survival Horror', 'Remake', 'Cyberpunk', 'Survival', 'FPS', 'Shooter', 'Story Rich', 'Space', 'Sci-fi', 'Atmospheric', 'Violent', 'Horror']",NULL
678,26014,27523,710775,"Alien Swarm: Reactive Drop",2017-04-20,563560,0,0,3300000,22418,97921,94.915,6,"Action, Free to Play","Reactive Drop Team","Reactive Drop Team",Indie,"['Aliens', 'Top-Down Shooter', 'Co-op', 'First-Person', 'Third-Person Shooter', 'Hacking', 'Moddable', 'PvE', 'Twin Stick Shooter', 'Third-Person', 'Zombies', 'Level Editor', 'Combat', 'Class-Based', 'Top-Down', 'FPS', 'Shooter', 'Sci-fi', 'Procedural Generation', 'PvP']",NULL
679,36337,36198,704142,"Children of Morta",2019-09-03,330020,21.99,9900000,747000,20619,97902,88.85,9,"Action, Adventure, Indie, RPG","Dead Mage","11 bit studios",AA,"['Action', 'Singleplayer', 'RPG', 'Multiplayer', 'Action-Adventure', 'Action RPG', 'Co-op', 'Dungeon Crawler', 'Online Co-Op', 'Hack and Slash', 'Action Roguelike', 'Local Co-Op', 'Isometric', '2D', 'Pixel Graphics', 'Roguelike', 'Roguelite', 'Fantasy', 'Story Rich', 'Procedural Generation']",NULL
680,16575,14365,646100,Boundless,2014-11-13,324510,19.99,2800000,105000,2740,58235,70,15,"Action, Adventure, Indie, RPG, MMO","Monumental, LLC","Monumental, LLC",Indie,"['Action', 'Adventure', 'Indie', 'Simulation', 'Early Access', 'RPG', 'Massively Multiplayer', 'Multiplayer', 'Co-op', 'First-Person', 'MMORPG', 'Dark Fantasy', 'Crafting', 'Voxel', 'Open World Survival Craft', 'Building', 'Survival', 'Open World', 'Space', 'Sandbox']",NULL
681,2556864,30208,721401,"Dragon Age™: The Veilguard",2024-10-31,1845910,59.99,53200000,1200000,38376,97677,69.929,46,"Action, Adventure, Strategy, RPG",BioWare,"Electronic Arts",AAA,"['Strategy', 'Action', 'Adventure', 'Singleplayer', 'RPG', 'Choices Matter', 'Turn-Based Tactics', 'Action RPG', 'CRPG', 'Dragons', 'LGBTQ+', 'Character Customization', 'Third-Person', 'Magic', 'Lore-Rich', 'Politics', 'Romance', 'Fantasy', 'Story Rich', 'Multiple Endings']",NULL
682,38834,0,727177,"Bright Memory: Infinite",2021-11-12,1178830,19.99,17700000,1200000,38406,97594,92.051,7,"Action, Indie",FYQD-Studio,"FYQD-Studio, PLAYISM",Indie,"['Action', 'Indie', 'Singleplayer', 'Multiplayer', 'Gore', 'Short', 'Souls-like', 'First-Person', 'Character Customization', 'Hack and Slash', 'Futuristic', 'Swordplay', 'Female Protagonist', 'FPS', 'Shooter', 'Sci-fi', 'Violent', 'Realistic', 'Mature', 'Sexual Content']",NULL
683,17355,17337,716068,"Pro Wrestling X",2014-11-18,297310,9.99,99815,16318,288,2539,45.486,2,"Action, Indie, Early Access, Sports","Wrestling Gamers United","Wrestling Gamers United",Indie,"['Action', 'Indie', 'Old School', 'Singleplayer', 'Early Access', 'Multiplayer', 'Sports', "Beat 'em up", 'Fighting', 'Moddable', 'Character Customization', 'Martial Arts', '3D Fighter', 'Wrestling', 'Combat', '3D', 'Physics', 'Violent', 'Realistic', 'Mature']",NULL
684,37371,7408,712538,"DRAGON BALL XENOVERSE",2015-02-26,323470,39.99,31000000,963000,20718,97095,89.82,28,Action,DIMPS,"Bandai Namco",AAA,"['Action', 'Adventure', 'Singleplayer', 'RPG', 'Multiplayer', 'Controller', "Beat 'em up", 'Action RPG', 'Co-op', 'Fighting', 'Dragons', 'Online Co-Op', 'Character Customization', 'Third-Person', 'Local Co-Op', 'Fantasy', 'Open World', 'Anime', 'Funny', 'Fast-Paced']",NULL
685,36268,19549,704708,"Day of Infamy",2016-07-28,447820,14.99,16300000,1400000,22059,96768,82.47,19,"Action, Indie, Strategy","New World Interactive","New World Interactive",Indie,"['Strategy', 'Action', 'Indie', 'Simulation', 'Singleplayer', 'Multiplayer', 'Gore', 'Co-op', 'First-Person', 'Online Co-Op', 'War', 'Historical', 'Military', 'World War II', 'Tactical', 'FPS', 'Shooter', 'Open World', 'Violent', 'Realistic']",NULL
686,37140,19698,668713,"Albion Online",2018-05-16,761890,0,1200000,1300000,80860,96759,79.014,84,"Free to Play, RPG, MMO","Sandbox Interactive GmbH","Sandbox Interactive GmbH",Indie,"['Strategy', 'Action', 'Singleplayer', 'Free to Play', 'RPG', 'Massively Multiplayer', 'Multiplayer', 'Economy', 'Medieval', 'Co-op', 'MMORPG', 'Loot', 'PvE', 'Crafting', 'Survival', 'Fantasy', 'Open World', 'Sandbox', 'Difficult', 'PvP']",NULL
687,4097897,171225,723604,"WUCHANG: Fallen Feathers",0000-00-00,2277560,0,0,0,0,96613,0,0,"Action, Adventure, RPG",Leenzee,"505 GAMES",AA,"['Action', 'Adventure', 'Singleplayer', 'RPG', 'Action-Adventure', 'Gore', 'Action RPG', 'Souls-like', 'Dark', 'Dark Fantasy', 'Character Customization', 'Hack and Slash', 'Third-Person', 'Combat', 'Female Protagonist', 'Exploration', 'Open World', 'Story Rich', 'Atmospheric', 'Difficult']",NULL
688,744,120619,685730,"Tribes of Midgard",2021-07-27,858820,19.99,9400000,666000,22213,96378,76.622,14,"Action, Adventure, Indie, RPG",Norsfell,"Gearbox Publishing",AA,"['Action', 'Indie', 'Singleplayer', 'Multiplayer', 'Action RPG', 'Co-op', 'Online Co-Op', 'PvE', 'Hack and Slash', 'Spectacle fighter', 'Mythology', 'Open World Survival Craft', 'Survival', 'Exploration', 'Roguelite', 'Base Building', 'Procedural Generation', 'Colorful', 'Vikings', 'Boss Rush']",NULL
689,39158,30537,698195,"Infestation: The New Z",2016-11-22,555570,0,0,4900000,33764,96356,53.755,22,"Action, Indie, Free to Play, RPG, MMO","Fredaikis AB","OP Productions LLC",Indie,"['Action', 'Adventure', 'Indie', 'Free to Play', 'RPG', 'Massively Multiplayer', 'Multiplayer', 'Co-op', 'Third-Person Shooter', 'PvE', 'Survival Horror', 'Zombies', 'Walking Simulator', 'Survival', 'FPS', 'Shooter', 'Open World', 'Violent', 'Horror', 'PvP']",NULL
690,54337,732,622873,"Grand Theft Auto: San Andreas",2008-01-04,12120,0,29100000,3400000,82393,96335,92.044,25,Action,"Rockstar Games","Rockstar Games",AAA,"['Action', 'Adventure', 'Singleplayer', 'Multiplayer', 'Automobile Sim', 'Driving', 'Classic', 'Third-Person Shooter', 'Moddable', 'Third-Person', 'Crime', 'Shooter', 'Open World', 'Comedy', 'Story Rich', 'Sandbox', 'Funny', 'Atmospheric', 'Great Soundtrack', 'Mature']",NULL
691,34633,16920,703917,"Voice Of Pripyat",2014-11-19,269530,6.99,23256,3901,84,779,39.286,0,"Action, Indie, Early Access, MMO","Slav Pankratov","Slav Pankratov",Indie,"['Action', 'Indie', 'Early Access', 'Massively Multiplayer', 'Multiplayer', 'Zombies', 'Post-apocalyptic', 'Real-Time', 'FPS', 'Shooter']",NULL
692,46585,133307,726069,"The Ascent",2021-07-29,979690,29.99,13200000,675000,22496,96198,74.129,9,"Action, Adventure, Indie, RPG","Neon Giant","Curve Games",Indie,"['Action', 'Adventure', 'Indie', 'RPG', 'Top-Down Shooter', 'Gore', 'Action RPG', 'Co-op', 'Split Screen', 'Character Customization', 'PvE', 'Twin Stick Shooter', 'Dystopian ', 'Cyberpunk', 'Futuristic', 'Local Co-Op', 'Isometric', 'Shooter', 'Open World', 'Violent']",NULL
693,36280,23275,667412,"Streets of Rogue",2017-03-10,512900,19.99,5900000,505000,21689,96144,96.095,16,"Action, Adventure, Indie, RPG","Matt Dabrowski",tinybuild,Indie,"['Action', 'Adventure', 'Indie', 'RPG', 'Multiplayer', 'Immersive Sim', 'Gore', 'Co-op', 'Online Co-Op', 'Action Roguelike', 'Local Co-Op', '2D', 'Pixel Graphics', 'Stealth', 'Roguelike', 'Roguelite', 'Funny', 'Procedural Generation', 'Great Soundtrack', 'Violent']",NULL
694,13260,26673,670709,OMORI,2020-12-25,1150690,19.99,33600000,2300000,78160,96133,97.258,23,"Adventure, Indie, RPG","OMOCAT, LLC","OMOCAT, LLC",Indie,"['Indie', 'RPG', 'RPGMaker', 'Stylized', 'Hand-drawn', 'Psychological Horror', 'Party-Based RPG', '2D', 'Pixel Graphics', 'Turn-Based', 'Exploration', 'JRPG', 'Fantasy', 'Story Rich', 'Anime', 'Atmospheric', 'Great Soundtrack', 'Colorful', 'Horror', 'Multiple Endings']",NULL
695,37187,115991,715211,"The Riftbreaker",2021-10-14,780310,29.99,11500000,530000,17678,96109,90.253,29,"Action, Adventure, Indie, Simulation, Strategy, RPG","Exor Studios","Exor Studios, Surefire.Games",Indie,"['Strategy', 'Action', 'Adventure', 'Simulation', 'RPG', 'Action RPG', 'Mechs', 'Loot', 'Hack and Slash', 'Crafting', 'Isometric', 'Building', 'Tower Defense', 'Survival', 'Exploration', 'Base Building', 'Resource Management', 'Sandbox', 'Sci-fi', 'Atmospheric']",NULL
696,17565,11719,645958,"Rebel Galaxy",2015-10-20,290300,19.99,7500000,554000,8026,96023,85.211,12,"Action, Adventure, Indie, Simulation, RPG","Double Damage Games","Double Damage Games",Indie,"['Strategy', 'Action', 'Adventure', 'Indie', 'Simulation', 'Singleplayer', 'RPG', 'Space Sim', 'Third-Person', 'Trading', '2D', 'Arcade', 'Shooter', 'Exploration', 'Open World', 'Space', 'Sandbox', 'Sci-fi', 'Atmospheric', 'Great Soundtrack']",NULL
697,36683,10637,666262,"Offworld Trading Company",2015-02-12,271240,29.99,15700000,798000,5547,96019,76.942,9,"Indie, Simulation, Strategy","Mohawk Games","Stardock Entertainment",AA,"['Strategy', 'Simulation', 'Singleplayer', 'Multiplayer', 'Economy', 'Colony Sim', 'Online Co-Op', '3D', 'Survival', 'Exploration', 'City Builder', 'Base Building', 'Resource Management', 'Management', 'Space', 'Sci-fi', 'Atmospheric', 'Colorful', 'PvP', 'Replay Value']",NULL
698,46756,134706,687672,"STAR WARS™: Squadrons",2020-10-01,1222730,39.99,21700000,804000,26816,95790,65.808,8,"Action, Simulation",MOTIVE,"Electronic Arts",AAA,"['Strategy', 'Action', 'Adventure', 'Simulation', 'Singleplayer', 'Multiplayer', 'Controller', 'VR', 'Co-op', 'Flight', 'Space Sim', 'First-Person', 'Online Co-Op', 'Spaceships', 'Female Protagonist', 'FPS', 'Shooter', 'Space', 'Sci-fi', 'PvP']",NULL
699,19349,111033,715182,"Project Winter",2019-02-07,774861,9.99,5900000,471000,18858,95595,82.761,13,"Action, Adventure, Indie, Strategy, Casual","Other Ocean Interactive","Other Ocean Group",Indie,"['Strategy', 'Action', 'Indie', 'Casual', 'Multiplayer', 'Controller', 'Stylized', 'Co-op', 'Online Co-Op', 'Character Customization', 'PvE', 'Crafting', 'Investigation', 'Team-Based', 'Snow', 'Social Deduction', 'Survival', 'Exploration', 'Funny', 'PvP']",NULL
700,29478,20150,729527,"Katana ZERO",2019-04-18,460950,14.99,20100000,2000000,69812,95593,98.04,8,"Action, Indie",Askiisoft,"Devolver Digital",AA,"['Action', 'Indie', 'Singleplayer', 'Ninja', 'Gore', 'Hack and Slash', 'Cyberpunk', '2D Platformer', 'Time Manipulation', 'Noir', '2D', 'Pixel Graphics', 'Platformer', 'Story Rich', 'Sci-fi', 'Retro', 'Difficult', 'Great Soundtrack', 'Violent', 'Fast-Paced']",NULL
701,38282,9815,728776,"Fractured Space",2014-11-20,310380,0,3300000,1700000,12619,84176,77.249,5,"Action, Adventure, Indie, Strategy, Free to Play, MMO","Edge Case Games Ltd.","Edge Case Games Ltd.",Indie,"['Strategy', 'Action', 'Indie', 'Simulation', 'Free to Play', 'Early Access', 'Massively Multiplayer', 'Multiplayer', 'Competitive', 'Co-op', 'Space Sim', 'MOBA', 'Tactical', 'Team-Based', 'Survival', 'Shooter', 'Open World', 'Space', 'Sci-fi', 'PvP']",NULL
702,37574,56012,711753,"Russian Fishing 4",2018-06-15,766570,0,0,2100000,71133,95402,52.621,85,"Adventure, Simulation, Casual, Free to Play, RPG, Sports, MMO","FishSoft, LLC","FishSoft, LLC",Indie,"['Adventure', 'Simulation', 'Singleplayer', 'Free to Play', 'Casual', 'RPG', 'Massively Multiplayer', 'Multiplayer', 'Sports', 'Nature', 'Immersive Sim', 'First-Person', 'Crafting', 'Fishing', 'Survival', 'Relaxing', 'Open World', 'Atmospheric', 'Family Friendly', 'Realistic']",NULL
703,3786,137664,703203,"Summer Memories",2020-06-15,1227890,19.99,7500000,635000,21151,95309,93.031,9,"Adventure, RPG","Dojin Otome","Kagura Games",Indie,"['Adventure', 'Indie', 'Simulation', 'Singleplayer', 'RPG', 'RPGMaker', 'Memes', 'Time Management', 'Hentai', '2D', 'Pixel Graphics', 'FPS', 'JRPG', 'Anime', 'Funny', 'Visual Novel', 'Multiple Endings', 'Mature', 'Sexual Content', 'Nudity']",NULL
704,46699,133152,656623,Helltaker,2020-05-11,1289310,0,0,3700000,124000,95308,97.758,5,"Adventure, Indie, Free to Play",vanripper,vanripper,Indie,"['Adventure', 'Indie', 'Singleplayer', 'Free to Play', 'Demons', 'Short', 'Dating Sim', 'Hentai', 'Rhythm', '2D', 'Puzzle', 'Comedy', 'Anime', 'Funny', 'Difficult', 'Great Soundtrack', 'Cute', 'Visual Novel', 'Mature', 'Sexual Content']",NULL
705,36349,7194,710045,STEINS;GATE,2016-09-09,412830,29.99,12300000,602000,20260,95270,97.473,18,Adventure,"MAGES. Inc.","Spike Chunsoft Co., Ltd.",Indie,"['Adventure', 'Singleplayer', 'Casual', 'Choices Matter', 'Psychological Horror', 'Mystery', 'Memes', 'Thriller', 'Time Travel', 'Dating Sim', 'Science', 'Romance', 'Story Rich', 'Sci-fi', 'Anime', 'Atmospheric', 'Great Soundtrack', 'Visual Novel', 'Horror', 'Multiple Endings']",NULL
706,16399,17978,704147,"Celestial Command",2014-11-22,330460,19.99,328000,31287,683,20855,65.447,10,"Action, Adventure, Indie, Simulation, Strategy, Early Access, RPG","Artaani, Riya, Romenics",Romenics,Indie,"['Strategy', 'Action', 'Adventure', 'Indie', 'Simulation', 'Early Access', 'RPG', 'Space Sim', 'Building', 'Physics', 'Open World', 'Space', 'Sandbox', 'Sci-fi']",NULL
707,46676,234702,717408,"Persona 4 Golden",2020-06-13,1113000,19.99,34000000,2300000,76348,95240,97.028,46,RPG,ATLUS,SEGA,AAA,"['Strategy', 'Adventure', 'Singleplayer', 'RPG', 'Mystery', 'Turn-Based Combat', 'Party-Based RPG', 'Dating Sim', 'Turn-Based Strategy', 'Detective', 'Emotional', 'Turn-Based', 'JRPG', 'Story Rich', 'Anime', 'Great Soundtrack', 'Violent', 'Visual Novel', 'Colorful', 'Multiple Endings']",NULL
708,3876,119061,650125,"Atelier Ryza: Ever Darkness & the Secret Hideout",2019-10-29,1121560,59.99,12700000,296000,8274,95236,87.068,24,RPG,"KOEI TECMO GAMES CO., LTD.","KOEI TECMO GAMES CO., LTD.",AAA,"['Action', 'Adventure', 'Simulation', 'Singleplayer', 'Casual', 'RPG', 'Turn-Based Combat', 'Crafting', 'Emotional', 'Collectathon', 'Female Protagonist', 'Turn-Based', 'Exploration', 'JRPG', 'Fantasy', 'Story Rich', 'Anime', 'Great Soundtrack', 'Cute', 'Sexual Content']",NULL
709,36295,1337,728423,"Torchlight II",2012-09-20,200710,19.99,74800000,6200000,44140,95201,92.782,24,"Action, Adventure, Indie, RPG","Runic Games","Arc Games",Indie,"['Action', 'Adventure', 'Indie', 'Singleplayer', 'RPG', 'Multiplayer', 'Action RPG', 'Co-op', 'Cartoon', 'Dungeon Crawler', 'Moddable', 'Online Co-Op', 'Loot', 'Character Customization', 'Hack and Slash', 'Isometric', 'Steampunk', 'Fantasy', 'Atmospheric', 'Replay Value']",NULL
710,39371,3210,715778,"Star Conflict",2013-02-27,212070,0,0,2400000,14784,95158,73.438,33,"Action, Adventure, Simulation, Free to Play, RPG, MMO","Star Gem Inc.","Gaijin Network Ltd",Indie,"['Action', 'Choose Your Own Adventure', 'Free to Play', 'RPG', 'Massively Multiplayer', 'Aliens', 'Flight', 'Space Sim', 'Online Co-Op', 'PvE', 'Crafting', 'Third-Person', 'Science', 'Trading', '3D', 'Shooter', 'Open World', 'Sandbox', 'Sci-fi', 'Atmospheric']",NULL
711,71411,0,671780,"FreshWomen - Season 1",2022-08-19,1350650,13.99,5200000,523000,17418,94935,95.528,5,"Adventure, Indie",Oppai-Man,Oppai-Man,Indie,"['Adventure', 'Indie', 'Singleplayer', 'Choose Your Own Adventure', 'Choices Matter', 'Drama', 'Dating Sim', 'Hentai', 'NSFW', 'Episodic', 'Romance', 'Comedy', 'Story Rich', 'Visual Novel', 'Multiple Endings', 'Realistic', 'Replay Value', 'Mature', 'Sexual Content', 'Nudity']",NULL
712,16347,36192,646134,"LEVEL UP!",2014-11-24,332150,9.99,2064,273,4,113,50,0,"Action, Indie, Early Access","Ranmantaru Games","Ranmantaru Games",Indie,"['Action', 'Indie', 'Early Access']",NULL
713,36098,89560,668705,"Mutant Year Zero: Road to Eden",2018-12-04,760060,34.99,17500000,697000,19786,94619,90.478,10,"Strategy, RPG","The Bearded Ladies",Funcom,AA,"['Strategy', 'Action', 'Adventure', 'Singleplayer', 'RPG', 'Turn-Based Tactics', 'Turn-Based Combat', 'Dark Fantasy', 'Tactical', 'Turn-Based Strategy', 'Post-apocalyptic', 'Survival', 'Turn-Based', 'Stealth', 'Exploration', 'Fantasy', 'Funny', 'Atmospheric', 'Difficult', 'Horror']",NULL
714,36755,1886,682715,"Homefront: The Revolution",2016-05-17,223100,19.99,20400000,916000,16310,94481,60.392,11,"Action, Adventure","Dambuster Studios","Deep Silver",AA,"['Action', 'Adventure', 'Singleplayer', 'Multiplayer', 'Co-op', 'First-Person', 'Online Co-Op', 'War', 'Military', 'Crafting', 'Dystopian ', 'Futuristic', 'Survival', 'FPS', 'Stealth', 'Shooter', 'Open World', 'Story Rich', 'Atmospheric', 'Violent']",NULL
715,35938,233,711988,"Half-Life 2",2004-11-16,220,9.99,122900000,21300000,239000,93915,97.594,15,Action,Valve,Valve,AAA,"['Action', 'Adventure', 'Singleplayer', 'Multiplayer', 'Aliens', 'Silent Protagonist', 'Classic', 'First-Person', 'Moddable', 'Zombies', 'Dystopian ', 'FPS', 'Puzzle', 'Shooter', 'Physics', 'Story Rich', 'Sci-fi', 'Atmospheric', 'Great Soundtrack', 'Horror']",NULL
716,718642,217590,639757,"TEKKEN 8",2024-01-25,1778820,69.99,78300000,1500000,50107,93820,68.903,89,Action,"Bandai Namco","Bandai Namco",AAA,"['Action', 'Singleplayer', 'Casual', 'Multiplayer', 'Competitive', 'Controller', 'Fighting', 'Character Customization', 'Local Multiplayer', 'eSports', 'Martial Arts', '3D Fighter', 'Arcade', 'Story Rich', 'Anime', 'Difficult', 'Great Soundtrack', 'PvP', 'Sexual Content', 'Nudity']",NULL
717,55646,2138,674085,"GRID 2",2013-05-28,44350,0,23300000,1700000,29572,93759,84.059,11,"Sports, Racing",Codemasters,Codemasters,AA,"['Action', 'Simulation', 'Singleplayer', 'Casual', 'Multiplayer', 'Sports', 'Automobile Sim', 'Racing', 'Controller', 'Driving', 'Co-op', 'Split Screen', 'First-Person', 'Online Co-Op', 'Local Multiplayer', 'Local Co-Op', '3D Vision', 'Arcade', 'Open World', 'Realistic']",NULL
718,1327179,125174,621856,"Overwatch® 2",2023-08-10,2357570,0,0,8300000,333000,93667,22.839,43,"Action, Free to Play","Blizzard Entertainment, Inc.","Blizzard Entertainment, Inc.",AAA,"['Action', 'Free to Play', 'Casual', 'Multiplayer', 'Competitive', 'Controller', 'Dark Humor', 'Co-op', 'First-Person', 'MOBA', 'PvE', 'Cinematic', 'Dystopian ', 'Team-Based', 'Lore-Rich', 'Hero Shooter', 'FPS', 'Shooter', 'Sci-fi', 'PvP']",NULL
719,37951,6705,728573,"A Hat in Time",2017-10-05,253230,29.99,15100000,731000,51343,93568,97.848,19,"Adventure, Indie","Gears for Breakfast","Gears for Breakfast, Humble Games","AA, Indie","['Action', 'Adventure', 'Indie', 'Singleplayer', 'Kickstarter', 'Co-op', 'Moddable', 'Third-Person', '3D Platformer', 'Collectathon', 'Female Protagonist', 'Platformer', 'Exploration', 'Open World', 'Comedy', 'Funny', 'Great Soundtrack', 'Cute', 'Family Friendly', 'Colorful']",NULL
720,17920,17032,699750,Darkwood,2014-07-24,274520,14.99,6700000,691000,21039,93396,94.919,12,"Action, Adventure, Indie, RPG","Acid Wizard Studio","Acid Wizard Studio",Indie,"['Action', 'Adventure', 'Indie', 'Singleplayer', 'Inventory Management', 'RPG', 'Gore', 'Lovecraftian', 'Psychological Horror', 'Dark', 'Crafting', 'Survival Horror', 'Top-Down', 'Building', 'Survival', 'Roguelike', 'Exploration', 'Open World', 'Atmospheric', 'Horror']",NULL
721,17725,36426,645934,"The Sands Whisper Your Name",2014-11-27,282960,0,4320,360,6,1143,100,0,"Indie, Early Access",NexyMedia,NexyMedia,Indie,"['Indie', 'Early Access', 'Crafting', 'Survival', 'Exploration']",NULL
722,3363081,294661,674803,"Content Warning",2024-04-01,2881650,7.99,29500000,4800000,140000,93198,94.968,6,"Action, Adventure, Indie","Philip, Skog, thePetHen, Wilnyl, Zorro",Landfall,Indie,"['Adventure', 'Multiplayer', 'Action-Adventure', 'Psychological Horror', 'Mystery', 'Co-op', 'First-Person', 'Dungeon Crawler', 'Time Management', 'Online Co-Op', 'Survival Horror', 'Investigation', 'Supernatural', '3D', 'Exploration', 'Sci-fi', 'Funny', 'Atmospheric', 'Procedural Generation', 'Horror']",NULL
723,16850,17658,699904,CubeZ,2014-12-01,314300,7.99,22133,2946,50,471,28,0,"Action, Adventure, Indie, Casual, Early Access","Imaekgames [Imaek Limited]","Indie Developer",Indie,"['Action', 'Adventure', 'Indie', 'Early Access', 'Casual']",NULL
724,25038,27117,647384,"Into the Breach",2018-02-27,590380,14.99,5500000,509000,19829,93119,94.634,17,"Indie, Simulation, Strategy, RPG","Subset Games","Subset Games",Indie,"['Strategy', 'Indie', 'Simulation', 'Singleplayer', 'RPG', 'Turn-Based Tactics', 'Mechs', 'Turn-Based Combat', 'Tactical', 'Turn-Based Strategy', 'Isometric', 'Pixel Graphics', 'Puzzle', 'Turn-Based', 'Roguelike', 'Roguelite', 'Sci-fi', 'Procedural Generation', 'Great Soundtrack', 'Replay Value']",NULL
725,59393,119346,716214,"Songs of Conquest",2022-05-10,867210,34.99,11100000,522000,11175,92587,86.72,12,"Adventure, Strategy, RPG",Lavapotion,"Coffee Stain Publishing",AA,"['Strategy', 'Old School', '2.5D', 'Controller', 'Turn-Based Tactics', 'Co-op', 'Turn-Based Combat', 'Magic', 'Tactical', 'Turn-Based Strategy', 'Local Multiplayer', 'Strategy RPG', 'Tactical RPG', 'Lore-Rich', 'Pixel Graphics', '4X', 'Fantasy', 'Story Rich', 'Retro', 'Atmospheric']",NULL
726,16568,10776,712539,"Rising World",2014-12-03,324080,14.99,2400000,218000,5214,107000,84.503,30,"Action, Adventure, Indie, Early Access, RPG",JIW-Games,JIW-Games,Indie,"['Adventure', 'Indie', 'Singleplayer', 'Early Access', 'Multiplayer', 'Co-op', 'PvE', 'Crafting', 'Voxel', 'Mining', 'Open World Survival Craft', 'Hunting', 'Building', 'Survival', 'Exploration', 'Base Building', 'Relaxing', 'Sandbox', 'Atmospheric', 'Procedural Generation']",NULL
727,47108,144098,688869,"Sun Haven",2021-06-25,1432860,24.99,11000000,651000,21687,92382,83.345,33,"Adventure, Indie, Simulation, Casual, RPG","Pixel Sprout Studios","Pixel Sprout Studios",Indie,"['Adventure', 'Simulation', 'Singleplayer', 'RPG', 'Multiplayer', 'Character Customization', 'Agriculture', 'Crafting', 'Magic', 'Dating Sim', 'Fishing', 'Life Sim', 'Mining', 'Combat', 'Farming Sim', 'Cooking', 'Pixel Graphics', 'Exploration', 'Relaxing', 'Fantasy']",NULL
728,37169,7868,666487,"I Am Bread",2014-12-03,327890,12.99,5300000,685000,5854,35711,77.861,4,"Action, Adventure, Indie, Simulation","Bossa Studios",tinybuild,Indie,"['Action', 'Adventure', 'Indie', 'Simulation', 'Singleplayer', 'Early Access', 'Casual', 'Controller', 'Third-Person Shooter', 'Third-Person', 'Beautiful', 'Epic', '3D Platformer', 'Intentionally Awkward Controls', 'Physics', 'Comedy', 'Funny', 'Difficult', 'Cute', 'Family Friendly']",NULL
729,52120,144153,689537,"Aliens: Fireteam Elite",2021-08-24,1549970,29.99,18300000,717000,23887,92133,79.88,15,"Action, RPG","Cold Iron Studios","Cold Iron Studios, Focus Entertainment","AA, Indie","['Action', 'Singleplayer', 'RPG', 'Multiplayer', 'Aliens', 'Controller', 'Co-op', 'Third-Person Shooter', 'Online Co-Op', 'Character Customization', 'PvE', 'Third-Person', 'Survival Horror', 'Co-op Campaign', 'Survival', 'Shooter', 'Space', 'Sci-fi', 'Atmospheric', 'Horror']",NULL
730,36298,533,728429,Dishonored,2012-10-11,205100,9.99,51700000,6300000,81730,92099,97.637,17,"Action, Adventure","Arkane Studios","Bethesda Softworks",AAA,"['Action', 'Adventure', 'Singleplayer', 'RPG', 'Assassin', 'Immersive Sim', 'First-Person', 'Dark', 'Magic', 'Dystopian ', 'Steampunk', 'FPS', 'Stealth', 'Shooter', 'Fantasy', 'Open World', 'Story Rich', 'Atmospheric', 'Multiple Endings', 'Replay Value']",NULL
731,1616368,252647,631120,"Persona 3 Reload",2024-02-02,2161700,69.99,59800000,1200000,39283,91851,94.471,57,"Adventure, Strategy, RPG",ATLUS,SEGA,AAA,"['Strategy', 'Adventure', 'RPG', 'Mystery', 'Turn-Based Combat', 'Party-Based RPG', 'Dark', 'Dating Sim', 'Turn-Based Strategy', 'Detective', 'Emotional', 'Supernatural', 'Strategy RPG', 'JRPG', 'Story Rich', 'Anime', 'Great Soundtrack', 'Visual Novel', 'Colorful', 'Multiple Endings']",NULL
732,29975,18433,646722,Overcooked,2016-08-03,448510,16.99,13000000,1300000,15043,91830,90.321,5,"Action, Indie, Simulation, Casual","Ghost Town Games Ltd.","Team17 Digital",Indie,"['Action', 'Adventure', 'Indie', 'Simulation', 'Singleplayer', 'Casual', 'Multiplayer', 'Co-op', '4 Player Local', 'Split Screen', 'Local Multiplayer', 'Local Co-Op', 'Co-op Campaign', 'Cooking', 'Funny', 'Difficult', 'Great Soundtrack', 'Cute', 'Family Friendly', 'Colorful']",NULL
733,1051598,232571,639163,"Age of Wonders 4",2023-05-02,1669000,49.99,19600000,518000,17271,91810,81.466,47,Strategy,"Triumph Studios","Paradox Interactive",AA,"['Strategy', 'Singleplayer', 'RPG', 'Multiplayer', 'Choices Matter', 'Co-op', 'Dwarf', 'Moddable', 'Character Customization', 'Grand Strategy', 'Magic', 'Turn-Based Strategy', 'Strategy RPG', 'Tactical RPG', 'Lore-Rich', 'Combat', 'Top-Down', '4X', 'Exploration', 'Fantasy']",NULL
734,7374,27771,667868,Moonlighter,2018-05-29,606150,19.99,9800000,803000,19536,91772,82.345,10,"Action, Adventure, Indie","Digital Sun","11 bit studios",AA,"['Action', 'Adventure', 'Simulation', 'Singleplayer', 'RPG', 'Controller', 'Action RPG', 'Dungeon Crawler', 'Character Action Game', 'Hack and Slash', 'Action Roguelike', '2D', 'Pixel Graphics', 'Top-Down', 'Roguelike', 'Exploration', 'Roguelite', 'Management', 'Fantasy', 'Procedural Generation']",NULL
735,68785,134595,653168,"HITMAN World of Assassination",2022-01-20,1659040,9.99,34300000,1300000,41819,91626,86.755,28,"Action, Adventure","Io-Interactive A/S","Io-Interactive A/S",Indie,"['Action', 'Adventure', 'Singleplayer', 'Multiplayer', 'Assassin', 'Immersive Sim', 'VR', 'Gore', 'Capitalism', 'Third-Person Shooter', 'Third-Person', 'Cinematic', 'Puzzle', 'Stealth', 'Shooter', 'Open World', 'Sandbox', 'Funny', 'Violent', 'Realistic']",NULL
736,39660,0,687828,AI＊Shoujo/AI＊少女,2020-03-17,1250650,69.99,3300000,65490,2180,91616,75.963,26,Simulation,ILLUSION,ILLUSION,Indie,"['Simulation', 'Singleplayer', 'Third-Person Shooter', 'Character Customization', 'Artificial Intelligence', 'Third-Person', 'Dating Sim', 'Hentai', 'NSFW', '3D', 'Building', 'Survival', 'FPS', 'Exploration', 'Base Building', 'Sandbox', 'Anime', 'Mature', 'Sexual Content', 'Nudity']",NULL
737,36962,9552,682764,StarMade,2014-12-04,244770,14.99,1500000,158000,2963,74533,67.837,17,"Action, Adventure, Indie, Simulation, Strategy, Early Access, RPG","Schine, GmbH","Schine, GmbH",Indie,"['Strategy', 'Action', 'Adventure', 'Indie', 'Simulation', 'Singleplayer', 'Early Access', 'RPG', 'Massively Multiplayer', 'Multiplayer', 'Co-op', 'Space Sim', 'Crafting', 'Voxel', 'Building', 'Exploration', 'Open World', 'Space', 'Sandbox', 'Sci-fi']",NULL
738,33379,34485,683499,"Call to Arms - Gates of Hell: Ostfront",2021-06-11,400750,34.99,13700000,650000,21682,91430,83.069,71,"Action, Simulation, Strategy","Barbed Wire Studios, Digitalmindsoft",Digitalmindsoft,Indie,"['Strategy', 'Action', 'Singleplayer', 'Multiplayer', 'Co-op', 'Online Co-Op', 'PvE', 'War', 'Historical', 'Military', 'World War II', 'Level Editor', 'Real Time Tactics', 'Immersive', 'Top-Down', 'RTS', 'Procedural Generation', 'PvP', 'Realistic', 'Replay Value']",NULL
739,16418,17957,699966,"Volo Airsport",2014-12-04,329190,0.99,91590,10351,192,1757,69.792,1,"Action, Indie, Simulation, Early Access, Sports","Ramjet Anvil","Ramjet Anvil",Indie,"['Action', 'Indie', 'Simulation', 'Early Access', 'Sports', 'VR']",NULL
740,36093,2137,728528,"The Crew",2014-12-02,241560,0,25600000,865000,17006,91302,63.231,44,"Action, Racing, MMO",Ubisoft,Ubisoft,AAA,"['Action', 'Simulation', 'Singleplayer', 'RPG', 'Massively Multiplayer', 'Multiplayer', 'Automobile Sim', 'Racing', 'Offroad', 'Driving', 'Co-op', 'First-Person', 'Online Co-Op', 'Team-Based', 'America', 'Arcade', 'Open World', 'Sandbox', 'Atmospheric', 'Great Soundtrack']",NULL
741,55434,625,622867,"Call of Duty: World at War",2008-11-18,10090,19.99,29700000,2100000,49997,91074,92.246,43,Action,Treyarch,Activision,AAA,"['Action', 'Adventure', 'Singleplayer', 'Multiplayer', 'Classic', 'Tanks', 'Gore', 'Co-op', 'First-Person', 'Moddable', 'Online Co-Op', 'War', 'Historical', 'Zombies', 'World War II', 'Survival', 'FPS', 'Shooter', 'Great Soundtrack', 'Horror']",NULL
742,16698,13222,683061,"Chaos Reborn",2014-12-09,319050,9.99,1100000,93451,1120,31192,75.446,6,"Indie, Strategy, RPG","Snapshot Games Inc.","Snapshot Games Inc.",Indie,"['Strategy', 'Adventure', 'Indie', 'Singleplayer', 'Early Access', 'RPG', 'Multiplayer', 'Turn-Based Tactics', 'Kickstarter', 'Hex Grid', 'Board Game', 'Magic', 'Asynchronous Multiplayer', 'Tactical', 'Turn-Based Strategy', 'Card Game', 'Turn-Based', 'Relaxing', 'Fantasy', 'Colorful']",NULL
743,1230008,239392,682600,"Mortal Kombat 1",2023-09-19,1971870,49.99,48400000,1000000,34236,90823,68.93,40,Action,"NetherRealm Studios, QLOC","Warner Bros. Games",AAA,"['Action', 'Singleplayer', 'Multiplayer', 'Competitive', '2.5D', 'Gore', 'Fighting', '2D Fighter', 'Character Customization', 'Blood', 'Local Co-Op', 'Martial Arts', '3D', 'Arcade', 'Story Rich', 'Atmospheric', 'Violent', 'Horror', 'PvP', 'Mature']",NULL
744,67279,122123,636168,"Homeworld 3",2024-05-13,1840080,59.99,10700000,231000,7687,90806,40.393,10,"Simulation, Strategy","Blackbird Interactive","Gearbox Publishing",AA,"['Strategy', 'Simulation', 'Singleplayer', 'Multiplayer', 'Competitive', 'Co-op', 'Tactical', 'Real-Time', 'Isometric', 'Combat', '3D', 'Female Protagonist', 'RTS', 'Roguelike', 'Roguelite', 'Management', 'Story Rich', 'Space', 'Sci-fi', 'Atmospheric']",NULL
745,35297,3022,645779,Transistor,2014-05-20,237930,19.99,21900000,1900000,30470,90777,94.099,5,"Action, Indie, RPG","Supergiant Games","Supergiant Games",AA,"['Strategy', 'Action', 'Adventure', 'Indie', 'Singleplayer', 'RPG', 'Action RPG', 'Short', 'Hack and Slash', 'Beautiful', 'Cyberpunk', 'Tactical', 'Narration', 'Isometric', 'Female Protagonist', 'Turn-Based', 'Story Rich', 'Sci-fi', 'Atmospheric', 'Great Soundtrack']",NULL
746,16302,26653,683127,"NEKOPARA Vol. 1",2014-12-30,333600,9.99,6100000,941000,26857,90622,95.227,35,"Indie, Casual",neko.works,"Sekai Project",Indie,"['Indie', 'Singleplayer', 'Casual', 'Souls-like', 'Dating Sim', 'Cats', 'Hentai', 'NSFW', 'Romance', 'Linear', 'Story Rich', 'Anime', 'Funny', 'Atmospheric', 'Great Soundtrack', 'Cute', 'Visual Novel', 'Mature', 'Sexual Content', 'Nudity']",NULL
747,7981,135842,655254,"Eternal Return",2020-10-14,1049590,0,0,1900000,63732,90553,79.723,68,"Indie, Strategy, Free to Play","Nimble Neuron","SapStaR Games",Indie,"['Strategy', 'Action', 'Indie', 'Free to Play', 'Multiplayer', 'Point & Click', 'MOBA', 'MMORPG', 'Character Customization', 'Crafting', 'Tactical', 'Real Time Tactics', 'eSports', 'Combat', '3D', 'Top-Down', 'Survival', 'Anime', 'PvP', 'Sexual Content']",NULL
748,3015421,26602,630180,"Metaphor: ReFantazio",2024-10-11,2679460,69.99,50700000,973000,32441,90272,91.178,52,"Action, Adventure, RPG",ATLUS,SEGA,AAA,"['Strategy', 'Adventure', 'Singleplayer', 'Choose Your Own Adventure', 'RPG', 'Turn-Based Tactics', 'Action RPG', 'Turn-Based Combat', 'Party-Based RPG', 'Time Management', 'Dark Fantasy', 'Hack and Slash', 'Third-Person', 'Turn-Based Strategy', 'Strategy RPG', 'JRPG', 'Fantasy', 'Story Rich', 'Anime', 'Colorful']",NULL
749,36564,9892,728817,"Battle of Empires : 1914-1918",2014-12-10,316430,8.99,736000,106000,2059,16148,69.063,16,"Action, Strategy","Great War Team","Best Way Soft",Indie,"['Strategy', 'Action', 'Indie', 'Simulation', 'Singleplayer', 'Early Access', 'Multiplayer', 'War', 'Historical', 'World War II', 'World War I', 'RTS', 'Atmospheric']",NULL
750,5959447,142415,744218,"Indiana Jones and the Great Circle",2024-12-09,2677660,69.99,20800000,374000,12465,90074,91.015,19,"Action, Adventure","Machine Games","Bethesda Softworks",AAA,"['Action', 'Adventure', 'Singleplayer', 'Action-Adventure', 'Immersive Sim', 'First-Person', 'Historical', 'Investigation', 'World War II', 'Political', '3D Platformer', 'Politics', '3D', 'Platformer', 'Puzzle', 'Stealth', 'Exploration', 'Open World', 'Story Rich', 'Realistic']",NULL
751,63490,171233,653243,DELTARUNE,0000-00-00,1671210,0,0,0,0,90017,0,0,"Indie, Free to Play, RPG",tobyfox,tobyfox,Indie,"['Singleplayer', 'RPG', 'Music', 'Bullet Hell', 'Action RPG', 'Mystery', 'Dark', 'Surreal', 'Emotional', 'Soundtrack', 'Episodic', '2D', 'Pixel Graphics', 'JRPG', 'Fantasy', 'Comedy', 'Story Rich', 'Retro', 'Funny', 'Great Soundtrack']",NULL
752,37611,122646,612197,"People Playground",2019-07-23,1118200,9.99,25600000,3700000,276000,89957,98.593,61,"Action, Indie, Simulation, Casual",mestiez,"Studio Minus",Indie,"['Action', 'Indie', 'Simulation', 'Singleplayer', 'Choose Your Own Adventure', 'Casual', 'Gore', 'Psychological Horror', 'Moddable', 'Blood', 'Destruction', '2D', 'Pixel Graphics', 'Building', 'Physics', 'Comedy', 'Sandbox', 'Funny', 'Violent', 'Horror']",NULL
753,51199,1184,623530,"World of Tanks",2021-04-29,1407200,0,0,2500000,84085,89939,84.208,34,"Action, Simulation, Free to Play, MMO"," Wargaming Group Limited"," Wargaming Group Limited",Indie,"['Action', 'Simulation', 'Free to Play', 'Massively Multiplayer', 'Multiplayer', 'Tanks', 'Co-op', 'Third-Person Shooter', 'PvE', 'War', 'Historical', 'Military', 'Third-Person', 'World War II', 'Tactical', 'Team-Based', 'Vehicular Combat', 'Shooter', 'PvP', 'Realistic']",NULL
754,54594,1876,712050,Spore,2008-12-19,17390,19.99,26000000,2200000,64636,89922,92.402,17,"Action, Adventure, Simulation, Strategy, Casual, RPG",Maxis™,"Electronic Arts",AAA,"['Adventure', 'Simulation', 'Casual', 'Aliens', 'Colony Sim', 'Cartoon', 'Science', 'God Game', 'Cartoony', 'Exploration', 'Resource Management', 'Open World', 'Comedy', 'Space', 'Sandbox', 'Sci-fi', 'Funny', 'Cute', 'Family Friendly', 'Colorful']",NULL
755,53940,2584,699372,"EVE Online",2010-12-16,8500,0,3700000,1300000,35788,89834,73.776,141,"Action, Strategy, Free to Play, RPG, MMO",CCP,CCP,Indie,"['Strategy', 'Action', 'Free to Play', 'RPG', 'Massively Multiplayer', 'Multiplayer', 'Economy', 'MMORPG', 'Character Customization', 'PvE', 'War', 'Lore-Rich', 'Politics', 'Spaceships', 'Exploration', 'Open World', 'Space', 'Sandbox', 'Sci-fi', 'PvP']",NULL
756,35251,3101,682754,"Wasteland 2",2013-12-13,240760,29.99,17000000,674000,8042,89775,82.467,22,"Adventure, Indie, Strategy, RPG","inXile Entertainment","inXile Entertainment",Indie,"['Strategy', 'Adventure', 'Indie', 'Old School', 'Singleplayer', 'RPG', 'Kickstarter', 'Crowdfunded', 'Action RPG', 'CRPG', 'Tactical', 'Turn-Based Strategy', 'Post-apocalyptic', 'Isometric', 'Survival', 'Turn-Based', 'Exploration', 'Open World', 'Sci-fi', 'Atmospheric']",NULL
757,800782,230569,721695,ASKA,2024-06-20,1898300,24.99,3200000,179000,5962,89748,79.302,24,"Adventure, Simulation, Strategy, Early Access","Sand Sailor Studio","Thunderful Publishing",Indie,"['Adventure', 'Simulation', 'Singleplayer', 'Multiplayer', 'Action-Adventure', 'Colony Sim', 'Action RPG', 'Co-op', 'Online Co-Op', 'Dark Fantasy', 'Character Customization', 'Crafting', 'Third-Person', 'Open World Survival Craft', 'Building', 'Survival', 'Exploration', 'Base Building', 'Resource Management', 'Sandbox']",NULL
758,36538,4786,728615,"The Evil Within",2014-10-14,268050,19.99,30000000,1600000,29854,89503,85.188,14,Action,"Tango Gameworks","Bethesda Softworks",AAA,"['Action', 'Adventure', 'Singleplayer', 'Multiplayer', 'Gore', 'Psychological Horror', 'Co-op', 'Dark', 'Third-Person Shooter', 'Third-Person', 'Survival Horror', 'Zombies', 'Cinematic', 'Survival', 'Stealth', 'Shooter', 'Story Rich', 'Atmospheric', 'Difficult', 'Horror']",NULL
759,4074060,112875,692182,"God of War Ragnarök",2024-09-19,2322010,59.99,39900000,843000,28096,89482,85.685,42,"Action, Adventure, RPG","Jetpack Interactive, Santa Monica Studio","PlayStation Publishing LLC",AAA,"['Action', 'Adventure', 'Singleplayer', 'RPG', 'Action-Adventure', 'Drama', 'Gore', 'Action RPG', 'LGBTQ+', 'Hack and Slash', 'Third-Person', 'Cinematic', 'Emotional', 'Combat', 'Mythology', '3D', 'Fantasy', 'Open World', 'Story Rich', 'Atmospheric']",NULL
760,16519,0,712554,"Forge: Ymil's Revenge",2014-12-10,327100,0,1440,360,6,256,83.333,0,"Action, Indie, Early Access, RPG","Dark Vale Games","Dark Vale Games",Indie,"['Action', 'Indie', 'Early Access', 'RPG', 'Platformer']",NULL
761,6037,120322,649802,Dinkum,2022-07-14,1062520,19.99,10100000,661000,22049,89245,93.528,27,"Indie, Simulation, Early Access, RPG","James Bendon","KRAFTON, Inc.",AA,"['Adventure', 'Singleplayer', 'RPG', 'Co-op', 'Online Co-Op', 'Character Customization', 'Agriculture', 'Crafting', 'Fishing', 'Life Sim', 'Mining', 'Open World Survival Craft', 'Hunting', 'Farming Sim', 'Building', 'Exploration', 'Relaxing', 'Open World', 'Sandbox', 'Cute']",NULL
762,36314,11260,716029,Armello,2015-01-23,290340,24.99,12600000,934000,15680,88921,81.907,20,"Adventure, Indie, Strategy, RPG","League of Geeks","League of Geeks",Indie,"['Strategy', 'Adventure', 'RPG', 'Hand-drawn', 'Tabletop', 'Hex Grid', 'Board Game', 'Dark Fantasy', 'Grand Strategy', 'Turn-Based Strategy', 'Tactical RPG', 'Lore-Rich', '2D', '3D', 'Card Game', 'Turn-Based', 'Fantasy', 'Atmospheric', 'Multiple Endings', 'PvP']",NULL
763,55647,40,712121,"Mafia II (Classic)",2011-03-22,50130,29.99,54700000,3400000,54278,88821,94.46,25,Action,2K,2K,AAA,"['Action', 'Adventure', 'Singleplayer', 'Multiplayer', 'Automobile Sim', 'Music', 'Driving', 'Classic', 'Third-Person Shooter', 'Third-Person', 'Crime', 'America', '3D Vision', 'Shooter', 'Open World', 'Story Rich', 'Sandbox', 'Atmospheric', 'Great Soundtrack', 'Nudity']",NULL
764,169107,141538,672840,"The Callisto Protocol",2022-12-02,1544020,59.99,51800000,1200000,38763,88781,64.747,11,"Action, Adventure","Striking Distance Studios","KRAFTON, Inc.",AA,"['Action', 'Adventure', 'Singleplayer', 'Robots', 'Action-Adventure', 'Dark', 'Third-Person Shooter', 'PvE', 'Third-Person', 'Survival Horror', 'Cinematic', 'Futuristic', '3D', 'Shooter', 'Linear', 'Story Rich', 'Space', 'Sci-fi', 'Horror', 'Realistic']",NULL
765,39207,86430,714968,"Chinese Parents",2018-09-29,736190,9.99,5000000,721000,25359,88773,91.514,20,"Indie, Simulation, Casual, RPG",墨鱼玩游戏,墨鱼玩游戏,Indie,"['Strategy', 'Indie', 'Simulation', 'Singleplayer', 'Casual', 'RPG', 'Dark Humor', 'Education', 'Psychological Horror', 'Memes', 'Survival Horror', 'Dating Sim', 'Life Sim', 'Survival', 'Puzzle', 'Anime', 'Funny', 'Cute', 'Horror', 'Mature']",NULL
766,16495,17930,666489,"Journey of the King",2014-12-15,327960,1.99,4722,725,26,846,23.077,0,"Adventure, Indie, Early Access, RPG",DigitalWorldEntertainment,DigitalWorldEntertainment,Indie,"['Adventure', 'Indie', 'Early Access', 'RPG', 'Online Co-Op', 'Open World']",NULL
767,39435,106803,648375,Gloomhaven,2019-07-17,780290,34.99,10400000,444000,14794,88623,83.257,36,"Adventure, Strategy, RPG","Flaming Fowl Studios, Saber Interactive","Twin Sails Interactive",Indie,"['Strategy', 'Singleplayer', 'RPG', 'Turn-Based Tactics', 'Turn-Based Combat', 'Party-Based RPG', 'Dungeon Crawler', 'Board Game', 'Dark Fantasy', 'Tactical', 'Turn-Based Strategy', 'Co-op Campaign', 'Unforgiving', 'Deckbuilding', 'Tactical RPG', 'Class-Based', '3D', 'Card Game', 'Turn-Based', 'Difficult']",NULL
768,37247,23636,666195,"theHunter Classic",2014-06-03,253710,0,0,5100000,42674,88599,57.977,27,"Action, Adventure, Simulation, Free to Play, Sports","Avalanche Studios, Expansive Worlds","Avalanche Studios, Expansive Worlds","AA, Indie","['Strategy', 'Action', 'Adventure', 'Simulation', 'Singleplayer', 'Free to Play', 'Casual', 'Massively Multiplayer', 'Multiplayer', 'Sports', 'Co-op', 'First-Person', 'Online Co-Op', 'Hunting', 'Survival', 'FPS', 'Stealth', 'Shooter', 'Open World', 'Realistic']",NULL
769,19334,26820,724932,Blasphemous,2019-09-10,774361,24.99,24400000,1700000,49524,88584,90.096,13,"Action, Adventure, Indie","The Game Kitchen","Team17 Digital",Indie,"['Action', 'Adventure', 'Indie', 'Singleplayer', 'Side Scroller', 'Gore', 'Souls-like', 'Dark Fantasy', 'Blood', 'Gothic', 'Lore-Rich', 'Metroidvania', '2D', 'Pixel Graphics', 'Platformer', 'Difficult', 'Great Soundtrack', 'Violent', 'Horror', 'Nudity']",NULL
770,16913,14761,646042,"Rain World",2017-03-28,312520,24.99,12600000,810000,38997,88559,94.189,19,"Action, Adventure, Indie",Videocult,"Akupara Games",Indie,"['Action', 'Adventure', 'Indie', 'Simulation', 'Singleplayer', 'Souls-like', 'Survival Horror', '2D Platformer', 'Post-apocalyptic', 'Metroidvania', '2D', 'Pixel Graphics', 'Platformer', 'Survival', 'Exploration', 'Physics', 'Open World', 'Atmospheric', 'Difficult', 'Cute']",NULL
771,4736,120170,655508,"Solasta: Crown of the Magister",2020-10-20,1096530,29.99,14000000,602000,20066,88520,87.287,38,"Adventure, Strategy, RPG","Tactical Adventures","Tactical Adventures",Indie,"['Strategy', 'Adventure', 'Singleplayer', 'RPG', 'Multiplayer', 'Choices Matter', 'Controller', 'Turn-Based Combat', 'CRPG', 'Party-Based RPG', 'Online Co-Op', 'Character Customization', 'Team-Based', 'Co-op Campaign', 'Strategy RPG', 'Combat', 'Class-Based', 'Dungeons & Dragons', 'Fantasy', 'Story Rich']",NULL
772,400482,215686,636789,大侠立志传：碧血丹心,2023-03-08,1948980,17.99,8300000,646000,21533,88508,84.062,46,"Adventure, Indie, Simulation, RPG","半瓶醋工作室（Half Amateur Studio）",Paleo,Indie,"['Strategy', 'Adventure', 'Indie', 'Simulation', 'Singleplayer', 'Choose Your Own Adventure', 'RPG', 'RPGMaker', 'Drama', 'Turn-Based Strategy', 'Martial Arts', '2D', 'Pixel Graphics', 'Turn-Based', 'Stealth', 'Open World', 'Anime', 'Multiple Endings', 'Mature', 'Sexual Content']",NULL
773,16140,28585,704171,"Mission Control: NanoMech",2014-12-17,338030,8.99,5208,732,14,88,21.429,0,"Action, Adventure, Early Access, RPG",WisdomTools,WisdomTools,Indie,"['Action', 'Adventure', 'Early Access', 'RPG']",NULL
774,53835,7598,715592,"Alien Swarm",2010-07-19,630,0,0,8200000,21217,88320,94.858,5,"Action, Free to Play",Valve,Valve,AAA,"['Strategy', 'Action', 'Adventure', 'Singleplayer', 'Free to Play', 'Multiplayer', 'Aliens', 'Top-Down Shooter', 'Co-op', 'Third-Person Shooter', 'Moddable', 'Online Co-Op', 'PvE', 'Third-Person', 'Team-Based', 'Class-Based', 'Top-Down', 'Survival', 'Shooter', 'Sci-fi']",NULL
775,55298,21892,622672,"Fallout 3 - Game of the Year Edition",2009-12-17,22370,19.99,45800000,3500000,49920,88231,81.076,17,RPG,"Bethesda Game Studios","Bethesda Softworks",AAA,"['Action', 'Adventure', 'Singleplayer', 'RPG', 'Action RPG', 'First-Person', 'Moddable', 'Third-Person', 'Post-apocalyptic', 'Cult Classic', 'FPS', 'Shooter', 'Exploration', 'Open World', 'Story Rich', 'Sandbox', 'Sci-fi', 'Atmospheric', 'Great Soundtrack', 'Replay Value']",NULL
776,400386,204618,720008,"High On Life",2022-12-13,1583230,39.99,22200000,556000,18538,88132,88.855,9,"Action, Adventure","Squanch Games, Inc.","Squanch Games, Inc.",Indie,"['Action', 'Adventure', 'Singleplayer', 'Action-Adventure', 'Dark Humor', 'Gore', 'First-Person', 'NSFW', 'Combat', 'FPS', 'Shooter', 'Open World', 'Comedy', 'Story Rich', 'Sci-fi', 'Funny', 'Violent', 'Colorful', 'Sexual Content', 'Nudity']",NULL
777,38354,103380,725971,"Bloons TD 6",2018-12-18,960090,13.99,44200000,5900000,347000,88071,97.28,64,Strategy,"Ninja Kiwi","Ninja Kiwi",Indie,"['Strategy', 'Action', 'Singleplayer', 'Casual', 'Multiplayer', 'Addictive', 'Co-op', 'Online Co-Op', 'Touch-Friendly', '2D', '3D', 'Cartoony', 'Tower Defense', 'Survival', 'Sandbox', 'Funny', 'Difficult', 'Great Soundtrack', 'Cute', 'Family Friendly']",NULL
778,47441,138639,671939,"Night of the Dead",2020-08-28,1377380,29.99,6100000,337000,11224,87961,78.207,32,"Action, Adventure, Indie, Simulation, RPG",jacktostudios,jacktostudios,Indie,"['Simulation', 'Singleplayer', 'RPG', 'Multiplayer', 'First-Person', 'Online Co-Op', 'Crafting', 'Third-Person', 'Survival Horror', 'Zombies', 'Open World Survival Craft', 'Hunting', 'Building', 'Tower Defense', 'Survival', 'Base Building', 'Open World', 'Sandbox', 'PvP', 'Realistic']",NULL
779,36647,36623,698288,"Stormworks: Build and Rescue",2018-02-28,573090,24.99,27500000,1600000,51780,87792,89.942,145,Simulation,Geometa,Geometa,Indie,"['Tutorial', 'Immersive Sim', 'Naval', 'Sailing', 'Flight', 'First-Person', 'Trains', 'Character Customization', 'Third-Person', 'Programming', 'Automation', 'Open World Survival Craft', 'Building', 'Survival', 'Exploration', 'Physics', 'Base Building', 'Open World', 'Sandbox', 'PvP']",NULL
780,36974,28164,714234,"Holdfast: Nations At War",2017-09-21,589290,19.99,9500000,744000,24807,87773,89.817,23,"Action, Indie, Simulation, Strategy, RPG, MMO","Anvil Game Studios","Anvil Game Studios",Indie,"['Strategy', 'Action', 'Simulation', 'Multiplayer', 'Memes', 'Naval', 'First-Person', 'Third-Person Shooter', 'War', 'Historical', 'Military', 'Third-Person', 'Wargame', 'Tactical', 'Team-Based', 'World War I', 'Combat', 'FPS', 'Shooter', 'PvP']",NULL
781,38805,1082,712203,"Resident Evil 6",2013-03-22,221040,19.99,54900000,2900000,53410,87695,78.611,18,"Action, Adventure",Capcom,Capcom,AAA,"['Action', 'Adventure', 'Singleplayer', 'Multiplayer', 'Gore', 'Co-op', 'Split Screen', 'Third-Person Shooter', 'Online Co-Op', 'Third-Person', 'Survival Horror', 'Zombies', 'Local Co-Op', 'Co-op Campaign', 'Quick-Time Events', 'Female Protagonist', 'Survival', 'Shooter', 'Atmospheric', 'Horror']",NULL
782,17657,6880,699789,"Metro 2033 Redux",2014-08-28,286690,19.99,64600000,5300000,92509,87646,90.574,10,Action,"4A Games","Deep Silver",AA,"['Action', 'Adventure', 'Singleplayer', 'Multiplayer', 'Classic', 'Gore', 'First-Person', 'Survival Horror', 'Remake', 'Post-apocalyptic', 'Based On A Novel', 'Survival', 'FPS', 'Stealth', 'Shooter', 'Open World', 'Story Rich', 'Atmospheric', 'Horror', 'Mature']",NULL
783,14669,127029,650607,"Starship Troopers: Terran Command",2022-06-16,1202130,29.99,7200000,317000,10557,87422,87.62,13,Strategy,"The Artistocrats","Slitherine LTD.",Indie,"['Strategy', 'Action', 'Simulation', 'Singleplayer', 'Aliens', 'Gore', 'Artificial Intelligence', 'War', 'Military', 'Wargame', 'Tactical', 'Real-Time', 'Real Time Tactics', 'Villain Protagonist', 'Tower Defense', 'RTS', 'Resource Management', 'Sci-fi', 'Great Soundtrack', 'Replay Value']",NULL
784,36089,6632,645716,"Call of Duty: Advanced Warfare",2014-11-03,209650,59.99,54400000,1300000,24990,87337,64.754,10,Action,"Raven Software, Sledgehammer Games",Activision,AAA,"['Action', 'Singleplayer', 'Multiplayer', 'Co-op', 'Mechs', 'First-Person', 'Illuminati', 'Online Co-Op', 'War', 'Military', 'Futuristic', 'America', 'Dog', 'Quick-Time Events', 'FPS', 'Shooter', 'Linear', 'Sci-fi', 'Fast-Paced', 'PvP']",NULL
785,27003,10032,705138,"Ancestors: The Humankind Odyssey ",2020-08-27,536270,39.99,6300000,298000,9931,87285,78.341,9,"Action, Adventure, Indie, RPG","Panache Digital Games","Private Division",Indie,"['Action', 'Adventure', 'Indie', 'Simulation', 'Singleplayer', 'RPG', 'Multiplayer', 'Choices Matter', 'Nature', 'Action-Adventure', 'Immersive Sim', 'Historical', 'Crafting', 'Third-Person', 'Science', 'Open World Survival Craft', 'Survival', 'Exploration', 'Open World', 'Atmospheric']",NULL
786,57995,147187,689880,"Broken Arrow",0000-00-00,1604270,0,0,0,0,87262,0,0,Strategy,"Steel Balalaika","Slitherine LTD.",Indie,"['Strategy', 'Singleplayer', 'Multiplayer', 'Tanks', 'Naval Combat', 'Artificial Intelligence', 'War', 'Military', 'Wargame', 'Tactical', 'Modern', 'Real Time Tactics', 'Deckbuilding', 'Action RTS', '3D', 'RTS', 'Resource Management', 'Difficult', 'PvP', 'Realistic']",NULL
787,17175,17438,728751,"BLOCKADE 3D",2014-12-19,302830,0,0,1500000,25627,25615,58.571,10,"Action, Free to Play, Early Access",Novalink,Novalink,Indie,"['Action', 'Adventure', 'Free to Play', 'Early Access', 'Casual', 'Massively Multiplayer', 'Multiplayer', 'Controller', 'Co-op', 'Online Co-Op', 'Zombies', '3D Vision', 'Pixel Graphics', 'Building', 'Survival', 'FPS', 'Shooter', 'Open World', 'Sandbox', 'Funny']",NULL
788,16609,17831,666460,"The Repopulation",2014-12-23,322300,0,1000000,63745,1149,25317,51.175,14,"Indie, Early Access, RPG, MMO","Idea Fabrik PLC","Laniatus Games, MetaEngine",Indie,"['Indie', 'Early Access', 'RPG', 'Massively Multiplayer', 'Multiplayer', 'MMORPG', 'PvE', 'Crafting', 'Open World Survival Craft', 'Survival', 'Open World', 'Sandbox', 'Sci-fi', 'PvP']",NULL
789,71374,132995,721097,Marauders,2022-10-03,1789480,29.99,14100000,615000,20501,86688,72.401,30,"Action, Early Access","Small Impact Games","Team17 Digital",Indie,"['Action', 'Perma Death', 'Pirates', 'Space Sim', 'First-Person', 'Loot', 'War', 'Military', 'Tactical', 'Alternate History', 'Combat', 'Looter Shooter', 'FPS', 'Shooter', 'Open World', 'Space', 'Atmospheric', 'PvP', 'Realistic', 'Extraction Shooter']",NULL
790,61669,142391,639205,"Stumble Guys",2021-10-07,1677740,0,1400000,3800000,126000,86607,85.057,14,"Action, Indie, Casual, Free to Play, MMO",Scopely,Scopely,Indie,"['Action', 'Indie', 'Free to Play', 'Casual', 'Massively Multiplayer', 'Multiplayer', 'Racing', 'Co-op', 'Online Co-Op', 'Character Customization', 'Party Game', 'Battle Royale', '3D Platformer', 'Cartoony', 'Arcade', 'Funny', 'Cute', 'Family Friendly', 'Colorful', 'PvP']",NULL
791,16031,36040,683166,Starwalker,2014-12-23,339820,3.99,12865,1833,31,191,29.032,0,"Early Access, RPG","MP Game Studios","MP Game Studios",Indie,"['Early Access', 'RPG', 'Violent']",NULL
792,39644,119656,649873,"コイカツ / Koikatsu Party",2019-06-10,1073440,59.99,9000000,206000,5705,86529,91.674,30,Simulation,ILLUSION,ILLUSION,Indie,"['Simulation', 'Singleplayer', 'VR', 'Psychological Horror', 'Moddable', 'Character Customization', 'Dating Sim', 'Hentai', 'NSFW', '3D', 'Female Protagonist', 'FPS', 'Story Rich', 'Sandbox', 'Anime', 'Cute', 'Visual Novel', 'Mature', 'Sexual Content', 'Nudity']",NULL
793,36039,11397,705631,"Yakuza 0",2018-08-01,638970,19.99,25400000,2100000,72145,86526,95.623,36,"Action, Adventure, RPG","Ryu Ga Gotoku Studio",SEGA,AAA,"['Action', 'Adventure', 'Singleplayer', 'RPG', 'Drama', "Beat 'em up", 'Third-Person', 'Minigames', 'Dating Sim', 'Crime', 'JRPG', 'Open World', 'Comedy', 'Story Rich', 'Funny', 'Atmospheric', 'Great Soundtrack', 'Violent', 'Mature', 'Sexual Content']",NULL
794,63217,113598,727557,DEATHLOOP,2021-09-14,1252330,59.99,36100000,870000,29003,86327,76.402,13,Action,"Arkane Studios","Bethesda Softworks",AAA,"['Action', 'Adventure', 'Singleplayer', 'Multiplayer', 'Assassin', 'Action-Adventure', 'Immersive Sim', 'Gore', 'First-Person', 'Tactical', 'Parkour', 'Time Manipulation', 'FPS', 'Stealth', 'Shooter', 'Roguelite', 'Story Rich', 'Violent', 'PvP', 'Sexual Content']",NULL
795,37609,107300,654850,"Thronebreaker: The Witcher Tales",2018-11-09,973760,19.99,5900000,333000,16404,86304,88.899,16,"Adventure, RPG","CD PROJEKT RED","CD PROJEKT RED",AA,"['Strategy', 'Adventure', 'Singleplayer', 'RPG', 'Multiplayer', 'Choices Matter', 'Medieval', 'Dark Fantasy', 'Isometric', 'Female Protagonist', 'Puzzle', 'Card Game', 'Turn-Based', 'Fantasy', 'Open World', 'Story Rich', 'Atmospheric', 'Great Soundtrack', 'Visual Novel', 'Mature']",NULL
796,38375,24863,648022,"Wasteland 3",2020-08-28,719040,39.99,22200000,619000,20649,86199,84.605,29,"Strategy, RPG","inXile Entertainment","inXile Entertainment",Indie,"['Strategy', 'RPG', 'Choices Matter', 'Turn-Based Tactics', 'Co-op', 'Turn-Based Combat', 'CRPG', 'Party-Based RPG', 'Online Co-Op', 'Character Customization', 'Tactical', 'Post-apocalyptic', 'Isometric', 'Tactical RPG', 'Turn-Based', 'Open World', 'Story Rich', 'Sci-fi', 'Violent', 'Sexual Content']",NULL
797,36575,24920,704459,"Call of Duty: Modern Warfare Remastered (2017)",2017-07-27,393080,39.99,25100000,935000,14165,86160,52.107,9,Action,"Beenox, Raven Software",Activision,AAA,"['Action', 'Singleplayer', 'Casual', 'Multiplayer', 'Controller', 'Classic', 'Gore', 'Co-op', 'First-Person', 'War', 'Military', 'Zombies', 'Remake', 'World War II', 'FPS', 'Stealth', 'Shooter', 'Story Rich', 'Atmospheric', 'Violent']",NULL
798,16273,0,646140,"SilverQuest: Gaiden",2014-12-29,333380,5.99,5183,1140,19,422,31.579,0,"Indie, Early Access, RPG",Wolfgame,Wolfgame,Indie,"['Indie', 'Early Access', 'RPG', 'Roguelike']",NULL
799,36061,103222,648608,"Totally Accurate Battlegrounds",2018-06-05,823130,0,5600000,2100000,86603,85792,88.398,5,"Action, Indie, Free to Play",Landfall,Landfall,Indie,"['Strategy', 'Action', 'Indie', 'Simulation', 'Massively Multiplayer', 'Multiplayer', 'Memes', 'Co-op', 'Character Customization', 'Battle Royale', 'Team-Based', 'Parody ', 'Survival', 'FPS', 'Shooter', 'Physics', 'Open World', 'Sandbox', 'Family Friendly', 'PvP']",NULL
800,39017,19331,646634,"Youtubers Life",2016-05-18,428690,19.99,14000000,976000,15374,85744,77.39,15,"Adventure, Indie, Simulation, Strategy, Casual","U-Play Online","U-Play Online",Indie,"['Strategy', 'Adventure', 'Indie', 'Simulation', 'Singleplayer', 'Casual', 'Memes', 'Cartoon', 'Time Management', 'Character Customization', 'Life Sim', 'Female Protagonist', 'Resource Management', 'Management', 'Open World', 'Comedy', 'Sandbox', 'Funny', 'Family Friendly', 'Realistic']",NULL
801,37201,90561,699548,"RaceRoom Racing Experience ",2013-02-12,211500,0,0,1000000,23073,85705,75.274,6,"Simulation, Free to Play, Sports, Racing","KW Studios","KW Studios, RaceRoom Entertainment AG",Indie,"['Simulation', 'Singleplayer', 'Free to Play', 'Massively Multiplayer', 'Multiplayer', 'Competitive', 'Sports', 'Automobile Sim', 'Racing', 'Controller', 'Driving', 'VR', 'Co-op', 'First-Person', 'Artificial Intelligence', 'eSports', 'Physics', 'Difficult', 'PvP', 'Realistic']",NULL
802,16967,36291,728775,"The Way of Life Free Edition",2014-12-30,310370,0,0,388000,6239,22693,74.066,1,"Indie, Free to Play","CyberCoconut, Fabio Ferrara",CyberCoconut,Indie,"['Strategy', 'Action', 'Adventure', 'Indie', 'Simulation', 'Singleplayer', 'Free to Play', 'Early Access', 'Multiplayer', 'VR', 'Short', 'First-Person', 'Walking Simulator', 'Survival', 'Open World', 'Story Rich', 'Funny', 'Atmospheric', 'Great Soundtrack', 'Family Friendly']",NULL
803,36390,11597,712779,"Poly Bridge",2015-06-30,367450,9.99,15300000,2300000,17474,85276,91.393,7,"Indie, Simulation","Dry Cactus","Dry Cactus",Indie,"['Strategy', 'Indie', 'Simulation', 'Singleplayer', 'Choices Matter', 'Stylized', 'Education', 'Cartoon', 'Crafting', 'Level Editor', 'Building', 'Puzzle', 'Physics', 'Sandbox', 'Funny', 'Difficult', 'Great Soundtrack', 'Cute', 'Family Friendly', 'Colorful']",NULL
804,35970,7352,713218,ABZÛ,2016-08-02,384190,19.99,9700000,816000,25839,85212,92.867,3,"Adventure, Indie, Simulation, Casual","Giant Squid","505 GAMES",AA,"['Adventure', 'Indie', 'Simulation', 'Singleplayer', 'Casual', 'Underwater', 'Controller', 'Short', 'Third-Person', 'Beautiful', 'Walking Simulator', 'Exploration', 'Relaxing', 'Fantasy', 'Open World', 'Story Rich', 'Atmospheric', 'Great Soundtrack', 'Family Friendly', 'Colorful']",NULL
805,39587,27436,698934,"Kingdom Two Crowns",2018-12-11,701160,19.99,7700000,662000,31511,85173,90.41,18,"Adventure, Indie, Simulation, Strategy","Coatsink, Fury Studios, Stumpy🐙Squid","Raw Fury",Indie,"['Strategy', 'Adventure', 'Simulation', 'Singleplayer', 'Multiplayer', 'Controller', 'Colony Sim', 'Medieval', 'Co-op', 'Online Co-Op', 'Local Multiplayer', 'Pixel Graphics', 'Building', 'Tower Defense', 'Survival', 'City Builder', 'Base Building', 'Fantasy', 'Minimalist', 'Atmospheric']",NULL
806,20081,76263,699221,"Contraband Police",2023-03-08,756800,29.99,9400000,580000,19330,85051,94.951,13,"Action, Adventure, Simulation","Crazy Rocks","PlayWay S. A.",Indie,"['Action', 'Indie', 'Simulation', 'Singleplayer', 'Automobile Sim', 'Action-Adventure', 'Immersive Sim', '1980s', 'First-Person', 'Detective', 'Destruction', 'Survival', 'FPS', 'Physics', 'Management', 'Open World', 'Story Rich', 'Atmospheric', 'Multiple Endings', 'Realistic']",NULL
807,46683,36897,612801,"A Way Out",2020-06-18,1222700,29.99,34800000,2300000,78286,84972,87.633,7,"Action, Adventure, Indie","Hazelight Studios","Electronic Arts",AAA,"['Action', 'Adventure', 'Indie', 'Singleplayer', 'Multiplayer', 'Action-Adventure', 'Co-op', 'Split Screen', 'Online Co-Op', 'Third-Person', 'Cinematic', 'Crime', 'Emotional', 'Conversation', 'Local Co-Op', 'Story Rich', 'Atmospheric', 'Violent', 'Sexual Content', 'Nudity']",NULL
808,37444,10345,703774,"Galactic Civilizations III",2014-03-27,226860,29.99,18600000,637000,10255,84672,76.587,25,Strategy,"Stardock Entertainment","Stardock Entertainment",AA,"['Strategy', 'Multiplayer', 'Aliens', 'Hex Grid', 'Moddable', 'PvE', 'War', 'Third-Person', 'Grand Strategy', 'Turn-Based Strategy', 'Futuristic', 'Lore-Rich', '3D', '4X', 'Turn-Based', 'Space', 'Sandbox', 'Sci-fi', 'Procedural Generation', 'PvP']",NULL
809,45734,132334,656514,"Diplomacy is Not an Option",2022-02-09,1272320,29.99,4800000,262000,8734,84589,85.448,13,"Indie, Simulation, Strategy","Door 407","Door 407",Indie,"['Strategy', 'Adventure', 'Singleplayer', 'Colony Sim', 'Medieval', 'War', 'Combat', 'Action RTS', '3D', 'Building', 'Tower Defense', 'Survival', 'RTS', 'City Builder', 'Base Building', 'Management', 'Sandbox', 'Difficult', 'Procedural Generation', 'Colorful']",NULL
810,38803,3092,715782,"The Lord of the Rings Online™",2012-06-06,212500,0,0,1000000,20561,84554,81.528,38,"Action, Adventure, Free to Play, RPG, MMO","Standing Stone Games, LLC","Standing Stone Games, LLC",Indie,"['Action', 'Adventure', 'Singleplayer', 'Free to Play', 'RPG', 'Massively Multiplayer', 'Multiplayer', 'Co-op', 'MMORPG', 'Online Co-Op', 'Dark Fantasy', 'Character Customization', 'Third-Person', 'Based On A Novel', 'Survival', 'Exploration', 'Fantasy', 'Open World', 'Story Rich', 'PvP']",NULL
811,45549,139708,656536,DEVOUR,2021-01-28,1274570,9.99,9300000,2400000,81603,84523,91.042,8,Indie,,"Straight Back Games",Indie,"['Action', 'Indie', 'Singleplayer', 'Multiplayer', 'VR', 'Gore', 'Psychological Horror', 'Co-op', 'First-Person', 'Dark', 'Online Co-Op', 'Survival Horror', 'Survival', 'Puzzle', 'Stealth', 'Atmospheric', 'Difficult', 'Violent', 'Horror', 'Sexual Content']",NULL
812,39373,28080,712224,"Marvel Heroes Omega",2013-06-04,226320,0,0,1000000,13489,84484,73.527,27,"Action, Free to Play, RPG, MMO","Gazillion Entertainment","Gazillion Entertainment",Indie,"['Strategy', 'Action', 'Adventure', 'Singleplayer', 'Free to Play', 'RPG', 'Massively Multiplayer', 'Multiplayer', 'Action RPG', 'Co-op', 'Fighting', 'MOBA', 'MMORPG', 'Online Co-Op', 'Loot', 'Hack and Slash', 'Third-Person', 'Comic Book', 'Isometric', 'Superhero']",NULL
813,36703,24905,683831,Beholder,2016-11-09,475550,13.99,8900000,1500000,26589,84421,91.632,6,"Adventure, Indie, Strategy","Alawar Stargaze (Warm Lamp Games)",Alawar,Indie,"['Strategy', 'Adventure', 'Indie', 'Simulation', 'Singleplayer', 'RPG', 'Choices Matter', 'Dark Humor', 'Point & Click', 'Dark', 'Political', 'Dystopian ', 'Political Sim', '2D', '3D', 'Story Rich', 'Atmospheric', 'Great Soundtrack', 'Violent', 'Multiple Endings']",NULL
814,19809,83504,711739,Wildermyth,2019-11-13,763890,24.99,8700000,520000,17344,84395,94.892,17,"Indie, Strategy, RPG","Worldwalker Games LLC","WhisperGames, Worldwalker Games LLC",Indie,"['Strategy', 'Indie', 'Singleplayer', 'RPG', 'Choices Matter', '2.5D', 'Turn-Based Tactics', 'Hand-drawn', 'Party-Based RPG', 'Moddable', 'Character Customization', 'Turn-Based Strategy', 'Emotional', 'Comic Book', 'Tactical RPG', 'Turn-Based', 'Roguelite', 'Fantasy', 'Story Rich', 'Procedural Generation']",NULL
815,4259633,306822,692082,"Farming Simulator 25",2024-11-12,2300320,49.99,35800000,895000,29831,84367,83.118,74,Simulation,"Giants Software","Giants Software",Indie,"['Simulation', 'Singleplayer', 'Multiplayer', 'Economy', 'Nature', 'Immersive Sim', 'First-Person', 'Moddable', 'Time Management', 'Online Co-Op', 'Third-Person', 'Farming', 'Farming Sim', '3D', 'Building', 'Physics', 'Management', 'Relaxing', 'Atmospheric', 'Realistic']",NULL
816,45434,132621,688013,"Falling Frontier",0000-00-00,1280190,0,0,0,0,84349,0,0,"Simulation, Strategy","Stutter Fox Studios","Hooded Horse",Indie,"['Strategy', 'Simulation', 'Singleplayer', 'Real-Time with Pause', 'Moddable', 'War', 'Military', 'Grand Strategy', 'Tactical', 'Futuristic', 'Diplomacy', '4X', 'RTS', 'Exploration', 'Management', 'Space', 'Sandbox', 'Sci-fi', 'Atmospheric', 'Replay Value']",NULL
817,37578,103381,669348,"CRSED: Cuisine Royale",2018-06-16,884660,0,0,1200000,38523,84304,78.849,12,"Action, Free to Play, MMO","Darkflow Software, Matter Team ","Gaijin Network Ltd",Indie,"['Action', 'Free to Play', 'Massively Multiplayer', 'Multiplayer', 'Memes', 'First-Person', 'Third-Person Shooter', 'Third-Person', 'Zombies', 'World War II', 'Battle Royale', 'Hero Shooter', 'Survival', 'FPS', 'Shooter', 'Open World', 'Atmospheric', 'Violent', 'PvP', 'Realistic']",NULL
818,67331,175015,652508,Undecember,2022-10-12,1549250,0,0,590000,19653,84231,52.292,34,"Action, Adventure, Free to Play, RPG","Needs Games","LINE Games Corporation",Indie,"['Action', 'Singleplayer', 'Free to Play', 'RPG', 'Multiplayer', 'Action RPG', 'Co-op', 'Online Co-Op', 'Loot', 'Dark Fantasy', 'Character Customization', 'PvE', 'Hack and Slash', 'Third-Person', 'Cinematic', 'Isometric', 'Top-Down', 'Fantasy', 'PvP', 'Realistic']",NULL
819,36553,1281,674133,Awesomenauts,2012-08-01,204300,0,8500000,1900000,26702,84216,84.634,18,"Action, Indie, Strategy, Free to Play","Ronimo Games",Atari,Indie,"['Strategy', 'Action', 'Indie', 'Free to Play', 'Multiplayer', 'Competitive', 'Side Scroller', 'Controller', 'Co-op', 'Cartoon', 'MOBA', 'Online Co-Op', 'Local Multiplayer', 'Local Co-Op', '2D', 'Platformer', 'Space', 'Sci-fi', 'Funny', 'Great Soundtrack']",NULL
820,15998,10498,728912,WolfWars,2015-01-02,340570,2.99,3611,1020,16,269,56.25,0,"Indie, Simulation, Strategy, Casual, Early Access","Peter Hrdy","Peter Hrdy",Indie,"['Strategy', 'Indie', 'Simulation', 'Early Access', 'Casual', 'Multiplayer', 'Deckbuilding', 'Card Battler', 'Card Game']",NULL
821,36842,7658,666312,"Fable Anniversary",2014-09-12,288470,34.99,26100000,1200000,14316,83943,85.638,11,RPG,"Lionhead Studios","Xbox Game Studios",AAA,"['Action', 'Adventure', 'Singleplayer', 'RPG', 'Choices Matter', 'Classic', 'Action RPG', 'Medieval', 'Character Customization', 'Third-Person', 'Magic', 'Remake', 'Fantasy', 'Open World', 'Comedy', 'Story Rich', 'Sandbox', 'Funny', 'Atmospheric', 'Great Soundtrack']",NULL
822,31029,8339,704391,"Minecraft: Story Mode - A Telltale Games Series",2015-10-13,376870,0,6700000,418000,8200,83803,77.049,15,Adventure,"Telltale Games","Telltale Games",Indie,"['Adventure', 'Singleplayer', 'Choose Your Own Adventure', 'Casual', 'Choices Matter', 'Memes', 'Crafting', 'Third-Person', 'Zombies', 'Episodic', 'Quick-Time Events', 'Pixel Graphics', 'Building', 'Survival', 'Fantasy', 'Comedy', 'Story Rich', 'Funny', 'Atmospheric', 'Family Friendly']",NULL
823,17089,17519,716095,"Project AURA",2015-01-05,305940,14.99,542000,41562,691,44819,64.689,10,"Indie, Simulation, Strategy","Nexcentric Games","Nexcentric Games",Indie,"['Strategy', 'Indie', 'Simulation', 'Singleplayer', 'Early Access', 'Casual', 'Economy', 'Trading', 'Building', 'City Builder', 'Base Building', 'Resource Management', 'Management', 'Relaxing', 'Open World', 'Sandbox', 'Sci-fi', 'Atmospheric', 'Difficult', 'Realistic']",NULL
824,170073,115425,636731,"Darkest Dungeon® II",2023-05-08,1940340,39.99,17500000,611000,20355,83507,75.913,35,"Indie, Strategy, RPG","Red Hook Studios","Red Hook Studios",AA,"['Singleplayer', 'RPG', 'Turn-Based Tactics', 'Stylized', 'Perma Death', 'Lovecraftian', 'Hand-drawn', 'Turn-Based Combat', 'CRPG', 'Party-Based RPG', 'Dungeon Crawler', 'Dark Fantasy', 'Turn-Based Strategy', 'Gothic', '2D', 'Turn-Based', 'Roguelike', 'Roguelite', 'Story Rich', 'Procedural Generation']",NULL
825,17592,539,728683,"Metro: Last Light Redux",2014-08-27,287390,19.99,50800000,4100000,68480,83453,90.513,15,Action,"4A Games","Deep Silver",AA,"['Action', 'Adventure', 'Singleplayer', 'Multiplayer', 'First-Person', 'Survival Horror', 'Remake', 'Post-apocalyptic', 'Based On A Novel', 'Survival', 'FPS', 'Stealth', 'Shooter', 'Open World', 'Story Rich', 'Sci-fi', 'Atmospheric', 'Difficult', 'Horror', 'Nudity']",NULL
826,17935,16957,715962,"Counter-Strike Nexon",2014-10-07,273110,0,0,7100000,42548,83393,66.44,28,"Action, Casual, Free to Play, MMO","Nexon, Valve",Nexon,Indie,"['Action', 'Singleplayer', 'Free to Play', 'Multiplayer', 'Gore', 'Co-op', 'First-Person', 'Dark', 'Online Co-Op', 'PvE', 'Survival Horror', 'Zombies', 'Mod', '3D', 'FPS', 'Shooter', 'Sandbox', 'Funny', 'Horror', 'PvP']",NULL
827,1230844,253880,662817,Dungeonborne,2024-07-19,2448970,0,0,558000,18585,83275,56.449,17,"Action, Adventure, Strategy, Free to Play, Early Access, RPG","Mithril Interactive","Mithril Interactive",Indie,"['Action', 'Adventure', 'Free to Play', 'RPG', 'Multiplayer', 'Action RPG', 'Medieval', 'Souls-like', 'Co-op', 'First-Person', 'Dungeon Crawler', 'Online Co-Op', 'Loot', 'Dark Fantasy', 'Character Customization', 'PvE', 'Battle Royale', 'Swordplay', 'PvP', 'Extraction Shooter']",NULL
828,3971,121087,655641,"Ranch Simulator",2021-03-04,1119730,24.99,16100000,1000000,34049,83189,80.751,15,Simulation,"Toxic Dog","Excalibur Games",Indie,"['Indie', 'Simulation', 'Singleplayer', 'Multiplayer', 'Economy', 'Immersive Sim', 'Co-op', 'First-Person', 'Online Co-Op', 'Destruction', 'Trading', 'Hunting', 'Farming', 'Farming Sim', 'Management', 'Relaxing', 'Open World', 'Sandbox', 'Realistic', 'Job Simulator']",NULL
829,30728,18962,704430,"Planetary Annihilation: TITANS",2015-08-18,386070,29.99,18900000,968000,14021,83167,84.83,18,"Action, Indie, Strategy","Planetary Annihilation Inc","Planetary Annihilation Inc",Indie,"['Strategy', 'Indie', 'Simulation', 'Singleplayer', 'Multiplayer', 'Robots', 'Co-op', 'Mechs', 'Online Co-Op', 'War', 'Grand Strategy', 'Futuristic', 'Destruction', 'Real Time Tactics', 'Building', 'RTS', 'Base Building', 'Space', 'Sci-fi', 'PvP']",NULL
830,37687,18290,683126,GRAV,2015-01-08,332500,19.99,5200000,403000,6912,86019,47.222,10,"Action, Adventure, Indie, Early Access, RPG","BitMonster, Inc.","BitMonster, Inc.",Indie,"['Action', 'Adventure', 'Indie', 'Singleplayer', 'Early Access', 'RPG', 'Massively Multiplayer', 'Multiplayer', 'Co-op', 'Crafting', 'Third-Person', 'Futuristic', 'Open World Survival Craft', 'Survival', 'Shooter', 'Base Building', 'Open World', 'Space', 'Sandbox', 'Sci-fi']",NULL
831,168249,201789,696792,"Arma Reforger",2022-05-17,1874880,39.99,18600000,713000,24756,82998,73.38,46,"Action, Simulation, Strategy","Bohemia Interactive","Bohemia Interactive",AAA,"['Strategy', 'Action', 'Simulation', 'Singleplayer', 'Multiplayer', '1980s', 'First-Person', 'PvE', 'War', 'Military', 'Third-Person', 'Tactical', 'Real Time Tactics', 'Cold War', 'FPS', 'Shooter', 'Open World', 'Sandbox', 'PvP', 'Realistic']",NULL
832,16184,36112,699999,"Mech Marines: Steel March",2015-01-09,335940,0,10800,1905,34,513,50,0,"Strategy, Early Access","ByteTrail Software","ByteTrail Software",Indie,"['Strategy', 'Singleplayer', 'Early Access', 'Multiplayer', 'Mechs']",NULL
833,64707,153054,689214,"Demon Slayer -Kimetsu no Yaiba- The Hinokami Chronicles",2021-10-15,1490890,59.99,23900000,564000,18810,82929,87.267,17,"Action, Adventure",CyberConnect2,SEGA,AAA,"['Action', 'Adventure', 'Multiplayer', 'Controller', 'Action-Adventure', 'Drama', 'Demons', '2D Fighter', 'Cartoon', 'Cinematic', 'Emotional', 'Comic Book', '3D Fighter', 'Combat', 'Quick-Time Events', 'Foreign', '3D', 'Anime', 'Colorful', 'PvP']",NULL
834,37885,62151,705121,"Life is Strange 2",2018-09-26,532210,0,2000000,769000,35841,82616,86.139,10,Adventure,"DONTNOD Entertainment, Feral Interactive","Feral Interactive, Square Enix","AA, AAA","['Adventure', 'Singleplayer', 'Choose Your Own Adventure', 'Choices Matter', 'Drama', 'Classic', 'Mystery', 'Point & Click', 'LGBTQ+', 'Third-Person', 'Walking Simulator', 'Episodic', 'Puzzle', 'Comedy', 'Story Rich', 'Funny', 'Atmospheric', 'Great Soundtrack', 'Sexual Content', 'Nudity']",NULL
835,33685,119273,669861,"Shadows of Doubt",2023-04-24,986130,24.99,6800000,446000,14880,82572,84.388,14,"Action, Adventure, Indie, RPG","ColePowered Games","Fireshine Games",Indie,"['Action', 'Adventure', 'Indie', 'Singleplayer', 'RPG', 'Immersive Sim', 'Action RPG', 'First-Person', 'Hacking', 'Voxel', 'Cyberpunk', 'Detective', 'Noir', 'Pixel Graphics', 'Puzzle', 'Stealth', 'Open World', 'Sandbox', 'Atmospheric', 'Procedural Generation']",NULL
836,68067,152063,721435,"DEATH STRANDING DIRECTOR'S CUT",2022-03-30,1850570,39.99,28300000,1100000,35025,82544,92.754,30,"Action, Adventure","KOJIMA PRODUCTIONS","505 GAMES",AA,"['Action', 'Adventure', 'Singleplayer', 'Multiplayer', 'Action-Adventure', 'Third-Person Shooter', 'Third-Person', 'Cinematic', 'Walking Simulator', 'Post-apocalyptic', 'Combat', 'Stealth', 'Exploration', 'Relaxing', 'Open World', 'Story Rich', 'Sci-fi', 'Atmospheric', 'Great Soundtrack', 'Horror']",NULL
837,36316,18093,716056,"Just Survive",2015-01-15,295110,0,52600000,3700000,77495,345000,59.092,65,"Action, Adventure, MMO","Daybreak Game Company","Daybreak Game Company",AA,"['Action', 'Adventure', 'Simulation', 'Early Access', 'RPG', 'Massively Multiplayer', 'Multiplayer', 'Co-op', 'Crafting', 'Survival Horror', 'Zombies', 'Walking Simulator', 'Post-apocalyptic', 'Survival', 'FPS', 'Shooter', 'Exploration', 'Open World', 'Sandbox', 'Horror']",NULL
838,36199,26709,700259,"Project CARS 2",2017-09-21,378860,0,26500000,704000,18332,82441,81.071,25,Racing,"Slightly Mad Studios","Bandai Namco",AAA,"['Action', 'Simulation', 'Singleplayer', 'Multiplayer', 'Sports', 'Automobile Sim', 'Racing', 'Controller', 'Driving', 'VR', 'Co-op', 'First-Person', 'Arcade', 'Open World', 'Atmospheric', 'Difficult', 'Realistic']",NULL
839,36082,1981,645707,"Saints Row IV",2013-08-20,206420,19.99,68900000,6700000,77105,82415,87.915,21,"Action, Adventure","Deep Silver Volition","Deep Silver",AA,"['Action', 'Adventure', 'Singleplayer', 'Multiplayer', 'Aliens', 'Dark Humor', 'Co-op', 'Third-Person Shooter', 'Online Co-Op', 'Character Customization', 'Third-Person', 'Parody ', 'Superhero', 'Female Protagonist', 'Open World', 'Comedy', 'Sandbox', 'Sci-fi', 'Funny', 'Great Soundtrack']",NULL
840,36779,18727,646712,"Transport Fever",2016-11-08,446800,29.99,12900000,532000,10693,82342,83.354,67,Simulation,"Urban Games","Good Shepherd Entertainment",AA,"['Strategy', 'Adventure', 'Simulation', 'Singleplayer', 'Multiplayer', 'Economy', 'Driving', 'Flight', 'Trains', 'Moddable', 'Transportation', 'Building', 'City Builder', 'Resource Management', 'Management', 'Relaxing', 'Open World', 'Sandbox', 'Procedural Generation', 'Realistic']",NULL
841,28091,54660,729758,"Last Man Standing",2016-12-23,506540,0,50651,903000,17636,82331,61.267,6,"Action, Adventure, Indie, Strategy, Free to Play, MMO","Free Reign Entertainment","Free Reign Entertainment",Indie,"['Strategy', 'Action', 'Adventure', 'Indie', 'Singleplayer', 'Free to Play', 'Massively Multiplayer', 'Multiplayer', 'Co-op', 'First-Person', 'Third-Person Shooter', 'Third-Person', 'Zombies', 'Battle Royale', 'Survival', 'FPS', 'Shooter', 'Open World', 'Violent', 'PvP']",NULL
842,39013,23282,683098,"Gloria Victis",2016-06-09,327070,0,4400000,340000,10337,82235,67.892,39,"Action, Adventure, Indie, Simulation, RPG, MMO","Black Eye Games","Black Eye Games",Indie,"['Action', 'Adventure', 'Indie', 'Simulation', 'RPG', 'Massively Multiplayer', 'Multiplayer', 'Immersive Sim', 'Medieval', 'MMORPG', 'Character Customization', 'Crafting', 'Swordplay', 'Open World Survival Craft', 'Survival', 'Open World', 'Sandbox', 'Atmospheric', 'PvP', 'Realistic']",NULL
843,36728,7709,715996,"Salt and Sanctuary",2016-05-17,283640,17.99,9600000,779000,20400,82218,89.564,17,"Action, Indie, RPG","Ska Studios","Ska Studios",Indie,"['Action', 'Adventure', 'Indie', 'Singleplayer', 'RPG', 'Side Scroller', 'Gore', 'Action RPG', 'Souls-like', 'Co-op', 'Dark', 'Dark Fantasy', 'Local Co-Op', 'Metroidvania', '2D', 'Platformer', 'Story Rich', 'Atmospheric', 'Difficult', 'Horror']",NULL
844,16442,17943,712564,"Bit Odyssey",2015-01-20,328740,4.99,8740,2385,42,296,42.857,0,"Action, Adventure, Indie, Early Access, RPG",Gamesare,Clickteam,Indie,"['Action', 'Adventure', 'Indie', 'Early Access', 'RPG']",NULL
845,46544,136042,702217,"Phantasy Star Online 2 New Genesis",2020-08-05,1056640,0,0,716000,23869,81803,70.25,58,"Action, Free to Play, RPG, MMO",SEGA,SEGA,AAA,"['Action', 'Free to Play', 'RPG', 'Massively Multiplayer', 'Multiplayer', 'Action RPG', 'Co-op', 'Mechs', 'MMORPG', 'Online Co-Op', 'Character Customization', 'JRPG', 'Fantasy', 'Open World', 'Sci-fi', 'Anime', 'Great Soundtrack', 'Cute', 'Sexual Content', 'Nudity']",NULL
846,32042,35770,700080,Aftermath,2015-09-24,349700,0,0,664000,11104,81799,48.64,6,"Action, Indie, Free to Play, Violent, MMO","Free Reign Entertainment","Free Reign East LLC, OP Productions LLC",Indie,"['Action', 'Adventure', 'Singleplayer', 'Free to Play', 'Massively Multiplayer', 'Multiplayer', 'Co-op', 'First-Person', 'Online Co-Op', 'Crafting', 'Survival Horror', 'Zombies', 'Walking Simulator', 'Open World Survival Craft', 'Survival', 'FPS', 'Shooter', 'Open World', 'Sandbox', 'Horror']",NULL
847,36845,36607,698062,Argo,2017-06-22,530700,0,0,474000,10945,81696,51.339,5,"Action, Free to Play","Bohemia Interactive","Bohemia Interactive",AAA,"['Strategy', 'Action', 'Simulation', 'Singleplayer', 'Free to Play', 'Massively Multiplayer', 'Multiplayer', 'Co-op', 'First-Person', 'Online Co-Op', 'War', 'Military', 'Tactical', 'Mod', 'FPS', 'Shooter', 'Open World', 'Atmospheric', 'Violent', 'Realistic']",NULL
848,63299,172771,690156,eFootball™,2021-09-30,1665460,0,0,2700000,88393,81690,46.8,28,"Simulation, Free to Play, Sports",KONAMI,KONAMI,AA,"['Simulation', 'Singleplayer', 'Free to Play', 'Multiplayer', 'Sports', 'Controller', 'Memes', 'Co-op', 'LGBTQ+', 'Online Co-Op', 'Local Multiplayer', 'Local Co-Op', 'eSports', 'Comedy', 'Anime', 'Funny', 'Violent', 'PvP', 'Realistic', 'Football (Soccer)']",NULL
849,16452,17927,666485,CaesarIA,2015-01-21,327640,0,0,228000,1434,6154,58.159,2,"Indie, Strategy, Free to Play, Early Access",rdt.32,rdt.32,Indie,"['Strategy', 'Indie', 'Singleplayer', 'Free to Play', 'Early Access', 'Economy', 'Classic', 'Rome', 'City Builder']",NULL
850,1230225,251833,677750,Balatro,2024-02-20,2379780,14.99,44700000,3900000,135000,81637,98.098,34,"Indie, Strategy, Casual",LocalThunk,PlayStack,Indie,"['Strategy', 'Simulation', 'Singleplayer', 'Casual', 'Choices Matter', 'Turn-Based Strategy', 'Deckbuilding', 'Card Battler', 'Roguelike Deckbuilder', '2D', 'Pixel Graphics', 'Card Game', 'Turn-Based', 'Roguelike', 'Arcade', 'Roguelite', 'Relaxing', 'Difficult', 'Procedural Generation', 'Replay Value']",NULL
851,36594,6072,699622,"Styx: Master of Shadows",2014-10-07,242640,19.99,13000000,750000,10359,81368,83.01,7,Action,"Cyanide Studio","Cyanide Studio, Nacon",Indie,"['Action', 'Adventure', 'Indie', 'Singleplayer', 'RPG', 'Multiplayer', 'Assassin', 'Dark Fantasy', 'Third-Person', 'Magic', 'Parkour', 'Steampunk', 'Stealth', 'Fantasy', 'Open World', 'Story Rich', 'Atmospheric', 'Difficult', 'Great Soundtrack', 'Violent']",NULL
852,54976,127,699448,"Assassin's Creed II",2010-03-05,33230,19.99,29800000,2400000,52948,81338,89.28,20,"Action, Adventure",Ubisoft,Ubisoft,AAA,"['Action', 'Adventure', 'Singleplayer', 'Multiplayer', 'Assassin', 'Controller', 'Action-Adventure', 'Classic', 'Historical', 'Third-Person', 'Parkour', 'Alternate History', 'Conspiracy', 'Stealth', 'Open World', 'Story Rich', 'Sandbox', 'Sci-fi', 'Atmospheric', 'Great Soundtrack']",NULL
853,61468,167432,718442,"暖雪 Warm Snow",2022-01-19,1296830,17.99,14700000,1100000,36590,81305,93.077,34,"Action, Adventure, Indie, RPG",BadMudStudio,bilibili,Indie,"['Action', 'Adventure', 'Indie', 'Singleplayer', 'RPG', 'Action-Adventure', 'Dark Fantasy', 'Character Customization', 'Action Roguelike', 'Deckbuilding', 'Martial Arts', 'Mythology', '2D', 'Top-Down', 'Roguelike', 'Roguelite', 'Story Rich', 'Procedural Generation', 'Multiple Endings', 'Sexual Content']",NULL
854,36560,2126,703931,"Hotline Miami 2: Wrong Number",2015-03-10,274170,14.99,19900000,2200000,64288,81280,94.089,14,"Action, Indie","Dennaton Games","Devolver Digital",AA,"['Action', 'Indie', 'Singleplayer', 'Top-Down Shooter', '1980s', 'Gore', 'Blood', 'Level Editor', "1990's", '2D', 'Pixel Graphics', 'Top-Down', 'Arcade', 'Shooter', 'Retro', 'Atmospheric', 'Difficult', 'Great Soundtrack', 'Violent', 'Fast-Paced']",NULL
855,38591,28526,682846,"Edge Of Eternity",2018-12-05,269190,29.99,1900000,112000,3739,81196,71.543,6,"Action, Adventure, Indie, Strategy, RPG","Midgar Studio","Dear Villagers, Maple Whispering Limited",Indie,"['Strategy', 'Action', 'Adventure', 'Singleplayer', 'RPG', 'Action RPG', 'Turn-Based Combat', 'Third-Person', 'Emotional', 'Narration', 'Soundtrack', 'Lore-Rich', 'Turn-Based', 'Exploration', 'JRPG', 'Fantasy', 'Open World', 'Story Rich', 'Anime', 'Atmospheric']",NULL
856,36363,87776,724740,"Dead Frontier 2",2018-09-05,744900,0,0,798000,26344,81135,70.452,7,"Action, Indie, Free to Play, RPG, MMO","Creaky Corpse Ltd","Creaky Corpse Ltd",Indie,"['Action', 'Inventory Management', 'Free to Play', 'RPG', 'Massively Multiplayer', 'Multiplayer', 'Gore', 'Third-Person Shooter', 'MMORPG', 'Online Co-Op', 'PvE', 'Survival Horror', 'Zombies', 'Post-apocalyptic', 'Trading', 'Survival', 'Sandbox', 'Atmospheric', 'Violent', 'Horror']",NULL
857,39821,198295,699423,"Train Simulator Classic 2024",2015-09-17,24010,29.99,22100000,1100000,27933,81031,70.862,56,Simulation,"Dovetail Games","Dovetail Games - Trains ",Indie,"['Strategy', 'Action', 'Adventure', 'Simulation', 'Singleplayer', 'Casual', 'Driving', 'VR', 'Trains', 'Moddable', 'Level Editor', 'Transportation', 'TrackIR', 'Building', 'City Builder', 'Relaxing', 'Open World', 'Sandbox', 'Atmospheric', 'Realistic']",NULL
858,39197,20871,666376,"Zombie Army Trilogy",2015-03-06,301640,44.99,41900000,1600000,17439,80984,86.582,13,Action,Rebellion,Rebellion,AA,"['Action', 'Singleplayer', 'Multiplayer', 'Gore', 'Co-op', 'First-Person', 'Third-Person Shooter', 'War', 'Third-Person', 'Survival Horror', 'Zombies', 'World War II', 'Post-apocalyptic', 'Sniper', 'Female Protagonist', 'Survival', 'FPS', 'Shooter', 'Open World', 'Horror']",NULL
859,37365,18853,666274,Aragami,2016-10-04,280160,19.99,9700000,741000,12695,80905,90.075,8,"Action, Adventure, Indie","Lince Works","Lince Works",Indie,"['Strategy', 'Action', 'Adventure', 'Indie', 'Singleplayer', 'Multiplayer', 'Ninja', 'Assassin', 'Gore', 'Co-op', 'Online Co-Op', 'Third-Person', 'Magic', 'Blood', 'Stealth', 'Open World', 'Anime', 'Atmospheric', 'Great Soundtrack', 'Violent']",NULL
860,16381,6707,646131,"Tales from the Borderlands",2014-11-25,330830,19.99,11400000,769000,18331,80855,95.112,11,Adventure,"Telltale Games",2K,AAA,"['Action', 'Adventure', 'Singleplayer', 'Choose Your Own Adventure', 'Casual', 'RPG', 'Choices Matter', 'Dark Humor', 'Memes', 'Point & Click', 'Episodic', 'Quick-Time Events', 'Female Protagonist', 'Comedy', 'Story Rich', 'Sci-fi', 'Funny', 'Atmospheric', 'Great Soundtrack', 'Visual Novel']",NULL
861,478983,217554,616885,"OCTOPATH TRAVELER II",2023-02-24,1971650,59.99,17700000,390000,13005,80817,94.971,35,RPG,"ACQUIRE Corp., Square Enix","Square Enix",AAA,"['Strategy', 'Adventure', 'Singleplayer', 'Casual', 'RPG', 'Choices Matter', '2.5D', 'Turn-Based Combat', 'Party-Based RPG', 'Magic', 'Emotional', 'Pixel Graphics', 'Turn-Based', 'JRPG', 'Fantasy', 'Open World', 'Story Rich', 'Anime', 'Atmospheric', 'Cute']",NULL
862,36759,3199,728605,"Dead Rising 3",2014-09-05,265550,29.99,19800000,810000,18817,80729,76.511,13,Action,Capcom,Capcom,AAA,"['Action', 'Adventure', 'Singleplayer', 'RPG', 'Multiplayer', 'Gore', 'Co-op', 'Online Co-Op', 'Crafting', 'Third-Person', 'Survival Horror', 'Zombies', 'Open World Survival Craft', 'Survival', 'Open World', 'Comedy', 'Sandbox', 'Funny', 'Atmospheric', 'Horror']",NULL
863,59117,152424,689808,"Terra Nil",2023-03-28,1593030,24.99,3600000,200000,6672,80725,87.245,7,"Indie, Strategy, Casual","Clockwork Acorn, Free Lives","Devolver Digital",AA,"['Strategy', 'Singleplayer', 'Casual', '2.5D', 'Nature', 'Stylized', 'Turn-Based Strategy', 'Post-apocalyptic', 'Emotional', 'Isometric', 'Instrumental Music', 'Puzzle', 'City Builder', 'Resource Management', 'Relaxing', 'Atmospheric', 'Procedural Generation', 'Cute', 'Family Friendly', 'Colorful']",NULL
864,4097906,305155,680322,FragPunk,2025-03-06,2943650,0,0,473000,15756,80647,72.556,5,"Action, Free to Play","Bad Guitar Studio","Bad Guitar Studio",Indie,"['Action', 'Adventure', 'Free to Play', 'Multiplayer', 'Stylized', 'Co-op', 'First-Person', 'Online Co-Op', 'Cyberpunk', 'Futuristic', 'Team-Based', 'Combat', 'Hero Shooter', '3D', 'FPS', 'Shooter', 'Sci-fi', 'PvP', 'Sexual Content', 'Nudity']",NULL
865,37888,27093,705464,"Yu-Gi-Oh! Duel Links",2017-11-17,601510,0,0,5500000,43370,80367,83.348,61,"Strategy, Free to Play",KONAMI,KONAMI,AA,"['Strategy', 'Action', 'Adventure', 'Simulation', 'Singleplayer', 'Free to Play', 'Casual', 'RPG', 'Massively Multiplayer', 'Multiplayer', 'Competitive', 'Psychological Horror', 'Memes', 'MMORPG', 'Online Co-Op', 'Trading Card Game', 'Card Game', 'Turn-Based', 'Anime', 'Great Soundtrack']",NULL
866,37671,5082,703784,"Divinity: Original Sin (Classic)",2014-01-17,230230,0,30000000,1200000,11772,80315,91.633,21,"Adventure, Indie, Strategy, RPG","Larian Studios","Larian Studios",AA,"['Strategy', 'Adventure', 'Indie', 'Singleplayer', 'RPG', 'Multiplayer', 'Kickstarter', 'Crowdfunded', 'Co-op', 'CRPG', 'Online Co-Op', 'Magic', 'Turn-Based Strategy', 'Isometric', 'Female Protagonist', 'Turn-Based', 'Fantasy', 'Open World', 'Story Rich', 'Atmospheric']",NULL
867,36291,25901,698203,"My Friend Pedro",2019-06-20,557340,19.99,10000000,752000,27196,80233,95.738,5,"Action, Indie","DeadToast Entertainment","Devolver Digital",AA,"['Action', 'Indie', 'Singleplayer', 'Multiplayer', 'Side Scroller', '2.5D', 'Controller', 'Bullet Time', 'Gore', 'Blood', 'Parkour', '2D', 'Platformer', 'Shooter', 'Physics', 'Comedy', 'Funny', 'Great Soundtrack', 'Violent', 'Fast-Paced']",NULL
868,1229861,65503,677493,"Sky: Children of the Light",2024-04-10,2325290,0,0,478000,15927,80220,87.706,12,"Adventure, Indie, Casual, Free to Play, Early Access, RPG, MMO",thatgamecompany,thatgamecompany,Indie,"['Adventure', 'Indie', 'Casual', 'RPG', 'Massively Multiplayer', 'Multiplayer', 'Stylized', 'MMORPG', 'Online Co-Op', 'Character Customization', 'Emotional', '3D', 'Puzzle', 'Exploration', 'Relaxing', 'Fantasy', 'Atmospheric', 'Cute', 'Family Friendly', 'Cozy']",NULL
869,29380,18379,697751,"Empires of the Undergrowth",2017-12-01,463530,29.99,3800000,233000,14573,80171,94.517,25,"Simulation, Strategy","Slug Disco","Hooded Horse, Slug Disco",Indie,"['Strategy', 'Simulation', 'Singleplayer', 'Real-Time with Pause', 'Economy', 'Colony Sim', 'Moddable', 'Historical', 'Grand Strategy', 'Building', 'Survival', '4X', 'RTS', 'City Builder', 'Base Building', 'Resource Management', 'Management', 'Open World', 'Sandbox', 'Replay Value']",NULL
870,36914,11797,704254,LawBreakers,2017-08-07,350280,0,13400000,708000,6181,80066,64.682,5,Action,"Boss Key Productions","Nexon America Inc.",Indie,"['Strategy', 'Action', 'Indie', 'Multiplayer', 'Competitive', 'Memes', 'Co-op', 'First-Person', 'MOBA', 'Online Co-Op', 'Futuristic', 'Arena Shooter', 'Team-Based', 'Class-Based', 'FPS', 'Shooter', 'Sci-fi', 'Difficult', 'Great Soundtrack', 'Fast-Paced']",NULL
871,16929,9499,683029,"Farming Simulator 15",2014-10-30,313160,12.99,18500000,1100000,15325,80031,92.196,68,Simulation,"Giants Software","Giants Software",Indie,"['Strategy', 'Simulation', 'Singleplayer', 'Multiplayer', 'Automobile Sim', 'Economy', 'Driving', 'Co-op', 'Moddable', 'Online Co-Op', 'Agriculture', 'Mod', 'Farming Sim', 'Physics', 'Management', 'Relaxing', 'Open World', 'Sandbox', 'Family Friendly', 'Realistic']",NULL
872,17456,17207,682931,"Pit People",2017-01-13,291860,19.99,5000000,409000,7979,79968,92.844,13,"Action, Indie, Strategy, RPG","The Behemoth","The Behemoth",Indie,"['Strategy', 'Action', 'Indie', 'Singleplayer', 'Casual', 'RPG', 'Multiplayer', 'Turn-Based Tactics', 'Memes', 'Co-op', 'Turn-Based Combat', 'Hex Grid', 'Online Co-Op', 'Turn-Based Strategy', 'Local Co-Op', '2D', 'Turn-Based', 'Open World', 'Comedy', 'Funny']",NULL
873,37000,9193,712623,"Ratz Instagib 2.0",2015-01-21,338170,8.99,2700000,532000,3880,5508,89.459,45,"Action, Indie","Lino Slahuschek",Rarebyte,Indie,"['Action', 'Indie', 'Early Access', 'Multiplayer', 'Stylized', 'Gore', 'First-Person', 'Level Editor', 'Arena Shooter', 'FPS', 'Shooter', 'Great Soundtrack', 'Fast-Paced']",NULL
874,39499,17875,683090,TOXIKK,2015-01-22,324810,0,2700000,695000,5787,49219,77.138,5,"Action, Indie, Free to Play","Reakktor Studios","Schwiezer System GmbH",Indie,"['Strategy', 'Action', 'Indie', 'Singleplayer', 'Free to Play', 'Early Access', 'Massively Multiplayer', 'Multiplayer', 'Competitive', 'Classic', 'Co-op', 'First-Person', 'Arena Shooter', 'Parkour', 'FPS', 'Shooter', 'Open World', 'Sci-fi', 'Fast-Paced', 'PvP']",NULL
875,36194,10964,683336,"Sniper Ghost Warrior 3",2017-04-24,368070,19.99,10800000,575000,18317,79779,66.654,18,Action,"CI Games","CI Games",AA,"['Strategy', 'Action', 'Adventure', 'Singleplayer', 'Multiplayer', 'Gore', 'Co-op', 'First-Person', 'Online Co-Op', 'War', 'Military', 'Tactical', 'Sniper', 'Heist', 'FPS', 'Stealth', 'Shooter', 'Open World', 'Violent', 'Nudity']",NULL
876,36160,7886,699639,"Crypt of the NecroDancer",2014-07-18,247080,14.99,12800000,1600000,24927,79740,95.824,11,"Action, Indie, RPG","Brace Yourself Games","Brace Yourself Games, Klei Entertainment","AA, Indie","['Action', 'Adventure', 'Indie', 'Singleplayer', 'RPG', 'Music', 'Co-op', 'Dungeon Crawler', 'Rhythm', 'Local Co-Op', '2D', 'Pixel Graphics', 'Female Protagonist', 'Roguelike', 'Roguelite', 'Fantasy', 'Retro', 'Difficult', 'Procedural Generation', 'Great Soundtrack']",NULL
877,52655,148227,718450,"Gothic 1 Remake",0000-00-00,1297900,0,0,0,0,79736,0,0,"Action, RPG","Alkimia Interactive","THQ Nordic",AA,"['Action', 'Adventure', 'Singleplayer', 'RPG', 'Action RPG', 'Medieval', 'Dark Fantasy', 'Crafting', 'Third-Person', 'Magic', 'Remake', 'Gothic', 'Combat', '3D', 'Exploration', 'Fantasy', 'Open World', 'Story Rich', 'Atmospheric', 'Realistic']",NULL
878,57547,152604,650537,"Car Mechanic Simulator 2021",2021-08-11,1190000,24.99,14900000,851000,28350,79621,95.951,33,"Simulation, Racing","Red Dot Games","PlayWay S. A.",Indie,"['Strategy', 'Adventure', 'Indie', 'Simulation', 'Singleplayer', 'Automobile Sim', 'Racing', 'Driving', 'Immersive Sim', 'VR', 'Education', 'First-Person', 'Moddable', 'Minigames', '3D', 'Puzzle', 'Open World', 'Sandbox', 'Atmospheric', 'Realistic']",NULL
879,49580,146488,614264,"Carnal Instinct",2021-03-01,1495320,29.99,2900000,130000,4333,79537,83.706,8,"Early Access, RPG","Team Carnal Instinct","Team Carnal Instinct",Indie,"['Action', 'RPG', 'Choices Matter', 'Demons', 'Action RPG', 'Souls-like', 'LGBTQ+', 'Dark Fantasy', 'Character Customization', 'Third-Person', 'NSFW', 'Lore-Rich', 'Combat', 'Dog', '3D', 'Fantasy', 'Open World', 'Realistic', 'Sexual Content', 'Nudity']",NULL
880,36323,8751,704076,"Stranded Deep",2015-01-23,313120,19.99,21500000,1800000,45512,348000,74.558,15,"Adventure, Indie","Beam Team Games","Beam Team Publishing",Indie,"['Strategy', 'Action', 'Adventure', 'Indie', 'Simulation', 'Singleplayer', 'Early Access', 'Underwater', 'Multiplayer', 'Co-op', 'First-Person', 'Crafting', 'Open World Survival Craft', 'Building', 'Survival', 'Exploration', 'Open World', 'Sandbox', 'Atmospheric', 'Realistic']",NULL
881,17078,17511,728762,"Infect and Destroy",2015-01-29,305660,6.99,20022,3233,57,844,35.088,0,"Action, Indie, Simulation, Strategy, Casual, Early Access",FarrugiaSoft,FarrugiaSoft,Indie,"['Strategy', 'Action', 'Indie', 'Simulation', 'Early Access', 'Casual', 'Survival Horror', 'Zombies', 'Outbreak Sim', 'Survival']",NULL
882,36986,90055,716532,CARRION,2020-07-23,953490,19.99,10600000,793000,26420,79322,94.553,5,"Action, Adventure, Indie","Phobia Game Studio","Devolver Digital",AA,"['Action', 'Adventure', 'Indie', 'Singleplayer', 'Gore', 'Lovecraftian', 'Blood', 'Metroidvania', 'Villain Protagonist', '2D', 'Pixel Graphics', 'Platformer', 'Puzzle', 'Physics', 'Sci-fi', 'Atmospheric', 'Great Soundtrack', 'Violent', 'Horror', 'Mature']",NULL
883,16099,36024,704175,"10 Years After",2015-01-30,339240,5.99,37322,7061,128,502,10.938,0,"Action, Adventure, Indie, Early Access","Rock Paper Games","Rock Paper Games",Indie,"['Action', 'Adventure', 'Indie', 'Singleplayer', 'Early Access', 'Survival', 'Horror']",NULL
884,38979,107218,730270,"Desperados III",2020-06-16,610370,39.99,13600000,428000,14281,79244,96.695,17,Strategy,"Mimimi Games","THQ Nordic",AA,"['Strategy', 'Action', 'Adventure', 'Indie', 'Singleplayer', 'Assassin', 'Historical', 'Third-Person', 'Tactical', 'Western', 'Real Time Tactics', 'Isometric', 'Top-Down', 'Survival', 'RTS', 'Stealth', 'Atmospheric', 'Difficult', 'Great Soundtrack', 'Violent']",NULL
885,45303,1183,703524,"Guild Wars 2",2022-08-23,1284210,0,0,635000,20497,79217,88.872,40,"Adventure, Free to Play, RPG, MMO",ArenaNet®,NCsoft,Indie,"['Strategy', 'Adventure', 'Singleplayer', 'Free to Play', 'RPG', 'Massively Multiplayer', 'Multiplayer', 'MMORPG', 'Online Co-Op', 'Character Customization', 'Crafting', 'Third-Person', 'Combat', 'Class-Based', '3D', 'Exploration', 'Fantasy', 'Story Rich', 'Atmospheric', 'PvP']",NULL
886,53791,135299,715699,"Call of Duty: Black Ops",2010-11-09,42700,39.99,170300000,6400000,39697,79111,90.785,24,Action,Treyarch,Activision,AAA,"['Action', 'Adventure', 'Singleplayer', 'Massively Multiplayer', 'Multiplayer', 'Controller', 'Gore', 'Co-op', 'First-Person', 'Online Co-Op', 'War', 'Military', 'Zombies', 'Cold War', 'FPS', 'Shooter', 'Linear', 'Story Rich', 'Great Soundtrack', 'Horror']",NULL
887,36220,9448,649194,"Far Cry New Dawn",2019-02-15,939960,39.99,19200000,781000,31031,79070,75.76,24,"Action, Adventure",Ubisoft,Ubisoft,AAA,"['Action', 'Adventure', 'Singleplayer', 'Casual', 'RPG', 'Multiplayer', 'Action RPG', 'Co-op', 'First-Person', 'Online Co-Op', 'Character Customization', 'Crafting', 'Post-apocalyptic', 'Female Protagonist', 'Survival', 'FPS', 'Stealth', 'Shooter', 'Open World', 'Story Rich']",NULL
888,50133,149340,716035,"No More Room in Hell 2",2024-10-22,292000,29.99,5800000,245000,8151,79070,46.178,11,"Action, Indie, Early Access","				Torn Banner Studios","				Torn Banner Studios",Indie,"['Action', 'Adventure', 'Indie', 'Multiplayer', 'Co-op', 'First-Person', 'Dark', 'Online Co-Op', 'PvE', 'Survival Horror', 'Zombies', 'Lore-Rich', 'Outbreak Sim', 'Looter Shooter', 'Survival', 'FPS', 'Shooter', 'Atmospheric', 'Horror', 'Realistic']",NULL
889,36766,8925,666390,"Sunless Sea",2014-07-01,304650,18.99,11000000,943000,9228,78894,83.03,12,"Adventure, Indie, RPG","Failbetter Games","Failbetter Games",Indie,"['Adventure', 'Indie', 'Singleplayer', 'RPG', 'Lovecraftian', 'Kickstarter', 'Dark', 'Gothic', 'Steampunk', '2D', 'Top-Down', 'Survival', 'Roguelike', 'Exploration', 'Roguelite', 'Open World', 'Story Rich', 'Atmospheric', 'Great Soundtrack', 'Horror']",NULL
890,55586,473,728322,"Battlefield: Bad Company™ 2",2010-03-02,24960,0,25600000,2200000,37137,78739,85.341,38,Action,DICE,"Electronic Arts",AAA,"['Strategy', 'Action', 'Adventure', 'Singleplayer', 'Multiplayer', 'Classic', 'Co-op', 'First-Person', 'War', 'Military', 'Tactical', 'Destruction', 'Team-Based', 'Combat', 'Vehicular Combat', 'FPS', 'Shooter', 'Open World', 'Comedy', 'Atmospheric']",NULL
891,36389,11707,729048,Hacknet,2015-08-12,365450,9.99,10200000,1600000,24946,78729,93.618,11,"Indie, Simulation","Team Fractal Alligator","Fellow Traveller",Indie,"['Adventure', 'Indie', 'Simulation', 'Singleplayer', 'Choices Matter', 'Education', 'Logic', 'Hacking', 'Dystopian ', 'Programming', 'Cyberpunk', 'Crime', 'Detective', 'Typing', '2D', 'Story Rich', 'Sci-fi', 'Atmospheric', 'Difficult', 'Great Soundtrack']",NULL
892,20230,75900,715047,"VR Kanojo",2018-04-09,751440,49.99,1900000,52754,1960,78539,75.714,2,Adventure,ILLUSION,ILLUSION,Indie,"['Adventure', 'Simulation', 'Singleplayer', 'Free to Play', 'VR', 'First-Person', 'Dating Sim', 'Hentai', 'NSFW', 'Romance', '3D', 'Shooter', 'Story Rich', 'Anime', 'Cute', 'Visual Novel', 'Realistic', 'Mature', 'Sexual Content', 'Nudity']",NULL
893,36596,4847,645871,"Lords Of The Fallen",2014-10-28,265300,29.99,23900000,1200000,19755,78395,59.16,9,"Action, RPG","CI Games, Deck13","CI Games",AA,"['Action', 'Adventure', 'Singleplayer', 'RPG', 'Action RPG', 'Medieval', 'Souls-like', 'Dark', 'Dark Fantasy', 'Third-Person', 'Magic', 'Lore-Rich', 'Exploration', 'Fantasy', 'Open World', 'Story Rich', 'Atmospheric', 'Difficult', 'Violent', 'Replay Value']",NULL
894,47569,146042,671827,"Zero Hour",2020-08-12,1359090,18.99,7500000,900000,30013,78335,79.685,9,"Action, Simulation, Strategy","Attrito, M7 Productions","Attrito, M7 Productions",Indie,"['Strategy', 'Action', 'Simulation', 'Singleplayer', 'Multiplayer', 'Immersive Sim', 'Co-op', 'First-Person', 'Third-Person Shooter', 'Online Co-Op', 'PvE', 'Military', 'Tactical', 'Team-Based', 'Combat', 'FPS', 'Stealth', 'Shooter', 'PvP', 'Realistic']",NULL
895,244403,174590,660719,"Tower of Fantasy",2022-10-20,2064650,0,0,319000,10634,78262,70.406,24,"Action, Free to Play, RPG, MMO","Hotta Studio","Level Infinite",Indie,"['Action', 'Free to Play', 'RPG', 'Massively Multiplayer', 'Bullet Time', 'Action-Adventure', 'Drama', 'Action RPG', 'MMORPG', 'Character Customization', 'Cinematic', 'Cyberpunk', 'Futuristic', 'Post-apocalyptic', '3D Platformer', 'Cartoony', 'Open World', 'Story Rich', 'Sci-fi', 'Anime']",NULL
896,45220,138590,671485,"PowerWash Simulator",2021-05-19,1290000,24.99,26200000,1500000,50890,78089,96.887,31,"Indie, Simulation, Casual",FuturLab,"Square Enix",AAA,"['Indie', 'Simulation', 'Singleplayer', 'Casual', 'Multiplayer', 'Immersive Sim', 'Co-op', 'First-Person', 'Online Co-Op', '3D', 'Relaxing', 'Story Rich', 'Sandbox', 'Funny', 'Atmospheric', 'Family Friendly', 'Colorful', 'Realistic', 'Wholesome', 'Cozy']",NULL
897,46884,135789,651113,Townscaper,2020-06-30,1291340,5.99,2600000,626000,20860,77902,95.623,4,"Indie, Simulation, Casual","Oskar Stålberg","Raw Fury",Indie,"['Indie', 'Simulation', 'Singleplayer', 'Casual', 'Experimental', 'Controller', 'Nature', 'Stylized', 'Short', 'Building', 'City Builder', 'Relaxing', 'Open World', 'Sandbox', 'Minimalist', 'Atmospheric', 'Procedural Generation', 'Cute', 'Family Friendly', 'Colorful']",NULL
898,34876,14377,645849,"Eden Star",2015-01-31,259570,0,877000,56886,1122,73461,52.585,8,"Action, Adventure, Indie, Strategy, Early Access","Flix Interactive","Flix Interactive",Indie,"['Strategy', 'Action', 'Adventure', 'Indie', 'Singleplayer', 'Early Access', 'Multiplayer', 'Co-op', 'First-Person', 'Building', 'Tower Defense', 'Survival', 'FPS', 'Shooter', 'Physics', 'Base Building', 'Open World', 'Space', 'Sandbox', 'Sci-fi']",NULL
899,67256,116238,726346,"Sniper Elite 5",2022-05-26,1029690,49.99,22200000,634000,21122,77869,83.046,31,"Action, Adventure",Rebellion,Rebellion,AA,"['Action', 'Adventure', 'Singleplayer', 'Multiplayer', 'Action-Adventure', 'Gun Customization', 'Gore', 'Co-op', 'Third-Person Shooter', 'Online Co-Op', 'War', 'Third-Person', 'World War II', 'Sniper', 'FPS', 'Stealth', 'Shooter', 'Open World', 'Violent', 'Sexual Content']",NULL
900,48625,145439,623677,"Escape Simulator",2021-10-19,1435790,19.99,27300000,2500000,16856,77795,94.121,10,"Adventure, Indie, Simulation, Casual","Pine Studio","Pine Studio",Indie,"['Adventure', 'Indie', 'Simulation', 'Singleplayer', 'Casual', 'Multiplayer', 'Controller', 'VR', 'Mystery', 'Co-op', 'First-Person', 'Point & Click', 'Online Co-Op', 'Investigation', 'Level Editor', 'Puzzle', 'Exploration', 'Story Rich', 'Family Friendly', 'Escape Room']",NULL
901,53684,93834,674062,"Rising Storm/Red Orchestra 2 Multiplayer",2011-09-13,35450,19.99,52400000,4200000,37483,77763,92.386,23,"Action, Simulation, MMO","Tripwire Interactive","Tripwire Interactive",AA,"['Action', 'Simulation', 'Singleplayer', 'Multiplayer', 'Immersive Sim', 'Tanks', 'Gore', 'First-Person', 'War', 'Historical', 'Military', 'World War II', 'Wargame', 'Tactical', 'Team-Based', 'Immersive', 'FPS', 'Shooter', 'Atmospheric', 'Realistic']",NULL
902,36319,11602,712446,"Road Redemption",2014-09-18,300380,19.99,5400000,480000,12567,77735,82.279,7,"Action, Adventure, Indie, Simulation, Racing","Pixel Dash Studios, Redemption Road","Tripwire Interactive",AA,"['Action', 'Indie', 'Singleplayer', 'Multiplayer', 'Racing', 'Controller', "Beat 'em up", 'Gore', 'Co-op', '4 Player Local', 'Third-Person', 'Local Multiplayer', 'Local Co-Op', 'Motorbike', 'Combat Racing', 'Vehicular Combat', 'Arcade', 'Funny', 'Violent', 'PvP']",NULL
903,31486,14394,713135,"Battle Brothers",2015-04-27,365360,29.99,9000000,449000,23627,77722,88.34,89,"Indie, Strategy, RPG","Overhype Studios","Overhype Studios",Indie,"['Strategy', 'Action', 'Adventure', 'Simulation', 'Singleplayer', 'RPG', 'Turn-Based Tactics', 'Medieval', 'Turn-Based Combat', 'Moddable', 'Character Customization', 'War', 'Historical', 'Tactical', 'Turn-Based Strategy', 'Tactical RPG', 'Turn-Based', 'Open World', 'Sandbox', 'Replay Value']",NULL
904,30956,88970,700248,"FINAL FANTASY IX",2016-04-14,377840,20.99,8000000,531000,11463,77653,94.774,28,RPG,"Square Enix","Square Enix",AAA,"['Action', 'Adventure', 'Singleplayer', 'RPG', 'Classic', 'Medieval', 'Turn-Based Combat', 'Party-Based RPG', 'Cult Classic', 'Steampunk', 'Turn-Based', 'Exploration', 'JRPG', 'Fantasy', 'Open World', 'Story Rich', 'Anime', 'Funny', 'Atmospheric', 'Great Soundtrack']",NULL
905,25125,20744,705392,"Okami HD",2017-12-12,587620,19.99,5800000,414000,9588,77531,92.167,11,Adventure,Capcom,Capcom,AAA,"['Action', 'Adventure', 'Singleplayer', 'RPG', 'Action-Adventure', 'Stylized', 'Classic', 'Action RPG', 'Remake', 'Cult Classic', 'Mythology', 'Female Protagonist', 'JRPG', 'Fantasy', 'Open World', 'Story Rich', 'Anime', 'Atmospheric', 'Great Soundtrack', 'Colorful']",NULL
906,39576,8209,645909,"Mordheim: City of the Damned",2014-11-20,276810,19.99,10000000,459000,7983,77488,70.249,29,"Strategy, RPG","Rogue Factor",Nacon,Indie,"['Strategy', 'Indie', 'Singleplayer', 'RPG', 'Multiplayer', 'Competitive', 'Controller', 'Turn-Based Tactics', 'Perma Death', 'Medieval', 'Turn-Based Combat', 'Board Game', 'Dark Fantasy', 'Tactical', 'Turn-Based Strategy', 'Tactical RPG', 'Games Workshop', 'Turn-Based', 'Fantasy', 'Procedural Generation']",NULL
907,54669,59,645598,"The Elder Scrolls IV: Oblivion ",2009-06-16,22330,14.99,19800000,1900000,48754,77485,95.406,31,RPG,"Bethesda Game Studios","Bethesda Softworks",AAA,"['Action', 'Adventure', 'Singleplayer', 'RPG', 'Classic', 'Action RPG', 'Medieval', 'First-Person', 'Moddable', 'Dark Fantasy', 'Character Customization', 'Third-Person', 'Magic', 'Exploration', 'Fantasy', 'Open World', 'Story Rich', 'Sandbox', 'Atmospheric', 'Great Soundtrack']",NULL
908,38324,14704,682803,"Rise of Incarnates",2015-02-03,258160,0,0,127000,2033,25060,60.403,1,"Action, Free to Play","Bandai Namco","Bandai Namco",AAA,"['Action', 'Adventure', 'Singleplayer', 'Free to Play', 'Early Access', 'RPG', 'Massively Multiplayer', 'Multiplayer', 'Co-op', 'Fighting', 'First-Person', 'MOBA', 'Online Co-Op', 'Hack and Slash', 'Zombies', 'FPS', 'Shooter', 'Open World', 'Anime', 'PvP']",NULL
909,15702,35808,728944,"Terra Incognita Chapter One: The Descendant",2015-02-03,347560,1.99,278000,466000,1043,1351,64.43,7,"Adventure, Indie, Early Access, RPG","Back to Basics Gaming","Back to Basics Gaming",Indie,"['Adventure', 'Indie', 'Early Access', 'RPG', 'RPGMaker', 'JRPG', 'Story Rich']",NULL
910,36967,8211,683020,"Dead or Alive 5 Last Round",2015-03-30,311730,0,6300000,509000,9905,77244,68.612,25,Action,"KOEI TECMO GAMES CO., LTD., Team NINJA","KOEI TECMO GAMES CO., LTD.",AAA,"['Action', 'Singleplayer', 'Free to Play', 'Multiplayer', 'Competitive', 'Ninja', 'Fighting', 'Moddable', 'Local Multiplayer', '3D Fighter', '3D', 'Female Protagonist', 'Arcade', 'Physics', 'Anime', 'Great Soundtrack', 'Cute', 'PvP', 'Mature', 'Sexual Content']",NULL
911,35960,1305,715827,"Tom Clancy's Splinter Cell Blacklist",2013-08-20,235600,29.99,25700000,1400000,19540,77174,80.374,17,"Action, Adventure",Ubisoft,Ubisoft,AAA,"['Strategy', 'Action', 'Adventure', 'Singleplayer', 'RPG', 'Multiplayer', 'Controller', 'Co-op', 'First-Person', 'Third-Person Shooter', 'Online Co-Op', 'Third-Person', 'Tactical', 'Parkour', 'FPS', 'Stealth', 'Shooter', 'Story Rich', 'Atmospheric', 'Mature']",NULL
912,14092,2593,687143,"Cube World",2019-09-30,1128000,19.99,11100000,704000,18541,77106,37.107,12,"Adventure, Indie, RPG",Picroma,Picroma,Indie,"['Adventure', 'Indie', 'Singleplayer', 'RPG', 'Multiplayer', 'Action RPG', 'Co-op', 'Online Co-Op', 'Crafting', 'Third-Person', 'Voxel', 'Walking Simulator', 'Pixel Graphics', 'Survival', 'Exploration', 'Fantasy', 'Open World', 'Sandbox', 'Procedural Generation', 'Great Soundtrack']",NULL
913,16569,17865,699947,TOTM,2015-02-03,324360,0,6833,1086,18,274,38.889,0,"Action, Indie, Strategy, Early Access","Juniper Games","Juniper GmbH",Indie,"['Strategy', 'Action', 'Indie', 'Early Access']",NULL
914,37175,11205,712832,"Anno 2205",2015-11-02,375910,39.99,8100000,327000,5919,77045,69.623,28,"Simulation, Strategy","Blue Byte",Ubisoft,AAA,"['Strategy', 'Simulation', 'Singleplayer', 'Multiplayer', 'Economy', 'Futuristic', 'Trading', '3D', 'Building', '4X', 'RTS', 'City Builder', 'Base Building', 'Resource Management', 'Management', 'Open World', 'Story Rich', 'Space', 'Sandbox', 'Sci-fi']",NULL
915,16382,7610,712967,"Game of Thrones - A Telltale Games Series",2014-12-02,330840,0,12700000,660000,10583,76889,75.82,11,Adventure,"Telltale Games","Telltale Games",Indie,"['Adventure', 'Singleplayer', 'Choose Your Own Adventure', 'Casual', 'Choices Matter', 'Interactive Fiction', 'Gore', 'Medieval', 'Point & Click', 'Dragons', 'War', 'Third-Person', 'Episodic', 'Based On A Novel', 'Female Protagonist', 'Fantasy', 'Story Rich', 'Atmospheric', 'Mature', 'Nudity']",NULL
916,38370,34269,710037,Forts,2017-04-19,410900,14.99,20400000,2000000,21836,76716,92.004,20,"Action, Indie, Strategy","EarthWork Games","EarthWork Games",Indie,"['Strategy', 'Action', 'Indie', 'Singleplayer', 'Multiplayer', 'Memes', 'Moddable', 'Military', 'Tactical', 'Level Editor', 'Destruction', 'Lemmings', '2D', 'Pixel Graphics', 'Building', 'Physics', 'Base Building', 'Sandbox', 'Retro', 'Funny']",NULL
917,1052728,237457,676595,"Pioneers of Pagonia",2023-12-13,2155180,29.99,2500000,118000,3929,76596,84.424,8,"Simulation, Strategy, Early Access","Envision Entertainment","Envision Entertainment",Indie,"['Strategy', 'Simulation', 'Singleplayer', 'Multiplayer', 'Economy', 'Stylized', 'Colony Sim', 'Co-op', 'Online Co-Op', 'PvE', 'Top-Down', 'Exploration', 'City Builder', 'Base Building', 'Resource Management', 'Management', 'Fantasy', 'Sandbox', 'Procedural Generation', 'Family Friendly']",NULL
918,65859,134583,625044,Forspoken,2023-01-24,1680880,69.99,12600000,240000,7989,76525,62.098,16,"Action, Adventure, RPG",,"Square Enix",AAA,"['Action', 'Adventure', 'Singleplayer', 'RPG', 'Action RPG', 'Psychological Horror', 'Dark', 'Magic', 'Cinematic', 'Parkour', 'Immersive', 'Lore-Rich', 'Female Protagonist', 'Exploration', 'Fantasy', 'Open World', 'Story Rich', 'Atmospheric', 'Violent', 'Mature']",NULL
919,39506,32614,683830,"Titan Quest Anniversary Edition",2016-08-31,475150,19.99,23100000,2200000,35104,76444,91.032,25,"Action, RPG","Iron Lore Entertainment, THQ Nordic","THQ Nordic",AA,"['Action', 'Adventure', 'Singleplayer', 'RPG', 'Multiplayer', 'Classic', 'Action RPG', 'Co-op', 'Dungeon Crawler', 'Loot', 'Hack and Slash', 'Level Editor', 'Isometric', 'Mythology', 'Top-Down', 'Fantasy', 'Open World', 'Story Rich', 'Atmospheric', 'Great Soundtrack']",NULL
920,36539,8436,682849,"Secrets of Grindea",2015-07-13,269770,14.99,5800000,492000,8164,76328,89.331,22,"Action, Adventure, Indie, RPG","Pixel Ferrets","Pixel Ferrets",Indie,"['Action', 'Adventure', 'Indie', 'Singleplayer', 'RPG', 'Multiplayer', 'Action-Adventure', 'Action RPG', 'Character Customization', 'Hack and Slash', 'Co-op Campaign', '2D', 'Pixel Graphics', 'Top-Down', 'JRPG', 'Fantasy', 'Story Rich', 'Anime', 'Funny', 'Cute']",NULL
921,31581,8713,704331,"Battlefleet Gothic: Armada",2016-04-21,363680,14.99,10900000,451000,5792,76327,68.456,19,Strategy,"Tindalos Interactive","Focus Entertainment",AA,"['Strategy', 'Action', 'Singleplayer', 'Multiplayer', 'Co-op', 'Naval', 'War', 'Tactical', 'Real Time Tactics', 'Gothic', 'Games Workshop', 'Warhammer 40K', 'Survival', 'RTS', 'Fantasy', 'Space', 'Sci-fi', 'Great Soundtrack']",NULL
922,67240,185258,625733,"ARC Raiders",0000-00-00,1808500,0,0,0,0,76115,0,0,Action,"Embark Studios","Embark Studios",AA,"['Action', 'Inventory Management', 'Multiplayer', 'Third-Person Shooter', 'Online Co-Op', 'Character Customization', 'PvE', 'Crafting', 'Third-Person', 'Futuristic', 'Post-apocalyptic', 'Combat', 'Survival', 'Shooter', 'Open World', 'Sci-fi', 'Atmospheric', 'PvP', 'Realistic', 'Extraction Shooter']",NULL
923,56723,130577,638789,"Little Witch in the Woods",2022-05-17,1594940,15.99,2900000,238000,7943,76008,89.248,7,"Adventure, Indie, Simulation, Casual, Early Access, RPG","SUNNY SIDE UP","SUNNY SIDE UP",Indie,"['Adventure', 'Indie', 'Simulation', 'Casual', 'RPG', 'Immersive Sim', 'Hidden Object', 'Crafting', 'Magic', 'Life Sim', 'Farming Sim', 'Creature Collector', 'Pixel Graphics', 'Puzzle', 'Exploration', 'Management', 'Relaxing', 'Open World', 'Story Rich', 'Cute']",NULL
924,36127,10929,703788,"Stronghold Crusader 2",2014-09-22,232890,39.99,39700000,1500000,16825,75973,72.095,21,"Simulation, Strategy","FireFly Studios","FireFly Studios",Indie,"['Strategy', 'Action', 'Adventure', 'Simulation', 'Singleplayer', 'Multiplayer', 'Classic', 'Medieval', 'Co-op', 'Historical', 'Tactical', 'Building', 'Survival', 'RTS', 'City Builder', 'Base Building', 'Resource Management', 'Open World', 'Sandbox', 'Atmospheric']",NULL
925,36633,109148,716473,Unheard,2019-03-29,942970,6.99,3900000,873000,30971,75876,96.264,11,"Indie, Simulation, RPG","NEXT Studios","505 GAMES, NEXT Studios","AA, Indie","['Indie', 'Simulation', 'Singleplayer', 'RPG', 'Mystery', 'Short', 'Point & Click', 'Investigation', 'Crime', 'Detective', '2D', 'Top-Down', 'Puzzle', 'Story Rich', 'Atmospheric', 'Horror']",NULL
926,31853,35653,704283,"Codename CURE",2015-07-17,355180,0,0,2600000,16478,75597,84.695,16,"Action, Free to Play",,"Raptor Byte",Indie,"['Action', 'Singleplayer', 'Free to Play', 'Multiplayer', 'Gore', 'Co-op', 'First-Person', 'Moddable', 'Online Co-Op', 'PvE', 'Military', 'Survival Horror', 'Zombies', 'Post-apocalyptic', 'Mod', 'Class-Based', '3D', 'FPS', 'Shooter', 'PvP']",NULL
927,38896,14314,712390,TerraTech,2015-02-06,285920,24.99,6300000,390000,23061,118000,91.271,43,"Action, Indie","Payload Studios","Payload Studios",Indie,"['Strategy', 'Action', 'Adventure', 'Indie', 'Singleplayer', 'Early Access', 'Multiplayer', 'Robots', 'Online Co-Op', 'Crafting', 'Third-Person', 'Open World Survival Craft', 'Vehicular Combat', 'Building', 'Survival', 'Exploration', 'Physics', 'Open World', 'Sandbox', 'PvP']",NULL
928,36391,35282,712785,CrossCode,2015-05-15,368340,19.99,7900000,547000,16663,75344,93.128,27,"Action, Adventure, Indie, RPG","Radical Fish Games","DANGEN Entertainment, Deck13, Mayflower Entertainment, WhisperGames",Indie,"['Action', 'Adventure', 'Indie', 'Singleplayer', 'RPG', 'Action-Adventure', 'Action RPG', 'Cyberpunk', '2D', 'Pixel Graphics', 'Female Protagonist', 'Puzzle', 'JRPG', 'Open World', 'Story Rich', 'Sci-fi', 'Retro', 'Anime', 'Difficult', 'Great Soundtrack']",NULL
929,1051880,233585,681750,"Hi-Fi RUSH",2023-01-25,1817230,29.99,22700000,987000,32959,75334,97.339,9,Action,"Tango Gameworks","Bethesda Softworks",AAA,"['Action', 'Adventure', 'Singleplayer', 'Robots', 'Music', 'Action-Adventure', 'Stylized', "Beat 'em up", 'Character Action Game', 'Hack and Slash', 'Third-Person', 'Cyberpunk', 'Rhythm', 'Spectacle fighter', 'Cartoony', 'Platformer', 'Comedy', 'Anime', 'Great Soundtrack', 'Colorful']",NULL
930,15707,35819,683227,"Forsaken Isle",2015-02-06,347940,11.99,138000,21981,452,10216,67.257,7,"Action, Adventure, Indie, Casual, Early Access, RPG",Smoodlez,Smoodlez,Indie,"['Action', 'Adventure', 'Indie', 'Singleplayer', 'Early Access', 'Casual', 'RPG', 'Pirates', 'Crafting', '2D', 'Pixel Graphics', 'Building', 'Survival', 'Sandbox']",NULL
931,54143,0,699972,"MyRPG Master",2015-02-09,329890,0,0,4071,70,2696,32.857,0,"Early Access, Education, Animation & Modeling, Design & Illustration, Software Training, Utilities","DragonHead Studio","Plug in Digital",Indie,"['Early Access', 'RPGMaker', 'Education', 'Design & Illustration', 'Animation & Modeling', 'Utilities', 'Software Training', 'Game Development']",NULL
932,39116,9643,684620,"Return of the Obra Dinn",2018-10-18,653530,19.99,15100000,1000000,28274,75150,96.817,8,"Adventure, Indie","Lucas Pope",3909,Indie,"['Adventure', 'Indie', 'Singleplayer', 'Mystery', 'Pirates', 'Naval', 'First-Person', 'Historical', 'Walking Simulator', 'Detective', 'Noir', 'Puzzle', 'Story Rich', 'Retro', 'Atmospheric', 'Difficult', 'Great Soundtrack', 'Violent', 'Horror', 'Multiple Endings']",NULL
933,2912,131760,687864,"Library Of Ruina",2020-05-15,1256670,29.99,20600000,987000,32915,75019,94.042,60,"Indie, Strategy, RPG",ProjectMoon,ProjectMoon,Indie,"['Strategy', 'Action', 'Indie', 'Singleplayer', 'RPG', 'Gore', 'Psychological Horror', 'Turn-Based Combat', 'Turn-Based Strategy', 'Deckbuilding', 'Card Battler', '2D', 'Card Game', 'Turn-Based', 'Story Rich', 'Anime', 'Difficult', 'Great Soundtrack', 'Visual Novel', 'Horror']",NULL
934,36567,17012,646098,"Move or Die",2015-01-16,323850,14.99,18300000,2000000,23201,75010,89.595,9,"Action, Indie","Those Awesome Guys, Xelu","Those Awesome Guys",Indie,"['Action', 'Indie', 'Singleplayer', 'Casual', 'Multiplayer', 'Competitive', 'Memes', 'Co-op', '4 Player Local', 'Party', 'Online Co-Op', 'Party Game', 'Local Multiplayer', 'Local Co-Op', '2D', 'Platformer', 'Arcade', 'Funny', 'Great Soundtrack', 'Fast-Paced']",NULL
935,36458,86737,668217,"Farm Together",2018-02-22,673950,19.99,6000000,425000,21614,75002,94.203,59,"Indie, Simulation, Casual","Milkstone Studios","Milkstone Studios",Indie,"['Simulation', 'Singleplayer', 'Casual', 'Multiplayer', 'Controller', 'Colony Sim', 'Co-op', 'Online Co-Op', 'Character Customization', 'Agriculture', 'Third-Person', 'Horses', 'Farming Sim', 'Cartoony', 'Female Protagonist', 'Building', 'Relaxing', 'Sandbox', 'Cute', 'Replay Value']",NULL
936,67592,187246,673249,WARNO,2022-01-20,1611600,39.99,10400000,359000,11962,74983,82.62,51,"Action, Indie, Simulation, Strategy","Eugen Systems","Eugen Systems",Indie,"['Strategy', 'Simulation', 'Massively Multiplayer', 'Multiplayer', 'Bullet Time', '1980s', 'Tanks', 'Co-op', 'Moddable', 'War', 'Historical', 'Military', 'Wargame', 'Tactical', 'Turn-Based Strategy', 'Real Time Tactics', 'Cold War', 'RTS', 'PvP', 'Realistic']",NULL
937,5255789,434,733505,"Red Dead Redemption",2024-10-29,2668510,49.99,10100000,268000,8943,74898,92.888,16,Action,"Double Eleven, Rockstar Games","Rockstar Games",AAA,"['Action', 'Adventure', 'Singleplayer', 'Action-Adventure', 'Classic', 'Gore', 'Third-Person Shooter', 'Third-Person', 'Zombies', 'Blood', 'Western', 'Narration', '3D', 'Shooter', 'Open World', 'Story Rich', 'Atmospheric', 'Great Soundtrack', 'Sexual Content', 'Nudity']",NULL
938,26376,23733,714051,TUNIC,2022-03-16,553420,29.99,10000000,437000,14568,74872,91.742,11,"Action, Adventure, RPG","TUNIC Team",Finji,Indie,"['Action', 'Indie', 'RPG', 'Controller', 'Action-Adventure', 'Stylized', 'Action RPG', 'Souls-like', 'Nonlinear', 'Isometric', 'Metroidvania', '3D', 'Top-Down', 'Puzzle', 'Exploration', 'Fantasy', 'Atmospheric', 'Difficult', 'Cute', 'Colorful']",NULL
939,36017,111837,668629,Cloudpunk,2020-04-23,746850,19.99,5500000,430000,14335,74810,87.925,5,"Adventure, Indie, RPG","ION LANDS","ION LANDS, Maple Whispering Limited",Indie,"['Action', 'Adventure', 'Indie', 'Singleplayer', 'RPG', 'Driving', 'First-Person', 'Third-Person', 'Voxel', 'Cyberpunk', 'Walking Simulator', 'Futuristic', 'Female Protagonist', 'Exploration', 'Open World', 'Story Rich', 'Sci-fi', 'Atmospheric', 'Great Soundtrack', 'Mature']",NULL
940,558372,219442,625951,"Need for Speed™ Unbound",2022-12-02,1846380,69.99,50800000,1400000,47142,74732,60.367,25,"Action, Racing","Criterion Games","Electronic Arts",AAA,"['Action', 'Adventure', 'Simulation', 'Singleplayer', 'Casual', 'Multiplayer', 'Sports', 'Racing', 'Music', 'Controller', 'Driving', 'Split Screen', 'Online Co-Op', 'Character Customization', 'Immersive', 'Combat Racing', 'Arcade', 'Open World', 'Anime', 'Atmospheric']",NULL
941,39645,120436,670405,"ONE PIECE: PIRATE WARRIORS 4",2020-03-26,1089090,39.99,15300000,588000,19604,74687,91.629,23,Action,"Koei Tecmo","Bandai Namco",AAA,"['Action', 'Adventure', 'Singleplayer', 'RPG', 'Multiplayer', 'Controller', "Beat 'em up", 'Pirates', 'Co-op', 'Split Screen', 'Fighting', 'Online Co-Op', 'Hack and Slash', 'Local Co-Op', 'Arcade', 'Open World', 'Comedy', 'Anime', 'PvP', 'Musou']",NULL
942,54387,142,673971,"Star Wars: Battlefront 2 (Classic, 2005)",2009-07-08,6060,9.99,17700000,2700000,52899,74633,94.59,12,Action,"Pandemic Studios","Disney, LucasArts, Lucasfilm","AA, AAA, Indie","['Strategy', 'Action', 'Adventure', 'Singleplayer', 'Multiplayer', 'Addictive', 'Classic', 'Co-op', 'First-Person', 'Third-Person Shooter', 'Moddable', 'Military', 'Third-Person', 'Tactical', 'Epic', 'FPS', 'Shooter', 'Space', 'Sci-fi', 'Great Soundtrack']",NULL
943,17675,10729,728671,"Purgatory: War of the Damned",2015-02-11,284910,14.99,14235,1278,24,296,25,0,"Action, Early Access, RPG","Ironsun Studios","Kiss ltd",Indie,"['Action', 'Early Access', 'RPG', 'Multiplayer']",NULL
944,15774,35856,704225,"Damned Nation Reborn",2015-02-12,345710,12.99,23053,2379,82,1838,20.732,0,"Action, Adventure, Indie, Strategy, Early Access",Sinister,Sinister,Indie,"['Strategy', 'Action', 'Adventure', 'Indie', 'Early Access', 'Zombies', 'Tower Defense', 'Survival', 'Base Building', 'Open World', 'Horror']",NULL
945,36444,101211,667591,"RAGE 2",2019-05-14,548570,39.99,19300000,474000,16335,74407,62.847,18,Action,"Avalanche Studios, id Software","Bethesda Softworks",AAA,"['Action', 'Adventure', 'Singleplayer', 'Multiplayer', 'Automobile Sim', 'Racing', 'Gore', 'First-Person', 'Cyberpunk', 'Blood', 'Post-apocalyptic', 'Vehicular Combat', 'FPS', 'Shooter', 'Exploration', 'Open World', 'Sandbox', 'Sci-fi', 'Funny', 'Violent']",NULL
946,37062,28794,647539,"Ancestors Legacy",2018-05-22,620590,34.99,4300000,213000,8303,74400,78.839,10,Strategy,"Destructive Creations",,,"['Strategy', 'Action', 'Singleplayer', 'Multiplayer', 'Gore', 'Medieval', 'Co-op', 'War', 'Historical', 'Tactical', 'Local Multiplayer', 'Real-Time', 'Real Time Tactics', 'RTS', 'City Builder', 'Base Building', 'Atmospheric', 'Great Soundtrack', 'Violent', 'Vikings']",NULL
947,16871,7585,716128,SpaceEngine,2019-06-11,314650,29.99,5000000,257000,12082,74342,95.87,11,"Indie, Simulation, Casual, Early Access","Cosmographic Software","Cosmographic Software",Indie,"['Indie', 'Simulation', 'Singleplayer', 'Casual', 'Education', 'Flight', 'Space Sim', 'Science', 'Futuristic', '3D', 'Exploration', 'Relaxing', 'Open World', 'Space', 'Sandbox', 'Sci-fi', 'Atmospheric', 'Procedural Generation', 'Colorful', 'Realistic']",NULL
948,39015,14391,683360,"Tree of Savior (English Ver.)",2016-03-28,372000,0,0,1000000,20251,74331,64.263,84,"Free to Play, RPG, MMO","IMCGAMES Co.,Ltd.","IMCGAMES Co.,Ltd.",Indie,"['Action', 'Adventure', 'Free to Play', 'RPG', 'Massively Multiplayer', 'Multiplayer', 'Action RPG', 'Memes', 'Co-op', 'CRPG', 'MMORPG', 'PvE', 'Hack and Slash', 'Isometric', 'Exploration', 'Fantasy', 'Open World', 'Anime', 'Cute', 'PvP']",NULL
949,883810,120206,661151,"Blue Protocol",0000-00-00,2139230,0,0,0,0,74286,0,0,"Action, Adventure, Free to Play, RPG, MMO","Bandai Namco","Amazon Games",AAA,"['Action', 'Adventure', 'Singleplayer', 'RPG', 'Massively Multiplayer', 'Multiplayer', 'Action-Adventure', 'Action RPG', 'MMORPG', 'Character Customization', 'PvE', 'Emotional', 'Lore-Rich', 'Combat', 'Exploration', 'Fantasy', 'Open World', 'Story Rich', 'Sci-fi', 'Anime']",NULL
950,38797,103292,612082,"Gears 5",2019-09-10,1097840,29.99,24400000,735000,23010,74238,70.282,31,"Action, Adventure","The Coalition","Xbox Game Studios",AAA,"['Action', 'Adventure', 'Singleplayer', 'Multiplayer', 'Gore', 'Co-op', 'Split Screen', 'Third-Person Shooter', 'Third-Person', 'Local Co-Op', 'Co-op Campaign', 'Hero Shooter', 'Female Protagonist', 'Shooter', 'Open World', 'Story Rich', 'Sci-fi', 'Violent', 'Horror', 'Mature']",NULL
951,16338,8968,666507,"Everlasting Summer",2014-11-19,331470,0,0,2200000,75004,74237,94.839,28,"Adventure, Indie, Casual, Free to Play","Soviet Games","Soviet Games",Indie,"['Adventure', 'Indie', 'Singleplayer', 'Free to Play', 'Casual', 'Choices Matter', 'Classic', 'Mystery', 'Dating Sim', 'Romance', '2D', 'Comedy', 'Story Rich', 'Anime', 'Great Soundtrack', 'Visual Novel', 'Multiple Endings', 'Replay Value', 'Mature', 'Nudity']",NULL
952,36286,76885,667571,"SOULCALIBUR VI",2018-10-18,544750,59.99,11600000,288000,13346,74092,82.227,18,Action,"Bandai Namco, Dimps Corporation","Bandai Namco",AAA,"['Action', 'Singleplayer', 'Multiplayer', 'Competitive', "Beat 'em up", 'Medieval', 'Memes', 'Fighting', 'Character Customization', 'Local Multiplayer', 'Swordplay', '3D Fighter', 'Female Protagonist', 'Arcade', 'Fantasy', 'Story Rich', 'Anime', 'Great Soundtrack', 'Sexual Content', 'Nudity']",NULL
953,37924,102057,706067,"Age of Wonders: Planetfall",2019-08-06,718850,29.99,5800000,170000,6371,74004,79.925,22,Strategy,"Triumph Studios","Paradox Interactive",AA,"['Strategy', 'Singleplayer', 'Multiplayer', 'Aliens', 'Economy', 'Perma Death', 'Hex Grid', 'Character Customization', 'War', 'Tactical', 'Turn-Based Strategy', 'Futuristic', 'Dinosaurs', '4X', 'Turn-Based', 'City Builder', 'Management', 'Space', 'Sci-fi', 'PvP']",NULL
954,34907,2939,699687,"The Vanishing of Ethan Carter",2014-09-25,258520,19.99,5900000,457000,8806,73971,88.406,4,"Adventure, Indie","The Astronauts","The Astronauts",Indie,"['Adventure', 'Indie', 'Singleplayer', 'Lovecraftian', 'Psychological Horror', 'Mystery', 'Short', 'First-Person', 'Point & Click', 'Beautiful', 'Walking Simulator', 'Detective', 'Supernatural', 'Puzzle', 'Exploration', 'Open World', 'Story Rich', 'Atmospheric', 'Great Soundtrack', 'Horror']",NULL
955,17109,8254,682990,"Resident Evil",2015-01-20,304240,19.99,15400000,1200000,26080,73791,91.894,10,"Action, Adventure",Capcom,Capcom,AAA,"['Action', 'Adventure', 'Singleplayer', 'Classic', 'Gore', 'Third-Person Shooter', 'Third-Person', 'Survival Horror', 'Zombies', 'Remake', 'Cult Classic', 'Female Protagonist', 'Survival', 'Puzzle', 'Shooter', 'Story Rich', 'Atmospheric', 'Difficult', 'Great Soundtrack', 'Horror']",NULL
956,167319,199116,636742,Brotato,2022-09-27,1942280,4.99,9900000,2800000,94290,73783,96.725,33,"Action, Indie, Casual, RPG",Blobfish,Blobfish,Indie,"['Action', 'Singleplayer', 'Casual', 'RPG', 'Multiplayer', 'Top-Down Shooter', 'Controller', 'Bullet Hell', 'Co-op', 'Hack and Slash', 'Action Roguelike', 'Arena Shooter', 'Local Co-Op', '2D', 'Survival', 'Roguelike', 'Arcade', 'Roguelite', 'Sci-fi', 'Replay Value']",NULL
957,35458,3084,682719,"Cry of Fear",2013-04-25,223710,0,0,4400000,72285,73571,88.736,8,"Action, Adventure, Indie","Team Psykskallar","Team Psykskallar",Indie,"['Action', 'Adventure', 'Indie', 'Singleplayer', 'Free to Play', 'Massively Multiplayer', 'Multiplayer', 'Psychological Horror', 'Co-op', 'First-Person', 'Online Co-Op', 'Survival Horror', 'Zombies', 'Psychological', 'Mod', 'Survival', 'FPS', 'Shooter', 'Atmospheric', 'Horror']",NULL
958,47509,1352,711132,Journey,2020-06-11,638230,14.99,9700000,1000000,33722,73482,94.369,4,"Adventure, Indie",thatgamecompany,"Annapurna Interactive",Indie,"['Adventure', 'Indie', 'Singleplayer', 'Casual', 'Multiplayer', 'Music', 'Stylized', 'Classic', 'Mystery', 'Co-op', 'Beautiful', 'Walking Simulator', 'Narrative', '3D', 'Exploration', 'Relaxing', 'Story Rich', 'Atmospheric', 'Great Soundtrack', 'Family Friendly']",NULL
959,15874,35877,646199,"Janky Tanks",2015-02-12,344220,4.99,3123,873,14,170,57.143,0,"Action, Indie, Early Access, Racing","Hyper Hippo Games","Hyper Hippo Games",Indie,"['Action', 'Indie', 'Early Access', 'Racing']",NULL
960,60028,166856,611477,GrandChase,2021-07-28,985810,0,0,714000,23797,73425,62.798,50,"Action, Casual, Free to Play",KOG,KOG,Indie,"['Action', 'Free to Play', 'Casual', 'Massively Multiplayer', 'Multiplayer', '2.5D', 'Controller', "Beat 'em up", 'Action RPG', '2D Fighter', 'Online Co-Op', 'Character Customization', 'PvE', 'Hack and Slash', '3D Fighter', 'Fantasy', 'Story Rich', 'Anime', 'Cute', 'PvP']",NULL
961,36054,26196,685054,"Crash Bandicoot™ N. Sane Trilogy",2018-06-29,731490,39.99,17200000,635000,17739,73391,92.604,18,Action,"Iron Galaxy, Vicarious Visions",Activision,AAA,"['Action', 'Adventure', 'Singleplayer', 'Controller', 'Classic', 'Third-Person', 'Remake', '3D Platformer', "1990's", 'Nostalgia', 'Cartoony', 'Platformer', 'Comedy', 'Retro', 'Funny', 'Difficult', 'Great Soundtrack', 'Cute', 'Family Friendly', 'Colorful']",NULL
962,55645,0,699466,"Call of Duty®: Modern Warfare® 3 (2011)",2011-11-08,42680,39.99,51100000,2200000,37578,73370,88.626,20,,"Infinity Ward, Sledgehammer",,,"['Action', 'Adventure', 'Singleplayer', 'Casual', 'Massively Multiplayer', 'Multiplayer', 'Controller', 'Co-op', 'First-Person', 'Point & Click', 'Online Co-Op', 'War', 'Military', 'Zombies', 'Dog', 'Survival', 'FPS', 'Shooter', 'Linear', 'Story Rich']",NULL
963,36188,9115,712589,"Medieval Engineers",2015-02-19,333950,9.99,2700000,215000,7165,107000,52.84,23,"Action, Indie, Simulation, Strategy","Keen Software House","Keen Software House",AA,"['Strategy', 'Action', 'Adventure', 'Indie', 'Simulation', 'Singleplayer', 'Early Access', 'Multiplayer', 'Medieval', 'Co-op', 'Crafting', 'Voxel', 'Destruction', 'Building', 'Survival', 'Physics', 'Open World', 'Sandbox', 'Atmospheric', 'Realistic']",NULL
964,39496,16797,699696,"The Four Kings Casino and Slots",2015-02-19,260430,0,2500000,351000,3913,3717,68.183,8,"Simulation, Casual, Free to Play, MMO","Digital Leisure Inc.","Digital Leisure Inc.",Indie,"['Indie', 'Simulation', 'Free to Play', 'Early Access', 'Casual', 'Massively Multiplayer', 'Multiplayer', 'Controller', 'Gaming', 'Character Customization', 'PvE', 'War', 'Third-Person', 'Gambling', '3D', 'Card Game', 'Relaxing', 'Open World', 'PvP', 'Replay Value']",NULL
965,1809267,265111,663386,"Chained Together",2024-06-19,2567870,4.99,17400000,4500000,50857,73241,90.837,5,"Adventure, Indie, Simulation, Casual","Anegar Games",,,"['Adventure', 'Simulation', 'Casual', 'Multiplayer', 'Choices Matter', 'Controller', 'Action-Adventure', 'Puzzle Platformer', 'Mystery', 'Co-op', 'Online Co-Op', 'Third-Person', 'Surreal', 'Post-apocalyptic', 'Emotional', '3D Platformer', 'Platformer', 'Exploration', 'Physics', 'Funny']",NULL
966,49257,141547,611902,"Evil West",2022-11-21,1065310,49.99,9700000,288000,9599,73102,74.82,8,"Action, Adventure, RPG","Flying Wild Hog","Focus Entertainment",AA,"['Action', 'Adventure', 'Singleplayer', 'RPG', 'Multiplayer', 'Action-Adventure', "Beat 'em up", 'Gore', 'Demons', 'Co-op', 'Third-Person Shooter', 'Character Action Game', 'Online Co-Op', 'Hack and Slash', 'Third-Person', 'Western', 'Vampire', 'Shooter', 'Story Rich', 'Violent']",NULL
967,17850,21712,703941,"DYNASTY WARRIORS 8: Xtreme Legends Complete Edition",2014-05-13,278080,49.99,30800000,982000,13357,73041,84.113,28,Action,"KOEI TECMO GAMES CO., LTD.","KOEI TECMO GAMES CO., LTD.",AAA,"['Strategy', 'Action', 'Adventure', 'Singleplayer', 'Casual', 'RPG', 'Multiplayer', "Beat 'em up", 'Action RPG', 'Co-op', 'Fighting', 'Historical', 'Hack and Slash', 'Third-Person', 'Local Multiplayer', 'Local Co-Op', 'Spectacle fighter', 'JRPG', 'Great Soundtrack', 'Musou']",NULL
968,71730,194821,639917,"Nine Sols",2024-05-29,1809540,29.99,16800000,745000,24830,72949,95.505,18,"Action, Adventure, Indie",RedCandleGames,RedCandleGames,Indie,"['Action', 'Adventure', 'Indie', 'Singleplayer', 'Action-Adventure', 'Gore', 'Hand-drawn', 'Souls-like', 'Dark Fantasy', 'Cats', 'Comic Book', 'Martial Arts', 'Mythology', 'Metroidvania', '2D', 'Platformer', 'Story Rich', 'Sci-fi', 'Atmospheric', 'Difficult']",NULL
969,33403,9176,700364,"Call of Cthulhu",2018-10-29,399810,19.99,9100000,427000,12135,72925,79.333,25,"Adventure, RPG","Cyanide Studio","Focus Entertainment",AA,"['Adventure', 'Singleplayer', 'RPG', 'Choices Matter', 'Gore', 'Lovecraftian', 'Psychological Horror', 'Mystery', 'First-Person', 'Dark', 'Survival Horror', 'Walking Simulator', 'Detective', 'Narration', 'FPS', 'Stealth', 'Open World', 'Story Rich', 'Atmospheric', 'Horror']",NULL
970,38806,9807,703813,"Magicka 2",2015-05-26,238370,14.99,18400000,1800000,13230,72865,82.63,6,"Action, Adventure","Pieces Interactive","Paradox Interactive",AA,"['Action', 'Adventure', 'Singleplayer', 'RPG', 'Multiplayer', 'Gore', 'Memes', 'Co-op', 'Online Co-Op', 'Magic', 'Local Multiplayer', 'Team-Based', 'Local Co-Op', 'Isometric', 'Fantasy', 'Open World', 'Comedy', 'Funny', 'Atmospheric', 'PvP']",NULL
971,35962,9425,715845,"Skullgirls 2nd Encore",2013-08-22,245170,24.99,26100000,3100000,40738,72733,72.466,14,"Action, Indie","Hidden Variable Studios","Autumn Games",Indie,"['Action', 'Indie', 'Singleplayer', 'Multiplayer', 'Competitive', 'Controller', 'Stylized', 'Crowdfunded', 'Hand-drawn', 'Fighting', '2D Fighter', 'Cartoon', 'Local Multiplayer', 'Lore-Rich', 'Noir', '2D', 'Female Protagonist', 'Arcade', 'Story Rich', 'Anime']",NULL
972,64394,133674,705441,"Old World",2022-05-19,597180,39.99,6800000,249000,4212,72601,81.743,16,"Simulation, Strategy","Mohawk Games","Hooded Horse",Indie,"['Strategy', 'Simulation', 'Singleplayer', 'Multiplayer', 'Economy', 'Co-op', 'Hex Grid', 'Moddable', 'War', 'Historical', 'Military', 'Grand Strategy', 'Tactical', 'Turn-Based Strategy', 'Diplomacy', '4X', 'Turn-Based', 'Management', 'Sandbox', 'Replay Value']",NULL
973,7184,18285,730282,"The Last Night",0000-00-00,612400,0,0,0,0,72597,0,0,"Action, Adventure, Indie, Casual","Odd Tales","Raw Fury",Indie,"['Action', 'Adventure', 'Indie', 'Singleplayer', 'Casual', '2.5D', 'Beautiful', 'Dystopian ', 'Cyberpunk', 'Futuristic', '2D', 'Pixel Graphics', 'Platformer', 'Open World', 'Story Rich', 'Sci-fi', 'Atmospheric', 'Great Soundtrack', 'Violent', 'Nudity']",NULL
974,36218,109367,725827,"Enderal: Forgotten Stories",2019-02-14,933480,0,0,287000,12062,72429,93.915,18,"Action, Adventure, Free to Play, RPG",SureAI,SureAI,Indie,"['Action', 'Adventure', 'Singleplayer', 'Free to Play', 'RPG', 'Gore', 'First-Person', 'Dark', 'Dark Fantasy', 'Psychological', 'Lore-Rich', 'Mod', 'Exploration', 'Fantasy', 'Open World', 'Story Rich', 'Atmospheric', 'Great Soundtrack', 'Violent', 'Replay Value']",NULL
975,51715,117731,623385,"Persona 5 Strikers",2021-02-23,1382330,59.99,18000000,476000,15874,72357,88.472,19,"Action, Adventure",ATLUS,SEGA,AAA,"['Action', 'Adventure', 'Simulation', 'Singleplayer', 'RPG', 'Action-Adventure', 'Action RPG', 'Hack and Slash', 'Third-Person', '3D Platformer', '2D', '3D', 'JRPG', 'Story Rich', 'Anime', 'Funny', 'Atmospheric', 'Great Soundtrack', 'Colorful', 'Musou']",NULL
976,16806,17692,683046,"Catacomb Kids",2015-02-20,315840,15.99,398000,31452,609,9471,89.327,12,"Action, Indie, Early Access, RPG",FourbitFriday,FourbitFriday,Indie,"['Action', 'Indie', 'Early Access', 'RPG', 'Perma Death', 'Dungeon Crawler', 'Action Roguelike', 'Local Co-Op', '2D', 'Pixel Graphics', 'Platformer', 'Roguelite', 'Difficult', 'Procedural Generation']",NULL
977,36325,7710,712569,"State of Decay: Year-One",2015-04-28,329430,19.99,15800000,917000,12117,72264,81.934,13,"Action, Simulation, RPG","Undead Labs","Xbox Game Studios",AAA,"['Action', 'Adventure', 'Simulation', 'Singleplayer', 'RPG', 'Multiplayer', 'Gore', 'Perma Death', 'Co-op', 'Crafting', 'Third-Person', 'Survival Horror', 'Zombies', 'Post-apocalyptic', 'Survival', 'Base Building', 'Open World', 'Sandbox', 'Atmospheric', 'Great Soundtrack']",NULL
978,17391,18967,666340,"Valkyria Chronicles™",2014-11-11,294860,19.99,14300000,1100000,12790,72263,90.258,14,"Action, Strategy, RPG",SEGA,SEGA,AAA,"['Strategy', 'Action', 'Singleplayer', 'RPG', 'Classic', 'Tanks', 'War', 'Third-Person', 'World War II', 'Tactical', 'Turn-Based Strategy', 'Strategy RPG', 'Tactical RPG', 'Romance', 'Female Protagonist', 'Turn-Based', 'JRPG', 'Story Rich', 'Anime', 'Great Soundtrack']",NULL
979,16053,36013,700027,"SuperBike TT",2015-02-25,340410,12.99,3935,360,6,187,50,0,"Early Access, Sports, Racing","Ghost Machine","Ghost Machine",Indie,"['Early Access', 'Sports', 'Racing']",NULL
980,37681,9101,715931,"Hand of Fate",2014-07-07,266510,19.99,10000000,720000,10530,72100,89.316,8,"Action, Indie, RPG","Defiant Development","Defiant Development",Indie,"['Action', 'Adventure', 'Indie', 'Singleplayer', 'Choose Your Own Adventure', 'RPG', 'Action RPG', 'Tabletop', 'Board Game', 'Hack and Slash', 'Third-Person', 'Action Roguelike', 'Deckbuilding', 'Roguelike Deckbuilder', 'Card Game', 'Roguelike', 'Roguelite', 'Fantasy', 'Atmospheric', 'Difficult']",NULL
981,36257,7842,713388,"Danganronpa: Trigger Happy Havoc",2016-02-18,413410,19.99,12700000,850000,29873,72095,96.03,20,Adventure,"Abstraction Games, Spike Chunsoft Co., Ltd.","Spike Chunsoft Co., Ltd.",Indie,"['Action', 'Adventure', 'Singleplayer', 'Dark Humor', 'Psychological Horror', 'Mystery', 'Memes', 'Point & Click', 'Detective', 'Dark Comedy', 'Survival', 'Puzzle', 'Exploration', 'Comedy', 'Story Rich', 'Anime', 'Funny', 'Great Soundtrack', 'Visual Novel', 'Horror']",NULL
982,4073984,303808,642862,"DYNASTY WARRIORS: ORIGINS",2025-01-17,2384580,69.99,37000000,660000,17524,72062,93.694,39,"Action, Strategy, RPG","KOEI TECMO GAMES CO., LTD.","KOEI TECMO GAMES CO., LTD.",AAA,"['Strategy', 'Action', 'Singleplayer', 'RPG', 'Controller', 'Action RPG', 'War', 'Historical', 'Hack and Slash', 'Third-Person', 'Dating Sim', 'Wargame', 'Tactical', 'Swordplay', 'Spectacle fighter', 'Martial Arts', '3D', 'Story Rich', 'Multiple Endings', 'Musou']",NULL
983,60979,159424,688832,"Age of Darkness: Final Stand",2021-10-07,1426450,27.99,4100000,274000,9130,71938,77.371,16,Strategy,PlaySide,,,"['Strategy', 'Multiplayer', 'Stylized', 'Medieval', 'Co-op', 'Dark', 'Dark Fantasy', 'PvE', 'Tactical', 'Combat', 'Action RTS', '3D', 'Building', 'Tower Defense', 'Survival', 'RTS', 'Base Building', 'Resource Management', 'Fantasy', 'Atmospheric']",NULL
984,39415,6404,728522,Contagion,2014-04-14,238430,9.99,18700000,1800000,15370,71770,72.759,11,"Action, Adventure, Indie","Monochrome, Inc","Monochrome, Inc",Indie,"['Action', 'Adventure', 'Competitive', 'Co-op', 'First-Person', 'Moddable', 'PvE', 'Survival Horror', 'Zombies', 'Post-apocalyptic', 'Level Editor', 'Local Multiplayer', 'Local Co-Op', '3D', 'Survival', 'FPS', 'Shooter', 'Atmospheric', 'Horror', 'PvP']",NULL
985,17262,6879,666353,"Space Hulk: Deathwing",2016-12-14,298900,0,6500000,248000,5699,71741,54.343,5,"Action, Adventure","Streum On Studio","Focus Entertainment",AA,"['Strategy', 'Action', 'Adventure', 'Singleplayer', 'RPG', 'Multiplayer', 'Aliens', 'Gore', 'Co-op', 'First-Person', 'Online Co-Op', 'Games Workshop', 'Warhammer 40K', 'Survival', 'FPS', 'Shooter', 'Space', 'Sci-fi', 'Atmospheric', 'Horror']",NULL
986,15718,35846,646217,"Vol'Talkes - The AI War",2015-02-26,347050,29.99,3672,153,3,414,0,0,"Indie, Strategy, Early Access","HyperDrive Games","HyperDrive Games",Indie,"['Strategy', 'Indie', 'Early Access']",NULL
987,36166,8584,712338,"Fistful of Frags",2014-05-09,265630,0,0,3900000,36125,71631,91.355,16,"Action, Indie, Free to Play","Fistful of Frags Team","Fistful of Frags Team",Indie,"['Action', 'Adventure', 'Simulation', 'Free to Play', 'Massively Multiplayer', 'Multiplayer', 'Co-op', 'First-Person', 'Online Co-Op', 'PvE', 'Historical', 'Arena Shooter', 'Western', 'Mod', 'Survival', 'FPS', 'Shooter', 'Comedy', 'Funny', 'PvP']",NULL
988,55497,0,728609,"GameGuru Classic",2015-02-27,266310,19.99,1300000,116000,2080,16195,72.788,33,"Education, Animation & Modeling, Design & Illustration, Software Training, Utilities, Game Development",TheGameCreators,TheGameCreators,Indie,"['Strategy', 'Action', 'Indie', 'Simulation', 'Singleplayer', 'Early Access', 'Multiplayer', 'GameMaker', 'VR', 'Education', 'Design & Illustration', 'Animation & Modeling', 'Crafting', 'Zombies', 'Utilities', 'Software Training', 'Game Development', 'Software', 'FPS', 'Shooter']",NULL
989,54391,12416,728279,"Borderlands GOTY",2010-10-16,8980,29.99,29300000,2100000,31832,71613,90.745,27,"Action, RPG","Gearbox Software",2K,AAA,"['Action', 'Adventure', 'Singleplayer', 'RPG', 'Multiplayer', 'Dark Humor', 'Gore', 'Action RPG', 'Co-op', 'First-Person', 'Online Co-Op', 'Loot', 'Post-apocalyptic', 'Looter Shooter', 'FPS', 'Shooter', 'Open World', 'Comedy', 'Sci-fi', 'Funny']",NULL
990,36877,7687,700337,Battleborn,2016-05-03,394230,0,15500000,536000,9734,71574,62.431,16,Action,"Gearbox Software",2K,AAA,"['Action', 'Singleplayer', 'Free to Play', 'RPG', 'Multiplayer', 'Action RPG', 'Memes', 'Co-op', 'First-Person', 'MOBA', 'Online Co-Op', 'Team-Based', 'Hero Shooter', 'Class-Based', 'FPS', 'Shooter', 'Comedy', 'Sci-fi', 'Funny', 'PvP']",NULL
991,4862752,314246,651077,"Borderlands 4",0000-00-00,1285190,0,0,0,0,71521,0,0,"Action, Adventure, RPG",Gearbox,2K,AAA,"['Action', 'Adventure', 'Singleplayer', 'RPG', 'Multiplayer', 'Action-Adventure', 'Action RPG', 'Co-op', 'First-Person', 'LGBTQ+', 'Online Co-Op', 'Loot', 'Political', 'Co-op Campaign', 'Looter Shooter', 'FPS', 'Shooter', 'Comedy', 'Sci-fi', 'Violent']",NULL
992,800945,133004,627761,"Assassin's Creed Valhalla",2022-12-06,2208920,59.99,27000000,872000,29058,71320,69.513,43,"Action, Adventure, RPG",Ubisoft,Ubisoft,AAA,"['Action', 'Adventure', 'Singleplayer', 'RPG', 'Multiplayer', 'Assassin', 'Action-Adventure', 'Action RPG', 'Medieval', 'Souls-like', 'Character Customization', 'Historical', 'Third-Person', 'Female Protagonist', 'Stealth', 'Open World', 'Story Rich', 'Atmospheric', 'Violent', 'Vikings']",NULL
993,15915,17010,713033,Gunscape,2015-02-27,342480,19.99,3500000,294000,1251,8701,66.347,2,"Action, Indie","Blowfish Studios","Blowfish Studios",Indie,"['Action', 'Adventure', 'Indie', 'Singleplayer', 'Free to Play', 'Early Access', 'Multiplayer', 'Co-op', 'Split Screen', 'First-Person', 'Voxel', 'Local Co-Op', 'Pixel Graphics', 'Building', 'Survival', 'FPS', 'Shooter', 'Open World', 'Sandbox', 'Violent']",NULL
994,53914,93832,728337,"STAR WARS™ Empire at War: Gold Pack",2010-05-26,32470,19.99,14100000,1000000,38531,71194,97.623,41,Strategy,Petroglyph,"Disney, LucasArts, Lucasfilm","AA, AAA, Indie","['Strategy', 'Action', 'Adventure', 'Simulation', 'Singleplayer', 'Multiplayer', 'Classic', 'Co-op', 'Moddable', 'War', 'Grand Strategy', 'Tactical', 'Epic', 'Mod', '4X', 'RTS', 'Space', 'Sci-fi', 'Atmospheric', 'Great Soundtrack']",NULL
995,48941,134799,657521,Dorfromantik,2021-03-25,1455840,13.99,6700000,819000,27289,71111,96.555,11,"Indie, Simulation, Strategy, Casual","Toukana Interactive","Toukana Interactive",Indie,"['Strategy', 'Indie', 'Simulation', 'Singleplayer', 'Casual', 'Controller', 'Turn-Based Tactics', 'Hand-drawn', 'Logic', 'Board Game', 'Turn-Based Strategy', '3D', 'Puzzle', 'City Builder', 'Resource Management', 'Relaxing', 'Sandbox', 'Minimalist', 'Procedural Generation', 'Family Friendly']",NULL
996,17463,389,712410,"FINAL FANTASY XIII",2014-10-09,292120,15.99,11300000,1000000,17604,71060,75.074,27,RPG,"Square Enix","Square Enix",AAA,"['Strategy', 'Action', 'Adventure', 'Singleplayer', 'RPG', 'Action RPG', 'Turn-Based Combat', 'Third-Person', 'Cinematic', 'Futuristic', 'Female Protagonist', 'Turn-Based', 'JRPG', 'Linear', 'Fantasy', 'Story Rich', 'Sci-fi', 'Atmospheric', 'Difficult', 'Great Soundtrack']",NULL
997,15747,35837,646216,"Damnation City of Death",2015-03-03,346800,0,13373,1916,78,886,35.897,0,"Indie, Early Access",Antiproto,Antiproto,Indie,"['Indie', 'Early Access', 'Multiplayer', 'Co-op', 'Online Co-Op', 'Crafting', 'Open World Survival Craft', 'Survival', 'Open World']",NULL
998,59394,152249,670404,"Marvel's Guardians of the Galaxy",2021-10-26,1088850,59.99,43500000,1100000,38074,70971,94.19,13,"Action, Adventure","Eidos Interactive","Eidos Interactive",AA,"['Action', 'Adventure', 'Singleplayer', 'RPG', 'Multiplayer', 'Choices Matter', 'Aliens', 'Action-Adventure', 'Third-Person Shooter', 'Cinematic', 'Superhero', 'Shooter', 'Exploration', 'Open World', 'Comedy', 'Story Rich', 'Space', 'Sci-fi', 'Atmospheric', 'Great Soundtrack']",NULL
999,55358,873,728379,"Saints Row: The Third",2011-11-15,55230,9.99,55100000,7100000,68522,70958,95.709,27,Action,Volition,"Deep Silver",AA,"['Action', 'Adventure', 'Singleplayer', 'RPG', 'Multiplayer', 'Co-op', 'Third-Person Shooter', 'Online Co-Op', 'Character Customization', 'Third-Person', 'Zombies', 'Crime', 'Satire', 'Female Protagonist', 'Shooter', 'Open World', 'Comedy', 'Sandbox', 'Funny', 'Great Soundtrack']",NULL
1000,38553,44074,714800,"Evil Genius 2",2021-03-31,700600,39.99,9000000,371000,12382,70943,68.68,20,"Simulation, Strategy",Rebellion,Rebellion,AA,"['Strategy', 'Simulation', 'Singleplayer', 'Memes', 'Crime', 'Villain Protagonist', 'Sequel', 'Cartoony', 'Female Protagonist', 'Building', 'RTS', 'Base Building', 'Resource Management', 'Management', 'Comedy', 'Sandbox', 'Funny', 'Great Soundtrack', 'Violent']",NULL
