name,PC_Polled,PC_Main,PC_Main_extras,PC_100,PC_Fastest,PC_Slowest,platform,release_date
Silent Hill 2,281.0,7.0,9.0,14.0,2.0,25.0,PC,2024-01-01
Resident Evil 4,1200.0,14.0,19.0,33.0,5.0,74.0,PC,2023-03-24
Back 4 Blood,135.0,12.0,23.0,196.0,4.0,339.0,PC,2021-10-12
Far Cry 6,400.0,22.0,38.0,58.0,12.0,156.0,PC,2021-10-07
Unsighted,100.0,7.0,11.0,23.0,2.0,58.0,PC,2021-09-30
Hot Wheels Unleashed,35.0,8.0,19.0,38.0,5.0,68.0,PC,2021-09-30
In Sound Mind,100.0,10.0,13.0,15.0,7.0,35.0,PC,2021-09-28
Sable,211.0,7.0,13.0,20.0,4.0,39.0,PC,2021-09-23
Diablo II: Resurrected,50.0,20.0,54.0,84.0,6.0,350.0,PC,2021-09-23
Kena: Bridge of Spirits,464.0,10.0,14.0,18.0,6.0,33.0,PC,2021-09-21
Tails of Iron,79.0,7.0,8.0,8.0,4.0,16.0,PC,2021-09-17
Aragami 2,44.0,15.0,24.0,31.0,7.0,43.0,PC,2021-09-17
Severed Steel,121.0,2.0,5.0,12.0,1.0,38.0,PC,2021-09-17
Gamedec,57.0,11.0,14.0,16.0,5.0,37.0,PC,2021-09-16
Eastward,99.0,19.0,25.0,30.0,11.0,52.0,PC,2021-09-16
Deathloop,674.0,16.0,24.0,38.0,7.0,71.0,PC,2021-09-14
Lost in Random,104.0,12.0,16.0,17.0,9.0,25.0,PC,2021-09-10
Tales of Arise,577.0,40.0,55.0,76.0,18.0,151.0,PC,2021-09-09
The Artful Escape,263.0,4.0,4.0,4.0,2.0,10.0,PC,2021-09-09
Pathfinder: Wrath of the Righteous,133.0,52.0,138.0,218.0,35.0,645.0,PC,2021-09-02
Lake,192.0,6.0,6.0,7.0,3.0,20.0,PC,2021-09-01
Behind the Frame: The Finest Scenery,152.0,1.0,1.0,1.0,0.0,4.0,PC,2021-08-25
Psychonauts 2,791.0,15.0,19.0,27.0,9.0,80.0,PC,2021-08-25
Aliens: Fireteam Elite,73.0,9.0,13.0,27.0,5.0,62.0,PC,2021-08-23
Twelve Minutes,766.0,4.0,5.0,7.0,1.0,16.0,PC,2021-08-19
Greak: Memories of Azur,37.0,5.0,7.0,10.0,3.0,19.0,PC,2021-08-17
Road 96,300.0,7.0,8.0,10.0,3.0,21.0,PC,2021-08-16
Assassin's Creed Valhalla: The Siege of Paris,49.0,5.0,9.0,14.0,3.0,27.0,PC,2021-08-12
Boyfriend Dungeon,117.0,5.0,9.0,10.0,3.0,22.0,PC,2021-08-11
Black Book,46.0,23.0,32.0,35.0,8.0,54.0,PC,2021-08-10
Dodgeball Academia,92.0,10.0,11.0,12.0,6.0,19.0,PC,2021-08-05
Axiom Verge 2,54.0,8.0,11.0,15.0,5.0,22.0,PC,2021-08-01
The Ascent,225.0,11.0,18.0,24.0,6.0,42.0,PC,2021-07-29
Unbound: Worlds Apart,44.0,5.0,7.0,9.0,3.0,17.0,PC,2021-07-28
Fuga: Melodies of Steel,21.0,17.0,25.0,57.0,13.0,58.0,PC,2021-07-28
Chernobylite,96.0,13.0,18.0,22.0,10.0,48.0,PC,2021-07-28
The Forgotten City,565.0,5.0,8.0,10.0,1.0,19.0,PC,2021-07-28
The Great Ace Attorney Chronicles,109.0,67.0,77.0,78.0,40.0,132.0,PC,2021-07-27
Orcs Must Die! 3,68.0,9.0,16.0,56.0,5.0,122.0,PC,2021-07-23
Death's Door,1000.0,8.0,11.0,15.0,4.0,31.0,PC,2021-07-20
Cris Tales,35.0,21.0,23.0,25.0,14.0,40.0,PC,2021-07-20
F1 2021,27.0,11.0,48.0,,6.0,76.0,PC,2021-07-15
Monster Hunter Stories 2: Wings of Ruin,61.0,38.0,61.0,131.0,20.0,223.0,PC,2021-07-09
Boomerang X,62.0,2.0,3.0,3.0,0.0,5.0,PC,2021-07-08
Watch Dogs: Legion - Bloodline,47.0,4.0,8.0,10.0,3.0,17.0,PC,2021-07-06
Last Stop,92.0,6.0,6.0,6.0,3.0,10.0,PC,2021-07-02
Hoa,46.0,2.0,2.0,2.0,1.0,4.0,PC,2021-07-01
Doki Doki Literature Club Plus!,131.0,4.0,8.0,16.0,1.0,70.0,PC,2021-06-30
Scarlet Nexus,379.0,24.0,34.0,61.0,12.0,100.0,PC,2021-06-25
Out of Line,22.0,3.0,3.0,3.0,1.0,4.0,PC,2021-06-23
LEGO Builder's Journey,240.0,2.0,2.0,2.0,0.0,13.0,PC,2021-06-22
Dark Deity,21.0,21.0,32.0,36.0,4.0,50.0,PC,2021-06-15
Chicory: A Colorful Tale,137.0,9.0,13.0,20.0,4.0,35.0,PC,2021-06-10
Backbone,137.0,4.0,5.0,9.0,2.0,16.0,PC,2021-06-08
Mighty Goose,55.0,2.0,3.0,6.0,1.0,8.0,PC,2021-06-05
Sniper Ghost Warrior Contracts 2,36.0,8.0,13.0,21.0,5.0,34.0,PC,2021-06-04
Overboard!,48.0,2.0,4.0,5.0,0.0,13.0,PC,2021-06-02
Operation: Tango,96.0,3.0,5.0,7.0,2.0,13.0,PC,2021-06-01
Necromunda: Hired Gun,98.0,8.0,12.0,15.0,3.0,30.0,PC,2021-06-01
Tainted Grail: Conquest,26.0,15.0,30.0,55.0,4.0,82.0,PC,2021-05-27
Strangeland,31.0,3.0,3.0,8.0,1.0,10.0,PC,2021-05-25
Biomutant,112.0,12.0,24.0,48.0,5.0,114.0,PC,2021-05-25
Mass Effect Legendary Edition,493.0,59.0,98.0,138.0,29.0,339.0,PC,2021-05-14
Lost Ruins,47.0,6.0,8.0,36.0,3.0,96.0,PC,2021-05-13
Assassin's Creed Valhalla: Wrath of the Druids,80.0,8.0,14.0,18.0,4.0,32.0,PC,2021-05-13
Resident Evil Village,1300.0,9.0,12.0,36.0,2.0,70.0,PC,2021-05-07
Insurmountable,24.0,5.0,9.0,13.0,2.0,17.0,PC,2021-04-29
Pressure,30.0,3.0,3.0,13.0,2.0,19.0,PC,2021-04-24
Turnip Boy Commits Tax Evasion,530.0,2.0,2.0,3.0,1.0,7.0,PC,2021-04-22
Humankind,30.0,15.0,33.0,278.0,5.0,278.0,PC,2021-04-22
The Darkside Detective: A Fumble in the Dark,28.0,8.0,10.0,12.0,5.0,23.0,PC,2021-04-15
Say No! More,99.0,1.0,2.0,7.0,0.0,17.0,PC,2021-04-09
Before Your Eyes,294.0,1.0,2.0,3.0,1.0,7.0,PC,2021-04-08
Lost Words: Beyond the Page,72.0,4.0,4.0,5.0,2.0,8.0,PC,2021-04-06
Outriders,205.0,16.0,36.0,63.0,7.0,123.0,PC,2021-04-01
Narita Boy,97.0,6.0,8.0,8.0,4.0,15.0,PC,2021-03-30
Evil Genius 2: World Domination,27.0,28.0,33.0,52.0,14.0,72.0,PC,2021-03-30
Genesis Noir,92.0,4.0,5.0,4.0,2.0,6.0,PC,2021-03-26
It Takes Two,1200.0,12.0,13.0,16.0,8.0,35.0,PC,2021-03-26
Kaze and the Wild Masks,50.0,5.0,7.0,9.0,3.0,16.0,PC,2021-03-26
Dandy Ace,20.0,6.0,8.0,26.0,1.0,27.0,PC,2021-03-25
Paradise Lost,72.0,3.0,4.0,4.0,2.0,7.0,PC,2021-03-24
The Outer Worlds: Murder on Eridanos,58.0,6.0,8.0,10.0,2.0,24.0,PC,2021-03-17
Mundaun,42.0,6.0,8.0,5.0,4.0,13.0,PC,2021-03-16
Adios,63.0,1.0,1.0,1.0,1.0,2.0,PC,2021-03-16
Lust from Beyond,51.0,8.0,10.0,11.0,5.0,14.0,PC,2021-03-11
Everhood,206.0,6.0,9.0,23.0,2.0,46.0,PC,2021-03-04
The Life and Suffering of Sir Brante,60.0,9.0,15.0,19.0,5.0,27.0,PC,2021-03-04
Loop Hero,264.0,28.0,37.0,56.0,4.0,120.0,PC,2021-03-04
Maquette,30.0,3.0,4.0,5.0,1.0,7.0,PC,2021-03-02
Corpse Party,65.0,10.0,13.0,17.0,4.0,33.0,PC,2021-02-28
Little Nightmares II,402.0,5.0,6.0,9.0,3.0,28.0,PC,2021-02-10
Blue Fire,96.0,9.0,12.0,12.0,5.0,21.0,PC,2021-02-04
Olija,70.0,4.0,4.0,6.0,3.0,9.0,PC,2021-01-28
The Medium,415.0,7.0,8.0,9.0,4.0,23.0,PC,2021-01-28
TOHU,30.0,4.0,5.0,5.0,3.0,8.0,PC,2021-01-28
Cyber Shadow,135.0,7.0,9.0,9.0,2.0,18.0,PC,2021-01-26
ENDER LILIES: Quietus of the Knights,308.0,12.0,19.0,20.0,5.0,40.0,PC,2021-01-21
Ocean's Heart,32.0,9.0,11.0,13.0,6.0,17.0,PC,2021-01-21
Hitman 3,310.0,8.0,22.0,51.0,3.0,227.0,PC,2021-01-20
Tormented Souls,85.0,9.0,11.0,16.0,5.0,23.0,PC,2021-01-01
Super Meat Boy Forever,26.0,4.0,6.0,,2.0,11.0,PC,2020-12-23
Shady Part of Me,57.0,5.0,6.0,7.0,3.0,12.0,PC,2020-12-10
Cyberpunk 2077,4000.0,24.0,62.0,106.0,10.0,384.0,PC,2020-12-10
Call of the Sea,346.0,5.0,6.0,7.0,3.0,14.0,PC,2020-12-08
Suzerain,48.0,10.0,16.0,,3.0,27.0,PC,2020-12-04
Atelier Ryza 2: Lost Legends & the Secret Fairy,53.0,30.0,52.0,62.0,20.0,107.0,PC,2020-12-03
Haven,202.0,10.0,13.0,18.0,5.0,33.0,PC,2020-12-03
Morbid: The Seven Acolytes,25.0,7.0,8.0,9.0,5.0,12.0,PC,2020-12-03
Immortals Fenyx Rising,296.0,23.0,38.0,62.0,13.0,109.0,PC,2020-12-03
Project Wingman,70.0,11.0,16.0,42.0,6.0,66.0,PC,2020-12-01
Twin Mirror,78.0,6.0,7.0,10.0,4.0,13.0,PC,2020-12-01
Call of Duty: Black Ops Cold War,184.0,5.0,6.0,9.0,3.0,23.0,PC,2020-11-13
The Pathless,112.0,6.0,9.0,13.0,3.0,27.0,PC,2020-11-12
Bugsnax,198.0,7.0,11.0,17.0,5.0,33.0,PC,2020-11-12
Observer: System Redux,45.0,6.0,10.0,15.0,4.0,31.0,PC,2020-11-12
Godfall,34.0,12.0,16.0,46.0,6.0,61.0,PC,2020-11-12
XIII,183.0,8.0,10.0,11.0,3.0,24.0,PC,2020-11-10
Assassin's Creed Valhalla,765.0,59.0,96.0,138.0,29.0,518.0,PC,2020-11-10
Destiny 2: Beyond Light,34.0,5.0,41.0,95.0,3.0,213.0,PC,2020-11-10
Sakuna: Of Rice and Ruin,40.0,25.0,35.0,42.0,16.0,65.0,PC,2020-11-10
Visage,83.0,8.0,11.0,15.0,1.0,25.0,PC,2020-10-30
Watch Dogs: Legion,290.0,17.0,30.0,48.0,9.0,78.0,PC,2020-10-29
Carto,304.0,5.0,6.0,6.0,2.0,12.0,PC,2020-10-27
Ghostrunner,771.0,6.0,8.0,13.0,3.0,38.0,PC,2020-10-27
Pumpkin Jack,186.0,4.0,5.0,6.0,2.0,13.0,PC,2020-10-23
Disc Room,88.0,3.0,5.0,12.0,0.0,33.0,PC,2020-10-22
Amnesia: Rebirth,252.0,8.0,10.0,13.0,5.0,21.0,PC,2020-10-20
Age of Empires III: Definitive Edition,28.0,19.0,51.0,58.0,5.0,138.0,PC,2020-10-15
The Signifier,24.0,5.0,7.0,,2.0,10.0,PC,2020-10-15
Ring of Pain,46.0,8.0,22.0,48.0,1.0,57.0,PC,2020-10-15
Partisans 1941,22.0,18.0,20.0,25.0,12.0,33.0,PC,2020-10-14
Vigil: The Longest Night,54.0,12.0,17.0,35.0,7.0,50.0,PC,2020-10-14
Werewolf: The Apocalypse - Heart of the Forest,43.0,3.0,2.0,12.0,1.0,15.0,PC,2020-10-13
Remothered: Broken Porcelain,20.0,5.0,7.0,10.0,4.0,15.0,PC,2020-10-13
I Am Dead,24.0,3.0,6.0,6.0,2.0,9.0,PC,2020-10-08
Ikenfell,80.0,16.0,20.0,23.0,8.0,35.0,PC,2020-10-08
The Solitaire Conspiracy,83.0,3.0,4.0,4.0,1.0,9.0,PC,2020-10-06
Star Wars: Squadrons,205.0,9.0,12.0,,5.0,24.0,PC,2020-10-02
Crash Bandicoot 4: It's About Time,61.0,8.0,19.0,81.0,4.0,134.0,PC,2020-10-02
Genshin Impact,84.0,65.0,255.0,593.0,30.0,3271.0,PC,2020-09-28
Mafia: Definitive Edition,1300.0,10.0,13.0,26.0,6.0,65.0,PC,2020-09-25
Going Under,87.0,9.0,13.0,27.0,5.0,82.0,PC,2020-09-24
art of rally,61.0,16.0,20.0,34.0,10.0,68.0,PC,2020-09-23
When The Past Was Around,99.0,1.0,2.0,2.0,0.0,6.0,PC,2020-09-22
Hades,2200.0,22.0,49.0,97.0,2.0,542.0,PC,2020-09-17
BPM: Bullets Per Minute,68.0,3.0,7.0,24.0,0.0,40.0,PC,2020-09-15
Spelunky 2,53.0,26.0,80.0,197.0,2.0,610.0,PC,2020-09-15
Vampire: The Masquerade - Shadows of New York,59.0,5.0,6.0,6.0,2.0,14.0,PC,2020-09-10
Borderlands 3: Psycho Krieg and the Fantastic Fustercluck,36.0,3.0,5.0,6.0,2.0,11.0,PC,2020-09-10
The Outer Worlds: Peril on Gorgon,71.0,4.0,7.0,14.0,3.0,24.0,PC,2020-09-09
Star Renegades,31.0,10.0,25.0,,3.0,80.0,PC,2020-09-08
Kingdoms of Amalur: Re-Reckoning,43.0,22.0,47.0,101.0,12.0,217.0,PC,2020-09-08
Paradise Killer,223.0,11.0,14.0,14.0,6.0,29.0,PC,2020-09-04
Tony Hawk's Pro Skater 1 + 2,57.0,6.0,11.0,16.0,3.0,27.0,PC,2020-09-04
Marvel's Avengers,205.0,12.0,22.0,82.0,6.0,130.0,PC,2020-09-04
Crusader Kings III,45.0,68.0,189.0,1033.0,30.0,2500.0,PC,2020-09-01
Iron Harvest,32.0,22.0,35.0,40.0,11.0,79.0,PC,2020-09-01
Tell Me Why,455.0,9.0,11.0,13.0,6.0,22.0,PC,2020-08-27
The Last Campfire,163.0,5.0,5.0,6.0,2.0,12.0,PC,2020-08-27
Wasteland 3,242.0,36.0,49.0,74.0,15.0,191.0,PC,2020-08-27
Peaky Blinders: Mastermind,28.0,6.0,6.0,11.0,3.0,21.0,PC,2020-08-20
Battletoads,122.0,4.0,5.0,9.0,2.0,20.0,PC,2020-08-20
Mortal Shell,179.0,10.0,13.0,17.0,3.0,38.0,PC,2020-08-18
Spiritfarer,369.0,24.0,31.0,39.0,15.0,104.0,PC,2020-08-18
Raji: An Ancient Epic,136.0,4.0,5.0,6.0,2.0,15.0,PC,2020-08-18
Dreamscaper,25.0,12.0,27.0,36.0,6.0,47.0,PC,2020-08-14
Factorio,315.0,50.0,104.0,244.0,7.0,697.0,PC,2020-08-14
Kill It With Fire,100.0,3.0,5.0,7.0,1.0,13.0,PC,2020-08-13
Metamorphosis,22.0,2.0,3.0,3.0,1.0,6.0,PC,2020-08-12
Post Void,84.0,1.0,1.0,2.0,0.0,11.0,PC,2020-08-06
Relicta,32.0,14.0,22.0,24.0,8.0,40.0,PC,2020-08-04
Hellbound,48.0,2.0,3.0,5.0,1.0,7.0,PC,2020-08-04
Serious Sam 4,122.0,9.0,13.0,24.0,3.0,59.0,PC,2020-08-01
Hellpoint,62.0,17.0,20.0,33.0,10.0,48.0,PC,2020-07-30
Maid of Sker,55.0,4.0,5.0,10.0,2.0,16.0,PC,2020-07-28
Othercide,31.0,21.0,35.0,28.0,6.0,65.0,PC,2020-07-28
Destroy All Humans!,328.0,7.0,10.0,14.0,4.0,25.0,PC,2020-07-28
Carrion,606.0,4.0,5.0,6.0,2.0,14.0,PC,2020-07-23
Panzer Paladin,30.0,5.0,10.0,,3.0,16.0,PC,2020-07-21
SUPERHOT: MIND CONTROL DELETE,226.0,6.0,11.0,14.0,2.0,35.0,PC,2020-07-16
Neon Abyss,32.0,10.0,33.0,51.0,5.0,60.0,PC,2020-07-14
Bloodstained: Curse of the Moon 2,44.0,4.0,8.0,17.0,2.0,21.0,PC,2020-07-10
Creaks,79.0,5.0,6.0,6.0,3.0,16.0,PC,2020-07-02
The Almost Gone,45.0,2.0,2.0,5.0,0.0,6.0,PC,2020-06-25
Borderlands 3: Bounty of Blood,37.0,4.0,7.0,10.0,2.0,15.0,PC,2020-06-25
SpongeBob SquarePants: Battle for Bikini Bottom - Rehydrated,360.0,8.0,10.0,13.0,5.0,32.0,PC,2020-06-23
Desperados III,226.0,26.0,39.0,67.0,10.0,159.0,PC,2020-06-16
Summer in Mara,23.0,21.0,25.0,27.0,18.0,33.0,PC,2020-06-16
Beyond Blue,41.0,2.0,3.0,4.0,1.0,7.0,PC,2020-06-11
Command & Conquer Remastered Collection,44.0,33.0,61.0,84.0,7.0,182.0,PC,2020-06-05
Evan's Remains,126.0,2.0,3.0,3.0,0.0,6.0,PC,2020-06-01
Shantae and the Seven Sirens,69.0,8.0,9.0,14.0,6.0,31.0,PC,2020-05-28
Sludge Life,93.0,2.0,3.0,4.0,1.0,10.0,PC,2020-05-28
Minecraft Dungeons,231.0,5.0,10.0,22.0,2.0,45.0,PC,2020-05-26
Maneater,393.0,7.0,9.0,11.0,4.0,34.0,PC,2020-05-22
Timelie,71.0,5.0,5.0,7.0,3.0,16.0,PC,2020-05-21
Monster Train,123.0,4.0,34.0,111.0,0.0,263.0,PC,2020-05-21
Neversong,25.0,3.0,4.0,6.0,2.0,6.0,PC,2020-05-20
Mafia II: Definitive Edition,312.0,11.0,17.0,39.0,6.0,118.0,PC,2020-05-19
Dark Nights with Poe and Munro,28.0,2.0,3.0,5.0,2.0,7.0,PC,2020-05-19
If Found...,121.0,2.0,2.0,3.0,1.0,6.0,PC,2020-05-19
Tales From Off-Peak City Vol. 1,40.0,1.0,1.0,3.0,0.0,5.0,PC,2020-05-15
Signs of the Sojourner,45.0,3.0,7.0,14.0,1.0,14.0,PC,2020-05-14
Huntdown,47.0,6.0,6.0,26.0,2.0,34.0,PC,2020-05-12
VirtuaVerse,21.0,10.0,13.0,12.0,5.0,18.0,PC,2020-05-12
Wintermoor Tactics Club,30.0,10.0,10.0,19.0,5.0,43.0,PC,2020-05-05
Streets of Rage 4,321.0,3.0,7.0,33.0,1.0,75.0,PC,2020-04-30
Gears Tactics,160.0,24.0,32.0,39.0,10.0,85.0,PC,2020-04-28
Moving Out,39.0,5.0,9.0,18.0,3.0,33.0,PC,2020-04-28
SnowRunner,34.0,101.0,183.0,207.0,85.0,703.0,PC,2020-04-27
Trials of Mana,172.0,18.0,26.0,47.0,6.0,167.0,PC,2020-04-24
XCOM: Chimera Squad,238.0,21.0,28.0,61.0,10.0,141.0,PC,2020-04-23
112 Operator,31.0,11.0,17.0,21.0,5.0,42.0,PC,2020-04-23
Cloudpunk,216.0,9.0,11.0,15.0,5.0,28.0,PC,2020-04-23
The Shattering,25.0,3.0,4.0,5.0,2.0,7.0,PC,2020-04-21
The Procession to Calvary,173.0,2.0,3.0,3.0,0.0,9.0,PC,2020-04-09
Resident Evil 3,1300.0,5.0,7.0,21.0,2.0,59.0,PC,2020-04-03
In Other Waters,95.0,4.0,6.0,7.0,2.0,12.0,PC,2020-04-03
The Complex,79.0,1.0,2.0,3.0,1.0,6.0,PC,2020-03-31
Biped,61.0,2.0,4.0,10.0,1.0,14.0,PC,2020-03-26
One Step From Eden,41.0,6.0,17.0,44.0,2.0,51.0,PC,2020-03-26
"Borderlands 3: Guns, Love, and Tentacles",45.0,5.0,9.0,11.0,4.0,18.0,PC,2020-03-26
Iron Danger,26.0,12.0,16.0,13.0,9.0,22.0,PC,2020-03-25
Half-Life: Alyx,339.0,12.0,14.0,19.0,6.0,39.0,PC,2020-03-23
Fairy Tail,25.0,22.0,23.0,46.0,12.0,79.0,PC,2020-03-20
Ori and the Will of the Wisps,1800.0,11.0,15.0,17.0,6.0,40.0,PC,2020-03-11
"Yes, Your Grace",113.0,5.0,8.0,14.0,3.0,41.0,PC,2020-03-06
Murder by Numbers,105.0,21.0,28.0,39.0,10.0,270.0,PC,2020-03-06
Black Mesa,1200.0,15.0,18.0,24.0,6.0,76.0,PC,2020-03-06
The Longing,49.0,21.0,27.0,87.0,8.0,455.0,PC,2020-03-05
Curse of the Dead Gods,38.0,21.0,43.0,,8.0,90.0,PC,2020-03-03
Bloodroots,51.0,5.0,6.0,9.0,2.0,12.0,PC,2020-02-28
Beautiful Desolation,24.0,10.0,12.0,18.0,5.0,18.0,PC,2020-02-26
Lair of the Clockwork God,21.0,8.0,9.0,12.0,5.0,13.0,PC,2020-02-21
Persona 5 Strikers,327.0,34.0,45.0,69.0,22.0,120.0,PC,2020-02-20
The Suicide of Rachel Foster,202.0,3.0,3.0,4.0,2.0,9.0,PC,2020-02-19
Skul: The Hero Slayer,46.0,23.0,37.0,48.0,5.0,94.0,PC,2020-02-19
KUNAI,26.0,7.0,8.0,8.0,5.0,10.0,PC,2020-02-06
Zombie Army 4: Dead War,40.0,10.0,17.0,87.0,4.0,141.0,PC,2020-02-04
Coffee Talk,209.0,4.0,5.0,9.0,0.0,37.0,PC,2020-01-31
Through the Darkest of Times,24.0,6.0,9.0,15.0,1.0,15.0,PC,2020-01-30
The Pedestrian,381.0,4.0,4.0,4.0,1.0,11.0,PC,2020-01-29
Journey to the Savage Planet,190.0,7.0,10.0,15.0,3.0,36.0,PC,2020-01-28
The Walking Dead: Saints & Sinners,23.0,12.0,15.0,32.0,4.0,45.0,PC,2020-01-23
Dragon Ball Z: Kakarot,279.0,30.0,42.0,55.0,13.0,100.0,PC,2020-01-17
Yakuza: Like a Dragon,659.0,43.0,69.0,107.0,18.0,200.0,PC,2020-01-16
Lightmatter,94.0,3.0,4.0,6.0,2.0,10.0,PC,2020-01-15
Eldest Souls,49.0,5.0,6.0,15.0,2.0,15.0,PC,2020-01-01
Hotshot Racing,36.0,1.0,4.0,25.0,0.0,32.0,PC,2020-01-01
Per Aspera,38.0,19.0,25.0,44.0,10.0,61.0,PC,2020-01-01
Torchlight III,39.0,15.0,25.0,32.0,10.0,75.0,PC,2020-01-01
Airborne Kingdom,32.0,7.0,9.0,10.0,2.0,14.0,PC,2020-01-01
Solasta: Crown of the Magister,83.0,39.0,46.0,64.0,18.0,161.0,PC,2020-01-01
King's Bounty II,20.0,33.0,36.0,47.0,23.0,68.0,PC,2020-01-01
Borderlands 3: Moxxi's Heist of the Handsome Jackpot,58.0,5.0,9.0,11.0,3.0,21.0,PC,2019-12-19
Wattam,37.0,3.0,3.0,6.0,2.0,8.0,PC,2019-12-17
Vampire: The Masquerade - Coteries of New York,91.0,6.0,7.0,11.0,3.0,23.0,PC,2019-12-11
Shovel Knight: King of Cards,81.0,6.0,11.0,13.0,2.0,23.0,PC,2019-12-10
Frog Detective 2: The Case of the Invisible Wizard,265.0,1.0,1.0,1.0,0.0,4.0,PC,2019-12-09
Mosaic,27.0,3.0,3.0,8.0,2.0,11.0,PC,2019-12-05
Arise: A Simple Story,52.0,3.0,3.0,5.0,2.0,8.0,PC,2019-12-03
Still There,69.0,5.0,5.0,8.0,3.0,16.0,PC,2019-11-20
Shenmue III,37.0,21.0,39.0,54.0,14.0,107.0,PC,2019-11-19
Football Manager 2020,23.0,270.0,353.0,615.0,26.0,1253.0,PC,2019-11-18
Star Wars Jedi: Fallen Order,3100.0,17.0,22.0,31.0,8.0,84.0,PC,2019-11-15
Terminator: Resistance,176.0,9.0,12.0,18.0,3.0,69.0,PC,2019-11-14
Wildermyth,31.0,31.0,51.0,91.0,3.0,172.0,PC,2019-11-13
Bee Simulator,31.0,2.0,5.0,9.0,1.0,15.0,PC,2019-11-12
Superliminal,952.0,2.0,3.0,9.0,0.0,20.0,PC,2019-11-12
Death Stranding,1100.0,40.0,60.0,113.0,16.0,286.0,PC,2019-11-08
Planet Zoo,39.0,39.0,62.0,103.0,20.0,255.0,PC,2019-11-05
Afterparty,98.0,5.0,6.0,14.0,4.0,20.0,PC,2019-10-29
The Outer Worlds,1800.0,12.0,25.0,39.0,4.0,133.0,PC,2019-10-25
Call of Duty: Modern Warfare,313.0,6.0,9.0,10.0,4.0,40.0,PC,2019-10-25
Moons of Madness,83.0,6.0,7.0,7.0,3.0,15.0,PC,2019-10-22
Manifold Garden,164.0,4.0,6.0,7.0,2.0,15.0,PC,2019-10-18
Little Big Workshop,36.0,20.0,21.0,27.0,9.0,60.0,PC,2019-10-17
The Beast Inside,87.0,8.0,11.0,12.0,5.0,28.0,PC,2019-10-17
Disco Elysium,1600.0,23.0,32.0,45.0,10.0,102.0,PC,2019-10-15
GRID,43.0,19.0,39.0,52.0,10.0,71.0,PC,2019-10-11
Deliver Us The Moon,217.0,4.0,6.0,7.0,2.0,13.0,PC,2019-10-10
Yooka-Laylee and the Impossible Lair,124.0,12.0,15.0,21.0,5.0,42.0,PC,2019-10-08
John Wick Hex,22.0,7.0,12.0,19.0,4.0,19.0,PC,2019-10-08
Trine 4: The Nightmare Prince,209.0,10.0,12.0,15.0,6.0,34.0,PC,2019-10-08
Indivisible,136.0,18.0,22.0,28.0,11.0,45.0,PC,2019-10-08
Neo Cab,87.0,4.0,5.0,12.0,2.0,25.0,PC,2019-10-03
Destiny 2: Shadowkeep,33.0,6.0,15.0,38.0,4.0,40.0,PC,2019-10-01
Code Vein,562.0,25.0,33.0,57.0,11.0,102.0,PC,2019-09-27
Noita,47.0,26.0,64.0,99.0,2.0,300.0,PC,2019-09-24
The Surge 2,174.0,20.0,26.0,39.0,10.0,93.0,PC,2019-09-24
Blacksad: Under the Skin,132.0,10.0,11.0,15.0,5.0,25.0,PC,2019-09-20
Untitled Goose Game,359.0,2.0,4.0,6.0,1.0,22.0,PC,2019-09-20
WHAT THE GOLF?,197.0,3.0,6.0,9.0,1.0,24.0,PC,2019-09-19
Crying Suns,59.0,15.0,23.0,86.0,7.0,92.0,PC,2019-09-19
Mini Motorways,63.0,7.0,10.0,34.0,2.0,71.0,PC,2019-09-19
Mutazione,76.0,6.0,8.0,12.0,3.0,21.0,PC,2019-09-19
Daymare: 1998,29.0,9.0,10.0,13.0,6.0,21.0,PC,2019-09-17
Daemon X Machina,34.0,13.0,22.0,,7.0,33.0,PC,2019-09-13
Borderlands 3,926.0,22.0,46.0,83.0,11.0,498.0,PC,2019-09-13
Gears 5,545.0,11.0,15.0,18.0,5.0,37.0,PC,2019-09-10
Blasphemous,613.0,13.0,18.0,28.0,7.0,67.0,PC,2019-09-10
Monster Hunter: World - Iceborne,119.0,35.0,141.0,315.0,6.0,848.0,PC,2019-09-06
Children of Morta,298.0,14.0,18.0,28.0,6.0,60.0,PC,2019-09-03
Blair Witch,281.0,5.0,5.0,7.0,3.0,12.0,PC,2019-08-30
Control,1500.0,11.0,19.0,31.0,5.0,90.0,PC,2019-08-27
Minoria,115.0,5.0,6.0,7.0,1.0,15.0,PC,2019-08-27
Knights And Bikes,26.0,8.0,9.0,13.0,4.0,17.0,PC,2019-08-27
Ancestors: The Humankind Odyssey,30.0,19.0,38.0,56.0,8.0,87.0,PC,2019-08-27
Telling Lies,177.0,4.0,7.0,11.0,2.0,26.0,PC,2019-08-23
Remnant: From the Ashes,548.0,13.0,21.0,58.0,4.0,150.0,PC,2019-08-20
Ion Fury,135.0,9.0,13.0,34.0,4.0,53.0,PC,2019-08-15
DARQ,239.0,2.0,3.0,4.0,0.0,14.0,PC,2019-08-15
Dicey Dungeons,76.0,28.0,42.0,56.0,10.0,91.0,PC,2019-08-13
Eliza,162.0,5.0,7.0,7.0,3.0,12.0,PC,2019-08-12
Necrobarista,61.0,4.0,5.0,7.0,2.0,17.0,PC,2019-08-08
Gibbous - A Cthulhu Adventure,63.0,9.0,10.0,10.0,5.0,21.0,PC,2019-08-07
Metal Wolf Chaos XD,25.0,6.0,10.0,,4.0,19.0,PC,2019-08-06
Wolfenstein: Youngblood,287.0,9.0,15.0,29.0,4.0,50.0,PC,2019-07-26
Iratus: Lord of the Dead,37.0,11.0,18.0,22.0,7.0,26.0,PC,2019-07-24
Lost Ember,70.0,4.0,6.0,14.0,2.0,21.0,PC,2019-07-19
Night Call,76.0,4.0,8.0,37.0,2.0,39.0,PC,2019-07-17
Griftlands,45.0,11.0,29.0,,3.0,90.0,PC,2019-07-12
Sea of Solitude,216.0,3.0,3.0,5.0,2.0,11.0,PC,2019-07-05
Final Fantasy XIV: Shadowbringers,86.0,60.0,252.0,160.0,15.0,4407.0,PC,2019-07-02
F1 2019,22.0,49.0,62.0,140.0,6.0,262.0,PC,2019-06-27
198X,233.0,1.0,1.0,2.0,1.0,6.0,PC,2019-06-20
My Friend Pedro,676.0,4.0,5.0,9.0,1.0,21.0,PC,2019-06-20
Bloodstained: Ritual of the Night,758.0,13.0,20.0,35.0,4.0,64.0,PC,2019-06-18
Warhammer: Chaosbane,70.0,9.0,17.0,40.0,4.0,66.0,PC,2019-06-04
Trover Saves the Universe,96.0,5.0,6.0,8.0,3.0,15.0,PC,2019-06-04
Outer Wilds,1100.0,16.0,22.0,27.0,7.0,71.0,PC,2019-05-30
Gato Roboto,331.0,3.0,3.0,4.0,1.0,15.0,PC,2019-05-30
Draugen,110.0,2.0,3.0,4.0,2.0,8.0,PC,2019-05-29
Void Bastards,136.0,8.0,13.0,24.0,3.0,45.0,PC,2019-05-29
Layers of Fear 2,185.0,4.0,6.0,12.0,2.0,30.0,PC,2019-05-28
SpellForce 3: Soul Harvest,34.0,19.0,24.0,29.0,14.0,37.0,PC,2019-05-28
Pathologic 2,117.0,27.0,35.0,47.0,10.0,186.0,PC,2019-05-23
American Fugitive,74.0,9.0,13.0,22.0,6.0,34.0,PC,2019-05-21
Observation,310.0,5.0,6.0,8.0,3.0,18.0,PC,2019-05-21
Druidstone: The Secret of the Menhir Forest,35.0,15.0,22.0,29.0,14.0,53.0,PC,2019-05-15
A Plague Tale: Innocence,2300.0,10.0,12.0,15.0,6.0,42.0,PC,2019-05-14
Sniper Elite V2 Remastered,55.0,5.0,7.0,19.0,2.0,50.0,PC,2019-05-14
Days Gone,457.0,34.0,48.0,69.0,21.0,326.0,PC,2019-04-26
Yuppie Psycho,111.0,8.0,11.0,16.0,5.0,32.0,PC,2019-04-25
Mortal Kombat 11,203.0,6.0,23.0,81.0,3.0,151.0,PC,2019-04-23
Anno 1800,99.0,14.0,44.0,118.0,6.0,187.0,PC,2019-04-20
Katana ZERO,995.0,4.0,6.0,12.0,2.0,36.0,PC,2019-04-18
Forager,308.0,15.0,23.0,39.0,6.0,121.0,PC,2019-04-18
God's Trigger,69.0,5.0,7.0,9.0,3.0,14.0,PC,2019-04-18
Whispers of a Machine,120.0,6.0,8.0,9.0,2.0,15.0,PC,2019-04-17
Heaven's Vault,90.0,15.0,19.0,35.0,8.0,44.0,PC,2019-04-16
One Finger Death Punch 2,67.0,10.0,14.0,26.0,6.0,40.0,PC,2019-04-15
Pathway,37.0,11.0,17.0,13.0,8.0,30.0,PC,2019-04-11
A Short Hike,1600.0,1.0,2.0,4.0,0.0,10.0,PC,2019-04-05
Operencia: The Stolen Sun,34.0,19.0,25.0,32.0,14.0,50.0,PC,2019-03-29
Tropico 6,28.0,32.0,62.0,84.0,17.0,120.0,PC,2019-03-29
Risk of Rain 2,269.0,11.0,48.0,147.0,0.0,607.0,PC,2019-03-28
Outward,48.0,34.0,53.0,78.0,19.0,116.0,PC,2019-03-26
Generation Zero,37.0,19.0,50.0,88.0,12.0,112.0,PC,2019-03-26
Sekiro: Shadows Die Twice,1800.0,28.0,41.0,69.0,8.0,253.0,PC,2019-03-22
The Sinking City,66.0,18.0,27.0,29.0,12.0,57.0,PC,2019-03-21
We. The Revolution,31.0,12.0,13.0,19.0,7.0,30.0,PC,2019-03-21
Tom Clancy's The Division 2,259.0,25.0,46.0,101.0,12.0,212.0,PC,2019-03-15
Baba Is You,173.0,7.0,20.0,46.0,2.0,203.0,PC,2019-03-13
Hypnospace Outlaw,188.0,5.0,10.0,19.0,1.0,40.0,PC,2019-03-12
Devil May Cry 5,1100.0,11.0,17.0,68.0,5.0,170.0,PC,2019-03-08
Total War: Three Kingdoms,46.0,59.0,77.0,664.0,20.0,1020.0,PC,2019-03-07
The Occupation,25.0,5.0,7.0,14.0,5.0,14.0,PC,2019-03-05
ToeJam & Earl: Back in the Groove,22.0,2.0,5.0,42.0,0.0,42.0,PC,2019-02-28
Ape Out,405.0,2.0,3.0,7.0,0.0,14.0,PC,2019-02-28
Dead or Alive 6,31.0,3.0,10.0,329.0,1.0,579.0,PC,2019-02-28
Anthem,98.0,13.0,27.0,45.0,8.0,75.0,PC,2019-02-22
Devotion,95.0,2.0,3.0,3.0,2.0,4.0,PC,2019-02-19
Metro Exodus,1200.0,15.0,23.0,39.0,8.0,106.0,PC,2019-02-15
Far Cry New Dawn,545.0,11.0,17.0,31.0,5.0,83.0,PC,2019-02-15
The Textorcist: The Story of Ray Bibbia,82.0,4.0,5.0,20.0,1.0,30.0,PC,2019-02-14
Eastshade,94.0,9.0,12.0,15.0,5.0,40.0,PC,2019-02-13
Jump Force,31.0,12.0,21.0,28.0,9.0,37.0,PC,2019-02-12
Arcade Spirits,24.0,8.0,9.0,17.0,5.0,21.0,PC,2019-02-12
God Eater 3,49.0,22.0,36.0,56.0,12.0,120.0,PC,2019-02-07
Apex Legends,40.0,47.0,53.0,147.0,6.0,1071.0,PC,2019-02-04
Wargroove,47.0,17.0,41.0,107.0,9.0,107.0,PC,2019-02-01
Ace Combat 7: Skies Unknown,222.0,12.0,17.0,71.0,4.0,150.0,PC,2019-01-31
Subnautica: Below Zero,446.0,20.0,26.0,33.0,7.0,75.0,PC,2019-01-30
Resident Evil 2,2000.0,8.0,15.0,38.0,2.0,85.0,PC,2019-01-25
Pikuniku,357.0,3.0,3.0,6.0,1.0,16.0,PC,2019-01-24
A Fisherman's Tale,42.0,1.0,1.0,2.0,0.0,4.0,PC,2019-01-22
Stela,27.0,2.0,3.0,2.0,1.0,5.0,PC,2019-01-01
Sniper Ghost Warrior Contracts,51.0,13.0,14.0,34.0,8.0,40.0,PC,2019-01-01
Valfaris,85.0,7.0,9.0,15.0,3.0,20.0,PC,2019-01-01
Blazing Chrome,64.0,2.0,4.0,6.0,0.0,9.0,PC,2019-01-01
Age of Empires II: Definitive Edition,34.0,40.0,121.0,195.0,10.0,300.0,PC,2019-01-01
Dragon Quest Builders 2,48.0,52.0,76.0,131.0,36.0,205.0,PC,2018-12-20
Bladed Fury,46.0,3.0,3.0,8.0,2.0,9.0,PC,2018-12-18
GRIS,1700.0,3.0,4.0,6.0,1.0,18.0,PC,2018-12-13
DUSK,368.0,7.0,9.0,17.0,3.0,34.0,PC,2018-12-10
Iris.Fall,35.0,3.0,3.0,3.0,1.0,7.0,PC,2018-12-07
Ashen,91.0,15.0,19.0,31.0,10.0,76.0,PC,2018-12-06
Kenshi,20.0,89.0,169.0,302.0,16.0,350.0,PC,2018-12-06
Edge Of Eternity,20.0,28.0,43.0,74.0,18.0,82.0,PC,2018-12-05
Mutant Year Zero: Road to Eden,288.0,13.0,17.0,24.0,5.0,59.0,PC,2018-12-04
Just Cause 4,173.0,16.0,26.0,54.0,8.0,85.0,PC,2018-12-04
Darksiders III,376.0,14.0,19.0,33.0,6.0,61.0,PC,2018-11-27
Battlefield V,321.0,6.0,8.0,26.0,3.0,46.0,PC,2018-11-20
Among Us,74.0,11.0,20.0,27.0,0.0,82.0,PC,2018-11-16
"Warhammer 40,000: Mechanicus",78.0,19.0,31.0,52.0,9.0,125.0,PC,2018-11-15
Hitman 2,552.0,10.0,29.0,138.0,3.0,252.0,PC,2018-11-13
Tetris Effect,69.0,3.0,9.0,,1.0,12.0,PC,2018-11-09
11-11: Memories Retold,182.0,5.0,6.0,11.0,3.0,35.0,PC,2018-11-08
TSIOQUE,76.0,2.0,3.0,3.0,1.0,7.0,PC,2018-11-07
Red Dead Redemption 2,1600.0,50.0,87.0,186.0,21.0,500.0,PC,2018-10-26
Thronebreaker: The Witcher Tales,429.0,27.0,35.0,41.0,13.0,87.0,PC,2018-10-23
Sinner: Sacrifice for Redemption,27.0,4.0,5.0,9.0,2.0,13.0,PC,2018-10-18
Return of the Obra Dinn,1200.0,8.0,10.0,10.0,3.0,30.0,PC,2018-10-18
Project Warlock,156.0,6.0,8.0,15.0,3.0,50.0,PC,2018-10-17
My Memory of Us,39.0,5.0,5.0,7.0,3.0,10.0,PC,2018-10-09
Assassin's Creed Odyssey,2200.0,44.0,85.0,150.0,18.0,635.0,PC,2018-10-04
Mega Man 11,93.0,4.0,5.0,18.0,0.0,33.0,PC,2018-10-02
Shadows: Awakening,25.0,23.0,28.0,31.0,14.0,52.0,PC,2018-09-28
Forza Horizon 4,301.0,15.0,47.0,144.0,5.0,521.0,PC,2018-09-28
Wandersong,157.0,9.0,10.0,11.0,6.0,16.0,PC,2018-09-27
Pathfinder: Kingmaker,208.0,76.0,134.0,208.0,48.0,522.0,PC,2018-09-25
CrossCode,201.0,35.0,53.0,78.0,15.0,132.0,PC,2018-09-21
The Gardens Between,281.0,2.0,2.0,2.0,1.0,5.0,PC,2018-09-20
60 Parsecs!,46.0,1.0,8.0,,0.0,15.0,PC,2018-09-18
Shadow of the Tomb Raider,1400.0,12.0,24.0,39.0,7.0,132.0,PC,2018-09-14
Megaquarium,21.0,23.0,58.0,37.0,17.0,164.0,PC,2018-09-13
Lamplight City,34.0,10.0,13.0,14.0,6.0,25.0,PC,2018-09-13
Breathedge,82.0,15.0,24.0,36.0,5.0,100.0,PC,2018-09-13
Destiny 2: Forsaken,49.0,6.0,23.0,151.0,2.0,300.0,PC,2018-09-04
Planet Alpha,60.0,5.0,5.0,6.0,3.0,9.0,PC,2018-09-04
The Messenger,657.0,11.0,14.0,15.0,4.0,42.0,PC,2018-08-30
Two Point Hospital,73.0,41.0,78.0,143.0,7.0,248.0,PC,2018-08-30
Green Hell,71.0,19.0,28.0,33.0,6.0,71.0,PC,2018-08-29
Donut County,929.0,1.0,2.0,2.0,0.0,6.0,PC,2018-08-28
Strange Brigade,92.0,8.0,12.0,31.0,4.0,48.0,PC,2018-08-27
F1 2018,31.0,33.0,73.0,86.0,5.0,242.0,PC,2018-08-24
Guacamelee! 2,329.0,8.0,11.0,16.0,5.0,37.0,PC,2018-08-21
Bad North,162.0,6.0,10.0,21.0,2.0,55.0,PC,2018-08-20
Not Tonight,44.0,11.0,13.0,14.0,9.0,20.0,PC,2018-08-18
Fell Seal: Arbiter's Mark,77.0,36.0,55.0,75.0,8.0,126.0,PC,2018-08-16
Graveyard Keeper,258.0,45.0,57.0,71.0,20.0,147.0,PC,2018-08-15
State of Mind,102.0,9.0,10.0,13.0,5.0,22.0,PC,2018-08-15
Phantom Doctrine,34.0,31.0,58.0,222.0,21.0,314.0,PC,2018-08-14
Death's Gambit,82.0,10.0,12.0,18.0,5.0,25.0,PC,2018-08-13
Unavowed,139.0,9.0,11.0,18.0,6.0,31.0,PC,2018-08-08
La-Mulana 2,21.0,53.0,59.0,72.0,20.0,117.0,PC,2018-07-30
Mothergunship,23.0,4.0,9.0,16.0,1.0,24.0,PC,2018-07-17
Octopath Traveler,158.0,53.0,77.0,99.0,28.0,212.0,PC,2018-07-13
The Spectrum Retreat,79.0,4.0,5.0,6.0,2.0,8.0,PC,2018-07-13
The Crew 2,52.0,18.0,41.0,74.0,8.0,130.0,PC,2018-06-28
Youropa,43.0,5.0,6.0,8.0,3.0,15.0,PC,2018-06-27
The Awesome Adventures of Captain Spirit,899.0,1.0,1.0,2.0,0.0,5.0,PC,2018-06-26
Wreckfest,72.0,19.0,24.0,62.0,10.0,160.0,PC,2018-06-14
Jurassic World Evolution,129.0,23.0,42.0,66.0,8.0,139.0,PC,2018-06-12
Prey: Mooncrash,91.0,11.0,16.0,21.0,5.0,33.0,PC,2018-06-10
Unravel Two,175.0,4.0,7.0,10.0,2.0,15.0,PC,2018-06-09
Gray Dawn,43.0,3.0,4.0,5.0,2.0,11.0,PC,2018-06-07
Far Cry 5: Hours of Darkness,110.0,1.0,2.0,3.0,0.0,6.0,PC,2018-06-05
Vampyr,563.0,16.0,29.0,43.0,7.0,78.0,PC,2018-06-05
Cultist Simulator,32.0,19.0,35.0,68.0,7.0,100.0,PC,2018-05-31
Moonlighter,357.0,13.0,20.0,23.0,6.0,53.0,PC,2018-05-29
Yoku's Island Express,388.0,5.0,7.0,11.0,3.0,29.0,PC,2018-05-29
Detroit: Become Human,722.0,12.0,16.0,32.0,6.0,60.0,PC,2018-05-25
Unforeseen Incidents,35.0,10.0,11.0,10.0,6.0,19.0,PC,2018-05-24
Bloodstained: Curse of the Moon,266.0,2.0,4.0,11.0,0.0,42.0,PC,2018-05-24
Quarantine Circular,65.0,1.0,2.0,4.0,1.0,9.0,PC,2018-05-22
Runner3,21.0,4.0,7.0,21.0,1.0,31.0,PC,2018-05-22
State of Decay 2,103.0,16.0,31.0,134.0,7.0,398.0,PC,2018-05-22
FAR: Lone Sails,408.0,3.0,3.0,5.0,0.0,11.0,PC,2018-05-17
House Flipper,137.0,12.0,32.0,37.0,5.0,199.0,PC,2018-05-17
Forgotton Anne,108.0,7.0,8.0,11.0,5.0,17.0,PC,2018-05-15
Horizon Chase Turbo,124.0,9.0,14.0,32.0,4.0,120.0,PC,2018-05-15
Omensight,57.0,6.0,8.0,12.0,3.0,17.0,PC,2018-05-15
"Warhammer 40,000: Inquisitor - Martyr",36.0,23.0,36.0,55.0,14.0,105.0,PC,2018-05-08
Pillars of Eternity II: Deadfire,272.0,42.0,63.0,98.0,25.0,225.0,PC,2018-05-08
Beat Saber,24.0,7.0,25.0,75.0,1.0,350.0,PC,2018-05-01
Monster Prom,104.0,1.0,10.0,115.0,0.0,250.0,PC,2018-04-27
Frostpunk,547.0,10.0,25.0,53.0,2.0,100.0,PC,2018-04-24
BattleTech,102.0,53.0,80.0,144.0,30.0,294.0,PC,2018-04-24
We Happy Few,81.0,21.0,41.0,80.0,11.0,150.0,PC,2018-04-13
Tower of Time,37.0,34.0,42.0,49.0,23.0,114.0,PC,2018-04-12
Minit,656.0,1.0,2.0,4.0,0.0,8.0,PC,2018-04-03
Far Cry 5,1500.0,17.0,29.0,46.0,8.0,176.0,PC,2018-03-27
Batman: The Enemy Within - Episode 5: Same Stitch,20.0,1.0,1.0,1.0,1.0,3.0,PC,2018-03-27
Ni no Kuni II: Revenant Kingdom,354.0,37.0,56.0,94.0,20.0,282.0,PC,2018-03-23
Ash of Gods: Redemption,25.0,22.0,24.0,35.0,8.0,44.0,PC,2018-03-23
A Way Out,978.0,5.0,6.0,7.0,3.0,16.0,PC,2018-03-23
Valkyria Chronicles 4,123.0,36.0,49.0,69.0,24.0,102.0,PC,2018-03-21
Sea of Thieves,61.0,47.0,181.0,626.0,1.0,2000.0,PC,2018-03-20
Surviving Mars,54.0,20.0,41.0,262.0,7.0,360.0,PC,2018-03-15
Ghost of a Tale,126.0,11.0,15.0,21.0,6.0,57.0,PC,2018-03-13
Q.U.B.E. 2,247.0,5.0,6.0,7.0,3.0,16.0,PC,2018-03-13
The Council,144.0,14.0,17.0,21.0,9.0,61.0,PC,2018-03-13
AMID EVIL,174.0,8.0,10.0,13.0,3.0,36.0,PC,2018-03-12
Warhammer: Vermintide 2,182.0,11.0,32.0,130.0,4.0,337.0,PC,2018-03-08
Northgard,131.0,14.0,42.0,32.0,4.0,300.0,PC,2018-03-07
"Guns, Gore & Cannoli 2",48.0,3.0,3.0,5.0,2.0,9.0,PC,2018-03-02
Deep Rock Galactic,54.0,53.0,118.0,691.0,10.0,1286.0,PC,2018-02-28
Apocalipsis,34.0,2.0,2.0,2.0,1.0,4.0,PC,2018-02-28
Where the Water Tastes Like Wine,25.0,11.0,15.0,23.0,7.0,31.0,PC,2018-02-28
Into the Breach,411.0,5.0,19.0,50.0,1.0,177.0,PC,2018-02-27
Gravel,25.0,9.0,11.0,13.0,5.0,22.0,PC,2018-02-27
Sword Art Online: Fatal Bullet,68.0,26.0,43.0,157.0,16.0,320.0,PC,2018-02-23
Metal Gear Survive,28.0,23.0,29.0,59.0,14.0,63.0,PC,2018-02-20
Age of Empires: Definitive Edition,36.0,30.0,52.0,72.0,14.0,157.0,PC,2018-02-19
The Station,55.0,1.0,2.0,2.0,1.0,4.0,PC,2018-02-19
Fe,59.0,5.0,7.0,10.0,3.0,18.0,PC,2018-02-16
Crossing Souls,61.0,8.0,9.0,11.0,5.0,18.0,PC,2018-02-13
The Fall Part 2: Unbound,42.0,6.0,7.0,10.0,3.0,16.0,PC,2018-02-13
Kingdom Come: Deliverance,716.0,40.0,79.0,131.0,20.0,306.0,PC,2018-02-13
Descenders,30.0,5.0,10.0,128.0,1.0,183.0,PC,2018-02-09
Aegis Defenders,37.0,9.0,13.0,17.0,5.0,24.0,PC,2018-02-08
A Case of Distrust,86.0,2.0,3.0,2.0,1.0,5.0,PC,2018-02-08
Dandara,115.0,6.0,8.0,10.0,3.0,19.0,PC,2018-02-06
We Were Here Too,283.0,2.0,3.0,4.0,1.0,10.0,PC,2018-02-02
Railway Empire,27.0,20.0,40.0,159.0,8.0,159.0,PC,2018-01-26
Dragon Ball FighterZ,120.0,11.0,26.0,60.0,4.0,113.0,PC,2018-01-26
Tesla vs Lovecraft,29.0,2.0,9.0,15.0,1.0,38.0,PC,2018-01-26
Monster Hunter: World,714.0,46.0,128.0,437.0,13.0,2000.0,PC,2018-01-26
Celeste,2100.0,8.0,15.0,39.0,1.0,98.0,PC,2018-01-25
Subnautica,1100.0,29.0,44.0,58.0,11.0,300.0,PC,2018-01-23
My Time At Portia,126.0,69.0,107.0,131.0,29.0,275.0,PC,2018-01-23
Batman: The Enemy Within - Episode 4: What Ails You,21.0,1.0,1.0,1.0,1.0,2.0,PC,2018-01-23
Iconoclasts,238.0,11.0,13.0,16.0,7.0,29.0,PC,2018-01-23
The Red Strings Club,334.0,3.0,4.0,7.0,2.0,24.0,PC,2018-01-22
Genital Jousting,95.0,1.0,2.0,6.0,1.0,11.0,PC,2018-01-18
Full Metal Furies,36.0,10.0,18.0,27.0,7.0,40.0,PC,2018-01-17
The Banner Saga 3,158.0,10.0,13.0,18.0,6.0,32.0,PC,2018-01-01
Transference,31.0,1.0,1.0,2.0,1.0,2.0,PC,2018-01-01
PlayerUnknown's Battlegrounds,34.0,189.0,562.0,838.0,6.0,2000.0,PC,2017-12-21
Bridge Constructor Portal,88.0,13.0,16.0,22.0,8.0,97.0,PC,2017-12-20
Gorogoa,647.0,1.0,2.0,2.0,0.0,6.0,PC,2017-12-14
Finding Paradise,441.0,5.0,5.0,5.0,3.0,13.0,PC,2017-12-14
They Are Billions,36.0,68.0,104.0,180.0,37.0,235.0,PC,2017-12-12
Rumu,30.0,2.0,3.0,7.0,2.0,10.0,PC,2017-12-12
Hello Neighbor,30.0,7.0,13.0,13.0,3.0,19.0,PC,2017-12-08
Yakuza Kiwami 2,765.0,19.0,39.0,77.0,5.0,146.0,PC,2017-12-07
Reigns: Her Majesty,22.0,3.0,11.0,16.0,1.0,19.0,PC,2017-12-06
Seven: The Days Long Gone,24.0,14.0,35.0,86.0,10.0,319.0,PC,2017-12-01
Black Mirror,70.0,14.0,17.0,19.0,7.0,32.0,PC,2017-11-28
Star Wars: Battlefront II,214.0,7.0,18.0,54.0,2.0,100.0,PC,2017-11-17
Slay the Spire,482.0,12.0,50.0,211.0,0.0,472.0,PC,2017-11-15
Deep Sky Derelicts,21.0,18.0,27.0,28.0,12.0,65.0,PC,2017-11-15
Football Manager 2018,20.0,391.0,202.0,170.0,9.0,700.0,PC,2017-11-09
Nioh: Complete Edition,246.0,42.0,74.0,132.0,12.0,263.0,PC,2017-11-07
Hand of Fate 2,52.0,21.0,43.0,116.0,10.0,250.0,PC,2017-11-07
Call of Duty: WWII,605.0,6.0,8.0,17.0,4.0,49.0,PC,2017-11-03
.hack//G.U. Last Recode,35.0,49.0,109.0,132.0,27.0,249.0,PC,2017-11-03
Remothered: Tormented Fathers,60.0,5.0,6.0,7.0,3.0,13.0,PC,2017-10-31
Attentat 1942,25.0,2.0,2.0,3.0,1.0,6.0,PC,2017-10-31
Spintires: MudRunner,44.0,20.0,22.0,51.0,5.0,80.0,PC,2017-10-30
Wolfenstein II: The New Colossus,1300.0,10.0,17.0,33.0,4.0,99.0,PC,2017-10-27
Assassin's Creed Origins,2400.0,29.0,53.0,87.0,9.0,258.0,PC,2017-10-26
AER: Memories of Old,537.0,3.0,4.0,4.0,1.0,10.0,PC,2017-10-25
High Hell,82.0,1.0,1.0,3.0,0.0,6.0,PC,2017-10-23
Bomber Crew,49.0,14.0,19.0,27.0,9.0,44.0,PC,2017-10-19
South Park: The Fractured But Whole,782.0,17.0,22.0,28.0,10.0,62.0,PC,2017-10-17
Dungeons 3,81.0,25.0,34.0,53.0,16.0,120.0,PC,2017-10-13
The Evil Within 2,530.0,12.0,18.0,29.0,7.0,93.0,PC,2017-10-13
A Hat in Time,999.0,9.0,15.0,19.0,3.0,79.0,PC,2017-10-05
Batman: The Enemy Within - Episode 2: The Pact,22.0,1.0,1.0,1.0,1.0,2.0,PC,2017-10-03
Battle Chasers: Nightwar,142.0,25.0,41.0,68.0,9.0,114.0,PC,2017-10-03
Forza Motorsport 7,47.0,33.0,67.0,183.0,15.0,269.0,PC,2017-10-03
FIFA 18,32.0,23.0,46.0,216.0,6.0,353.0,PC,2017-09-29
Cuphead,1400.0,10.0,15.0,25.0,2.0,75.0,PC,2017-09-29
Vaporum,39.0,12.0,14.0,23.0,8.0,59.0,PC,2017-09-28
Hob,269.0,10.0,11.0,16.0,5.0,62.0,PC,2017-09-26
Figment,151.0,4.0,5.0,6.0,3.0,17.0,PC,2017-09-22
Doki Doki Literature Club!,1800.0,4.0,6.0,7.0,1.0,64.0,PC,2017-09-22
Heat Signature,36.0,14.0,23.0,32.0,10.0,48.0,PC,2017-09-21
SteamWorld Dig 2,421.0,6.0,10.0,13.0,3.0,26.0,PC,2017-09-21
Marvel vs. Capcom: Infinite,45.0,3.0,7.0,,1.0,15.0,PC,2017-09-19
Dishonored: Death of the Outsider,637.0,6.0,11.0,17.0,2.0,35.0,PC,2017-09-14
Divinity: Original Sin II,976.0,57.0,102.0,158.0,30.0,609.0,PC,2017-09-14
Tooth and Tail,20.0,8.0,11.0,20.0,4.0,26.0,PC,2017-09-12
Tokyo Dark,85.0,5.0,7.0,13.0,4.0,27.0,PC,2017-09-07
Destiny 2,343.0,11.0,40.0,167.0,4.0,1000.0,PC,2017-09-06
Absolver,63.0,5.0,8.0,12.0,2.0,26.0,PC,2017-08-29
XCOM 2: War of the Chosen,144.0,33.0,55.0,74.0,15.0,181.0,PC,2017-08-28
ARK: Survival Evolved,46.0,62.0,427.0,894.0,2.0,4561.0,PC,2017-08-27
The Escapists 2,21.0,16.0,41.0,59.0,10.0,74.0,PC,2017-08-21
Darkwood,63.0,18.0,28.0,47.0,9.0,76.0,PC,2017-08-17
Observer,349.0,6.0,8.0,11.0,2.0,26.0,PC,2017-08-15
Agents of Mayhem,105.0,15.0,26.0,50.0,10.0,77.0,PC,2017-08-15
West of Loathing,156.0,7.0,12.0,20.0,3.0,42.0,PC,2017-08-10
Batman: The Enemy Within - Episode 1: The Enigma,25.0,2.0,2.0,2.0,1.0,3.0,PC,2017-08-08
Cat Quest,312.0,5.0,8.0,14.0,1.0,46.0,PC,2017-08-08
Hellblade: Senua's Sacrifice,2200.0,7.0,8.0,9.0,4.0,26.0,PC,2017-08-08
Tacoma,760.0,2.0,3.0,3.0,1.0,9.0,PC,2017-08-02
Redeemer,48.0,4.0,6.0,9.0,2.0,16.0,PC,2017-08-01
Sundered,178.0,12.0,15.0,18.0,6.0,34.0,PC,2017-07-28
The Darkside Detective,192.0,3.0,5.0,6.0,1.0,13.0,PC,2017-07-27
Pyre,513.0,11.0,15.0,24.0,4.0,80.0,PC,2017-07-25
Aven Colony,22.0,23.0,33.0,38.0,10.0,48.0,PC,2017-07-25
Fortnite,22.0,59.0,263.0,,1.0,580.0,PC,2017-07-25
Kingdoms and Castles,35.0,10.0,15.0,16.0,1.0,41.0,PC,2017-07-20
Children of Zodiarcs,24.0,14.0,22.0,35.0,9.0,40.0,PC,2017-07-18
Yonder: The Cloud Catcher Chronicles,54.0,11.0,14.0,27.0,5.0,50.0,PC,2017-07-18
Dream Daddy: A Dad Dating Simulator,116.0,4.0,10.0,14.0,1.0,36.0,PC,2017-07-13
The End Is Nigh,83.0,8.0,17.0,70.0,4.0,102.0,PC,2017-07-12
Final Fantasy XII: The Zodiac Age,230.0,40.0,63.0,115.0,20.0,192.0,PC,2017-07-11
Crash Bandicoot N. Sane Trilogy,337.0,13.0,23.0,46.0,6.0,85.0,PC,2017-06-30
Get Even,90.0,7.0,10.0,16.0,4.0,20.0,PC,2017-06-23
Final Fantasy XIV: Stormblood,85.0,59.0,183.0,393.0,19.0,1573.0,PC,2017-06-20
Conarium,141.0,3.0,5.0,6.0,1.0,10.0,PC,2017-06-06
Overload,23.0,8.0,13.0,20.0,4.0,20.0,PC,2017-05-31
Perception,29.0,3.0,5.0,9.0,2.0,11.0,PC,2017-05-30
The Fidelio Incident,80.0,2.0,2.0,2.0,1.0,4.0,PC,2017-05-23
Mages of Mystralia,66.0,8.0,10.0,15.0,5.0,39.0,PC,2017-05-18
Regalia: Of Men and Monarchs,20.0,22.0,27.0,41.0,14.0,47.0,PC,2017-05-18
Old Man's Journey,326.0,1.0,1.0,1.0,0.0,3.0,PC,2017-05-17
Injustice 2,210.0,5.0,20.0,24.0,3.0,96.0,PC,2017-05-16
The Surge,244.0,21.0,28.0,51.0,11.0,107.0,PC,2017-05-15
Rakuen,156.0,8.0,8.0,9.0,5.0,25.0,PC,2017-05-10
Dead Cells,382.0,13.0,32.0,91.0,1.0,229.0,PC,2017-05-10
Prey,1600.0,16.0,28.0,47.0,6.0,113.0,PC,2017-05-04
Little Nightmares,1500.0,3.0,5.0,8.0,1.0,24.0,PC,2017-04-28
"Warhammer 40,000: Dawn of War III",59.0,17.0,21.0,20.0,10.0,30.0,PC,2017-04-27
Expeditions: Viking,37.0,30.0,40.0,64.0,13.0,92.0,PC,2017-04-27
Scanner Sombre,201.0,1.0,2.0,2.0,0.0,5.0,PC,2017-04-26
What Remains of Edith Finch,2000.0,2.0,2.0,2.0,0.0,14.0,PC,2017-04-25
Immortal Redneck,31.0,17.0,19.0,64.0,2.0,103.0,PC,2017-04-25
Sniper: Ghost Warrior 3,120.0,12.0,21.0,32.0,6.0,56.0,PC,2017-04-24
Pinstripe,142.0,2.0,4.0,6.0,1.0,13.0,PC,2017-04-24
Syberia 3,89.0,12.0,15.0,17.0,7.0,31.0,PC,2017-04-20
Full Throttle Remastered,285.0,4.0,4.0,4.0,2.0,10.0,PC,2017-04-18
Mr. Shifty,125.0,4.0,4.0,9.0,2.0,27.0,PC,2017-04-13
Yooka-Laylee,294.0,15.0,19.0,22.0,8.0,40.0,PC,2017-04-11
Cosmic Star Heroine,80.0,11.0,17.0,18.0,8.0,38.0,PC,2017-04-11
The Sexy Brutale,366.0,5.0,7.0,8.0,2.0,19.0,PC,2017-04-11
The Franz Kafka Videogame,35.0,1.0,2.0,2.0,0.0,4.0,PC,2017-04-06
Blackwood Crossing,52.0,2.0,2.0,2.0,1.0,5.0,PC,2017-04-05
Paradigm,73.0,6.0,8.0,7.0,3.0,16.0,PC,2017-04-05
Thimbleweed Park,270.0,10.0,13.0,16.0,3.0,30.0,PC,2017-03-30
Beat Cop,93.0,7.0,10.0,17.0,3.0,31.0,PC,2017-03-30
Narcosis,40.0,3.0,4.0,5.0,2.0,7.0,PC,2017-03-28
Rain World,52.0,24.0,29.0,48.0,10.0,94.0,PC,2017-03-28
Snake Pass,142.0,5.0,8.0,11.0,2.0,18.0,PC,2017-03-28
Dark Souls III: The Ringed City,160.0,7.0,8.0,11.0,3.0,32.0,PC,2017-03-27
Vikings: Wolves of Midgard,41.0,17.0,25.0,28.0,12.0,50.0,PC,2017-03-24
Mass Effect: Andromeda,904.0,17.0,63.0,95.0,8.0,345.0,PC,2017-03-21
Kona,149.0,5.0,7.0,10.0,1.0,17.0,PC,2017-03-17
Styx: Shards of Darkness,112.0,12.0,17.0,30.0,7.0,60.0,PC,2017-03-14
Torment: Tides of Numenera,155.0,29.0,34.0,49.0,12.0,100.0,PC,2017-02-28
Stories Untold,445.0,2.0,3.0,3.0,1.0,6.0,PC,2017-02-27
Hollow Knight,3100.0,26.0,40.0,64.0,5.0,222.0,PC,2017-02-24
Halo Wars 2,93.0,7.0,13.0,92.0,4.0,92.0,PC,2017-02-21
Night in the Woods,713.0,8.0,12.0,24.0,3.0,41.0,PC,2017-02-21
For Honor,168.0,7.0,10.0,16.0,4.0,42.0,PC,2017-02-14
Sniper Elite 4,322.0,10.0,18.0,48.0,3.0,138.0,PC,2017-02-13
Bleed 2,90.0,1.0,2.0,12.0,0.0,33.0,PC,2017-02-08
Splasher,65.0,5.0,6.0,7.0,1.0,14.0,PC,2017-02-07
Alwa's Awakening,45.0,7.0,9.0,10.0,3.0,15.0,PC,2017-02-02
Conan Exiles,22.0,44.0,156.0,189.0,23.0,520.0,PC,2017-01-30
A Normal Lost Phone,306.0,1.0,1.0,1.0,0.0,6.0,PC,2017-01-26
Memoranda,25.0,4.0,5.0,4.0,2.0,11.0,PC,2017-01-25
She Remembered Caterpillars,60.0,4.0,4.0,5.0,2.0,16.0,PC,2017-01-17
Rise & Shine,53.0,2.0,2.0,3.0,1.0,5.0,PC,2017-01-13
Pit People,46.0,9.0,25.0,575.0,6.0,2155.0,PC,2017-01-13
Detention,268.0,3.0,3.0,4.0,1.0,9.0,PC,2017-01-12
Milkmaid of the Milky Way,54.0,2.0,2.0,2.0,1.0,4.0,PC,2017-01-04
911 Operator,121.0,6.0,11.0,23.0,3.0,94.0,PC,2017-01-01
SpellForce 3,80.0,32.0,47.0,53.0,17.0,87.0,PC,2017-01-01
Wildfire,24.0,6.0,10.0,20.0,5.0,30.0,PC,2017-01-01
The Little Acre,109.0,1.0,2.0,2.0,0.0,7.0,PC,2016-12-13
OneShot,546.0,4.0,6.0,8.0,1.0,23.0,PC,2016-12-09
Yakuza 6: The Song of Life,220.0,17.0,33.0,55.0,9.0,78.0,PC,2016-12-08
Shadow Tactics: Blades of the Shogun,365.0,24.0,30.0,58.0,6.0,99.0,PC,2016-12-06
Dead Rising 4,88.0,9.0,17.0,30.0,5.0,49.0,PC,2016-12-06
SUPERHOT VR,151.0,1.0,2.0,6.0,0.0,10.0,PC,2016-12-05
Steep,36.0,11.0,26.0,33.0,5.0,70.0,PC,2016-12-02
The Dwarves,45.0,8.0,9.0,16.0,6.0,42.0,PC,2016-12-01
Maize,139.0,3.0,3.0,4.0,2.0,7.0,PC,2016-12-01
Batman: The Telltale Series - Episode 4: Guardian of Gotham,43.0,1.0,1.0,1.0,1.0,3.0,PC,2016-11-22
Small Radios Big Televisions,51.0,1.0,1.0,2.0,1.0,4.0,PC,2016-11-18
Planet Coaster,44.0,28.0,47.0,82.0,6.0,126.0,PC,2016-11-17
ICEY,165.0,2.0,3.0,5.0,0.0,15.0,PC,2016-11-17
Watch Dogs 2,1200.0,19.0,32.0,48.0,7.0,123.0,PC,2016-11-15
Silence: The Whispered World 2,113.0,5.0,6.0,11.0,3.0,16.0,PC,2016-11-15
Dishonored 2,1500.0,12.0,23.0,46.0,4.0,142.0,PC,2016-11-11
Yesterday Origins,42.0,7.0,9.0,12.0,3.0,18.0,PC,2016-11-10
Tyranny,413.0,20.0,36.0,56.0,11.0,157.0,PC,2016-11-10
Beholder,182.0,6.0,10.0,19.0,2.0,42.0,PC,2016-11-09
Call of Duty: Infinite Warfare,327.0,7.0,9.0,10.0,4.0,24.0,PC,2016-11-04
Football Manager 2017,25.0,227.0,233.0,565.0,16.0,1661.0,PC,2016-11-03
Owlboy,420.0,8.0,10.0,13.0,5.0,22.0,PC,2016-11-01
Titanfall 2,1700.0,5.0,7.0,14.0,3.0,35.0,PC,2016-10-28
Through the Woods,61.0,2.0,4.0,4.0,1.0,10.0,PC,2016-10-27
Orwell,757.0,4.0,6.0,9.0,2.0,31.0,PC,2016-10-27
World of Final Fantasy,40.0,33.0,58.0,78.0,24.0,105.0,PC,2016-10-25
Batman: The Telltale Series - Episode 3: New World Order,41.0,1.0,1.0,1.0,1.0,2.0,PC,2016-10-25
Dark Souls III: Ashes of Ariandel,172.0,3.0,5.0,6.0,0.0,25.0,PC,2016-10-24
Battlefield 1,562.0,6.0,9.0,27.0,3.0,130.0,PC,2016-10-21
Sid Meier's Civilization VI,186.0,23.0,91.0,410.0,6.0,1600.0,PC,2016-10-20
Crazy Machines 3,31.0,6.0,13.0,20.0,4.0,26.0,PC,2016-10-18
Rez Infinite,38.0,2.0,3.0,22.0,0.0,24.0,PC,2016-10-13
Shadow Warrior 2,481.0,7.0,16.0,26.0,3.0,71.0,PC,2016-10-13
Gears of War 4,411.0,8.0,10.0,12.0,4.0,25.0,PC,2016-10-11
Duke Nukem 3D: 20th Anniversary World Tour,77.0,6.0,12.0,13.0,1.0,35.0,PC,2016-10-11
Ladykiller in a Bind,29.0,6.0,9.0,13.0,4.0,19.0,PC,2016-10-10
Thumper,79.0,7.0,15.0,16.0,3.0,30.0,PC,2016-10-10
Mafia III,427.0,22.0,36.0,53.0,12.0,87.0,PC,2016-10-07
Endless Space 2,32.0,16.0,46.0,61.0,6.0,104.0,PC,2016-10-06
Aragami,298.0,7.0,10.0,19.0,3.0,33.0,PC,2016-10-04
Serial Cleaner,151.0,4.0,7.0,9.0,2.0,20.0,PC,2016-09-29
Wuppo,69.0,8.0,11.0,16.0,5.0,27.0,PC,2016-09-29
FIFA 17,46.0,22.0,358.0,173.0,5.0,2300.0,PC,2016-09-27
Forza Horizon 3,135.0,16.0,47.0,94.0,7.0,194.0,PC,2016-09-27
Clustertruck,327.0,3.0,5.0,8.0,1.0,31.0,PC,2016-09-27
Virginia,293.0,1.0,2.0,3.0,1.0,10.0,PC,2016-09-22
The Bunker,76.0,2.0,2.0,2.0,1.0,5.0,PC,2016-09-20
Batman: The Telltale Series - Episode 2: Children of Arkham,45.0,1.0,1.0,1.0,1.0,2.0,PC,2016-09-20
Wheels of Aurelia,128.0,0.0,1.0,6.0,0.0,14.0,PC,2016-09-20
Diaries of a Spaceport Janitor,26.0,8.0,12.0,28.0,3.0,51.0,PC,2016-09-16
Event[0],212.0,2.0,3.0,5.0,1.0,17.0,PC,2016-09-14
ReCore,91.0,11.0,18.0,33.0,7.0,48.0,PC,2016-09-13
Project Highrise,27.0,9.0,27.0,42.0,5.0,121.0,PC,2016-09-08
Mother Russia Bleeds,84.0,4.0,5.0,22.0,2.0,22.0,PC,2016-09-05
Seasons After Fall,118.0,5.0,6.0,7.0,4.0,16.0,PC,2016-09-02
The Final Station,206.0,4.0,6.0,8.0,2.0,23.0,PC,2016-08-30
Livelock,28.0,4.0,10.0,19.0,3.0,26.0,PC,2016-08-30
The Turing Test,638.0,4.0,5.0,6.0,3.0,19.0,PC,2016-08-30
World of Warcraft: Legion,39.0,42.0,335.0,3007.0,17.0,9999.0,PC,2016-08-30
Fallout 4: Nuka-World,46.0,11.0,16.0,24.0,7.0,45.0,PC,2016-08-29
Obduction,142.0,11.0,15.0,17.0,4.0,38.0,PC,2016-08-24
Deus Ex: Mankind Divided,1100.0,16.0,31.0,53.0,4.0,125.0,PC,2016-08-23
Tales of Berseria,651.0,44.0,68.0,164.0,21.0,389.0,PC,2016-08-18
Grow Up,116.0,4.0,6.0,8.0,1.0,15.0,PC,2016-08-16
Reigns,91.0,4.0,8.0,14.0,1.0,20.0,PC,2016-08-11
No Man's Sky,155.0,31.0,83.0,285.0,15.0,4256.0,PC,2016-08-09
Batman: The Telltale Series - Episode 1: Realm of Shadows,53.0,1.0,2.0,2.0,1.0,7.0,PC,2016-08-02
Batman: The Telltale Series,642.0,8.0,9.0,9.0,5.0,22.0,PC,2016-08-02
Book of Demons,128.0,10.0,14.0,97.0,4.0,97.0,PC,2016-07-28
Headlander,71.0,5.0,7.0,8.0,4.0,12.0,PC,2016-07-26
Quadrilateral Cowboy,61.0,5.0,6.0,6.0,3.0,9.0,PC,2016-07-25
Human: Fall Flat,248.0,6.0,11.0,23.0,2.0,42.0,PC,2016-07-22
Zombie Night Terror,22.0,11.0,15.0,23.0,7.0,27.0,PC,2016-07-20
Kentucky Route Zero - Act IV,28.0,1.0,2.0,2.0,1.0,3.0,PC,2016-07-19
I Am Setsuna,105.0,18.0,27.0,48.0,8.0,116.0,PC,2016-07-19
Song of the Deep,49.0,7.0,8.0,11.0,5.0,16.0,PC,2016-07-12
The Lion's Song,80.0,3.0,5.0,20.0,0.0,26.0,PC,2016-07-07
Carmageddon: Max Damage,23.0,15.0,20.0,39.0,11.0,50.0,PC,2016-07-05
Furi,428.0,5.0,7.0,18.0,2.0,29.0,PC,2016-07-05
LEGO Star Wars: The Force Awakens,158.0,9.0,18.0,32.0,5.0,51.0,PC,2016-06-27
Dead by Daylight,27.0,76.0,518.0,835.0,17.0,1654.0,PC,2016-06-14
Sherlock Holmes: The Devil's Daughter,266.0,10.0,11.0,12.0,6.0,25.0,PC,2016-06-10
Ghost 1.0,37.0,12.0,14.0,30.0,9.0,36.0,PC,2016-06-07
Hearts of Iron IV,73.0,53.0,364.0,640.0,4.0,1475.0,PC,2016-06-06
Hard Reset Redux,103.0,6.0,8.0,13.0,2.0,21.0,PC,2016-06-03
Anima: Gate of Memories,20.0,16.0,23.0,29.0,13.0,43.0,PC,2016-06-03
Overwatch,55.0,59.0,167.0,666.0,3.0,2000.0,PC,2016-05-23
The Way,30.0,7.0,8.0,8.0,5.0,16.0,PC,2016-05-20
Stellaris,81.0,29.0,68.0,463.0,5.0,3123.0,PC,2016-05-09
Scrap Garden,48.0,2.0,2.0,3.0,1.0,7.0,PC,2016-05-06
Kathy Rain,268.0,5.0,6.0,6.0,2.0,11.0,PC,2016-05-05
Battleborn,32.0,9.0,35.0,144.0,4.0,323.0,PC,2016-05-03
Neon Chrome,29.0,5.0,8.0,18.0,3.0,22.0,PC,2016-04-28
Battlefleet Gothic: Armada,20.0,21.0,25.0,66.0,12.0,68.0,PC,2016-04-21
The Banner Saga 2,254.0,11.0,15.0,22.0,5.0,42.0,PC,2016-04-19
Stephen's Sausage Roll,42.0,29.0,34.0,30.0,14.0,55.0,PC,2016-04-18
Goetia,37.0,7.0,8.0,9.0,4.0,19.0,PC,2016-04-14
Dark Souls III,2800.0,32.0,50.0,103.0,9.0,381.0,PC,2016-04-11
Quantum Break,977.0,10.0,13.0,17.0,4.0,40.0,PC,2016-04-05
Enter the Gungeon,224.0,22.0,64.0,159.0,3.0,325.0,PC,2016-04-05
1979 Revolution: Black Friday,116.0,2.0,3.0,5.0,1.0,10.0,PC,2016-04-04
The Walking Dead: Michonne - Episode 3: What We Deserve,39.0,1.0,1.0,1.0,0.0,1.0,PC,2016-04-01
Hyper Light Drifter,686.0,8.0,12.0,28.0,3.0,60.0,PC,2016-03-31
Baldur's Gate: Siege of Dragonspear,47.0,19.0,25.0,47.0,9.0,82.0,PC,2016-03-31
The Witcher 3: Wild Hunt - Blood and Wine,654.0,15.0,28.0,41.0,4.0,215.0,PC,2016-03-30
The Last Door: Season 2,73.0,6.0,6.0,9.0,3.0,15.0,PC,2016-03-29
The Walking Dead: Michonne - Episode 2: Give No Shelter,41.0,1.0,1.0,1.0,1.0,1.0,PC,2016-03-29
Slain: Back from Hell,46.0,5.0,8.0,8.0,2.0,17.0,PC,2016-03-24
Samorost 3,150.0,4.0,5.0,5.0,2.0,10.0,PC,2016-03-24
The Descendant,37.0,5.0,6.0,9.0,0.0,17.0,PC,2016-03-24
Wolcen: Lords of Mayhem,75.0,17.0,30.0,60.0,5.0,68.0,PC,2016-03-24
Nelly Cootalot: The Fowl Fleet,26.0,4.0,7.0,6.0,2.0,12.0,PC,2016-03-22
Ori and the Blind Forest: Definitive Edition,2800.0,8.0,11.0,12.0,3.0,43.0,PC,2016-03-11
Hitman,898.0,10.0,26.0,101.0,4.0,295.0,PC,2016-03-11
Shardlight,60.0,6.0,7.0,7.0,3.0,16.0,PC,2016-03-08
Kelvin and the Infamous Machine,61.0,4.0,4.0,4.0,1.0,15.0,PC,2016-03-08
Tom Clancy's The Division,431.0,24.0,49.0,95.0,10.0,448.0,PC,2016-03-07
The Count Lucanor,86.0,3.0,3.0,6.0,1.0,11.0,PC,2016-03-03
Deponia Doomsday,200.0,11.0,12.0,14.0,5.0,28.0,PC,2016-03-01
The Town of Light,99.0,3.0,4.0,5.0,1.0,12.0,PC,2016-02-26
Stardew Valley,738.0,52.0,94.0,169.0,9.0,688.0,PC,2016-02-26
Grim Dawn,415.0,21.0,50.0,193.0,8.0,681.0,PC,2016-02-25
SUPERHOT,1700.0,2.0,5.0,20.0,0.0,50.0,PC,2016-02-25
The Flame in the Flood,85.0,8.0,15.0,44.0,3.0,63.0,PC,2016-02-24
The Walking Dead: Michonne - Episode 1: In Too Deep,45.0,1.0,1.0,1.0,0.0,2.0,PC,2016-02-23
Far Cry Primal,558.0,14.0,23.0,38.0,7.0,109.0,PC,2016-02-23
Californium,38.0,2.0,2.0,3.0,1.0,4.0,PC,2016-02-17
Street Fighter V,82.0,3.0,29.0,323.0,0.0,1000.0,PC,2016-02-16
Layers of Fear,723.0,3.0,4.0,11.0,1.0,23.0,PC,2016-02-15
Firewatch,2900.0,4.0,4.0,5.0,2.0,15.0,PC,2016-02-09
Unravel,263.0,6.0,8.0,13.0,2.0,24.0,PC,2016-02-09
XCOM 2,616.0,34.0,48.0,78.0,12.0,233.0,PC,2016-02-05
Agatha Christie: The ABC Murders,159.0,6.0,7.0,9.0,4.0,16.0,PC,2016-02-04
American Truck Simulator,30.0,22.0,87.0,91.0,7.0,180.0,PC,2016-02-02
Moon Hunters,89.0,1.0,7.0,30.0,0.0,43.0,PC,2016-02-01
The Witness,715.0,17.0,25.0,43.0,5.0,129.0,PC,2016-01-26
Crashlands,27.0,25.0,47.0,71.0,15.0,103.0,PC,2016-01-21
Yakuza Kiwami,1000.0,17.0,34.0,84.0,10.0,118.0,PC,2016-01-21
Homeworld: Deserts of Kharak,91.0,10.0,11.0,13.0,6.0,24.0,PC,2016-01-20
The Deadly Tower of Monsters,85.0,4.0,5.0,7.0,2.0,12.0,PC,2016-01-19
Slime Rancher,366.0,14.0,23.0,40.0,7.0,120.0,PC,2016-01-14
Oxenfree,1200.0,4.0,5.0,13.0,2.0,32.0,PC,2016-01-14
"That Dragon, Cancer",117.0,1.0,2.0,2.0,1.0,4.0,PC,2016-01-12
Assassin's Creed Chronicles: India,81.0,5.0,6.0,13.0,3.0,23.0,PC,2016-01-12
Tharsis,58.0,2.0,4.0,14.0,0.0,23.0,PC,2016-01-12
Punch Club,160.0,10.0,13.0,24.0,3.0,49.0,PC,2016-01-09
Pony Island,875.0,2.0,2.0,4.0,0.0,18.0,PC,2016-01-04
Aviary Attorney,184.0,4.0,6.0,7.0,2.0,12.0,PC,2015-12-21
SteamWorld Heist,258.0,12.0,16.0,21.0,5.0,38.0,PC,2015-12-10
Nuclear Throne,65.0,17.0,70.0,134.0,3.0,277.0,PC,2015-12-05
Tom Clancy's Rainbow Six Siege,101.0,3.0,14.0,57.0,1.0,487.0,PC,2015-12-01
Just Cause 3,741.0,18.0,37.0,64.0,8.0,195.0,PC,2015-11-30
Hard West,76.0,12.0,22.0,32.0,6.0,60.0,PC,2015-11-18
Rise of the Tomb Raider,2700.0,13.0,22.0,34.0,6.0,155.0,PC,2015-11-10
Fallout 4,1600.0,28.0,86.0,174.0,7.0,500.0,PC,2015-11-09
The Incredible Adventures of Van Helsing: Final Cut,59.0,19.0,33.0,34.0,11.0,73.0,PC,2015-11-06
Call of Duty: Black Ops III,273.0,8.0,15.0,139.0,4.0,613.0,PC,2015-11-05
Need for Speed,153.0,15.0,23.0,33.0,9.0,71.0,PC,2015-11-03
Anno 2205,32.0,20.0,39.0,56.0,9.0,100.0,PC,2015-11-03
The Binding of Isaac: Afterbirth,31.0,5.0,43.0,214.0,0.0,390.0,PC,2015-10-30
Minecraft: Story Mode - Episode 2: Assembly Required,21.0,1.0,1.0,1.0,0.0,1.0,PC,2015-10-27
The Park,158.0,1.0,1.0,1.0,0.0,5.0,PC,2015-10-27
Warhammer: End Times - Vermintide,116.0,8.0,29.0,141.0,3.0,324.0,PC,2015-10-23
Rebel Galaxy,69.0,20.0,30.0,52.0,8.0,90.0,PC,2015-10-20
Brigador,35.0,8.0,22.0,150.0,3.0,230.0,PC,2015-10-16
Downwell,101.0,6.0,13.0,13.0,1.0,51.0,PC,2015-10-15
Human Resource Machine,191.0,4.0,7.0,11.0,1.0,67.0,PC,2015-10-15
Mushroom 11,39.0,5.0,5.0,,3.0,11.0,PC,2015-10-15
The Witcher 3: Wild Hunt - Hearts of Stone,794.0,9.0,14.0,18.0,2.0,155.0,PC,2015-10-13
Minecraft: Story Mode - Episode 1: The Order of the Stone,35.0,1.0,1.0,1.0,1.0,2.0,PC,2015-10-13
Transformers: Devastation,81.0,5.0,10.0,20.0,3.0,21.0,PC,2015-10-06
Skyhill,33.0,3.0,6.0,16.0,1.0,31.0,PC,2015-10-06
2064: Read Only Memories,173.0,9.0,11.0,22.0,4.0,35.0,PC,2015-10-06
The Beginner's Guide,1000.0,1.0,1.0,1.0,0.0,7.0,PC,2015-10-01
Armikrog,40.0,4.0,5.0,3.0,2.0,8.0,PC,2015-09-30
Jotun,330.0,5.0,5.0,7.0,2.0,19.0,PC,2015-09-29
Might & Magic: Heroes VII,20.0,70.0,142.0,169.0,37.0,252.0,PC,2015-09-29
Undertale,2900.0,7.0,11.0,22.0,2.0,73.0,PC,2015-09-15
RIVE,34.0,4.0,6.0,16.0,3.0,16.0,PC,2015-09-13
Dropsy,118.0,4.0,5.0,6.0,1.0,17.0,PC,2015-09-10
Cross of the Dutchman,22.0,2.0,3.0,3.0,2.0,6.0,PC,2015-09-10
Renowned Explorers: International Society,46.0,5.0,25.0,22.0,1.0,86.0,PC,2015-09-02
Metal Gear Solid V: The Phantom Pain,1300.0,44.0,82.0,165.0,17.0,396.0,PC,2015-09-01
Mad Max,1200.0,19.0,39.0,62.0,6.0,155.0,PC,2015-09-01
Satellite Reign,53.0,22.0,30.0,38.0,11.0,59.0,PC,2015-08-28
Party Hard,194.0,6.0,9.0,14.0,3.0,62.0,PC,2015-08-25
Mega Man Legacy Collection,40.0,20.0,23.0,47.0,10.0,80.0,PC,2015-08-24
Shadowrun: Hong Kong,213.0,20.0,32.0,44.0,10.0,103.0,PC,2015-08-20
Volume,69.0,6.0,8.0,7.0,4.0,12.0,PC,2015-08-18
Hacknet,354.0,7.0,8.0,10.0,3.0,35.0,PC,2015-08-12
Everybody's Gone to the Rapture,97.0,4.0,6.0,8.0,2.0,10.0,PC,2015-08-11
Beyond Eyes,175.0,1.0,2.0,3.0,0.0,7.0,PC,2015-08-11
Shadow Blade: Reload,22.0,3.0,4.0,26.0,0.0,34.0,PC,2015-08-10
Sheltered,27.0,21.0,30.0,35.0,15.0,67.0,PC,2015-08-04
Submerged,184.0,2.0,3.0,5.0,1.0,10.0,PC,2015-08-03
Cradle,56.0,5.0,7.0,10.0,3.0,16.0,PC,2015-07-24
Feist,29.0,2.0,3.0,5.0,1.0,9.0,PC,2015-07-23
Tembo the Badass Elephant,29.0,4.0,7.0,9.0,2.0,12.0,PC,2015-07-21
The Bug Butcher,24.0,2.0,5.0,7.0,1.0,13.0,PC,2015-07-20
Guild of Dungeoneering,55.0,11.0,18.0,26.0,6.0,60.0,PC,2015-07-14
The Magic Circle,82.0,3.0,4.0,9.0,1.0,12.0,PC,2015-07-09
Rocket League,133.0,6.0,30.0,170.0,1.0,1436.0,PC,2015-07-07
Anna's Quest,118.0,9.0,10.0,11.0,5.0,39.0,PC,2015-07-02
Poly Bridge,23.0,11.0,31.0,46.0,3.0,60.0,PC,2015-06-30
Her Story,1300.0,2.0,3.0,4.0,0.0,19.0,PC,2015-06-24
Devil May Cry 4: Special Edition,316.0,11.0,17.0,65.0,5.0,136.0,PC,2015-06-23
Final Fantasy XIV: Heavensward,115.0,65.0,158.0,306.0,14.0,1000.0,PC,2015-06-23
Batman: Arkham Knight,1600.0,16.0,33.0,51.0,7.0,122.0,PC,2015-06-23
LEGO Jurassic World,201.0,10.0,18.0,31.0,6.0,63.0,PC,2015-06-10
Kholat,142.0,4.0,5.0,8.0,2.0,29.0,PC,2015-06-09
Massive Chalice,55.0,15.0,22.0,26.0,8.0,78.0,PC,2015-06-01
Homesick,43.0,2.0,2.0,3.0,1.0,4.0,PC,2015-05-28
Magnetic: Cage Closed,21.0,3.0,5.0,10.0,2.0,13.0,PC,2015-05-26
Magicka 2,108.0,6.0,9.0,26.0,3.0,55.0,PC,2015-05-26
MISSING: An Interactive Thriller - Episode One,57.0,0.0,0.0,1.0,0.0,2.0,PC,2015-05-25
The Incredible Adventures of Van Helsing III,40.0,7.0,10.0,18.0,3.0,30.0,PC,2015-05-22
Technobabylon,101.0,9.0,11.0,13.0,4.0,24.0,PC,2015-05-22
Sunset,25.0,4.0,5.0,22.0,2.0,22.0,PC,2015-05-21
The Witcher 3: Wild Hunt,6400.0,52.0,104.0,178.0,13.0,750.0,PC,2015-05-19
Action Henk,34.0,4.0,6.0,37.0,0.0,50.0,PC,2015-05-11
Dex,131.0,11.0,13.0,16.0,6.0,30.0,PC,2015-05-07
Wolfenstein: The Old Blood,1500.0,5.0,8.0,16.0,2.0,73.0,PC,2015-05-05
Chroma Squad,159.0,12.0,18.0,36.0,6.0,61.0,PC,2015-04-30
"Guns, Gore & Cannoli",69.0,3.0,6.0,7.0,1.0,12.0,PC,2015-04-30
The Perils of Man,23.0,3.0,4.0,4.0,1.0,6.0,PC,2015-04-28
Broken Age: Act 2,61.0,6.0,6.0,10.0,2.0,14.0,PC,2015-04-27
Kerbal Space Program,78.0,117.0,246.0,455.0,20.0,1186.0,PC,2015-04-27
Dungeons 2,88.0,15.0,18.0,25.0,8.0,44.0,PC,2015-04-25
Uncanny Valley,25.0,1.0,3.0,6.0,0.0,11.0,PC,2015-04-23
Killing Floor 2,44.0,14.0,91.0,225.0,2.0,340.0,PC,2015-04-21
Assassin's Creed Chronicles: China,214.0,6.0,9.0,17.0,2.0,40.0,PC,2015-04-21
Trine 3: The Artifacts of Power,244.0,4.0,6.0,7.0,2.0,27.0,PC,2015-04-21
JumpJet Rex,32.0,3.0,8.0,11.0,2.0,20.0,PC,2015-04-21
Westerado: Double Barreled,118.0,2.0,4.0,18.0,0.0,39.0,PC,2015-04-16
Halo: Spartan Strike,59.0,4.0,8.0,12.0,2.0,29.0,PC,2015-04-16
The Charnel House Trilogy,65.0,1.0,2.0,2.0,1.0,4.0,PC,2015-04-16
Titan Souls,425.0,3.0,4.0,7.0,1.0,20.0,PC,2015-04-14
Mortal Kombat X,274.0,5.0,17.0,87.0,2.0,200.0,PC,2015-04-14
Dead Synchronicity: Tomorrow Comes Today,54.0,5.0,8.0,6.0,3.0,19.0,PC,2015-04-10
War for the Overworld,37.0,14.0,28.0,48.0,7.0,86.0,PC,2015-04-02
Axiom Verge,444.0,10.0,13.0,17.0,5.0,33.0,PC,2015-03-31
Pillars of Eternity,712.0,37.0,65.0,113.0,8.0,326.0,PC,2015-03-26
Senran Kagura: Estival Versus,28.0,16.0,32.0,52.0,11.0,125.0,PC,2015-03-26
Dyscourse,68.0,1.0,2.0,9.0,0.0,14.0,PC,2015-03-25
Tekken 7,191.0,3.0,8.0,24.0,1.0,153.0,PC,2015-03-18
Battlefield Hardline,204.0,7.0,9.0,18.0,4.0,29.0,PC,2015-03-17
Final Fantasy Type-0 HD,70.0,21.0,35.0,65.0,10.0,281.0,PC,2015-03-17
Project CARS,25.0,31.0,65.0,106.0,10.0,123.0,PC,2015-03-16
Yakuza 0,1800.0,31.0,66.0,141.0,13.0,243.0,PC,2015-03-12
Ori and the Blind Forest,796.0,8.0,10.0,12.0,4.0,31.0,PC,2015-03-11
The Guest,43.0,2.0,2.0,3.0,1.0,4.0,PC,2015-03-10
Cities: Skylines,168.0,28.0,59.0,157.0,6.0,607.0,PC,2015-03-10
Hotline Miami 2: Wrong Number,804.0,8.0,13.0,35.0,3.0,84.0,PC,2015-03-10
Shelter 2,63.0,1.0,3.0,13.0,1.0,30.0,PC,2015-03-09
Zombie Army Trilogy,62.0,13.0,17.0,33.0,7.0,37.0,PC,2015-03-06
Tormentum - Dark Sorrow,120.0,3.0,3.0,5.0,1.0,10.0,PC,2015-03-04
OlliOlli2: Welcome to Olliwood,20.0,3.0,9.0,42.0,1.0,123.0,PC,2015-03-03
White Night,20.0,5.0,6.0,9.0,3.0,12.0,PC,2015-03-03
Five Nights at Freddy's 3,50.0,2.0,3.0,4.0,0.0,7.0,PC,2015-03-02
Dragon Quest Heroes: The World Tree's Woe and the Blight Below,42.0,24.0,38.0,61.0,16.0,83.0,PC,2015-02-26
Victor Vran,154.0,10.0,24.0,62.0,4.0,83.0,PC,2015-02-20
God Eater 2: Rage Burst,37.0,53.0,70.0,121.0,18.0,165.0,PC,2015-02-19
The Book of Unwritten Tales 2,63.0,19.0,25.0,25.0,10.0,46.0,PC,2015-02-19
Morningstar: Descent to Deadrock,49.0,2.0,3.0,2.0,1.0,6.0,PC,2015-02-17
Dead or Alive 5 Last Round,38.0,3.0,7.0,99.0,1.0,272.0,PC,2015-02-17
Resident Evil: Revelations 2,269.0,10.0,16.0,46.0,5.0,160.0,PC,2015-02-15
The Escapists,21.0,18.0,46.0,64.0,5.0,69.0,PC,2015-02-13
Dark Souls II: Scholar of the First Sin,1400.0,35.0,64.0,109.0,7.0,342.0,PC,2015-02-05
Grow Home,462.0,2.0,4.0,8.0,0.0,22.0,PC,2015-02-04
Apotheon,147.0,8.0,12.0,15.0,5.0,37.0,PC,2015-02-03
Darkest Dungeon,229.0,56.0,82.0,112.0,24.0,175.0,PC,2015-02-03
Dying Light,1400.0,17.0,36.0,57.0,6.0,137.0,PC,2015-01-27
Gravity Ghost,33.0,2.0,3.0,4.0,2.0,6.0,PC,2015-01-26
Grey Goo,43.0,13.0,18.0,20.0,9.0,37.0,PC,2015-01-23
Armello,40.0,1.0,34.0,137.0,0.0,265.0,PC,2015-01-22
Citizens of Earth,25.0,14.0,22.0,31.0,12.0,41.0,PC,2015-01-20
Avernum 2: Crystal Souls,20.0,35.0,83.0,102.0,35.0,210.0,PC,2015-01-14
Chasm,99.0,8.0,11.0,18.0,4.0,75.0,PC,2015-01-01
Elite: Dangerous,35.0,92.0,201.0,456.0,45.0,1460.0,PC,2014-12-16
LISA: The Painful,280.0,10.0,15.0,26.0,5.0,46.0,PC,2014-12-15
The Talos Principle,905.0,15.0,21.0,29.0,7.0,73.0,PC,2014-12-11
Lara Croft and the Temple of Osiris,155.0,5.0,7.0,16.0,3.0,30.0,PC,2014-12-08
I Am Bread,27.0,2.0,5.0,,0.0,8.0,PC,2014-12-03
The Old City: Leviathan,49.0,1.0,3.0,4.0,0.0,7.0,PC,2014-12-03
Lumino City,106.0,5.0,5.0,5.0,2.0,9.0,PC,2014-12-02
The Marvellous Miss Take,28.0,6.0,9.0,13.0,3.0,22.0,PC,2014-11-20
Dragon Age: Inquisition,1000.0,47.0,87.0,131.0,20.0,410.0,PC,2014-11-18
Far Cry 4,1300.0,18.0,31.0,47.0,6.0,114.0,PC,2014-11-18
Never Alone,570.0,3.0,3.0,4.0,1.0,15.0,PC,2014-11-18
Escape Dead Island,38.0,6.0,9.0,24.0,4.0,34.0,PC,2014-11-18
Company of Heroes 2: Ardennes Assault,22.0,12.0,13.0,,6.0,46.0,PC,2014-11-17
Lords of Xulima,23.0,54.0,65.0,86.0,43.0,158.0,PC,2014-11-14
This War of Mine,339.0,11.0,20.0,40.0,4.0,118.0,PC,2014-11-14
Randal's Monday,41.0,13.0,17.0,17.0,9.0,27.0,PC,2014-11-12
The Crew,124.0,17.0,37.0,199.0,7.0,595.0,PC,2014-11-11
Toybox Turbos,95.0,2.0,4.0,4.0,1.0,17.0,PC,2014-11-11
A Bird Story,828.0,1.0,1.0,1.0,0.0,5.0,PC,2014-11-07
Call of Duty: Advanced Warfare,428.0,7.0,8.0,19.0,4.0,78.0,PC,2014-11-04
The Binding of Isaac: Rebirth,368.0,6.0,106.0,314.0,0.0,1000.0,PC,2014-11-04
Icewind Dale: Enhanced Edition,71.0,31.0,43.0,60.0,12.0,147.0,PC,2014-10-30
Stealth Inc 2: A Game of Clones,22.0,8.0,14.0,28.0,6.0,39.0,PC,2014-10-30
BlazeRush,21.0,7.0,10.0,11.0,2.0,18.0,PC,2014-10-28
The Detail,24.0,4.0,6.0,8.0,3.0,14.0,PC,2014-10-28
Lords of the Fallen,297.0,14.0,21.0,45.0,7.0,90.0,PC,2014-10-28
Sid Meier's Civilization: Beyond Earth,67.0,17.0,53.0,77.0,6.0,133.0,PC,2014-10-24
The Legend of Korra,175.0,4.0,7.0,16.0,2.0,53.0,PC,2014-10-21
Dreamfall Chapters,156.0,21.0,24.0,39.0,12.0,68.0,PC,2014-10-21
Door Kickers,41.0,8.0,18.0,39.0,3.0,60.0,PC,2014-10-20
DeadCore,76.0,4.0,6.0,11.0,1.0,16.0,PC,2014-10-17
Legend of Grimrock II,148.0,22.0,31.0,39.0,14.0,85.0,PC,2014-10-15
The Evil Within,722.0,14.0,20.0,43.0,6.0,110.0,PC,2014-10-14
A Golden Wake,52.0,4.0,6.0,6.0,3.0,9.0,PC,2014-10-09
Alien: Isolation,1100.0,18.0,22.0,34.0,8.0,60.0,PC,2014-10-07
Costume Quest 2,176.0,6.0,8.0,9.0,4.0,25.0,PC,2014-10-07
Styx: Master of Shadows,228.0,17.0,23.0,44.0,5.0,77.0,PC,2014-10-07
Dark Souls II: Crown of the Ivory King,48.0,4.0,5.0,9.0,1.0,16.0,PC,2014-09-29
Neverending Nightmares,141.0,1.0,2.0,3.0,0.0,7.0,PC,2014-09-26
The Vanishing of Ethan Carter,1000.0,3.0,4.0,4.0,1.0,17.0,PC,2014-09-25
The Long Dark,82.0,20.0,56.0,143.0,11.0,204.0,PC,2014-09-22
Roundabout,66.0,2.0,5.0,12.0,1.0,16.0,PC,2014-09-18
D4: Dark Dreams Don't Die,156.0,4.0,6.0,18.0,2.0,23.0,PC,2014-09-18
Road Redemption,56.0,6.0,8.0,64.0,2.0,104.0,PC,2014-09-18
Wasteland 2,237.0,42.0,66.0,105.0,23.0,158.0,PC,2014-09-13
J.U.L.I.A.: Among the Stars,33.0,7.0,9.0,13.0,4.0,27.0,PC,2014-09-12
The Sims 4,56.0,18.0,89.0,635.0,5.0,1494.0,PC,2014-09-02
Dark Souls II: Crown of the Old Iron King,52.0,4.0,5.0,7.0,2.0,10.0,PC,2014-08-26
Lichdom: Battlemage,32.0,14.0,19.0,27.0,8.0,37.0,PC,2014-08-26
Super Time Force Ultra,49.0,4.0,7.0,15.0,3.0,22.0,PC,2014-08-25
Shadowgate,44.0,4.0,9.0,46.0,0.0,46.0,PC,2014-08-21
"Invisible, Inc.",142.0,7.0,22.0,75.0,2.0,148.0,PC,2014-08-19
VA-11 Hall-A: Cyberpunk Bartender Action,534.0,11.0,13.0,18.0,5.0,38.0,PC,2014-08-16
Risen 3: Titan Lords,186.0,24.0,41.0,55.0,13.0,92.0,PC,2014-08-12
Mini Metro,144.0,5.0,12.0,42.0,0.0,84.0,PC,2014-08-11
Five Nights at Freddy's,123.0,2.0,3.0,5.0,0.0,12.0,PC,2014-08-08
Sacred 3,29.0,8.0,9.0,10.0,6.0,15.0,PC,2014-08-01
Crypt of the NecroDancer,128.0,15.0,30.0,59.0,5.0,135.0,PC,2014-07-30
Gods Will Be Watching,63.0,6.0,9.0,14.0,3.0,27.0,PC,2014-07-24
Unrest,21.0,3.0,3.0,5.0,1.0,7.0,PC,2014-07-23
Dark Souls II: Crown of the Sunken King,55.0,5.0,5.0,6.0,1.0,21.0,PC,2014-07-22
Sokobond,30.0,7.0,12.0,8.0,3.0,16.0,PC,2014-07-21
Freedom Planet,146.0,4.0,10.0,23.0,1.0,40.0,PC,2014-07-21
Abyss Odyssey,69.0,4.0,9.0,18.0,1.0,28.0,PC,2014-07-15
4PM,20.0,0.0,0.0,0.0,0.0,0.0,PC,2014-07-09
Hand of Fate,165.0,11.0,22.0,62.0,4.0,121.0,PC,2014-07-07
Three Fourths Home,34.0,1.0,1.0,2.0,0.0,4.0,PC,2014-07-01
Sunless Sea,44.0,17.0,53.0,124.0,9.0,200.0,PC,2014-07-01
Divinity: Original Sin,203.0,65.0,89.0,109.0,29.0,215.0,PC,2014-06-30
Sniper Elite III,329.0,9.0,14.0,33.0,4.0,85.0,PC,2014-06-27
Shovel Knight,685.0,6.0,10.0,18.0,1.0,60.0,PC,2014-06-26
Valiant Hearts: The Great War,614.0,6.0,7.0,9.0,3.0,20.0,PC,2014-06-25
Xenonauts,32.0,32.0,48.0,92.0,15.0,135.0,PC,2014-06-16
Space Run,27.0,14.0,21.0,36.0,7.0,43.0,PC,2014-06-13
Black The Fall,172.0,3.0,3.0,4.0,1.0,7.0,PC,2014-06-11
Lifeless Planet,215.0,4.0,5.0,6.0,2.0,12.0,PC,2014-06-06
Richard & Alice,53.0,2.0,3.0,4.0,2.0,8.0,PC,2014-06-05
Murdered: Soul Suspect,701.0,6.0,8.0,12.0,3.0,30.0,PC,2014-06-03
The Fall,301.0,3.0,4.0,4.0,1.0,12.0,PC,2014-05-30
Astebreed,75.0,1.0,2.0,2.0,0.0,8.0,PC,2014-05-30
The Forest,401.0,15.0,28.0,57.0,3.0,340.0,PC,2014-05-30
Among the Sleep,469.0,2.0,3.0,3.0,1.0,11.0,PC,2014-05-29
Anomaly Defenders,27.0,8.0,11.0,24.0,3.0,35.0,PC,2014-05-29
A Story About My Uncle,1100.0,3.0,4.0,9.0,1.0,21.0,PC,2014-05-28
Whispering Willows,104.0,2.0,2.0,3.0,1.0,6.0,PC,2014-05-27
Watch Dogs,963.0,19.0,34.0,62.0,7.0,168.0,PC,2014-05-27
Tropico 5,58.0,22.0,38.0,103.0,11.0,175.0,PC,2014-05-23
The Incredible Adventures of Van Helsing II,96.0,10.0,16.0,43.0,5.0,95.0,PC,2014-05-22
Always Sometimes Monsters,132.0,8.0,11.0,12.0,4.0,30.0,PC,2014-05-21
Transistor,1700.0,5.0,8.0,16.0,2.0,37.0,PC,2014-05-20
Wolfenstein: The New Order,2900.0,11.0,15.0,25.0,5.0,109.0,PC,2014-05-20
The Last Door,158.0,4.0,4.0,5.0,2.0,15.0,PC,2014-05-20
Kero Blaster,102.0,3.0,6.0,13.0,1.0,22.0,PC,2014-05-13
The Last Tinker: City of Colors,80.0,6.0,8.0,11.0,4.0,15.0,PC,2014-05-12
Chronology,58.0,1.0,2.0,2.0,1.0,8.0,PC,2014-05-12
Age of Mythology: Extended Edition,92.0,28.0,41.0,67.0,12.0,200.0,PC,2014-05-08
Tesla Effect: A Tex Murphy Adventure,66.0,10.0,13.0,17.0,7.0,50.0,PC,2014-05-07
Kentucky Route Zero - Act III,36.0,1.0,2.0,2.0,1.0,3.0,PC,2014-05-06
Hack 'n' Slash,40.0,4.0,4.0,5.0,1.0,11.0,PC,2014-05-06
"Sir, You Are Being Hunted",39.0,4.0,5.0,4.0,2.0,8.0,PC,2014-05-02
Child of Light,550.0,11.0,14.0,17.0,5.0,40.0,PC,2014-04-30
The Amazing Spider-Man 2,73.0,7.0,11.0,19.0,4.0,33.0,PC,2014-04-29
The Blackwell Epiphany,161.0,6.0,7.0,11.0,3.0,24.0,PC,2014-04-24
Endless Legend,64.0,16.0,38.0,80.0,6.0,208.0,PC,2014-04-24
Phoenix Wright: Ace Attorney Trilogy,139.0,60.0,71.0,72.0,31.0,144.0,PC,2014-04-17
Life Goes On,35.0,5.0,9.0,15.0,3.0,20.0,PC,2014-04-17
Trials Fusion,40.0,6.0,20.0,34.0,3.0,37.0,PC,2014-04-15
Dead Effect,55.0,3.0,6.0,12.0,2.0,15.0,PC,2014-04-15
Broforce,372.0,7.0,10.0,16.0,2.0,54.0,PC,2014-04-07
The Elder Scrolls Online,71.0,47.0,229.0,708.0,9.0,3000.0,PC,2014-04-04
Goat Simulator,135.0,2.0,7.0,16.0,0.0,51.0,PC,2014-04-01
Age of Wonders III,30.0,26.0,71.0,133.0,8.0,193.0,PC,2014-03-31
Diablo III: Reaper of Souls,238.0,9.0,29.0,79.0,2.0,400.0,PC,2014-03-25
Mercenary Kings,20.0,19.0,38.0,60.0,11.0,108.0,PC,2014-03-25
Escape Goat 2,66.0,4.0,6.0,12.0,1.0,27.0,PC,2014-03-24
Betrayer,134.0,6.0,9.0,13.0,4.0,33.0,PC,2014-03-24
Cloudbuilt,37.0,5.0,7.0,19.0,1.0,43.0,PC,2014-03-20
Luftrausers,58.0,3.0,6.0,19.0,1.0,43.0,PC,2014-03-18
Metal Gear Solid V: Ground Zeroes,1100.0,1.0,7.0,22.0,0.0,93.0,PC,2014-03-18
Infested Planet,44.0,7.0,10.0,17.0,3.0,30.0,PC,2014-03-16
Titanfall,47.0,6.0,23.0,50.0,3.0,68.0,PC,2014-03-11
Dark Souls II,730.0,42.0,64.0,125.0,8.0,500.0,PC,2014-03-11
Hearthstone: Heroes of Warcraft,37.0,48.0,109.0,386.0,5.0,1000.0,PC,2014-03-11
1954: Alcatraz,115.0,5.0,6.0,8.0,3.0,23.0,PC,2014-03-11
Year Walk,196.0,1.0,2.0,2.0,0.0,4.0,PC,2014-03-06
10 Second Ninja,68.0,1.0,2.0,4.0,0.0,11.0,PC,2014-03-05
South Park: The Stick of Truth,2200.0,11.0,15.0,22.0,4.0,58.0,PC,2014-03-04
Tower of Guns,38.0,2.0,3.0,11.0,0.0,20.0,PC,2014-03-04
Shadowrun: Dragonfall,44.0,20.0,24.0,26.0,10.0,48.0,PC,2014-02-27
Castlevania: Lords of Shadow 2,183.0,14.0,21.0,32.0,8.0,44.0,PC,2014-02-25
Thief,450.0,11.0,23.0,52.0,5.0,93.0,PC,2014-02-25
Rambo: The Video Game,33.0,4.0,5.0,9.0,2.0,16.0,PC,2014-02-21
Banished,102.0,16.0,33.0,100.0,4.0,246.0,PC,2014-02-18
Strider,259.0,5.0,8.0,14.0,2.0,31.0,PC,2014-02-18
NaissanceE,97.0,4.0,4.0,4.0,2.0,7.0,PC,2014-02-13
The LEGO Movie Videogame,175.0,8.0,11.0,18.0,5.0,48.0,PC,2014-02-07
Jazzpunk,538.0,2.0,2.0,3.0,0.0,9.0,PC,2014-02-07
Octodad: Dadliest Catch,381.0,2.0,4.0,8.0,0.0,26.0,PC,2014-01-30
Blackguards,62.0,41.0,45.0,50.0,18.0,91.0,PC,2014-01-22
OlliOlli,44.0,4.0,10.0,13.0,1.0,20.0,PC,2014-01-21
RimWorld,96.0,71.0,127.0,388.0,8.0,800.0,PC,2014-01-14
Broken Age: Act 1,212.0,3.0,4.0,4.0,1.0,8.0,PC,2014-01-14
The Banner Saga,821.0,10.0,13.0,28.0,3.0,80.0,PC,2014-01-14
Nidhogg,104.0,0.0,3.0,6.0,0.0,9.0,PC,2014-01-13
Rollers of the Realm,39.0,5.0,6.0,14.0,3.0,19.0,PC,2014-01-01
Teslagrad,135.0,5.0,5.0,7.0,2.0,14.0,PC,2013-12-13
Dungeon of the Endless,81.0,8.0,23.0,131.0,1.0,262.0,PC,2013-12-11
The Novelist,141.0,2.0,2.0,2.0,1.0,5.0,PC,2013-12-10
Starbound,184.0,24.0,64.0,203.0,2.0,634.0,PC,2013-12-04
Ryse: Son of Rome,970.0,6.0,8.0,21.0,3.0,88.0,PC,2013-11-22
Paper Sorcerer,31.0,13.0,19.0,24.0,9.0,36.0,PC,2013-11-21
Lightning Returns: Final Fantasy XIII,171.0,30.0,46.0,60.0,14.0,98.0,PC,2013-11-21
Need for Speed: Rivals,67.0,12.0,17.0,32.0,5.0,40.0,PC,2013-11-19
Contrast,400.0,3.0,3.0,4.0,1.0,12.0,PC,2013-11-15
Baldur's Gate II: Enhanced Edition,175.0,44.0,83.0,149.0,15.0,240.0,PC,2013-11-15
The Age of Decadence,57.0,15.0,20.0,77.0,4.0,136.0,PC,2013-11-14
Oceanhorn: Monster of Uncharted Seas,110.0,8.0,10.0,16.0,5.0,31.0,PC,2013-11-14
XCOM: Enemy Within,199.0,28.0,37.0,52.0,11.0,120.0,PC,2013-11-11
Risk of Rain,216.0,5.0,22.0,58.0,0.0,177.0,PC,2013-11-08
Call of Duty: Ghosts,450.0,5.0,7.0,10.0,2.0,17.0,PC,2013-11-05
Journey of a Roach,103.0,2.0,3.0,4.0,1.0,8.0,PC,2013-11-04
Lilly Looking Through,84.0,2.0,2.0,2.0,1.0,12.0,PC,2013-11-01
Blood Knights,52.0,4.0,4.0,7.0,2.0,10.0,PC,2013-11-01
Sniper Elite: Nazi Zombie Army 2,36.0,5.0,7.0,12.0,2.0,14.0,PC,2013-10-31
The Typing of the Dead: Overkill,224.0,3.0,6.0,20.0,2.0,30.0,PC,2013-10-29
Master Reboot,43.0,4.0,4.0,8.0,2.0,14.0,PC,2013-10-29
Assassin's Creed IV: Black Flag,1600.0,23.0,42.0,61.0,7.0,195.0,PC,2013-10-29
Blood of the Werewolf,20.0,5.0,8.0,,2.0,11.0,PC,2013-10-28
The Raven: Legacy of a Master Thief,41.0,10.0,11.0,13.0,7.0,18.0,PC,2013-10-24
Batman: Arkham Origins,1700.0,12.0,23.0,42.0,5.0,150.0,PC,2013-10-24
How to Survive,115.0,10.0,14.0,36.0,6.0,98.0,PC,2013-10-23
Path of Exile,216.0,31.0,155.0,680.0,8.0,2222.0,PC,2013-10-23
Tetrobot and Co.,33.0,8.0,12.0,16.0,4.0,40.0,PC,2013-10-23
LEGO Marvel Super Heroes,474.0,13.0,25.0,40.0,6.0,100.0,PC,2013-10-22
Naruto Shippuden: Ultimate Ninja Storm 3 Full Burst,196.0,13.0,30.0,37.0,4.0,93.0,PC,2013-10-22
Eldritch,42.0,4.0,7.0,21.0,1.0,55.0,PC,2013-10-21
The Stanley Parable,2500.0,1.0,2.0,10.0,0.0,85.0,PC,2013-10-17
Goodbye Deponia,212.0,10.0,12.0,12.0,4.0,29.0,PC,2013-10-17
Democracy 3,52.0,6.0,10.0,29.0,1.0,90.0,PC,2013-10-14
The Wolf Among Us,1800.0,8.0,9.0,11.0,4.0,36.0,PC,2013-10-11
Fairy Fencer F,80.0,24.0,36.0,47.0,14.0,67.0,PC,2013-10-10
Gas Guzzlers Extreme,27.0,10.0,10.0,16.0,5.0,21.0,PC,2013-10-08
Beyond: Two Souls,340.0,10.0,13.0,32.0,7.0,50.0,PC,2013-10-08
The Inner World,81.0,6.0,7.0,9.0,2.0,27.0,PC,2013-09-27
Shadow Warrior,785.0,12.0,15.0,36.0,5.0,60.0,PC,2013-09-26
The Legend of Heroes: Trails of Cold Steel,364.0,58.0,78.0,107.0,27.0,373.0,PC,2013-09-26
Scribblenauts Unmasked: A DC Comics Adventure,70.0,6.0,8.0,12.0,3.0,70.0,PC,2013-09-24
Angry Video Game Nerd Adventures,89.0,3.0,4.0,5.0,0.0,8.0,PC,2013-09-20
Ironclad Tactics,24.0,5.0,11.0,10.0,3.0,31.0,PC,2013-09-18
Foul Play,22.0,4.0,4.0,10.0,3.0,10.0,PC,2013-09-18
Grand Theft Auto V,2700.0,33.0,53.0,89.0,11.0,302.0,PC,2013-09-17
Volgarr the Viking,44.0,9.0,13.0,24.0,2.0,43.0,PC,2013-09-13
Aarklash: Legacy,29.0,13.0,19.0,49.0,6.0,49.0,PC,2013-09-12
Amnesia: A Machine for Pigs,532.0,4.0,5.0,6.0,1.0,16.0,PC,2013-09-10
Valdis Story: Abyssal City,67.0,10.0,16.0,26.0,4.0,60.0,PC,2013-09-08
Outlast,1100.0,5.0,7.0,11.0,1.0,50.0,PC,2013-09-04
Total War: Rome II,68.0,52.0,89.0,314.0,14.0,848.0,PC,2013-09-02
Shelter,292.0,1.0,1.0,2.0,0.0,8.0,PC,2013-08-28
Assault Android Cactus,74.0,3.0,15.0,42.0,0.0,162.0,PC,2013-08-28
Lost Planet 3,106.0,10.0,15.0,20.0,6.0,35.0,PC,2013-08-27
Castlevania: Lords of Shadow - Ultimate Edition,275.0,19.0,26.0,45.0,9.0,70.0,PC,2013-08-27
Sid Meier's Ace Patrol,28.0,3.0,7.0,19.0,2.0,22.0,PC,2013-08-27
SpeedRunners,66.0,2.0,12.0,14.0,0.0,38.0,PC,2013-08-26
Saints Row IV,1200.0,15.0,25.0,37.0,5.0,108.0,PC,2013-08-20
Tom Clancy's Splinter Cell: Blacklist,388.0,10.0,18.0,28.0,4.0,49.0,PC,2013-08-20
The Bureau: XCOM Declassified,373.0,10.0,15.0,18.0,5.0,35.0,PC,2013-08-20
Race the Sun,52.0,5.0,6.0,13.0,1.0,21.0,PC,2013-08-19
Gone Home,2100.0,1.0,2.0,3.0,0.0,13.0,PC,2013-08-15
Space Hulk,24.0,9.0,15.0,22.0,6.0,32.0,PC,2013-08-15
Europa Universalis IV,98.0,107.0,360.0,2070.0,12.0,8000.0,PC,2013-08-13
Dishonored: The Brigmore Witches,309.0,3.0,5.0,7.0,1.0,15.0,PC,2013-08-13
Payday 2,158.0,27.0,162.0,460.0,5.0,1033.0,PC,2013-08-13
"Papers, Please",1300.0,4.0,8.0,16.0,0.0,77.0,PC,2013-08-08
Spelunky,138.0,21.0,48.0,103.0,3.0,315.0,PC,2013-08-08
Brothers: A Tale of Two Sons,2900.0,3.0,3.0,4.0,1.0,11.0,PC,2013-08-07
SteamWorld Dig,671.0,4.0,6.0,8.0,2.0,22.0,PC,2013-08-07
Beatbuddy: Tale of the Guardians,98.0,5.0,6.0,12.0,3.0,38.0,PC,2013-08-06
Divinity: Dragon Commander,77.0,12.0,15.0,24.0,6.0,45.0,PC,2013-08-06
Rise of the Triad,34.0,7.0,11.0,42.0,3.0,50.0,PC,2013-07-31
CastleStorm,48.0,7.0,12.0,20.0,3.0,34.0,PC,2013-07-29
Shadowrun Returns,845.0,11.0,14.0,18.0,6.0,72.0,PC,2013-07-25
Halo: Spartan Assault,130.0,3.0,4.0,15.0,1.0,25.0,PC,2013-07-18
Dota 2,54.0,1362.0,684.0,1639.0,1.0,7454.0,PC,2013-07-09
The Walking Dead: 400 Days,520.0,1.0,1.0,1.0,0.0,6.0,PC,2013-07-02
Rogue Legacy,652.0,17.0,27.0,37.0,2.0,73.0,PC,2013-06-27
Urban Trial Freestyle,34.0,3.0,5.0,11.0,2.0,25.0,PC,2013-06-27
TowerFall Ascension,24.0,3.0,12.0,21.0,1.0,28.0,PC,2013-06-25
Company of Heroes 2,124.0,15.0,23.0,77.0,7.0,180.0,PC,2013-06-25
Deadpool,301.0,7.0,9.0,18.0,4.0,53.0,PC,2013-06-25
Magrunner: Dark Pulse,48.0,9.0,9.0,10.0,3.0,16.0,PC,2013-06-20
Dungeons & Dragons: Chronicles of Mystara,39.0,2.0,5.0,24.0,1.0,40.0,PC,2013-06-18
State of Decay,211.0,16.0,23.0,36.0,8.0,90.0,PC,2013-06-05
Remember Me,741.0,9.0,12.0,20.0,4.0,49.0,PC,2013-06-04
Marvel Heroes,22.0,22.0,256.0,285.0,13.0,2082.0,PC,2013-06-04
Gunpoint,909.0,3.0,4.0,6.0,0.0,27.0,PC,2013-06-03
Kentucky Route Zero - Act II,56.0,1.0,1.0,1.0,0.0,2.0,PC,2013-05-31
Expeditions: Conquistador,38.0,27.0,30.0,34.0,14.0,50.0,PC,2013-05-30
The Swapper,775.0,5.0,5.0,6.0,1.0,15.0,PC,2013-05-30
The Yawhg,61.0,0.0,1.0,3.0,0.0,6.0,PC,2013-05-30
The Night of the Rabbit,120.0,9.0,14.0,15.0,6.0,28.0,PC,2013-05-28
Element4l,21.0,4.0,8.0,,3.0,12.0,PC,2013-05-24
The Incredible Adventures of Van Helsing,316.0,12.0,18.0,40.0,5.0,142.0,PC,2013-05-22
Call of Juarez: Gunslinger,1400.0,5.0,7.0,14.0,2.0,29.0,PC,2013-05-21
Reus,46.0,8.0,18.0,65.0,3.0,108.0,PC,2013-05-16
Sanctum 2,67.0,12.0,31.0,59.0,3.0,73.0,PC,2013-05-15
Anomaly 2,45.0,6.0,10.0,,3.0,22.0,PC,2013-05-15
Metro: Last Light,603.0,10.0,13.0,42.0,5.0,110.0,PC,2013-05-14
Thunder Wolves,26.0,3.0,6.0,15.0,2.0,20.0,PC,2013-05-01
Far Cry 3: Blood Dragon,1200.0,4.0,7.0,9.0,1.0,25.0,PC,2013-04-30
Zeno Clash II,92.0,5.0,7.0,8.0,3.0,17.0,PC,2013-04-30
Mars: War Logs,144.0,9.0,12.0,18.0,6.0,44.0,PC,2013-04-26
Poker Night 2,104.0,4.0,10.0,17.0,1.0,76.0,PC,2013-04-24
Don't Starve,45.0,30.0,81.0,151.0,4.0,241.0,PC,2013-04-23
Dragon's Dogma: Dark Arisen,415.0,32.0,56.0,112.0,13.0,253.0,PC,2013-04-23
Dead Island: Riptide,220.0,11.0,20.0,32.0,4.0,66.0,PC,2013-04-23
Sacred Citadel,59.0,4.0,6.0,22.0,2.0,27.0,PC,2013-04-16
Dishonored: The Knife of Dunwall,359.0,3.0,5.0,8.0,1.0,17.0,PC,2013-04-15
Age of Empires II: HD Edition,66.0,34.0,86.0,140.0,10.0,331.0,PC,2013-04-09
Evoland,859.0,3.0,4.0,6.0,0.0,28.0,PC,2013-04-04
BattleBlock Theater,358.0,10.0,17.0,45.0,2.0,180.0,PC,2013-04-03
Slender: The Arrival,95.0,2.0,3.0,6.0,0.0,15.0,PC,2013-03-26
Warframe,111.0,120.0,881.0,1571.0,16.0,5611.0,PC,2013-03-25
BioShock Infinite,5300.0,11.0,16.0,31.0,4.0,96.0,PC,2013-03-25
Trials Evolution: Gold Edition,33.0,10.0,32.0,98.0,3.0,98.0,PC,2013-03-21
The Walking Dead: Survival Instinct,28.0,5.0,6.0,9.0,3.0,9.0,PC,2013-03-19
Sniper: Ghost Warrior 2,289.0,5.0,7.0,11.0,3.0,23.0,PC,2013-03-12
SimCity,31.0,26.0,35.0,100.0,7.0,100.0,PC,2013-03-05
Mass Effect 3: Citadel,98.0,3.0,4.0,6.0,2.0,13.0,PC,2013-03-05
Tomb Raider,6900.0,11.0,15.0,21.0,5.0,90.0,PC,2013-03-05
Sniper Elite: Nazi Zombie Army,69.0,6.0,11.0,22.0,3.0,41.0,PC,2013-02-28
Phantom Breaker: Battle Grounds,39.0,3.0,8.0,15.0,1.0,18.0,PC,2013-02-27
Driftmoon,42.0,9.0,10.0,11.0,5.0,22.0,PC,2013-02-26
Metal Gear Rising: Revengeance,1300.0,7.0,12.0,45.0,2.0,110.0,PC,2013-02-19
Crysis 3,557.0,6.0,8.0,12.0,2.0,20.0,PC,2013-02-19
Dead Space 3,544.0,12.0,16.0,23.0,6.0,49.0,PC,2013-02-05
Anodyne,191.0,6.0,7.0,9.0,2.0,15.0,PC,2013-02-04
Omerta: City of Gangsters,26.0,16.0,32.0,120.0,13.0,156.0,PC,2013-02-01
Antichamber,816.0,5.0,7.0,8.0,1.0,25.0,PC,2013-01-31
Proteus,222.0,1.0,1.0,0.0,0.0,45.0,PC,2013-01-30
Strike Suit Zero,53.0,7.0,11.0,21.0,4.0,28.0,PC,2013-01-23
DmC: Devil May Cry,1000.0,9.0,12.0,40.0,4.0,75.0,PC,2013-01-15
Kentucky Route Zero,181.0,8.0,11.0,15.0,3.0,38.0,PC,2013-01-07
Kentucky Route Zero - Act I,91.0,1.0,1.0,1.0,0.0,2.0,PC,2013-01-07
Game Dev Tycoon,552.0,9.0,15.0,25.0,1.0,110.0,PC,2012-12-10
Primordia,185.0,6.0,7.0,7.0,3.0,17.0,PC,2012-12-05
The Cat Lady,214.0,8.0,9.0,12.0,5.0,39.0,PC,2012-12-01
Far Cry 3,2700.0,16.0,26.0,39.0,6.0,129.0,PC,2012-11-29
Stealth Bastard Deluxe,69.0,5.0,9.0,26.0,3.0,35.0,PC,2012-11-28
Baldur's Gate: Enhanced Edition,368.0,30.0,54.0,94.0,9.0,189.0,PC,2012-11-28
Miasmata,25.0,11.0,15.0,26.0,6.0,30.0,PC,2012-11-28
Hitman: Absolution,1000.0,12.0,21.0,42.0,3.0,203.0,PC,2012-11-19
Zombi,38.0,10.0,12.0,20.0,6.0,23.0,PC,2012-11-18
Little Inferno,906.0,3.0,4.0,4.0,1.0,12.0,PC,2012-11-18
Scribblenauts Unlimited,590.0,7.0,10.0,13.0,3.0,32.0,PC,2012-11-13
Call of Duty: Black Ops II,566.0,7.0,10.0,29.0,3.0,120.0,PC,2012-11-13
Saints Row: The Third Remastered,110.0,13.0,22.0,41.0,7.0,98.0,PC,2012-11-09
Chaos on Deponia,295.0,10.0,11.0,14.0,5.0,87.0,PC,2012-11-06
Football Manager 2013,20.0,567.0,320.0,277.0,64.0,1307.0,PC,2012-11-02
Pid,63.0,9.0,12.0,24.0,5.0,35.0,PC,2012-10-31
Painkiller: Hell & Damnation,89.0,4.0,11.0,25.0,2.0,36.0,PC,2012-10-31
Need for Speed: Most Wanted,248.0,20.0,23.0,32.0,11.0,50.0,PC,2012-10-30
Assassin's Creed III,1200.0,17.0,33.0,58.0,7.0,162.0,PC,2012-10-30
Lucius,223.0,6.0,7.0,39.0,2.0,53.0,PC,2012-10-26
King's Bounty: Warriors of the North,32.0,51.0,84.0,83.0,28.0,212.0,PC,2012-10-25
Incredipede,30.0,2.0,3.0,5.0,2.0,14.0,PC,2012-10-25
Hotline Miami,2500.0,5.0,7.0,15.0,1.0,54.0,PC,2012-10-23
Giana Sisters: Twisted Dreams,91.0,7.0,13.0,,3.0,40.0,PC,2012-10-23
Euro Truck Simulator 2,92.0,48.0,111.0,486.0,5.0,2067.0,PC,2012-10-19
Chivalry: Medieval Warfare,25.0,12.0,33.0,79.0,2.0,157.0,PC,2012-10-16
Edna & Harvey: Harvey's New Eyes,153.0,7.0,8.0,10.0,4.0,32.0,PC,2012-10-16
Sang-Froid: Tales of Werewolves,30.0,8.0,13.0,21.0,6.0,27.0,PC,2012-10-16
Dishonored,3600.0,12.0,19.0,39.0,4.0,106.0,PC,2012-10-09
XCOM: Enemy Unknown,1100.0,27.0,39.0,69.0,8.0,230.0,PC,2012-10-09
Resident Evil 6,443.0,20.0,27.0,53.0,3.0,110.0,PC,2012-10-02
Ys: Memories of Celceta,123.0,19.0,26.0,52.0,13.0,105.0,PC,2012-09-27
Hell Yeah! Wrath of the Dead Rabbit,170.0,7.0,8.0,9.0,4.0,23.0,PC,2012-09-25
World of Warcraft: Mists of Pandaria,21.0,127.0,485.0,866.0,7.0,1462.0,PC,2012-09-25
The Testament of Sherlock Holmes,158.0,12.0,14.0,13.0,6.0,25.0,PC,2012-09-20
Torchlight II,817.0,21.0,31.0,82.0,6.0,253.0,PC,2012-09-20
Borderlands 2,2500.0,30.0,59.0,145.0,5.0,480.0,PC,2012-09-18
FTL: Faster Than Light,443.0,13.0,33.0,121.0,0.0,500.0,PC,2012-09-14
Secret Files 3,36.0,5.0,5.0,8.0,2.0,12.0,PC,2012-09-13
Mark of the Ninja,1100.0,8.0,12.0,21.0,4.0,40.0,PC,2012-09-07
The Elder Scrolls V: Skyrim - Hearthfire,35.0,2.0,6.0,9.0,1.0,17.0,PC,2012-09-04
They Bleed Pixels,65.0,9.0,12.0,15.0,4.0,25.0,PC,2012-08-29
Guild Wars 2,70.0,84.0,274.0,1964.0,30.0,8256.0,PC,2012-08-28
Mass Effect 3: Leviathan,83.0,2.0,2.0,2.0,1.0,5.0,PC,2012-08-28
Dark Souls: Prepare to Die Edition,1400.0,46.0,66.0,108.0,8.0,500.0,PC,2012-08-24
Counter-Strike: Global Offensive,167.0,59.0,441.0,932.0,1.0,4136.0,PC,2012-08-21
Transformers: Fall of Cybertron,91.0,7.0,9.0,12.0,4.0,14.0,PC,2012-08-21
Thirty Flights of Loving,370.0,0.0,0.0,0.0,0.0,2.0,PC,2012-08-20
Dust: An Elysian Tail,958.0,10.0,13.0,18.0,3.0,37.0,PC,2012-08-15
Darksiders II,446.0,21.0,30.0,47.0,10.0,79.0,PC,2012-08-14
Sleeping Dogs,1200.0,15.0,23.0,37.0,7.0,162.0,PC,2012-08-14
Symphony,23.0,8.0,14.0,22.0,4.0,39.0,PC,2012-08-09
Unmechanical,105.0,2.0,3.0,3.0,1.0,7.0,PC,2012-08-08
Deadlight,820.0,4.0,5.0,8.0,2.0,37.0,PC,2012-08-01
Orcs Must Die! 2,273.0,8.0,21.0,43.0,4.0,85.0,PC,2012-07-30
Endless Space,42.0,15.0,45.0,125.0,6.0,250.0,PC,2012-07-04
Thomas Was Alone,1300.0,3.0,3.0,4.0,0.0,15.0,PC,2012-06-30
Nihilumbra,151.0,2.0,4.0,10.0,1.0,16.0,PC,2012-06-27
The Amazing Spider-Man,110.0,8.0,14.0,24.0,4.0,45.0,PC,2012-06-26
Spec Ops: The Line,2900.0,6.0,7.0,15.0,3.0,30.0,PC,2012-06-26
The Elder Scrolls V: Skyrim - Dawnguard,108.0,7.0,9.0,21.0,3.0,80.0,PC,2012-06-26
The Dark Eye: Chains of Satinav,157.0,10.0,11.0,13.0,4.0,27.0,PC,2012-06-22
Quantum Conundrum,207.0,6.0,8.0,16.0,3.0,29.0,PC,2012-06-21
Magic: The Gathering - Duels of the Planeswalkers 2013,29.0,14.0,26.0,36.0,7.0,60.0,PC,2012-06-20
Resonance,104.0,7.0,9.0,10.0,3.0,20.0,PC,2012-06-19
Persona 4 Golden,1400.0,66.0,84.0,134.0,27.0,300.0,PC,2012-06-14
Sins of a Solar Empire: Rebellion,20.0,10.0,53.0,53.0,5.0,152.0,PC,2012-06-12
Tom Clancy's Ghost Recon: Future Soldier,104.0,10.0,13.0,15.0,7.0,31.0,PC,2012-05-22
Game of Thrones,89.0,18.0,25.0,31.0,12.0,47.0,PC,2012-05-15
Max Payne 3,1600.0,9.0,13.0,31.0,5.0,60.0,PC,2012-05-15
Diablo III,631.0,18.0,54.0,185.0,4.0,775.0,PC,2012-05-15
Warlock: Master of the Arcane,34.0,10.0,21.0,37.0,3.0,45.0,PC,2012-05-08
Sniper Elite V2,523.0,7.0,12.0,29.0,3.0,43.0,PC,2012-05-04
Prototype 2,252.0,10.0,14.0,19.0,4.0,42.0,PC,2012-04-24
Risen 2: Dark Waters,268.0,25.0,33.0,45.0,13.0,116.0,PC,2012-04-24
Botanicula,456.0,3.0,3.0,5.0,1.0,10.0,PC,2012-04-19
Fez,1000.0,5.0,8.0,12.0,2.0,35.0,PC,2012-04-13
Legend of Grimrock,350.0,16.0,21.0,29.0,7.0,56.0,PC,2012-04-11
Closure,92.0,6.0,8.0,9.0,3.0,16.0,PC,2012-03-27
Lone Survivor,136.0,4.0,5.0,12.0,0.0,23.0,PC,2012-03-27
Yesterday,120.0,4.0,4.0,4.0,2.0,11.0,PC,2012-03-22
I Am Alive,188.0,5.0,6.0,8.0,2.0,19.0,PC,2012-03-07
Mass Effect 3,1500.0,24.0,35.0,50.0,6.0,148.0,PC,2012-03-06
Street Fighter X Tekken,31.0,4.0,8.0,36.0,0.0,42.0,PC,2012-03-06
Blades of Time,96.0,9.0,10.0,14.0,6.0,23.0,PC,2012-03-06
Vessel,80.0,9.0,13.0,13.0,7.0,29.0,PC,2012-03-01
Alan Wake's American Nightmare,1000.0,3.0,4.0,8.0,1.0,35.0,PC,2012-02-22
Binary Domain,493.0,9.0,11.0,21.0,5.0,52.0,PC,2012-02-16
Warp,30.0,5.0,7.0,10.0,4.0,10.0,PC,2012-02-15
Dear Esther,1300.0,1.0,1.0,2.0,0.0,7.0,PC,2012-02-14
Crusader Kings II,79.0,70.0,239.0,339.0,15.0,948.0,PC,2012-02-14
Shank 2,228.0,4.0,6.0,19.0,2.0,27.0,PC,2012-02-07
The Darkness II,902.0,6.0,8.0,15.0,2.0,30.0,PC,2012-02-07
Kingdoms of Amalur: Reckoning,368.0,30.0,59.0,103.0,10.0,237.0,PC,2012-02-07
Deponia,634.0,8.0,10.0,11.0,2.0,25.0,PC,2012-01-27
Resident Evil: Revelations,483.0,8.0,12.0,26.0,4.0,82.0,PC,2012-01-26
Dustforce,23.0,36.0,35.0,39.0,15.0,64.0,PC,2012-01-17
Hatoful Boyfriend: Holiday Star,65.0,3.0,5.0,6.0,0.0,15.0,PC,2011-12-29
Star Wars: The Old Republic,60.0,80.0,203.0,1250.0,23.0,1250.0,PC,2011-12-20
Q.U.B.E.,190.0,3.0,3.0,3.0,1.0,8.0,PC,2011-12-16
Trine 2,500.0,8.0,12.0,26.0,3.0,57.0,PC,2011-12-07
Serious Sam 3: BFE,298.0,10.0,14.0,29.0,3.0,76.0,PC,2011-11-22
Minecraft,497.0,86.0,176.0,420.0,1.0,2000.0,PC,2011-11-18
Anno 2070,54.0,26.0,40.0,155.0,10.0,200.0,PC,2011-11-17
Rayman Origins,289.0,10.0,14.0,21.0,4.0,39.0,PC,2011-11-15
Need for Speed: The Run,207.0,4.0,6.0,13.0,2.0,15.0,PC,2011-11-15
Saints Row: The Third,1800.0,16.0,28.0,49.0,6.0,215.0,PC,2011-11-15
Assassin's Creed: Revelations,1200.0,13.0,22.0,35.0,5.0,78.0,PC,2011-11-15
The Elder Scrolls V: Skyrim,2500.0,37.0,119.0,269.0,7.0,2532.0,PC,2011-11-11
L.A. Noire: The Complete Edition,217.0,25.0,31.0,48.0,18.0,76.0,PC,2011-11-08
Call of Duty: Modern Warfare 3,725.0,6.0,11.0,56.0,3.0,430.0,PC,2011-11-08
To the Moon,2400.0,4.0,4.0,4.0,1.0,15.0,PC,2011-11-01
The Lord of the Rings: War in the North,255.0,12.0,16.0,29.0,5.0,61.0,PC,2011-11-01
Sonic Generations,607.0,5.0,10.0,24.0,1.0,50.0,PC,2011-11-01
The Book of Unwritten Tales,187.0,12.0,15.0,15.0,5.0,27.0,PC,2011-10-28
Battlefield 3,608.0,6.0,13.0,80.0,2.0,568.0,PC,2011-10-25
Serious Sam: The Random Encounter,56.0,1.0,1.0,2.0,0.0,4.0,PC,2011-10-24
Dungeon Defenders,113.0,14.0,73.0,442.0,6.0,700.0,PC,2011-10-19
Payday: The Heist,83.0,10.0,37.0,49.0,2.0,117.0,PC,2011-10-18
Batman: Arkham City,790.0,13.0,24.0,49.0,5.0,122.0,PC,2011-10-18
Might & Magic: Heroes VI,27.0,95.0,99.0,195.0,37.0,315.0,PC,2011-10-13
Dead Rising 2: Off the Record,52.0,12.0,21.0,39.0,9.0,45.0,PC,2011-10-11
The Binding of Isaac,458.0,11.0,53.0,144.0,1.0,476.0,PC,2011-09-28
Rochard,200.0,5.0,6.0,10.0,2.0,15.0,PC,2011-09-27
Hector: Badge of Carnage - Episode 3: Beyond Reasonable Doom,75.0,3.0,4.0,3.0,1.0,11.0,PC,2011-09-22
Red Orchestra 2: Heroes of Stalingrad,45.0,6.0,8.0,45.0,1.0,280.0,PC,2011-09-13
Renegade Ops,133.0,4.0,7.0,14.0,2.0,54.0,PC,2011-09-13
Hard Reset,152.0,5.0,8.0,26.0,2.0,32.0,PC,2011-09-13
"Warhammer 40,000: Space Marine",601.0,7.0,9.0,21.0,4.0,52.0,PC,2011-09-05
Driver: San Francisco,196.0,9.0,14.0,23.0,5.0,40.0,PC,2011-09-02
Rock of Ages,156.0,4.0,6.0,12.0,2.0,24.0,PC,2011-08-31
The Baconing,41.0,9.0,10.0,12.0,6.0,20.0,PC,2011-08-30
Tropico 4,133.0,40.0,63.0,106.0,11.0,200.0,PC,2011-08-26
Deus Ex: Human Revolution,1500.0,21.0,30.0,46.0,7.0,142.0,PC,2011-08-23
Blocks That Matter,87.0,6.0,9.0,23.0,3.0,40.0,PC,2011-08-19
Space Pirates and Zombies,49.0,28.0,49.0,56.0,17.0,81.0,PC,2011-08-15
Hatoful Boyfriend,347.0,1.0,5.0,9.0,0.0,40.0,PC,2011-08-14
E.Y.E: Divine Cybermancy,70.0,11.0,21.0,47.0,5.0,79.0,PC,2011-07-29
From Dust,120.0,6.0,9.0,11.0,1.0,39.0,PC,2011-07-27
Dragon Age II: Legacy,70.0,2.0,4.0,4.0,1.0,11.0,PC,2011-07-26
Bastion,3500.0,6.0,9.0,21.0,2.0,55.0,PC,2011-07-20
Runespell: Overture,30.0,6.0,10.0,17.0,6.0,38.0,PC,2011-07-20
Fallout: New Vegas - Old World Blues,103.0,6.0,8.0,10.0,2.0,21.0,PC,2011-07-19
Dungeons of Dredmor,61.0,16.0,36.0,96.0,5.0,134.0,PC,2011-07-13
Earth Defense Force: Insect Armageddon,29.0,5.0,6.0,13.0,3.0,13.0,PC,2011-07-05
Puzzle Agent 2,344.0,3.0,3.0,4.0,1.0,10.0,PC,2011-06-30
Iron Brigade,20.0,6.0,15.0,15.0,4.0,23.0,PC,2011-06-22
F.E.A.R. 3,492.0,5.0,8.0,15.0,3.0,33.0,PC,2011-06-21
Dungeon Siege III,149.0,16.0,18.0,28.0,8.0,55.0,PC,2011-06-17
Solar 2,59.0,2.0,4.0,16.0,0.0,20.0,PC,2011-06-17
Magic: The Gathering - Duels of the Planeswalkers 2012,27.0,13.0,35.0,88.0,8.0,355.0,PC,2011-06-15
Alice: Madness Returns,534.0,13.0,16.0,22.0,7.0,43.0,PC,2011-06-14
Duke Nukem Forever,391.0,9.0,12.0,21.0,4.0,32.0,PC,2011-06-10
Jamestown: Legend of the Lost Colony,190.0,2.0,4.0,11.0,0.0,20.0,PC,2011-06-08
Red Faction: Armageddon,305.0,7.0,10.0,18.0,4.0,28.0,PC,2011-06-07
Hunted: The Demon's Forge,54.0,11.0,14.0,17.0,7.0,27.0,PC,2011-05-31
The Witcher 2: Assassins of Kings,3300.0,24.0,35.0,56.0,7.0,152.0,PC,2011-05-17
Fallout: New Vegas - Honest Hearts,102.0,3.0,4.0,5.0,1.0,11.0,PC,2011-05-17
Terraria,1100.0,51.0,92.0,208.0,4.0,1000.0,PC,2011-05-16
LEGO Pirates of the Caribbean: The Video Game,118.0,8.0,13.0,24.0,4.0,50.0,PC,2011-05-10
Brink,60.0,6.0,25.0,23.0,2.0,145.0,PC,2011-05-10
Hydrophobia: Prophecy,184.0,3.0,4.0,7.0,1.0,12.0,PC,2011-05-09
Lume,118.0,0.0,1.0,1.0,0.0,3.0,PC,2011-05-09
The First Templar,47.0,10.0,13.0,17.0,6.0,24.0,PC,2011-05-06
Fortix 2,78.0,3.0,6.0,14.0,1.0,23.0,PC,2011-05-06
Outland,135.0,7.0,9.0,13.0,3.0,24.0,PC,2011-04-27
The Tiny Bang Story,219.0,3.0,3.0,3.0,1.0,16.0,PC,2011-04-22
Operation Flashpoint: Red River,28.0,12.0,14.0,20.0,9.0,26.0,PC,2011-04-21
Section 8: Prejudice,44.0,4.0,5.0,7.0,2.0,11.0,PC,2011-04-20
Portal 2,5500.0,8.0,14.0,23.0,1.0,81.0,PC,2011-04-19
Anomaly: Warzone Earth,174.0,6.0,10.0,24.0,1.0,60.0,PC,2011-04-08
Mass Effect 2: Arrival,81.0,1.0,1.0,1.0,0.0,3.0,PC,2011-03-29
Shift 2: Unleashed,30.0,18.0,35.0,49.0,10.0,63.0,PC,2011-03-29
Superbrothers: Sword & Sworcery EP,329.0,4.0,4.0,5.0,2.0,11.0,PC,2011-03-24
LEGO Star Wars III: The Clone Wars,117.0,9.0,15.0,31.0,5.0,52.0,PC,2011-03-22
Crysis 2,860.0,9.0,12.0,15.0,3.0,39.0,PC,2011-03-22
Total War: Shogun 2,129.0,28.0,63.0,201.0,8.0,593.0,PC,2011-03-15
Homefront,688.0,4.0,5.0,9.0,1.0,19.0,PC,2011-03-15
Atom Zombie Smasher,72.0,4.0,9.0,28.0,1.0,46.0,PC,2011-03-14
Battle: Los Angeles,21.0,1.0,1.0,1.0,0.0,2.0,PC,2011-03-11
Dragon Age II,867.0,26.0,37.0,58.0,10.0,219.0,PC,2011-03-08
"Warhammer 40,000: Dawn of War II - Retribution",126.0,9.0,13.0,26.0,3.0,49.0,PC,2011-03-01
Before the Echo,130.0,9.0,12.0,13.0,4.0,24.0,PC,2011-03-01
Avadon: The Black Fortress,50.0,39.0,56.0,81.0,15.0,131.0,PC,2011-02-28
Gemini Rue,216.0,6.0,7.0,12.0,3.0,29.0,PC,2011-02-24
Gray Matter,56.0,11.0,14.0,13.0,0.0,24.0,PC,2011-02-22
Bulletstorm,726.0,7.0,9.0,19.0,4.0,45.0,PC,2011-02-22
Test Drive Unlimited 2,43.0,29.0,80.0,125.0,5.0,600.0,PC,2011-02-08
Stacking,301.0,3.0,6.0,9.0,1.0,20.0,PC,2011-02-08
Magicka,332.0,10.0,16.0,50.0,3.0,130.0,PC,2011-01-25
Dead Space 2,994.0,9.0,11.0,17.0,5.0,100.0,PC,2011-01-25
Venetica,42.0,18.0,22.0,26.0,10.0,41.0,PC,2011-01-18
SpaceChem,43.0,44.0,60.0,72.0,12.0,149.0,PC,2011-01-01
Fallout: New Vegas - Dead Money,100.0,5.0,6.0,8.0,2.0,13.0,PC,2010-12-21
The Dream Machine,42.0,13.0,14.0,18.0,3.0,34.0,PC,2010-12-14
Revenge of the Titans,26.0,10.0,11.0,20.0,6.0,30.0,PC,2010-12-14
World of Warcraft: Cataclysm,21.0,217.0,535.0,472.0,11.0,1520.0,PC,2010-12-07
Bejeweled 3,85.0,4.0,13.0,50.0,0.0,175.0,PC,2010-12-07
Danganronpa: Trigger Happy Havoc,1300.0,25.0,32.0,47.0,10.0,107.0,PC,2010-11-25
Poker Night at the Inventory,142.0,3.0,7.0,37.0,0.0,242.0,PC,2010-11-22
Alien Breed 3: Descent,51.0,5.0,5.0,9.0,3.0,14.0,PC,2010-11-17
Tom Clancy's Ghost Recon,33.0,11.0,10.0,15.0,4.0,28.0,PC,2010-11-16
Need for Speed: Hot Pursuit,200.0,13.0,20.0,30.0,6.0,58.0,PC,2010-11-16
Assassin's Creed: Brotherhood,1600.0,15.0,27.0,43.0,6.0,116.0,PC,2010-11-16
Faery: Legends of Avalon,34.0,6.0,7.0,9.0,4.0,13.0,PC,2010-11-10
Call of Duty: Black Ops,747.0,7.0,11.0,19.0,3.0,75.0,PC,2010-11-09
Two Worlds II,74.0,27.0,41.0,49.0,9.0,183.0,PC,2010-11-09
James Bond 007: Blood Stone,51.0,5.0,7.0,28.0,2.0,38.0,PC,2010-11-02
The Ball,93.0,5.0,8.0,12.0,3.0,21.0,PC,2010-10-26
Star Wars: The Force Unleashed II,245.0,5.0,7.0,9.0,2.0,25.0,PC,2010-10-26
The Sims 3,72.0,59.0,92.0,234.0,8.0,1226.0,PC,2010-10-26
Fable III,166.0,13.0,27.0,46.0,7.0,70.0,PC,2010-10-26
Super Meat Boy,638.0,9.0,20.0,47.0,1.0,93.0,PC,2010-10-20
Dead Island,647.0,18.0,28.0,49.0,7.0,214.0,PC,2010-10-20
Fallout: New Vegas,1700.0,27.0,62.0,140.0,5.0,466.0,PC,2010-10-19
Vanquish,488.0,6.0,8.0,18.0,3.0,31.0,PC,2010-10-19
Medal of Honor,479.0,4.0,6.0,6.0,3.0,12.0,PC,2010-10-12
Orcs Must Die!,414.0,8.0,13.0,28.0,3.0,80.0,PC,2010-10-05
Enslaved: Odyssey to the West,592.0,8.0,10.0,19.0,5.0,34.0,PC,2010-10-05
Dead Rising 2,147.0,14.0,18.0,48.0,7.0,78.0,PC,2010-09-28
DeathSpank: Thongs of Virtue,50.0,9.0,13.0,16.0,7.0,27.0,PC,2010-09-21
Sid Meier's Civilization V,391.0,47.0,137.0,500.0,6.0,1800.0,PC,2010-09-21
King's Bounty: Crossworlds,31.0,23.0,70.0,74.0,7.0,130.0,PC,2010-09-17
Front Mission Evolved,47.0,7.0,9.0,21.0,4.0,24.0,PC,2010-09-16
Amnesia: The Dark Descent,1100.0,7.0,9.0,11.0,3.0,40.0,PC,2010-09-08
Spider-Man: Shattered Dimensions,44.0,10.0,11.0,23.0,5.0,23.0,PC,2010-09-07
Mass Effect 2: Lair of the Shadow Broker,91.0,2.0,2.0,2.0,1.0,4.0,PC,2010-09-07
Mafia II,1400.0,12.0,17.0,36.0,6.0,110.0,PC,2010-08-24
Shank,459.0,3.0,4.0,10.0,1.0,22.0,PC,2010-08-24
Lara Croft and the Guardian of Light,319.0,6.0,8.0,17.0,3.0,42.0,PC,2010-08-18
Kane & Lynch 2: Dog Days,293.0,4.0,5.0,15.0,2.0,50.0,PC,2010-08-17
Victoria II,32.0,25.0,107.0,338.0,11.0,1000.0,PC,2010-08-13
Lost Horizon,44.0,10.0,10.0,11.0,4.0,17.0,PC,2010-08-01
Alien Swarm,53.0,3.0,11.0,16.0,0.0,73.0,PC,2010-07-19
DeathSpank,142.0,8.0,11.0,12.0,4.0,22.0,PC,2010-07-13
Puzzle Agent,480.0,3.0,3.0,4.0,1.0,10.0,PC,2010-06-30
LEGO Harry Potter: Years 1-4,315.0,12.0,17.0,29.0,6.0,58.0,PC,2010-06-25
Singularity,374.0,6.0,8.0,11.0,3.0,23.0,PC,2010-06-25
Transformers: War for Cybertron,125.0,8.0,10.0,14.0,3.0,21.0,PC,2010-06-22
Jolly Rover,72.0,4.0,4.0,5.0,1.0,9.0,PC,2010-06-07
Alien Breed: Impact,119.0,5.0,7.0,9.0,3.0,15.0,PC,2010-06-03
Alpha Protocol,434.0,12.0,17.0,26.0,6.0,62.0,PC,2010-05-28
Blur,33.0,9.0,12.0,18.0,7.0,25.0,PC,2010-05-25
Prince of Persia: The Forgotten Sands,219.0,7.0,8.0,10.0,4.0,19.0,PC,2010-05-18
Alan Wake,2300.0,11.0,15.0,28.0,5.0,66.0,PC,2010-05-14
Lost Planet 2,44.0,10.0,15.0,,6.0,49.0,PC,2010-05-11
Serious Sam HD: The Second Encounter,161.0,7.0,12.0,22.0,2.0,85.0,PC,2010-04-28
The Whispered World,134.0,10.0,13.0,12.0,4.0,27.0,PC,2010-04-23
Beat Hazard,46.0,4.0,13.0,25.0,2.0,71.0,PC,2010-04-15
Tom Clancy's Splinter Cell: Conviction,329.0,7.0,11.0,15.0,3.0,41.0,PC,2010-04-13
Mass Effect 2: Kasumi - Stolen Memory,78.0,1.0,1.0,1.0,0.0,3.0,PC,2010-04-08
Mount & Blade: Warband,142.0,76.0,114.0,269.0,18.0,1000.0,PC,2010-03-30
Just Cause 2,717.0,17.0,35.0,94.0,5.0,301.0,PC,2010-03-23
Metro 2033,1200.0,9.0,12.0,22.0,4.0,57.0,PC,2010-03-16
Dragon Age: Origins - Awakening,236.0,13.0,17.0,21.0,6.0,41.0,PC,2010-03-16
Command & Conquer 4: Tiberian Twilight,25.0,8.0,9.0,,6.0,14.0,PC,2010-03-16
"Warhammer 40,000: Dawn of War II - Chaos Rising",147.0,10.0,14.0,17.0,4.0,63.0,PC,2010-03-11
Supreme Commander 2,44.0,15.0,26.0,60.0,9.0,124.0,PC,2010-03-02
Battlefield: Bad Company 2,533.0,6.0,10.0,18.0,2.0,79.0,PC,2010-03-02
Greed Corp,23.0,8.0,8.0,14.0,5.0,17.0,PC,2010-02-24
Napoleon: Total War,53.0,32.0,51.0,64.0,5.0,171.0,PC,2010-02-23
Heavy Rain,357.0,9.0,11.0,20.0,6.0,31.0,PC,2010-02-23
The Misadventures of P.B. Winterbottom,85.0,3.0,4.0,9.0,0.0,15.0,PC,2010-02-17
Aliens vs. Predator,266.0,8.0,12.0,26.0,4.0,63.0,PC,2010-02-16
BioShock 2,2100.0,10.0,14.0,24.0,3.0,100.0,PC,2010-02-09
S.T.A.L.K.E.R.: Call of Pripyat,312.0,15.0,26.0,32.0,7.0,152.0,PC,2010-02-02
Mass Effect 2,2300.0,24.0,34.0,51.0,7.0,257.0,PC,2010-01-26
Dark Void,41.0,6.0,10.0,,4.0,20.0,PC,2010-01-19
VVVVVV,843.0,2.0,3.0,5.0,0.0,25.0,PC,2010-01-11
Darksiders,1500.0,17.0,21.0,28.0,8.0,69.0,PC,2010-01-05
Star Wars: The Force Unleashed - Ultimate Sith Edition,293.0,8.0,11.0,17.0,4.0,35.0,PC,2009-12-15
PixelJunk Shooter,48.0,4.0,7.0,13.0,3.0,24.0,PC,2009-12-10
The Saboteur,149.0,10.0,19.0,41.0,6.0,84.0,PC,2009-12-04
James Cameron's Avatar: The Game,26.0,9.0,11.0,17.0,6.0,22.0,PC,2009-12-01
Eufloria,61.0,11.0,17.0,23.0,5.0,39.0,PC,2009-11-30
Runaway: A Twist of Fate,56.0,6.0,9.0,7.0,2.0,16.0,PC,2009-11-26
Serious Sam HD: The First Encounter,318.0,6.0,8.0,19.0,2.0,46.0,PC,2009-11-24
Divinity II: The Dragon Knight Saga,42.0,41.0,48.0,74.0,22.0,139.0,PC,2009-11-20
King's Bounty: Armored Princess,52.0,29.0,44.0,74.0,17.0,117.0,PC,2009-11-20
Assassin's Creed II,2300.0,19.0,28.0,37.0,8.0,112.0,PC,2009-11-17
LEGO Indiana Jones 2: The Adventure Continues,52.0,9.0,9.0,20.0,3.0,70.0,PC,2009-11-17
Gratuitous Space Battles,21.0,2.0,6.0,14.0,1.0,19.0,PC,2009-11-17
Left 4 Dead 2,679.0,10.0,29.0,61.0,2.0,385.0,PC,2009-11-17
Call of Duty: Modern Warfare 2,958.0,6.0,10.0,29.0,2.0,204.0,PC,2009-11-10
Dragon Age: Origins,1200.0,41.0,59.0,91.0,15.0,269.0,PC,2009-11-03
Bayonetta,902.0,11.0,15.0,39.0,5.0,127.0,PC,2009-10-29
League of Legends,70.0,1126.0,1516.0,2846.0,45.0,7000.0,PC,2009-10-27
Torchlight,632.0,14.0,23.0,63.0,5.0,186.0,PC,2009-10-27
The Void,32.0,24.0,29.0,43.0,14.0,55.0,PC,2009-10-23
Borderlands,1400.0,22.0,36.0,69.0,6.0,233.0,PC,2009-10-20
Tropico 3,43.0,24.0,31.0,44.0,7.0,63.0,PC,2009-10-20
Machinarium,607.0,5.0,6.0,5.0,2.0,17.0,PC,2009-10-16
Steins;Gate,377.0,28.0,36.0,45.0,10.0,88.0,PC,2009-10-15
Lucidity,24.0,1.0,4.0,18.0,1.0,22.0,PC,2009-10-07
Operation Flashpoint: Dragon Rising,48.0,12.0,16.0,15.0,4.0,39.0,PC,2009-10-06
Risen,411.0,27.0,37.0,46.0,12.0,128.0,PC,2009-10-02
Ys Seven,114.0,21.0,26.0,35.0,9.0,61.0,PC,2009-09-16
Marvel: Ultimate Alliance 2,22.0,8.0,14.0,26.0,5.0,33.0,PC,2009-09-15
Need for Speed: Shift,72.0,12.0,29.0,30.0,7.0,59.0,PC,2009-09-15
Zuma's Revenge!,47.0,5.0,15.0,36.0,2.0,60.0,PC,2009-09-15
Mini Ninjas,103.0,7.0,10.0,14.0,5.0,21.0,PC,2009-09-08
Section 8,26.0,3.0,3.0,,2.0,7.0,PC,2009-09-04
Batman: Arkham Asylum,1100.0,11.0,16.0,24.0,4.0,78.0,PC,2009-08-25
Wolfenstein,178.0,8.0,10.0,12.0,4.0,22.0,PC,2009-08-18
Osmos,79.0,5.0,8.0,10.0,1.0,25.0,PC,2009-08-18
Trine,1100.0,6.0,8.0,16.0,2.0,38.0,PC,2009-07-03
Call of Juarez: Bound in Blood,305.0,7.0,8.0,12.0,3.0,23.0,PC,2009-06-30
Harry Potter and the Half-Blood Prince,30.0,5.0,6.0,14.0,2.0,18.0,PC,2009-06-30
Overlord II,99.0,16.0,21.0,25.0,8.0,53.0,PC,2009-06-23
"Time Gentlemen, Please!",88.0,5.0,6.0,5.0,2.0,10.0,PC,2009-06-22
Ghostbusters: The Video Game,123.0,7.0,10.0,17.0,5.0,29.0,PC,2009-06-16
Blueberry Garden,30.0,1.0,2.0,1.0,0.0,5.0,PC,2009-06-10
Prototype,272.0,11.0,16.0,28.0,5.0,48.0,PC,2009-06-09
Red Faction: Guerrilla,259.0,13.0,21.0,39.0,5.0,52.0,PC,2009-06-02
Fuel,20.0,21.0,45.0,58.0,8.0,75.0,PC,2009-06-02
Bionic Commando,80.0,6.0,9.0,17.0,3.0,29.0,PC,2009-05-19
Killing Floor,73.0,19.0,55.0,285.0,0.0,492.0,PC,2009-05-14
Still Life 2,37.0,10.0,10.0,13.0,6.0,19.0,PC,2009-05-14
Secret Files 2: Puritas Cordis,38.0,8.0,10.0,10.0,4.0,15.0,PC,2009-05-08
Plants vs. Zombies,817.0,8.0,20.0,47.0,3.0,119.0,PC,2009-05-05
X-Men Origins: Wolverine,61.0,9.0,11.0,19.0,6.0,36.0,PC,2009-05-01
Velvet Assassin,57.0,10.0,13.0,11.0,5.0,23.0,PC,2009-04-28
Zeno Clash,351.0,3.0,5.0,8.0,1.0,15.0,PC,2009-04-21
Cogs,65.0,5.0,8.0,14.0,3.0,21.0,PC,2009-04-14
Company of Heroes: Tales of Valor,54.0,5.0,5.0,46.0,2.0,240.0,PC,2009-04-09
The Chronicles of Riddick: Assault on Dark Athena,102.0,9.0,11.0,14.0,4.0,29.0,PC,2009-04-07
The Godfather II,45.0,11.0,13.0,16.0,7.0,23.0,PC,2009-04-07
And Yet It Moves,215.0,3.0,4.0,19.0,1.0,54.0,PC,2009-04-02
The Path,45.0,2.0,3.0,6.0,0.0,9.0,PC,2009-03-18
Wanted: Weapons of Fate,40.0,4.0,4.0,9.0,2.0,10.0,PC,2009-03-17
Command & Conquer: Red Alert 3 - Uprising,49.0,9.0,18.0,40.0,2.0,43.0,PC,2009-03-12
World in Conflict: Soviet Assault,23.0,4.0,8.0,23.0,3.0,26.0,PC,2009-03-10
Resident Evil 5,676.0,12.0,17.0,34.0,4.0,75.0,PC,2009-03-05
Empire: Total War,79.0,22.0,92.0,121.0,3.0,490.0,PC,2009-03-03
Drakensang: The Dark Eye,33.0,31.0,47.0,61.0,21.0,100.0,PC,2009-02-24
"Warhammer 40,000: Dawn of War II",292.0,15.0,22.0,45.0,6.0,92.0,PC,2009-02-19
F.E.A.R. 2: Project Origin,651.0,7.0,9.0,11.0,3.0,23.0,PC,2009-02-10
Ninja Blade,28.0,9.0,7.0,8.0,5.0,21.0,PC,2009-01-29
The Lord of the Rings: Conquest,22.0,5.0,12.0,9.0,4.0,30.0,PC,2009-01-13
Crayon Physics Deluxe,59.0,3.0,5.0,8.0,0.0,16.0,PC,2009-01-07
Rise of the Argonauts,37.0,12.0,13.0,17.0,6.0,25.0,PC,2008-12-16
Defense Grid: The Awakening,185.0,11.0,37.0,109.0,4.0,243.0,PC,2008-12-08
Prince of Persia,224.0,11.0,13.0,17.0,7.0,31.0,PC,2008-12-02
The Last Remnant,96.0,59.0,74.0,142.0,30.0,178.0,PC,2008-11-20
Need for Speed: Undercover,138.0,11.0,13.0,20.0,7.0,44.0,PC,2008-11-18
Tomb Raider: Underworld,221.0,9.0,12.0,21.0,5.0,37.0,PC,2008-11-18
Left 4 Dead,413.0,7.0,21.0,70.0,2.0,200.0,PC,2008-11-17
World of Warcraft: Wrath of the Lich King,36.0,180.0,530.0,1337.0,7.0,3617.0,PC,2008-11-13
Mirror's Edge,2100.0,6.0,8.0,12.0,2.0,65.0,PC,2008-11-12
Call of Duty: World at War,478.0,7.0,11.0,31.0,2.0,114.0,PC,2008-11-11
Chronicles of Mystery: The Scorpio Ritual,20.0,4.0,5.0,4.0,2.0,7.0,PC,2008-11-10
Command & Conquer: Red Alert 3,93.0,20.0,24.0,30.0,9.0,45.0,PC,2008-10-28
Fallout 3,684.0,22.0,50.0,130.0,5.0,714.0,PC,2008-10-28
Far Cry 2,448.0,17.0,27.0,42.0,6.0,132.0,PC,2008-10-21
Sniper: Art of Victory,45.0,2.0,3.0,2.0,0.0,5.0,PC,2008-10-16
Saints Row 2,433.0,19.0,30.0,46.0,6.0,102.0,PC,2008-10-14
World of Goo,300.0,5.0,7.0,14.0,2.0,40.0,PC,2008-10-13
Silent Hill: Homecoming,73.0,9.0,12.0,18.0,5.0,26.0,PC,2008-09-30
Zwei: The Ilvard Insurrection,30.0,20.0,29.0,32.0,13.0,45.0,PC,2008-09-25
Nikopol: Secrets of the Immortals,31.0,3.0,4.0,3.0,1.0,6.0,PC,2008-09-25
LEGO Batman: The Videogame,286.0,9.0,16.0,30.0,3.0,80.0,PC,2008-09-23
King's Bounty: The Legend,125.0,37.0,63.0,75.0,21.0,167.0,PC,2008-09-23
Brothers in Arms: Hell's Highway,99.0,7.0,9.0,11.0,3.0,14.0,PC,2008-09-23
Mount & Blade,29.0,55.0,80.0,141.0,4.0,500.0,PC,2008-09-16
Peggle Nights,110.0,3.0,7.0,17.0,1.0,30.0,PC,2008-09-16
Crysis Warhead,522.0,5.0,6.0,7.0,2.0,18.0,PC,2008-09-12
S.T.A.L.K.E.R.: Clear Sky,249.0,13.0,23.0,37.0,6.0,58.0,PC,2008-09-12
Spore,172.0,12.0,32.0,112.0,4.0,237.0,PC,2008-09-05
Penumbra: Requiem,137.0,3.0,3.0,4.0,0.0,7.0,PC,2008-08-27
Bionic Commando Rearmed,44.0,5.0,10.0,15.0,1.0,35.0,PC,2008-08-13
Street Fighter IV,22.0,3.0,17.0,60.0,0.0,85.0,PC,2008-07-18
LEGO Indiana Jones: The Original Adventures,151.0,8.0,11.0,18.0,3.0,70.0,PC,2008-06-03
Dracula: Origin,26.0,6.0,6.0,9.0,1.0,13.0,PC,2008-06-02
Grand Theft Auto IV,1200.0,27.0,41.0,74.0,8.0,183.0,PC,2008-04-29
Valkyria Chronicles,372.0,30.0,41.0,67.0,12.0,131.0,PC,2008-04-24
Overclocked: A History of Violence,20.0,8.0,,8.0,5.0,12.0,PC,2008-04-21
Sherlock Holmes: Nemesis,38.0,10.0,14.0,12.0,5.0,19.0,PC,2008-04-08
Dark Sector,50.0,8.0,9.0,12.0,5.0,21.0,PC,2008-03-25
Command & Conquer 3: Kane's Wrath,35.0,8.0,11.0,28.0,5.0,35.0,PC,2008-03-24
Tom Clancy's Rainbow Six: Vegas 2,114.0,7.0,12.0,19.0,3.0,32.0,PC,2008-03-18
Bully: Scholarship Edition,528.0,14.0,19.0,28.0,7.0,84.0,PC,2008-03-04
"Warhammer 40,000: Dawn of War - Soulstorm",60.0,13.0,24.0,33.0,8.0,60.0,PC,2008-03-04
Frontlines: Fuel of War,50.0,5.0,7.0,,3.0,13.0,PC,2008-02-25
Penumbra: Black Plague,227.0,5.0,5.0,6.0,1.0,12.0,PC,2008-02-12
Conflict: Denied Ops,20.0,6.0,10.0,,4.0,12.0,PC,2008-02-08
Turok,22.0,7.0,8.0,9.0,4.0,10.0,PC,2008-02-05
Devil May Cry 4,166.0,11.0,14.0,67.0,4.0,75.0,PC,2008-01-31
Aquaria,88.0,16.0,20.0,23.0,9.0,33.0,PC,2007-12-07
Recettear: An Item Shop's Tale,244.0,13.0,28.0,49.0,4.0,130.0,PC,2007-12-01
Mass Effect,2900.0,17.0,28.0,43.0,6.0,348.0,PC,2007-11-20
Kane & Lynch: Dead Men,248.0,5.0,6.0,8.0,2.0,15.0,PC,2007-11-14
Shadowgrounds Survivor,75.0,4.0,4.0,5.0,1.0,9.0,PC,2007-11-14
Need for Speed: ProStreet,43.0,11.0,15.0,14.0,6.0,32.0,PC,2007-11-14
Crysis,1100.0,10.0,12.0,13.0,4.0,35.0,PC,2007-11-13
BlackSite: Area 51,22.0,5.0,5.0,6.0,3.0,10.0,PC,2007-11-12
Supreme Commander: Forged Alliance,23.0,18.0,26.0,,9.0,78.0,PC,2007-11-06
F.E.A.R. Perseus Mandate,353.0,5.0,6.0,7.0,2.0,15.0,PC,2007-11-06
Call of Duty 4: Modern Warfare,838.0,6.0,9.0,15.0,2.0,50.0,PC,2007-11-05
Hellgate: London,20.0,32.0,32.0,55.0,18.0,55.0,PC,2007-10-31
Avencast: Rise of the Mage,28.0,12.0,15.0,18.0,7.0,37.0,PC,2007-10-30
TimeShift,118.0,7.0,10.0,9.0,3.0,32.0,PC,2007-10-30
The Witcher,3200.0,35.0,46.0,65.0,9.0,155.0,PC,2007-10-30
Painkiller: Overdose,46.0,6.0,10.0,10.0,2.0,37.0,PC,2007-10-30
Guitar Hero III: Legends of Rock,21.0,7.0,18.0,5.0,3.0,24.0,PC,2007-10-28
Clive Barker's Jericho,92.0,7.0,9.0,10.0,4.0,15.0,PC,2007-10-23
Deathsmiles,22.0,0.0,3.0,,0.0,5.0,PC,2007-10-19
Heroes of Might and Magic V: Tribes of the East,20.0,20.0,33.0,,14.0,69.0,PC,2007-10-12
Half-Life 2: Episode Two,1900.0,5.0,6.0,9.0,2.0,39.0,PC,2007-10-10
Portal,7100.0,3.0,5.0,10.0,0.0,61.0,PC,2007-10-09
Team Fortress 2,91.0,452.0,682.0,3136.0,2.0,9999.0,PC,2007-10-09
Company of Heroes: Opposing Fronts,71.0,13.0,17.0,60.0,6.0,240.0,PC,2007-09-25
World in Conflict,47.0,11.0,13.0,17.0,7.0,24.0,PC,2007-09-18
Stranglehold,63.0,5.0,6.0,9.0,3.0,11.0,PC,2007-09-07
Medal of Honor: Airborne,196.0,5.0,7.0,11.0,2.0,19.0,PC,2007-09-04
BioShock,4100.0,11.0,16.0,24.0,4.0,70.0,PC,2007-08-21
Sid Meier's Civilization IV: Beyond the Sword,22.0,31.0,87.0,49.0,3.0,323.0,PC,2007-07-23
FlatOut: Ultimate Carnage,60.0,14.0,22.0,30.0,8.0,51.0,PC,2007-07-22
The Legend of Heroes: Trails in the Sky the 3rd,374.0,34.0,49.0,62.0,15.0,169.0,PC,2007-06-28
Overlord,176.0,16.0,21.0,26.0,7.0,43.0,PC,2007-06-26
Harry Potter and the Order of the Phoenix,43.0,8.0,11.0,16.0,3.0,19.0,PC,2007-06-25
Tomb Raider: Anniversary,292.0,12.0,15.0,22.0,6.0,64.0,PC,2007-06-01
Alpha Prime,70.0,5.0,7.0,5.0,2.0,9.0,PC,2007-05-27
Two Worlds,29.0,21.0,30.0,66.0,9.0,95.0,PC,2007-05-09
Penumbra: Overture,258.0,5.0,6.0,7.0,1.0,17.0,PC,2007-03-30
Command & Conquer 3: Tiberium Wars,67.0,22.0,26.0,33.0,11.0,42.0,PC,2007-03-28
TMNT,26.0,5.0,5.0,8.0,3.0,17.0,PC,2007-03-20
S.T.A.L.K.E.R.: Shadow of Chernobyl,627.0,15.0,25.0,45.0,6.0,200.0,PC,2007-03-20
Puzzle Quest: Challenge of the Warlords,57.0,33.0,42.0,55.0,10.0,79.0,PC,2007-03-16
Titan Quest: Immortal Throne,104.0,16.0,32.0,40.0,6.0,167.0,PC,2007-03-14
Bus Driver,20.0,9.0,7.0,7.0,4.0,20.0,PC,2007-03-01
Peggle Deluxe,252.0,4.0,11.0,32.0,1.0,68.0,PC,2007-02-27
Jade Empire: Special Edition,174.0,14.0,23.0,35.0,7.0,92.0,PC,2007-02-26
Infernal,29.0,7.0,9.0,13.0,6.0,18.0,PC,2007-02-23
Supreme Commander,34.0,18.0,30.0,48.0,11.0,99.0,PC,2007-02-16
Battlestations: Midway,25.0,7.0,7.0,,3.0,12.0,PC,2007-01-30
World of Warcraft: The Burning Crusade,36.0,85.0,706.0,1261.0,40.0,3000.0,PC,2007-01-16
Lost Planet: Extreme Condition,119.0,8.0,8.0,13.0,4.0,20.0,PC,2006-12-21
Ys Origin,324.0,12.0,23.0,45.0,5.0,152.0,PC,2006-12-21
Tom Clancy's Rainbow Six: Vegas,90.0,8.0,12.0,21.0,4.0,32.0,PC,2006-11-22
The Elder Scrolls IV: Knights of the Nine,43.0,4.0,10.0,11.0,2.0,25.0,PC,2006-11-21
TrackMania United,21.0,8.0,40.0,54.0,5.0,151.0,PC,2006-11-17
Heroes of Might and Magic V: Hammers of Fate,20.0,16.0,20.0,40.0,8.0,40.0,PC,2006-11-14
Rayman Raving Rabbids,25.0,5.0,6.0,8.0,4.0,9.0,PC,2006-11-14
Sonic the Hedgehog,83.0,2.0,2.0,2.0,1.0,6.0,PC,2006-11-14
Medieval II: Total War,71.0,31.0,78.0,143.0,6.0,300.0,PC,2006-11-11
Gears of War,115.0,9.0,10.0,13.0,4.0,23.0,PC,2006-11-07
Need for Speed: Carbon,173.0,11.0,13.0,18.0,4.0,25.0,PC,2006-10-31
Neverwinter Nights 2,72.0,58.0,66.0,120.0,24.0,201.0,PC,2006-10-31
Dark Messiah of Might and Magic,329.0,10.0,13.0,17.0,3.0,31.0,PC,2006-10-25
Marvel: Ultimate Alliance,37.0,13.0,18.0,28.0,9.0,31.0,PC,2006-10-24
F.E.A.R. Extraction Point,450.0,4.0,5.0,6.0,1.0,12.0,PC,2006-10-24
Tom Clancy's Splinter Cell: Double Agent,105.0,10.0,12.0,14.0,6.0,22.0,PC,2006-10-17
Gothic 3,180.0,45.0,72.0,119.0,15.0,170.0,PC,2006-10-13
"Warhammer 40,000: Dawn of War - Dark Crusade",98.0,15.0,36.0,54.0,4.0,100.0,PC,2006-10-09
Secret Files: Tunguska,64.0,9.0,11.0,12.0,4.0,17.0,PC,2006-09-29
Just Cause,168.0,8.0,18.0,29.0,3.0,59.0,PC,2006-09-22
Call of Juarez,254.0,7.0,9.0,11.0,5.0,33.0,PC,2006-09-15
Company of Heroes,192.0,19.0,28.0,87.0,8.0,240.0,PC,2006-09-12
LEGO Star Wars II: The Original Trilogy,29.0,12.0,30.0,35.0,6.0,75.0,PC,2006-09-11
Test Drive Unlimited,35.0,27.0,55.0,93.0,10.0,140.0,PC,2006-09-05
Safecracker: The Ultimate Puzzle Adventure,36.0,3.0,4.0,5.0,1.0,7.0,PC,2006-08-02
Scarface: The World Is Yours,30.0,14.0,22.0,28.0,7.0,41.0,PC,2006-07-25
FlatOut 2,113.0,12.0,15.0,20.0,7.0,28.0,PC,2006-06-30
Titan Quest,145.0,26.0,35.0,57.0,11.0,160.0,PC,2006-06-26
Cars,30.0,5.0,10.0,8.0,3.0,30.0,PC,2006-06-05
Half-Life 2: Episode One,2200.0,3.0,4.0,5.0,1.0,32.0,PC,2006-06-01
Hitman: Blood Money,384.0,11.0,16.0,20.0,3.0,46.0,PC,2006-05-26
Rogue Trooper,36.0,5.0,8.0,10.0,3.0,12.0,PC,2006-05-23
Heroes of Might and Magic V,58.0,53.0,72.0,99.0,6.0,140.0,PC,2006-05-16
SiN Episodes: Emergence,84.0,3.0,4.0,4.0,1.0,12.0,PC,2006-05-10
SpellForce 2: Shadow Wars,22.0,30.0,40.0,42.0,22.0,65.0,PC,2006-04-20
Dreamfall: The Longest Journey,184.0,12.0,13.0,14.0,6.0,25.0,PC,2006-04-17
Bone: The Great Cow Race,36.0,3.0,3.0,2.0,1.0,5.0,PC,2006-04-12
Tomb Raider: Legend,367.0,7.0,9.0,15.0,3.0,56.0,PC,2006-04-07
The Elder Scrolls IV: Oblivion,528.0,29.0,89.0,196.0,4.0,530.0,PC,2006-03-20
Scratches,52.0,6.0,7.0,10.0,4.0,24.0,PC,2006-03-08
SWAT 4: The Stetchkov Syndicate,21.0,4.0,6.0,9.0,1.0,11.0,PC,2006-02-28
Star Wars: Empire at War,28.0,15.0,28.0,40.0,8.0,46.0,PC,2006-02-16
Marc Ecko's Getting Up: Contents Under Pressure,26.0,11.0,13.0,15.0,7.0,25.0,PC,2006-02-14
Prince of Persia: The Two Thrones,196.0,9.0,10.0,12.0,5.0,19.0,PC,2005-12-01
Condemned: Criminal Origins,260.0,6.0,7.0,12.0,4.0,18.0,PC,2005-11-16
Shadowgrounds,103.0,6.0,6.0,7.0,2.0,12.0,PC,2005-11-11
Gun,111.0,6.0,8.0,12.0,3.0,17.0,PC,2005-11-08
Harry Potter and the Goblet of Fire,38.0,6.0,9.0,22.0,3.0,60.0,PC,2005-11-08
The Matrix: Path of Neo,20.0,9.0,10.0,14.0,8.0,14.0,PC,2005-11-07
Sid Meier's Civilization IV,86.0,15.0,51.0,139.0,1.0,376.0,PC,2005-10-25
Call of Duty 2,466.0,8.0,9.0,10.0,3.0,20.0,PC,2005-10-25
Call of Cthulhu: Dark Corners of the Earth,131.0,12.0,14.0,17.0,5.0,28.0,PC,2005-10-24
Quake 4,231.0,7.0,9.0,12.0,4.0,23.0,PC,2005-10-18
Stubbs the Zombie in Rebel Without a Pulse,69.0,6.0,7.0,8.0,3.0,11.0,PC,2005-10-18
Age of Empires III,60.0,15.0,19.0,33.0,7.0,92.0,PC,2005-10-18
Sniper Elite,81.0,12.0,14.0,22.0,5.0,44.0,PC,2005-10-18
F.E.A.R.,1100.0,8.0,10.0,12.0,4.0,28.0,PC,2005-10-17
Brothers in Arms: Earned in Blood,83.0,7.0,8.0,14.0,3.0,29.0,PC,2005-10-04
The Suffering: Ties That Bind,34.0,6.0,10.0,10.0,3.0,19.0,PC,2005-09-26
"Warhammer 40,000: Dawn of War - Winter Assault",113.0,10.0,13.0,21.0,4.0,35.0,PC,2005-09-23
Fable: The Lost Chapters,223.0,15.0,20.0,38.0,6.0,89.0,PC,2005-09-20
Ultimate Spider-Man,38.0,5.0,9.0,12.0,2.0,25.0,PC,2005-09-19
Dungeon Siege II,56.0,27.0,42.0,61.0,16.0,164.0,PC,2005-08-16
Ys: The Oath in Felghana,259.0,11.0,14.0,25.0,5.0,86.0,PC,2005-07-04
Battlefield 2,57.0,9.0,34.0,146.0,2.0,676.0,PC,2005-06-21
Xanadu Next,45.0,14.0,19.0,,10.0,34.0,PC,2005-06-20
Advent Rising,48.0,7.0,7.0,8.0,5.0,11.0,PC,2005-05-31
Madagascar,21.0,6.0,13.0,17.0,2.0,25.0,PC,2005-05-24
Area 51,35.0,6.0,6.0,10.0,3.0,15.0,PC,2005-04-25
Psychonauts,1200.0,12.0,15.0,22.0,4.0,54.0,PC,2005-04-19
Stronghold 2,25.0,15.0,21.0,33.0,8.0,50.0,PC,2005-04-18
Still Life,93.0,8.0,9.0,10.0,4.0,20.0,PC,2005-04-15
Tom Clancy's Splinter Cell: Chaos Theory,210.0,12.0,14.0,18.0,5.0,33.0,PC,2005-03-28
Darwinia,50.0,10.0,13.0,23.0,5.0,37.0,PC,2005-03-04
Brothers in Arms: Road to Hill 30,115.0,7.0,9.0,13.0,3.0,23.0,PC,2005-03-01
Star Wars: Republic Commando,404.0,8.0,9.0,10.0,5.0,17.0,PC,2005-03-01
Project: Snowblind,54.0,5.0,5.0,7.0,2.0,14.0,PC,2005-02-22
The Punisher,45.0,9.0,11.0,18.0,6.0,24.0,PC,2005-01-16
Prince of Persia: Warrior Within,216.0,12.0,15.0,17.0,6.0,30.0,PC,2004-11-30
World of Warcraft,104.0,697.0,1756.0,5309.0,50.0,9999.0,PC,2004-11-23
Painkiller: Battle out of Hell,40.0,5.0,5.0,16.0,3.0,16.0,PC,2004-11-22
Sid Meier's Pirates!,66.0,11.0,14.0,17.0,3.0,36.0,PC,2004-11-22
Return to Mysterious Island,30.0,5.0,5.0,6.0,1.0,10.0,PC,2004-11-19
Vampire: The Masquerade - Bloodlines,494.0,23.0,29.0,40.0,8.0,70.0,PC,2004-11-16
Half-Life 2,3400.0,13.0,16.0,20.0,5.0,68.0,PC,2004-11-16
Halo 2,153.0,9.0,11.0,21.0,5.0,55.0,PC,2004-11-09
FlatOut,106.0,7.0,10.0,11.0,3.0,37.0,PC,2004-11-05
Medal of Honor: Pacific Assault,104.0,8.0,11.0,14.0,5.0,18.0,PC,2004-11-02
Counter-Strike: Source,60.0,115.0,100.0,493.0,1.0,1300.0,PC,2004-11-01
The Bard's Tale,60.0,14.0,18.0,29.0,11.0,54.0,PC,2004-10-26
Grand Theft Auto: San Andreas,1100.0,30.0,47.0,75.0,9.0,300.0,PC,2004-10-26
RollerCoaster Tycoon 3,24.0,17.0,40.0,36.0,9.0,53.0,PC,2004-10-26
BloodRayne 2,45.0,8.0,10.0,9.0,7.0,13.0,PC,2004-10-12
Leisure Suit Larry: Magna Cum Laude,23.0,9.0,10.0,12.0,5.0,15.0,PC,2004-10-05
Evil Genius,24.0,27.0,26.0,57.0,5.0,105.0,PC,2004-09-28
Rome: Total War,95.0,33.0,59.0,143.0,1.0,453.0,PC,2004-09-22
"Warhammer 40,000: Dawn of War",257.0,12.0,14.0,17.0,5.0,30.0,PC,2004-09-20
Call of Duty: United Offensive,188.0,5.0,6.0,8.0,3.0,27.0,PC,2004-09-14
Sherlock Holmes: The Silver Earring,55.0,8.0,7.0,9.0,4.0,19.0,PC,2004-08-27
Silent Hill 4: The Room,75.0,9.0,10.0,13.0,6.0,27.0,PC,2004-06-17
Thief: Deadly Shadows,126.0,16.0,22.0,27.0,5.0,42.0,PC,2004-05-25
Harry Potter and the Prisoner of Azkaban,66.0,6.0,17.0,26.0,2.0,56.0,PC,2004-05-25
Gish,21.0,4.0,6.0,20.0,2.0,25.0,PC,2004-05-10
Hitman: Contracts,165.0,9.0,11.0,15.0,3.0,21.0,PC,2004-04-20
Painkiller,97.0,10.0,14.0,29.0,3.0,45.0,PC,2004-04-12
Syberia II,210.0,7.0,9.0,10.0,3.0,23.0,PC,2004-03-30
Sacred,47.0,24.0,37.0,84.0,15.0,300.0,PC,2004-03-24
Tom Clancy's Splinter Cell: Pandora Tomorrow,107.0,9.0,12.0,14.0,4.0,19.0,PC,2004-03-23
Far Cry,534.0,12.0,16.0,20.0,5.0,67.0,PC,2004-03-23
Unreal Tournament 2004,65.0,14.0,20.0,30.0,6.0,45.0,PC,2004-03-16
Battlefield Vietnam,22.0,16.0,14.0,19.0,3.0,80.0,PC,2004-03-14
Counter-Strike: Condition Zero,79.0,4.0,16.0,20.0,0.0,100.0,PC,2004-03-01
Beyond Divinity,40.0,20.0,35.0,55.0,11.0,70.0,PC,2004-01-01
Sonic Heroes,30.0,12.0,17.0,24.0,7.0,35.0,PC,2003-12-30
SpellForce: The Order of Dawn,32.0,57.0,54.0,73.0,32.0,170.0,PC,2003-12-16
Deus Ex: Invisible War,211.0,9.0,13.0,18.0,5.0,41.0,PC,2003-12-03
Armed and Dangerous,22.0,5.0,6.0,8.0,3.0,10.0,PC,2003-12-02
Neverwinter Nights: Hordes of the Underdark,39.0,22.0,28.0,31.0,13.0,50.0,PC,2003-12-02
Manhunt,77.0,11.0,13.0,15.0,5.0,22.0,PC,2003-11-18
Counter-Strike,42.0,36.0,81.0,913.0,,3000.0,PC,2003-11-18
Need for Speed: Underground,171.0,13.0,17.0,21.0,8.0,35.0,PC,2003-11-17
Broken Sword: The Sleeping Dragon,101.0,10.0,10.0,10.0,6.0,18.0,PC,2003-11-14
Dungeon Siege: Legends of Aranna,25.0,7.0,16.0,21.0,4.0,30.0,PC,2003-11-11
Beyond Good & Evil,361.0,10.0,12.0,13.0,5.0,29.0,PC,2003-11-11
Legacy of Kain: Defiance,52.0,12.0,15.0,17.0,8.0,28.0,PC,2003-11-11
True Crime: Streets of LA,22.0,8.0,10.0,13.0,4.0,16.0,PC,2003-11-03
The Lord of the Rings: The Return of the King,38.0,8.0,13.0,19.0,3.0,30.0,PC,2003-10-31
Call of Duty,528.0,6.0,9.0,9.0,2.0,20.0,PC,2003-10-29
Chrome,26.0,14.0,19.0,18.0,6.0,36.0,PC,2003-10-28
Prince of Persia: The Sands of Time,408.0,8.0,9.0,10.0,4.0,39.0,PC,2003-10-28
Gothic II,54.0,46.0,55.0,71.0,14.0,140.0,PC,2003-10-28
Nosferatu: The Wrath of Malachi,40.0,4.0,4.0,7.0,1.0,26.0,PC,2003-10-21
Max Payne 2: The Fall of Max Payne,884.0,6.0,7.0,10.0,3.0,22.0,PC,2003-10-14
Age of Mythology: The Titans,32.0,8.0,19.0,19.0,4.0,50.0,PC,2003-09-30
Ys VI: The Ark of Napishtim,181.0,12.0,13.0,19.0,6.0,32.0,PC,2003-09-27
Freedom Fighters,73.0,7.0,8.0,12.0,2.0,25.0,PC,2003-09-26
Command & Conquer: Generals - Zero Hour,35.0,13.0,19.0,21.0,7.0,30.0,PC,2003-09-22
Medal of Honor: Allied Assault - Breakthrough,62.0,5.0,7.0,9.0,2.0,18.0,PC,2003-09-22
Star Wars Jedi Knight: Jedi Academy,341.0,10.0,11.0,13.0,4.0,29.0,PC,2003-09-17
Runaway: A Road Adventure,83.0,7.0,9.0,12.0,4.0,19.0,PC,2003-08-28
Tron 2.0,46.0,11.0,12.0,14.0,3.0,21.0,PC,2003-08-26
Star Wars: Knights of the Old Republic,1100.0,29.0,36.0,48.0,7.0,101.0,PC,2003-07-15
Silent Hill 3,134.0,6.0,8.0,9.0,3.0,15.0,PC,2003-07-03
Warcraft III: The Frozen Throne,183.0,18.0,29.0,42.0,12.0,227.0,PC,2003-07-01
Neverwinter Nights: Shadows of Undrentide,41.0,17.0,22.0,35.0,9.0,112.0,PC,2003-06-21
The Elder Scrolls III: Bloodmoon,35.0,9.0,15.0,26.0,5.0,48.0,PC,2003-06-03
Ghost Master,23.0,15.0,16.0,23.0,9.0,40.0,PC,2003-05-23
Rise of Nations,28.0,16.0,41.0,52.0,4.0,120.0,PC,2003-05-20
Crimsonland,54.0,4.0,9.0,25.0,2.0,36.0,PC,2003-04-16
Midnight Club II,22.0,11.0,15.0,16.0,8.0,24.0,PC,2003-04-09
Delta Force: Black Hawk Down,34.0,7.0,9.0,9.0,3.0,14.0,PC,2003-03-23
Freelancer,38.0,15.0,27.0,46.0,9.0,97.0,PC,2003-03-04
Rayman 3: Hoodlum Havoc,50.0,8.0,10.0,15.0,4.0,19.0,PC,2003-02-21
Command & Conquer: Generals,59.0,14.0,18.0,25.0,7.0,39.0,PC,2003-02-10
Unreal II: The Awakening,71.0,8.0,10.0,11.0,5.0,16.0,PC,2003-02-03
Devil May Cry 2,143.0,4.0,6.0,21.0,2.0,29.0,PC,2003-01-25
The Sims,45.0,26.0,51.0,61.0,10.0,200.0,PC,2003-01-12
Tom Clancy's Splinter Cell,257.0,12.0,15.0,15.0,6.0,32.0,PC,2002-11-17
Medal of Honor: Allied Assault - Spearhead,70.0,3.0,3.0,4.0,1.0,6.0,PC,2002-11-12
The Elder Scrolls III: Tribunal,40.0,7.0,11.0,18.0,4.0,32.0,PC,2002-11-06
Harry Potter and the Chamber of Secrets,107.0,6.0,10.0,11.0,3.0,20.0,PC,2002-11-05
Metal Gear Solid 2: Substance,70.0,13.0,16.0,29.0,4.0,46.0,PC,2002-11-05
Age of Mythology,75.0,16.0,26.0,27.0,10.0,100.0,PC,2002-10-30
Grand Theft Auto: Vice City,856.0,17.0,27.0,42.0,5.0,142.0,PC,2002-10-27
BloodRayne,108.0,6.0,8.0,11.0,3.0,27.0,PC,2002-10-15
Red Faction II,146.0,4.0,5.0,6.0,2.0,11.0,PC,2002-10-15
Unreal Tournament 2003,20.0,12.0,16.0,18.0,6.0,23.0,PC,2002-10-01
Hitman 2: Silent Assassin,206.0,13.0,14.0,19.0,6.0,41.0,PC,2002-10-01
Need for Speed: Hot Pursuit 2,47.0,11.0,14.0,17.0,5.0,44.0,PC,2002-09-30
No One Lives Forever 2: A Spy in H.A.R.M.'s Way,58.0,11.0,14.0,19.0,6.0,25.0,PC,2002-09-30
The Lord of the Rings: The Fellowship of the Ring,20.0,5.0,7.0,7.0,3.0,12.0,PC,2002-09-26
Divine Divinity,140.0,33.0,46.0,72.0,14.0,109.0,PC,2002-09-22
Battlefield 1942,59.0,7.0,33.0,33.0,3.0,160.0,PC,2002-09-10
Mafia,387.0,16.0,18.0,21.0,6.0,40.0,PC,2002-08-28
Icewind Dale II,30.0,47.0,59.0,72.0,36.0,112.0,PC,2002-08-27
Syberia,343.0,9.0,11.0,12.0,3.0,25.0,PC,2002-08-09
Stronghold: Crusader,38.0,15.0,40.0,101.0,10.0,150.0,PC,2002-07-31
Enclave,58.0,8.0,12.0,15.0,3.0,29.0,PC,2002-07-29
Warcraft III: Reign of Chaos,235.0,21.0,27.0,36.0,11.0,100.0,PC,2002-07-03
Arx Fatalis,86.0,20.0,29.0,46.0,11.0,60.0,PC,2002-06-28
Neverwinter Nights,73.0,53.0,65.0,81.0,25.0,192.0,PC,2002-06-18
Soldier of Fortune II: Double Helix,41.0,10.0,11.0,11.0,7.0,21.0,PC,2002-05-20
Final Fantasy XI,21.0,117.0,2136.0,536.0,50.0,8800.0,PC,2002-05-16
Duke Nukem: Manhattan Project,49.0,6.0,7.0,12.0,2.0,27.0,PC,2002-05-14
The Elder Scrolls III: Morrowind,264.0,42.0,113.0,373.0,14.0,985.0,PC,2002-05-01
Dungeon Siege,132.0,27.0,34.0,42.0,7.0,103.0,PC,2002-04-05
Star Wars Jedi Knight II: Jedi Outcast,234.0,12.0,16.0,18.0,7.0,37.0,PC,2002-03-26
Command & Conquer: Renegade,35.0,9.0,10.0,9.0,7.0,15.0,PC,2002-02-26
Serious Sam: The Second Encounter,89.0,8.0,13.0,15.0,4.0,60.0,PC,2002-02-01
Medal of Honor: Allied Assault,173.0,8.0,12.0,14.0,4.0,27.0,PC,2002-01-22
Freedom Force,23.0,19.0,24.0,21.0,11.0,40.0,PC,2002-01-09
Post Mortem,48.0,6.0,7.0,8.0,3.0,21.0,PC,2002-01-01
Robin Hood: The Legend of Sherwood,25.0,14.0,18.0,19.0,5.0,33.0,PC,2002-01-01
Sherlock Holmes: The Mystery of the Mummy,25.0,5.0,4.0,5.0,2.0,9.0,PC,2002-01-01
AquaNox,23.0,9.0,10.0,11.0,5.0,15.0,PC,2001-11-30
Gothic,371.0,22.0,30.0,40.0,11.0,100.0,PC,2001-11-23
Return to Castle Wolfenstein,357.0,8.0,10.0,11.0,2.0,26.0,PC,2001-11-19
Halo: Combat Evolved,280.0,9.0,10.0,13.0,3.0,28.0,PC,2001-11-15
Legacy of Kain: Soul Reaver 2,62.0,9.0,13.0,13.0,5.0,23.0,PC,2001-10-31
Tony Hawk's Pro Skater 3,32.0,8.0,14.0,36.0,1.0,50.0,PC,2001-10-28
Grand Theft Auto III,690.0,14.0,20.0,38.0,5.0,110.0,PC,2001-10-22
Stronghold,71.0,19.0,23.0,21.0,8.0,50.0,PC,2001-10-19
Commandos 2: Men of Courage,36.0,20.0,38.0,34.0,9.0,100.0,PC,2001-09-20
Arcanum: Of Steamworks and Magick Obscura,74.0,31.0,46.0,92.0,7.0,253.0,PC,2001-08-21
Max Payne,1100.0,8.0,9.0,12.0,3.0,30.0,PC,2001-07-23
Desperados: Wanted Dead or Alive,42.0,24.0,37.0,32.0,15.0,77.0,PC,2001-07-23
Diablo II: Lord of Destruction,154.0,18.0,48.0,193.0,4.0,525.0,PC,2001-06-27
Anachronox,66.0,27.0,30.0,39.0,8.0,53.0,PC,2001-06-27
Baldur's Gate II: Throne of Bhaal,64.0,20.0,27.0,57.0,5.0,140.0,PC,2001-06-21
Half-Life: Blue Shift,962.0,3.0,3.0,3.0,1.0,11.0,PC,2001-06-01
Red Faction,263.0,5.0,7.0,7.0,2.0,17.0,PC,2001-05-21
Alone in the Dark: The New Nightmare,20.0,6.0,7.0,13.0,3.0,16.0,PC,2001-05-18
Myst III: Exile,38.0,6.0,9.0,13.0,3.0,24.0,PC,2001-05-07
X-COM: Enforcer,23.0,4.0,5.0,9.0,2.0,19.0,PC,2001-04-19
Black & White,32.0,16.0,19.0,17.0,12.0,37.0,PC,2001-03-25
Fallout Tactics: Brotherhood of Steel,45.0,27.0,46.0,45.0,18.0,78.0,PC,2001-03-15
Serious Sam: The First Encounter,159.0,6.0,8.0,14.0,2.0,40.0,PC,2001-03-01
Star Wars: Starfighter,38.0,4.0,5.0,7.0,2.0,11.0,PC,2001-02-20
Clive Barker's Undying,59.0,10.0,12.0,13.0,6.0,18.0,PC,2001-02-07
Onimusha: Warlords,77.0,4.0,5.0,12.0,2.0,17.0,PC,2001-01-25
Icewind Dale: Heart of Winter,22.0,7.0,11.0,18.0,4.0,25.0,PC,2001-01-01
Giants: Citizen Kabuto,41.0,10.0,14.0,14.0,7.0,35.0,PC,2000-12-07
Hitman: Codename 47,214.0,11.0,14.0,15.0,4.0,39.0,PC,2000-11-19
The Longest Journey,238.0,17.0,20.0,21.0,8.0,40.0,PC,2000-11-17
The Operative: No One Lives Forever,82.0,13.0,15.0,19.0,8.0,28.0,PC,2000-11-09
Escape from Monkey Island,83.0,11.0,12.0,11.0,6.0,20.0,PC,2000-11-06
Command & Conquer: Red Alert 2,74.0,14.0,23.0,36.0,4.0,100.0,PC,2000-10-23
American McGee's Alice,99.0,10.0,12.0,20.0,5.0,28.0,PC,2000-10-06
Baldur's Gate II: Shadows of Amn,102.0,68.0,86.0,141.0,25.0,200.0,PC,2000-09-24
Tony Hawk's Pro Skater 2,27.0,8.0,13.0,75.0,2.0,100.0,PC,2000-09-20
Grandia II,24.0,28.0,33.0,40.0,20.0,47.0,PC,2000-08-03
Diablo II,242.0,34.0,52.0,312.0,9.0,3000.0,PC,2000-06-29
Icewind Dale,54.0,33.0,42.0,52.0,20.0,80.0,PC,2000-06-29
Deus Ex,775.0,22.0,29.0,40.0,5.0,146.0,PC,2000-06-23
Vampire: The Masquerade - Redemption,70.0,18.0,22.0,27.0,3.0,90.0,PC,2000-06-07
Metal Gear Solid,143.0,11.0,12.0,14.0,5.0,19.0,PC,2000-04-27
MDK2,32.0,8.0,9.0,10.0,5.0,12.0,PC,2000-03-31
The Typing of the Dead,30.0,1.0,2.0,1.0,0.0,3.0,PC,2000-03-30
Thief II: The Metal Age,155.0,20.0,27.0,35.0,10.0,78.0,PC,2000-03-21
Final Fantasy IX,381.0,35.0,52.0,75.0,12.0,157.0,PC,2000-02-16
Planescape: Torment,315.0,32.0,43.0,64.0,15.0,104.0,PC,1999-12-12
The Silver Case,75.0,14.0,15.0,17.0,8.0,26.0,PC,1999-10-07
Age of Empires II: The Age of Kings,75.0,42.0,60.0,71.0,11.0,260.0,PC,1999-09-30
Homeworld,33.0,16.0,26.0,32.0,9.0,120.0,PC,1999-09-28
Resident Evil 3: Nemesis,64.0,6.0,8.0,9.0,1.0,13.0,PC,1999-09-22
System Shock 2,382.0,13.0,17.0,22.0,5.0,47.0,PC,1999-08-11
Sid Meier's Alpha Centauri,22.0,25.0,37.0,158.0,8.0,225.0,PC,1999-02-12
Dracula: The Resurrection,32.0,3.0,4.0,5.0,1.0,12.0,PC,1999-01-01
Baldur's Gate,126.0,42.0,58.0,110.0,15.0,212.0,PC,1998-11-30
Thief: The Dark Project,22.0,13.0,21.0,26.0,7.0,34.0,PC,1998-11-30
Half-Life,2200.0,12.0,14.0,15.0,4.0,38.0,PC,1998-11-19
Blood II: The Chosen,28.0,9.0,8.0,11.0,4.0,20.0,PC,1998-10-31
Grim Fandango,515.0,11.0,11.0,12.0,4.0,26.0,PC,1998-10-30
Shogo: Mobile Armor Division,31.0,7.0,7.0,10.0,3.0,14.0,PC,1998-09-30
Fallout 2,342.0,31.0,47.0,84.0,14.0,170.0,PC,1998-09-30
The Curse of Monkey Island,200.0,7.0,9.0,9.0,3.0,16.0,PC,1997-10-31
Riven: The Sequel to Myst,74.0,10.0,12.0,15.0,3.0,30.0,PC,1997-10-29
Age of Empires,46.0,22.0,34.0,44.0,10.0,70.0,PC,1997-10-15
Fallout,577.0,16.0,23.0,33.0,0.0,93.0,PC,1997-10-10
Star Wars Jedi Knight: Dark Forces II,173.0,9.0,10.0,12.0,4.0,22.0,PC,1997-10-09
Blood,87.0,9.0,12.0,30.0,4.0,99.0,PC,1997-06-20
The Last Express,30.0,7.0,8.0,31.0,4.0,31.0,PC,1997-03-31
Diablo,247.0,13.0,19.0,36.0,7.0,200.0,PC,1996-11-30
Command & Conquer: Red Alert,69.0,27.0,30.0,38.0,7.0,55.0,PC,1996-10-31
Bad Mojo,22.0,3.0,5.0,4.0,2.0,6.0,PC,1996-02-29
Duke Nukem 3D,105.0,9.0,11.0,13.0,2.0,24.0,PC,1996-01-01
Harvester,52.0,7.0,8.0,8.0,3.0,15.0,PC,1996-01-01
Quake,431.0,5.0,7.0,12.0,1.0,29.0,PC,1996-01-01
Full Throttle,53.0,5.0,5.0,7.0,2.0,12.0,PC,1995-04-30
